[INFO] 正在查找 ADB 设备...
[SUCCESS] 连接到设备: MuMu安卓设备-MuMuPlayer12 v5 (127.0.0.1:16384)
[SUCCESS] 设备握手成功!
[INFO] 正在加载 YOLO 模型: D:\BiShe\MaAutomaton-main\MaAutomaton-main\models\yolo\best.pt
       使用设备: cpu
[SUCCESS] YOLO 模型加载完成!
[INFO] 正在加载模板匹配器...
[SUCCESS] 模板匹配器加载完成!
[INFO] 正在创建强化学习环境...
[SUCCESS] 环境创建完成!
[INFO] 正在创建 PPO 模型...
Using cpu device
[SUCCESS] PPO 模型创建完成!

================ 开始训练 ===================
总步数: 5000, 每次更新前收集步数: 128, 批次: 64
Logging to ./tensorboard_logs/PPO_33

[STEP 1] 开始执行动作...
[ACTION] AI决定: 选卡 9 -> 放入网格(9,4) -> 朝向 0
         坐标映射: 拖拽从(1105,650)至(1100,510) -> 方向滑动至(1100,360)
[ACTION] ✅ CV校验通过！网格(9,4)具有高亮绿色(像素:724)，准许拖拽。
[REWARD] 执行前血条数: 0 -> 执行后血条数: 0
[REWARD] 部署失败，计算前后帧 MSE (均方误差) = 1748.06
[REWARD] 动作无效，但游戏仍在进行(画面有变化)。奖励 -0.5 (已清空无作为计数器)
[TemplateMatcher] pause_gear.png -> max conf: 0.595 (needs 0.5, optimal scale: 0.90x)

[STEP 2] 开始执行动作...
[ACTION] AI决定: 选卡 9 -> 放入网格(0,3) -> 朝向 1
         坐标映射: 拖拽从(1105,650)至(200,430) -> 方向滑动至(200,580)
[ACTION] ⛔ Fast-Fail! 目标网格(0,3)非绿色高亮(绿像素:0)。取消拖拽。
[REWARD] 执行前血条数: 0 -> 执行后血条数: 0
[REWARD] ⛔ 非法区域/无费用，已被 CV 阻断。奖励 -1.0 (连续无作为: 1次)
[TemplateMatcher] pause_gear.png -> max conf: 0.578 (needs 0.5, optimal scale: 1.10x)

[STEP 3] 开始执行动作...
[ACTION] AI决定: 选卡 5 -> 放入网格(4,0) -> 朝向 0
         坐标映射: 拖拽从(745,650)至(600,190) -> 方向滑动至(600,40)
[ACTION] ✅ CV校验通过！网格(4,0)具有高亮绿色(像素:705)，准许拖拽。
[REWARD] 执行前血条数: 0 -> 执行后血条数: 0
[REWARD] 部署失败，计算前后帧 MSE (均方误差) = 3195.04
[REWARD] 动作无效，但游戏仍在进行(画面有变化)。奖励 -0.5 (已清空无作为计数器)
[TemplateMatcher] pause_gear.png -> max conf: 0.908 (needs 0.5, optimal scale: 0.80x)

[STEP 4] 开始执行动作...
[ACTION] AI决定: 选卡 6 -> 放入网格(3,3) -> 朝向 2
         坐标映射: 拖拽从(835,650)至(500,430) -> 方向滑动至(350,430)
[ACTION] ✅ CV校验通过！网格(3,3)具有高亮绿色(像素:900)，准许拖拽。
[REWARD] 执行前血条数: 0 -> 执行后血条数: 0
[REWARD] 部署失败，计算前后帧 MSE (均方误差) = 3260.99
[REWARD] 动作无效，但游戏仍在进行(画面有变化)。奖励 -0.5 (已清空无作为计数器)
[TemplateMatcher] pause_gear.png -> max conf: 0.907 (needs 0.5, optimal scale: 0.80x)

[STEP 5] 开始执行动作...
[ACTION] AI决定: 选卡 9 -> 放入网格(5,1) -> 朝向 3
         坐标映射: 拖拽从(1105,650)至(700,270) -> 方向滑动至(850,270)
[ACTION] ⛔ Fast-Fail! 目标网格(5,1)非绿色高亮(绿像素:0)。取消拖拽。
[REWARD] 执行前血条数: 0 -> 执行后血条数: 0
[REWARD] ⛔ 非法区域/无费用，已被 CV 阻断。奖励 -1.0 (连续无作为: 1次)
[TemplateMatcher] pause_gear.png -> max conf: 0.907 (needs 0.5, optimal scale: 0.80x)

[STEP 6] 开始执行动作...
[ACTION] AI决定: 选卡 5 -> 放入网格(8,3) -> 朝向 3
         坐标映射: 拖拽从(745,650)至(1000,430) -> 方向滑动至(1150,430)
[ACTION] ✅ CV校验通过！网格(8,3)具有高亮绿色(像素:895)，准许拖拽。
[REWARD] 执行前血条数: 0 -> 执行后血条数: 0
[REWARD] 部署失败，计算前后帧 MSE (均方误差) = 176.67
[REWARD] 画面未发生明显变化(非法部署)。奖励 -1.0 (连续无作为: 2次)
[TemplateMatcher] pause_gear.png -> max conf: 0.908 (needs 0.5, optimal scale: 0.80x)

[STEP 7] 开始执行动作...
[ACTION] AI决定: 选卡 3 -> 放入网格(2,3) -> 朝向 0
         坐标映射: 拖拽从(565,650)至(400,430) -> 方向滑动至(400,280)
[ACTION] ⛔ Fast-Fail! 目标网格(2,3)非绿色高亮(绿像素:0)。取消拖拽。
[REWARD] 执行前血条数: 0 -> 执行后血条数: 0
[REWARD] ⛔ 非法区域/无费用，已被 CV 阻断。奖励 -1.0 (连续无作为: 3次)
[TemplateMatcher] pause_gear.png -> max conf: 0.908 (needs 0.5, optimal scale: 0.80x)

[STEP 8] 开始执行动作...
[ACTION] AI决定: 选卡 3 -> 放入网格(8,2) -> 朝向 3
         坐标映射: 拖拽从(565,650)至(1000,350) -> 方向滑动至(1150,350)
[ACTION] ✅ CV校验通过！网格(8,2)具有高亮绿色(像素:812)，准许拖拽。
[REWARD] 执行前血条数: 0 -> 执行后血条数: 1
[REWARD] 部署失败，计算前后帧 MSE (均方误差) = 1073.61
[REWARD] 动作无效，但游戏仍在进行(画面有变化)。奖励 -0.5 (已清空无作为计数器)
[TemplateMatcher] pause_gear.png -> max conf: 0.908 (needs 0.5, optimal scale: 0.80x)

[STEP 9] 开始执行动作...
[ACTION] AI决定: 选卡 1 -> 放入网格(4,0) -> 朝向 1
         坐标映射: 拖拽从(385,650)至(600,190) -> 方向滑动至(600,340)
[ACTION] ✅ CV校验通过！网格(4,0)具有高亮绿色(像素:189)，准许拖拽。
[REWARD] 执行前血条数: 1 -> 执行后血条数: 1
[REWARD] 部署失败，计算前后帧 MSE (均方误差) = 59.05
[REWARD] 画面未发生明显变化(非法部署)。奖励 -1.0 (连续无作为: 1次)
[TemplateMatcher] pause_gear.png -> max conf: 0.908 (needs 0.5, optimal scale: 0.80x)

[STEP 10] 开始执行动作...
[ACTION] AI决定: 选卡 8 -> 放入网格(8,2) -> 朝向 3
         坐标映射: 拖拽从(1015,650)至(1000,350) -> 方向滑动至(1150,350)
[ACTION] ✅ CV校验通过！网格(8,2)具有高亮绿色(像素:453)，准许拖拽。
[REWARD] 执行前血条数: 1 -> 执行后血条数: 1
[REWARD] 部署失败，计算前后帧 MSE (均方误差) = 294.50
[REWARD] 画面未发生明显变化(非法部署)。奖励 -1.0 (连续无作为: 2次)
[TemplateMatcher] pause_gear.png -> max conf: 0.908 (needs 0.5, optimal scale: 0.80x)

[STEP 11] 开始执行动作...
[ACTION] AI决定: 选卡 1 -> 放入网格(0,2) -> 朝向 0
         坐标映射: 拖拽从(385,650)至(200,350) -> 方向滑动至(200,200)
[ACTION] ✅ CV校验通过！网格(0,2)具有高亮绿色(像素:94)，准许拖拽。
[REWARD] 执行前血条数: 1 -> 执行后血条数: 1
[REWARD] 部署失败，计算前后帧 MSE (均方误差) = 326.76
[REWARD] 动作无效，但游戏仍在进行(画面有变化)。奖励 -0.5 (已清空无作为计数器)
[TemplateMatcher] pause_gear.png -> max conf: 0.908 (needs 0.5, optimal scale: 0.80x)

[STEP 12] 开始执行动作...
[ACTION] AI决定: 选卡 4 -> 放入网格(7,4) -> 朝向 0
         坐标映射: 拖拽从(655,650)至(900,510) -> 方向滑动至(900,360)
[ACTION] ⛔ Fast-Fail! 目标网格(7,4)非绿色高亮(绿像素:0)。取消拖拽。
[REWARD] 执行前血条数: 1 -> 执行后血条数: 1
[REWARD] ⛔ 非法区域/无费用，已被 CV 阻断。奖励 -1.0 (连续无作为: 1次)
[TemplateMatcher] pause_gear.png -> max conf: 0.907 (needs 0.5, optimal scale: 0.80x)

[STEP 13] 开始执行动作...
[ACTION] AI决定: 选卡 1 -> 放入网格(6,4) -> 朝向 1
         坐标映射: 拖拽从(385,650)至(800,510) -> 方向滑动至(800,660)
[ACTION] ⛔ Fast-Fail! 目标网格(6,4)非绿色高亮(绿像素:0)。取消拖拽。
[REWARD] 执行前血条数: 1 -> 执行后血条数: 1
[REWARD] ⛔ 非法区域/无费用，已被 CV 阻断。奖励 -1.0 (连续无作为: 2次)
[TemplateMatcher] pause_gear.png -> max conf: 0.908 (needs 0.5, optimal scale: 0.80x)

[STEP 14] 开始执行动作...
[ACTION] AI决定: 选卡 5 -> 放入网格(2,4) -> 朝向 1
         坐标映射: 拖拽从(745,650)至(400,510) -> 方向滑动至(400,660)
[ACTION] ⛔ Fast-Fail! 目标网格(2,4)非绿色高亮(绿像素:0)。取消拖拽。
[REWARD] 执行前血条数: 1 -> 执行后血条数: 1
[REWARD] ⛔ 非法区域/无费用，已被 CV 阻断。奖励 -1.0 (连续无作为: 3次)
[TemplateMatcher] pause_gear.png -> max conf: 0.908 (needs 0.5, optimal scale: 0.80x)

[STEP 15] 开始执行动作...
[ACTION] AI决定: 选卡 0 -> 放入网格(4,3) -> 朝向 2
         坐标映射: 拖拽从(295,650)至(600,430) -> 方向滑动至(450,430)
[ACTION] ✅ CV校验通过！网格(4,3)具有高亮绿色(像素:900)，准许拖拽。
[REWARD] 执行前血条数: 1 -> 执行后血条数: 2
[REWARD] 部署失败，计算前后帧 MSE (均方误差) = 1169.35
[REWARD] 动作无效，但游戏仍在进行(画面有变化)。奖励 -0.5 (已清空无作为计数器)
[TemplateMatcher] pause_gear.png -> max conf: 0.908 (needs 0.5, optimal scale: 0.80x)

[STEP 16] 开始执行动作...
[ACTION] AI决定: 选卡 8 -> 放入网格(6,2) -> 朝向 3
         坐标映射: 拖拽从(1015,650)至(800,350) -> 方向滑动至(950,350)
[ACTION] ✅ CV校验通过！网格(6,2)具有高亮绿色(像素:341)，准许拖拽。
[REWARD] 执行前血条数: 2 -> 执行后血条数: 1
[REWARD] 恭喜！局部坐标校验成功，干员部署在目标区域。奖励 +10.0
[TemplateMatcher] pause_gear.png -> max conf: 0.908 (needs 0.5, optimal scale: 0.80x)

[STEP 17] 开始执行动作...
[ACTION] AI决定: 选卡 0 -> 放入网格(3,1) -> 朝向 1
         坐标映射: 拖拽从(295,650)至(500,270) -> 方向滑动至(500,420)
[ACTION] ⛔ Fast-Fail! 目标网格(3,1)非绿色高亮(绿像素:0)。取消拖拽。
[REWARD] 执行前血条数: 1 -> 执行后血条数: 2
[REWARD] ⛔ 非法区域/无费用，已被 CV 阻断。奖励 -1.0 (连续无作为: 1次)
[TemplateMatcher] pause_gear.png -> max conf: 0.907 (needs 0.5, optimal scale: 0.80x)

[STEP 18] 开始执行动作...
[ACTION] AI决定: 选卡 6 -> 放入网格(4,3) -> 朝向 2
         坐标映射: 拖拽从(835,650)至(600,430) -> 方向滑动至(450,430)
[ACTION] ⛔ Fast-Fail! 目标网格(4,3)非绿色高亮(绿像素:0)。取消拖拽。
[REWARD] 执行前血条数: 2 -> 执行后血条数: 2
[REWARD] ⛔ 非法区域/无费用，已被 CV 阻断。奖励 -1.0 (连续无作为: 2次)
[TemplateMatcher] pause_gear.png -> max conf: 0.908 (needs 0.5, optimal scale: 0.80x)

[STEP 19] 开始执行动作...
[ACTION] AI决定: 选卡 2 -> 放入网格(3,4) -> 朝向 0
         坐标映射: 拖拽从(475,650)至(500,510) -> 方向滑动至(500,360)
[ACTION] ⛔ Fast-Fail! 目标网格(3,4)非绿色高亮(绿像素:0)。取消拖拽。
[REWARD] 执行前血条数: 2 -> 执行后血条数: 2
[REWARD] ⛔ 非法区域/无费用，已被 CV 阻断。奖励 -1.0 (连续无作为: 3次)
[TemplateMatcher] pause_gear.png -> max conf: 0.908 (needs 0.5, optimal scale: 0.80x)

[STEP 20] 开始执行动作...
[ACTION] AI决定: 选卡 9 -> 放入网格(5,0) -> 朝向 1
         坐标映射: 拖拽从(1105,650)至(700,190) -> 方向滑动至(700,340)
[ACTION] ⛔ Fast-Fail! 目标网格(5,0)非绿色高亮(绿像素:0)。取消拖拽。
[REWARD] 执行前血条数: 2 -> 执行后血条数: 2
[REWARD] ⛔ 非法区域/无费用，已被 CV 阻断。奖励 -1.0 (连续无作为: 4次)
[TemplateMatcher] pause_gear.png -> max conf: 0.908 (needs 0.5, optimal scale: 0.80x)

[STEP 21] 开始执行动作...
[ACTION] AI决定: 选卡 8 -> 放入网格(2,3) -> 朝向 0
         坐标映射: 拖拽从(1015,650)至(400,430) -> 方向滑动至(400,280)
[ACTION] ⛔ Fast-Fail! 目标网格(2,3)非绿色高亮(绿像素:0)。取消拖拽。
[REWARD] 执行前血条数: 2 -> 执行后血条数: 2
[REWARD] ⛔ 非法区域/无费用，已被 CV 阻断。奖励 -1.0 (连续无作为: 5次)
[TemplateMatcher] pause_gear.png -> max conf: 0.908 (needs 0.5, optimal scale: 0.80x)

[STEP 22] 开始执行动作...
[ACTION] AI决定: 选卡 9 -> 放入网格(6,0) -> 朝向 2
         坐标映射: 拖拽从(1105,650)至(800,190) -> 方向滑动至(650,190)
[ACTION] ⛔ Fast-Fail! 目标网格(6,0)非绿色高亮(绿像素:0)。取消拖拽。
[REWARD] 执行前血条数: 2 -> 执行后血条数: 2
[REWARD] ⛔ 非法区域/无费用，已被 CV 阻断。奖励 -1.0 (连续无作为: 6次)
[TemplateMatcher] pause_gear.png -> max conf: 0.908 (needs 0.5, optimal scale: 0.80x)

[STEP 23] 开始执行动作...
[ACTION] AI决定: 选卡 5 -> 放入网格(4,4) -> 朝向 2
         坐标映射: 拖拽从(745,650)至(600,510) -> 方向滑动至(450,510)
[ACTION] ⛔ Fast-Fail! 目标网格(4,4)非绿色高亮(绿像素:0)。取消拖拽。
[REWARD] 执行前血条数: 2 -> 执行后血条数: 2
[REWARD] ⛔ 非法区域/无费用，已被 CV 阻断。奖励 -1.0 (连续无作为: 7次)
[TemplateMatcher] pause_gear.png -> max conf: 0.908 (needs 0.5, optimal scale: 0.80x)

[STEP 24] 开始执行动作...
[ACTION] AI决定: 选卡 9 -> 放入网格(2,2) -> 朝向 3
         坐标映射: 拖拽从(1105,650)至(400,350) -> 方向滑动至(550,350)
[ACTION] ⛔ Fast-Fail! 目标网格(2,2)非绿色高亮(绿像素:0)。取消拖拽。
[REWARD] 执行前血条数: 2 -> 执行后血条数: 2
[REWARD] ⛔ 非法区域/无费用，已被 CV 阻断。奖励 -1.0 (连续无作为: 8次)
[TemplateMatcher] pause_gear.png -> max conf: 0.908 (needs 0.5, optimal scale: 0.80x)

[STEP 25] 开始执行动作...
[ACTION] AI决定: 选卡 3 -> 放入网格(5,2) -> 朝向 2
         坐标映射: 拖拽从(565,650)至(700,350) -> 方向滑动至(550,350)
[ACTION] ⛔ Fast-Fail! 目标网格(5,2)非绿色高亮(绿像素:10)。取消拖拽。
[REWARD] 执行前血条数: 2 -> 执行后血条数: 2
[REWARD] ⛔ 非法区域/无费用，已被 CV 阻断。奖励 -1.0 (连续无作为: 9次)
[TemplateMatcher] pause_gear.png -> max conf: 0.908 (needs 0.5, optimal scale: 0.80x)

[STEP 26] 开始执行动作...
[ACTION] AI决定: 选卡 7 -> 放入网格(6,3) -> 朝向 2
         坐标映射: 拖拽从(925,650)至(800,430) -> 方向滑动至(650,430)
[ACTION] ⛔ Fast-Fail! 目标网格(6,3)非绿色高亮(绿像素:9)。取消拖拽。
[REWARD] 执行前血条数: 2 -> 执行后血条数: 2
[REWARD] ⛔ 非法区域/无费用，已被 CV 阻断。奖励 -1.0 (连续无作为: 10次)
[TemplateMatcher] pause_gear.png -> max conf: 0.908 (needs 0.5, optimal scale: 0.80x)

[STEP 27] 开始执行动作...
[ACTION] AI决定: 选卡 1 -> 放入网格(4,3) -> 朝向 3
         坐标映射: 拖拽从(385,650)至(600,430) -> 方向滑动至(750,430)
[ACTION] ⛔ Fast-Fail! 目标网格(4,3)非绿色高亮(绿像素:0)。取消拖拽。
[REWARD] 执行前血条数: 2 -> 执行后血条数: 2
[REWARD] ⛔ 非法区域/无费用，已被 CV 阻断。奖励 -1.0 (连续无作为: 11次)
[TemplateMatcher] pause_gear.png -> max conf: 0.908 (needs 0.5, optimal scale: 0.80x)

[STEP 28] 开始执行动作...
[ACTION] AI决定: 选卡 5 -> 放入网格(7,0) -> 朝向 3
         坐标映射: 拖拽从(745,650)至(900,190) -> 方向滑动至(1050,190)
[ACTION] ⛔ Fast-Fail! 目标网格(7,0)非绿色高亮(绿像素:0)。取消拖拽。
[REWARD] 执行前血条数: 2 -> 执行后血条数: 2
[REWARD] ⛔ 非法区域/无费用，已被 CV 阻断。奖励 -1.0 (连续无作为: 12次)
[TemplateMatcher] pause_gear.png -> max conf: 0.908 (needs 0.5, optimal scale: 0.80x)

[STEP 29] 开始执行动作...
[ACTION] AI决定: 选卡 8 -> 放入网格(5,0) -> 朝向 0
         坐标映射: 拖拽从(1015,650)至(700,190) -> 方向滑动至(700,40)
[ACTION] ⛔ Fast-Fail! 目标网格(5,0)非绿色高亮(绿像素:0)。取消拖拽。
[REWARD] 执行前血条数: 2 -> 执行后血条数: 2
[REWARD] ⛔ 非法区域/无费用，已被 CV 阻断。奖励 -1.0 (连续无作为: 13次)
[TemplateMatcher] pause_gear.png -> max conf: 0.908 (needs 0.5, optimal scale: 0.80x)

[STEP 30] 开始执行动作...
[ACTION] AI决定: 选卡 7 -> 放入网格(4,0) -> 朝向 0
         坐标映射: 拖拽从(925,650)至(600,190) -> 方向滑动至(600,40)
[ACTION] ⛔ Fast-Fail! 目标网格(4,0)非绿色高亮(绿像素:0)。取消拖拽。
[REWARD] 执行前血条数: 2 -> 执行后血条数: 2
[REWARD] ⛔ 非法区域/无费用，已被 CV 阻断。奖励 -1.0 (连续无作为: 14次)
[TemplateMatcher] pause_gear.png -> max conf: 0.908 (needs 0.5, optimal scale: 0.80x)

[STEP 31] 开始执行动作...
[ACTION] AI决定: 选卡 4 -> 放入网格(0,1) -> 朝向 1
         坐标映射: 拖拽从(655,650)至(200,270) -> 方向滑动至(200,420)
[ACTION] ⛔ Fast-Fail! 目标网格(0,1)非绿色高亮(绿像素:0)。取消拖拽。
[REWARD] 执行前血条数: 2 -> 执行后血条数: 2
[REWARD] ⛔ 非法区域/无费用，已被 CV 阻断。奖励 -1.0 (连续无作为: 15次)
[TemplateMatcher] pause_gear.png -> max conf: 0.908 (needs 0.5, optimal scale: 0.80x)

[STEP 32] 开始执行动作...
[ACTION] AI决定: 选卡 0 -> 放入网格(5,1) -> 朝向 2
         坐标映射: 拖拽从(295,650)至(700,270) -> 方向滑动至(550,270)
[ACTION] ⛔ Fast-Fail! 目标网格(5,1)非绿色高亮(绿像素:0)。取消拖拽。
[REWARD] 执行前血条数: 2 -> 执行后血条数: 2
[REWARD] ⛔ 非法区域/无费用，已被 CV 阻断。奖励 -1.0 (连续无作为: 16次)
[TemplateMatcher] pause_gear.png -> max conf: 0.908 (needs 0.5, optimal scale: 0.80x)

[STEP 33] 开始执行动作...
[ACTION] AI决定: 选卡 9 -> 放入网格(2,2) -> 朝向 2
         坐标映射: 拖拽从(1105,650)至(400,350) -> 方向滑动至(250,350)
[ACTION] ⛔ Fast-Fail! 目标网格(2,2)非绿色高亮(绿像素:0)。取消拖拽。
[REWARD] 执行前血条数: 2 -> 执行后血条数: 2
[REWARD] ⛔ 非法区域/无费用，已被 CV 阻断。奖励 -1.0 (连续无作为: 17次)
[TemplateMatcher] pause_gear.png -> max conf: 0.907 (needs 0.5, optimal scale: 0.80x)

[STEP 34] 开始执行动作...
[ACTION] AI决定: 选卡 3 -> 放入网格(0,0) -> 朝向 3
         坐标映射: 拖拽从(565,650)至(200,190) -> 方向滑动至(350,190)
[ACTION] ⛔ Fast-Fail! 目标网格(0,0)非绿色高亮(绿像素:0)。取消拖拽。
[REWARD] 执行前血条数: 2 -> 执行后血条数: 2
[REWARD] ⛔ 非法区域/无费用，已被 CV 阻断。奖励 -1.0 (连续无作为: 18次)
[TemplateMatcher] pause_gear.png -> max conf: 0.908 (needs 0.5, optimal scale: 0.80x)

[STEP 35] 开始执行动作...
[ACTION] AI决定: 选卡 3 -> 放入网格(3,0) -> 朝向 2
         坐标映射: 拖拽从(565,650)至(500,190) -> 方向滑动至(350,190)
[ACTION] ✅ CV校验通过！网格(3,0)具有高亮绿色(像素:191)，准许拖拽。
[REWARD] 执行前血条数: 2 -> 执行后血条数: 2
[REWARD] 部署失败，计算前后帧 MSE (均方误差) = 2530.08
[REWARD] 动作无效，但游戏仍在进行(画面有变化)。奖励 -0.5 (已清空无作为计数器)
[TemplateMatcher] pause_gear.png -> max conf: 0.908 (needs 0.5, optimal scale: 0.80x)

[STEP 36] 开始执行动作...
[ACTION] AI决定: 选卡 9 -> 放入网格(9,1) -> 朝向 3
         坐标映射: 拖拽从(1105,650)至(1100,270) -> 方向滑动至(1250,270)
[ACTION] ⛔ Fast-Fail! 目标网格(9,1)非绿色高亮(绿像素:0)。取消拖拽。
[REWARD] 执行前血条数: 2 -> 执行后血条数: 2
[REWARD] ⛔ 非法区域/无费用，已被 CV 阻断。奖励 -1.0 (连续无作为: 1次)
[TemplateMatcher] pause_gear.png -> max conf: 0.908 (needs 0.5, optimal scale: 0.80x)

[STEP 37] 开始执行动作...
[ACTION] AI决定: 选卡 3 -> 放入网格(7,1) -> 朝向 1
         坐标映射: 拖拽从(565,650)至(900,270) -> 方向滑动至(900,420)
[ACTION] ✅ CV校验通过！网格(7,1)具有高亮绿色(像素:616)，准许拖拽。
[REWARD] 执行前血条数: 2 -> 执行后血条数: 1
[REWARD] 部署失败，计算前后帧 MSE (均方误差) = 3665.93
[REWARD] 动作无效，但游戏仍在进行(画面有变化)。奖励 -0.5 (已清空无作为计数器)
[TemplateMatcher] pause_gear.png -> max conf: 0.907 (needs 0.5, optimal scale: 0.80x)

[STEP 38] 开始执行动作...
[ACTION] AI决定: 选卡 7 -> 放入网格(0,1) -> 朝向 3
         坐标映射: 拖拽从(925,650)至(200,270) -> 方向滑动至(350,270)
[ACTION] ⛔ Fast-Fail! 目标网格(0,1)非绿色高亮(绿像素:0)。取消拖拽。
[REWARD] 执行前血条数: 1 -> 执行后血条数: 2
[REWARD] ⛔ 非法区域/无费用，已被 CV 阻断。奖励 -1.0 (连续无作为: 1次)
[TemplateMatcher] pause_gear.png -> max conf: 0.908 (needs 0.5, optimal scale: 0.80x)

[STEP 39] 开始执行动作...
[ACTION] AI决定: 选卡 3 -> 放入网格(9,4) -> 朝向 2
         坐标映射: 拖拽从(565,650)至(1100,510) -> 方向滑动至(950,510)
[ACTION] ⛔ Fast-Fail! 目标网格(9,4)非绿色高亮(绿像素:0)。取消拖拽。
[REWARD] 执行前血条数: 2 -> 执行后血条数: 2
[REWARD] ⛔ 非法区域/无费用，已被 CV 阻断。奖励 -1.0 (连续无作为: 2次)
[TemplateMatcher] pause_gear.png -> max conf: 0.908 (needs 0.5, optimal scale: 0.80x)

[STEP 40] 开始执行动作...
[ACTION] AI决定: 选卡 0 -> 放入网格(0,4) -> 朝向 2
         坐标映射: 拖拽从(295,650)至(200,510) -> 方向滑动至(50,510)
[ACTION] ⛔ Fast-Fail! 目标网格(0,4)非绿色高亮(绿像素:0)。取消拖拽。
[REWARD] 执行前血条数: 2 -> 执行后血条数: 2
[REWARD] ⛔ 非法区域/无费用，已被 CV 阻断。奖励 -1.0 (连续无作为: 3次)
[TemplateMatcher] pause_gear.png -> max conf: 0.907 (needs 0.5, optimal scale: 0.80x)

[STEP 41] 开始执行动作...
[ACTION] AI决定: 选卡 0 -> 放入网格(8,2) -> 朝向 3
         坐标映射: 拖拽从(295,650)至(1000,350) -> 方向滑动至(1150,350)
[ACTION] ⛔ Fast-Fail! 目标网格(8,2)非绿色高亮(绿像素:0)。取消拖拽。
[REWARD] 执行前血条数: 2 -> 执行后血条数: 2
[REWARD] ⛔ 非法区域/无费用，已被 CV 阻断。奖励 -1.0 (连续无作为: 4次)
[TemplateMatcher] pause_gear.png -> max conf: 0.908 (needs 0.5, optimal scale: 0.80x)

[STEP 42] 开始执行动作...
[ACTION] AI决定: 选卡 4 -> 放入网格(6,0) -> 朝向 3
         坐标映射: 拖拽从(655,650)至(800,190) -> 方向滑动至(950,190)
[ACTION] ⛔ Fast-Fail! 目标网格(6,0)非绿色高亮(绿像素:0)。取消拖拽。
[REWARD] 执行前血条数: 2 -> 执行后血条数: 2
[REWARD] ⛔ 非法区域/无费用，已被 CV 阻断。奖励 -1.0 (连续无作为: 5次)
[TemplateMatcher] pause_gear.png -> max conf: 0.908 (needs 0.5, optimal scale: 0.80x)

[STEP 43] 开始执行动作...
[ACTION] AI决定: 选卡 2 -> 放入网格(5,3) -> 朝向 2
         坐标映射: 拖拽从(475,650)至(700,430) -> 方向滑动至(550,430)
[ACTION] ⛔ Fast-Fail! 目标网格(5,3)非绿色高亮(绿像素:0)。取消拖拽。
[REWARD] 执行前血条数: 2 -> 执行后血条数: 2
[REWARD] ⛔ 非法区域/无费用，已被 CV 阻断。奖励 -1.0 (连续无作为: 6次)
[TemplateMatcher] pause_gear.png -> max conf: 0.908 (needs 0.5, optimal scale: 0.80x)

[STEP 44] 开始执行动作...
[ACTION] AI决定: 选卡 7 -> 放入网格(8,3) -> 朝向 1
         坐标映射: 拖拽从(925,650)至(1000,430) -> 方向滑动至(1000,580)
[ACTION] ⛔ Fast-Fail! 目标网格(8,3)非绿色高亮(绿像素:0)。取消拖拽。
[REWARD] 执行前血条数: 2 -> 执行后血条数: 2
[REWARD] ⛔ 非法区域/无费用，已被 CV 阻断。奖励 -1.0 (连续无作为: 7次)
[TemplateMatcher] pause_gear.png -> max conf: 0.908 (needs 0.5, optimal scale: 0.80x)

[STEP 45] 开始执行动作...
[ACTION] AI决定: 选卡 5 -> 放入网格(3,2) -> 朝向 0
         坐标映射: 拖拽从(745,650)至(500,350) -> 方向滑动至(500,200)
[ACTION] ⛔ Fast-Fail! 目标网格(3,2)非绿色高亮(绿像素:0)。取消拖拽。
[REWARD] 执行前血条数: 2 -> 执行后血条数: 2
[REWARD] ⛔ 非法区域/无费用，已被 CV 阻断。奖励 -1.0 (连续无作为: 8次)
[TemplateMatcher] pause_gear.png -> max conf: 0.908 (needs 0.5, optimal scale: 0.80x)

[STEP 46] 开始执行动作...
[ACTION] AI决定: 选卡 1 -> 放入网格(6,4) -> 朝向 2
         坐标映射: 拖拽从(385,650)至(800,510) -> 方向滑动至(650,510)
[ACTION] ⛔ Fast-Fail! 目标网格(6,4)非绿色高亮(绿像素:0)。取消拖拽。
[REWARD] 执行前血条数: 2 -> 执行后血条数: 2
[REWARD] ⛔ 非法区域/无费用，已被 CV 阻断。奖励 -1.0 (连续无作为: 9次)
[TemplateMatcher] pause_gear.png -> max conf: 0.908 (needs 0.5, optimal scale: 0.80x)

[STEP 47] 开始执行动作...
[ACTION] AI决定: 选卡 3 -> 放入网格(9,0) -> 朝向 0
         坐标映射: 拖拽从(565,650)至(1100,190) -> 方向滑动至(1100,40)
[ACTION] ⛔ Fast-Fail! 目标网格(9,0)非绿色高亮(绿像素:0)。取消拖拽。
[REWARD] 执行前血条数: 2 -> 执行后血条数: 2
[REWARD] ⛔ 非法区域/无费用，已被 CV 阻断。奖励 -1.0 (连续无作为: 10次)
[TemplateMatcher] pause_gear.png -> max conf: 0.908 (needs 0.5, optimal scale: 0.80x)

[STEP 48] 开始执行动作...
[ACTION] AI决定: 选卡 1 -> 放入网格(1,2) -> 朝向 0
         坐标映射: 拖拽从(385,650)至(300,350) -> 方向滑动至(300,200)
[ACTION] ⛔ Fast-Fail! 目标网格(1,2)非绿色高亮(绿像素:1)。取消拖拽。
[REWARD] 执行前血条数: 2 -> 执行后血条数: 2
[REWARD] ⛔ 非法区域/无费用，已被 CV 阻断。奖励 -1.0 (连续无作为: 11次)
[TemplateMatcher] pause_gear.png -> max conf: 0.908 (needs 0.5, optimal scale: 0.80x)

[STEP 49] 开始执行动作...
[ACTION] AI决定: 选卡 1 -> 放入网格(6,2) -> 朝向 1
         坐标映射: 拖拽从(385,650)至(800,350) -> 方向滑动至(800,500)
[ACTION] ⛔ Fast-Fail! 目标网格(6,2)非绿色高亮(绿像素:0)。取消拖拽。
[REWARD] 执行前血条数: 2 -> 执行后血条数: 2
[REWARD] ⛔ 非法区域/无费用，已被 CV 阻断。奖励 -1.0 (连续无作为: 12次)
[TemplateMatcher] pause_gear.png -> max conf: 0.908 (needs 0.5, optimal scale: 0.80x)

[STEP 50] 开始执行动作...
[ACTION] AI决定: 选卡 5 -> 放入网格(7,2) -> 朝向 3
         坐标映射: 拖拽从(745,650)至(900,350) -> 方向滑动至(1050,350)
[ACTION] ⛔ Fast-Fail! 目标网格(7,2)非绿色高亮(绿像素:0)。取消拖拽。
[REWARD] 执行前血条数: 2 -> 执行后血条数: 2
[REWARD] ⛔ 非法区域/无费用，已被 CV 阻断。奖励 -1.0 (连续无作为: 13次)
[TemplateMatcher] pause_gear.png -> max conf: 0.908 (needs 0.5, optimal scale: 0.80x)

[STEP 51] 开始执行动作...
[ACTION] AI决定: 选卡 0 -> 放入网格(0,0) -> 朝向 3
         坐标映射: 拖拽从(295,650)至(200,190) -> 方向滑动至(350,190)
[ACTION] ⛔ Fast-Fail! 目标网格(0,0)非绿色高亮(绿像素:6)。取消拖拽。
[REWARD] 执行前血条数: 2 -> 执行后血条数: 2
[REWARD] ⛔ 非法区域/无费用，已被 CV 阻断。奖励 -1.0 (连续无作为: 14次)
[TemplateMatcher] pause_gear.png -> max conf: 0.908 (needs 0.5, optimal scale: 0.80x)

[STEP 52] 开始执行动作...
[ACTION] AI决定: 选卡 9 -> 放入网格(2,3) -> 朝向 0
         坐标映射: 拖拽从(1105,650)至(400,430) -> 方向滑动至(400,280)
[ACTION] ⛔ Fast-Fail! 目标网格(2,3)非绿色高亮(绿像素:0)。取消拖拽。
[REWARD] 执行前血条数: 2 -> 执行后血条数: 2
[REWARD] ⛔ 非法区域/无费用，已被 CV 阻断。奖励 -1.0 (连续无作为: 15次)
[TemplateMatcher] pause_gear.png -> max conf: 0.908 (needs 0.5, optimal scale: 0.80x)

[STEP 53] 开始执行动作...
[ACTION] AI决定: 选卡 2 -> 放入网格(1,3) -> 朝向 0
         坐标映射: 拖拽从(475,650)至(300,430) -> 方向滑动至(300,280)
[ACTION] ⛔ Fast-Fail! 目标网格(1,3)非绿色高亮(绿像素:0)。取消拖拽。
[REWARD] 执行前血条数: 2 -> 执行后血条数: 2
[REWARD] ⛔ 非法区域/无费用，已被 CV 阻断。奖励 -1.0 (连续无作为: 16次)
[TemplateMatcher] pause_gear.png -> max conf: 0.907 (needs 0.5, optimal scale: 0.80x)

[STEP 54] 开始执行动作...
[ACTION] AI决定: 选卡 9 -> 放入网格(5,0) -> 朝向 1
         坐标映射: 拖拽从(1105,650)至(700,190) -> 方向滑动至(700,340)
[ACTION] ⛔ Fast-Fail! 目标网格(5,0)非绿色高亮(绿像素:0)。取消拖拽。
[REWARD] 执行前血条数: 2 -> 执行后血条数: 2
[REWARD] ⛔ 非法区域/无费用，已被 CV 阻断。奖励 -1.0 (连续无作为: 17次)
[TemplateMatcher] pause_gear.png -> max conf: 0.908 (needs 0.5, optimal scale: 0.80x)

[STEP 55] 开始执行动作...
[ACTION] AI决定: 选卡 5 -> 放入网格(7,1) -> 朝向 3
         坐标映射: 拖拽从(745,650)至(900,270) -> 方向滑动至(1050,270)
[ACTION] ⛔ Fast-Fail! 目标网格(7,1)非绿色高亮(绿像素:0)。取消拖拽。
[REWARD] 执行前血条数: 2 -> 执行后血条数: 2
[REWARD] ⛔ 非法区域/无费用，已被 CV 阻断。奖励 -1.0 (连续无作为: 18次)
[TemplateMatcher] pause_gear.png -> max conf: 0.908 (needs 0.5, optimal scale: 0.80x)

[STEP 56] 开始执行动作...
[ACTION] AI决定: 选卡 8 -> 放入网格(4,2) -> 朝向 2
         坐标映射: 拖拽从(1015,650)至(600,350) -> 方向滑动至(450,350)
[ACTION] ⛔ Fast-Fail! 目标网格(4,2)非绿色高亮(绿像素:0)。取消拖拽。
[REWARD] 执行前血条数: 2 -> 执行后血条数: 2
[REWARD] ⛔ 非法区域/无费用，已被 CV 阻断。奖励 -1.0 (连续无作为: 19次)
[TemplateMatcher] pause_gear.png -> max conf: 0.908 (needs 0.5, optimal scale: 0.80x)

[STEP 57] 开始执行动作...
[ACTION] AI决定: 选卡 4 -> 放入网格(1,1) -> 朝向 2
         坐标映射: 拖拽从(655,650)至(300,270) -> 方向滑动至(150,270)
[ACTION] ⛔ Fast-Fail! 目标网格(1,1)非绿色高亮(绿像素:0)。取消拖拽。
[REWARD] 执行前血条数: 2 -> 执行后血条数: 1
[REWARD] ⛔ 非法区域/无费用，已被 CV 阻断。奖励 -1.0 (连续无作为: 20次)
[TemplateMatcher] pause_gear.png -> max conf: 0.907 (needs 0.5, optimal scale: 0.80x)

[STEP 58] 开始执行动作...
[ACTION] AI决定: 选卡 7 -> 放入网格(9,0) -> 朝向 2
         坐标映射: 拖拽从(925,650)至(1100,190) -> 方向滑动至(950,190)
[ACTION] ⛔ Fast-Fail! 目标网格(9,0)非绿色高亮(绿像素:0)。取消拖拽。
[REWARD] 执行前血条数: 2 -> 执行后血条数: 2
[REWARD] ⛔ 非法区域/无费用，已被 CV 阻断。奖励 -1.0 (连续无作为: 21次)
[TemplateMatcher] pause_gear.png -> max conf: 0.908 (needs 0.5, optimal scale: 0.80x)

[STEP 59] 开始执行动作...
[ACTION] AI决定: 选卡 0 -> 放入网格(9,0) -> 朝向 0
         坐标映射: 拖拽从(295,650)至(1100,190) -> 方向滑动至(1100,40)
[ACTION] ⛔ Fast-Fail! 目标网格(9,0)非绿色高亮(绿像素:0)。取消拖拽。
[REWARD] 执行前血条数: 2 -> 执行后血条数: 2
[REWARD] ⛔ 非法区域/无费用，已被 CV 阻断。奖励 -1.0 (连续无作为: 22次)
[TemplateMatcher] pause_gear.png -> max conf: 0.908 (needs 0.5, optimal scale: 0.80x)

[STEP 60] 开始执行动作...
[ACTION] AI决定: 选卡 3 -> 放入网格(1,2) -> 朝向 1
         坐标映射: 拖拽从(565,650)至(300,350) -> 方向滑动至(300,500)
[ACTION] ⛔ Fast-Fail! 目标网格(1,2)非绿色高亮(绿像素:0)。取消拖拽。
[REWARD] 执行前血条数: 2 -> 执行后血条数: 2
[REWARD] ⛔ 非法区域/无费用，已被 CV 阻断。奖励 -1.0 (连续无作为: 23次)
[TemplateMatcher] pause_gear.png -> max conf: 0.908 (needs 0.5, optimal scale: 0.80x)

[STEP 61] 开始执行动作...
[ACTION] AI决定: 选卡 6 -> 放入网格(8,2) -> 朝向 2
         坐标映射: 拖拽从(835,650)至(1000,350) -> 方向滑动至(850,350)
[ACTION] ⛔ Fast-Fail! 目标网格(8,2)非绿色高亮(绿像素:0)。取消拖拽。
[REWARD] 执行前血条数: 2 -> 执行后血条数: 2
[REWARD] ⛔ 非法区域/无费用，已被 CV 阻断。奖励 -1.0 (连续无作为: 24次)
[TemplateMatcher] pause_gear.png -> max conf: 0.908 (needs 0.5, optimal scale: 0.80x)

[STEP 62] 开始执行动作...
[ACTION] AI决定: 选卡 8 -> 放入网格(9,3) -> 朝向 3
         坐标映射: 拖拽从(1015,650)至(1100,430) -> 方向滑动至(1250,430)
[ACTION] ⛔ Fast-Fail! 目标网格(9,3)非绿色高亮(绿像素:0)。取消拖拽。
[REWARD] 执行前血条数: 2 -> 执行后血条数: 2
[REWARD] ⛔ 非法区域/无费用，已被 CV 阻断。奖励 -1.0 (连续无作为: 25次)
[TemplateMatcher] pause_gear.png -> max conf: 0.908 (needs 0.5, optimal scale: 0.80x)

[STEP 63] 开始执行动作...
[ACTION] AI决定: 选卡 1 -> 放入网格(1,1) -> 朝向 3
         坐标映射: 拖拽从(385,650)至(300,270) -> 方向滑动至(450,270)
[ACTION] ⛔ Fast-Fail! 目标网格(1,1)非绿色高亮(绿像素:0)。取消拖拽。
[REWARD] 执行前血条数: 2 -> 执行后血条数: 2
[REWARD] ⛔ 非法区域/无费用，已被 CV 阻断。奖励 -1.0 (连续无作为: 26次)
[TemplateMatcher] pause_gear.png -> max conf: 0.908 (needs 0.5, optimal scale: 0.80x)

[STEP 64] 开始执行动作...
[ACTION] AI决定: 选卡 6 -> 放入网格(2,1) -> 朝向 0
         坐标映射: 拖拽从(835,650)至(400,270) -> 方向滑动至(400,120)
[ACTION] ⛔ Fast-Fail! 目标网格(2,1)非绿色高亮(绿像素:0)。取消拖拽。
[REWARD] 执行前血条数: 2 -> 执行后血条数: 2
[REWARD] ⛔ 非法区域/无费用，已被 CV 阻断。奖励 -1.0 (连续无作为: 27次)
[TemplateMatcher] pause_gear.png -> max conf: 0.908 (needs 0.5, optimal scale: 0.80x)

[STEP 65] 开始执行动作...
[ACTION] AI决定: 选卡 2 -> 放入网格(1,3) -> 朝向 0
         坐标映射: 拖拽从(475,650)至(300,430) -> 方向滑动至(300,280)
[ACTION] ⛔ Fast-Fail! 目标网格(1,3)非绿色高亮(绿像素:0)。取消拖拽。
[REWARD] 执行前血条数: 2 -> 执行后血条数: 2
[REWARD] ⛔ 非法区域/无费用，已被 CV 阻断。奖励 -1.0 (连续无作为: 28次)
[TemplateMatcher] pause_gear.png -> max conf: 0.908 (needs 0.5, optimal scale: 0.80x)

[STEP 66] 开始执行动作...
[ACTION] AI决定: 选卡 8 -> 放入网格(3,4) -> 朝向 3
         坐标映射: 拖拽从(1015,650)至(500,510) -> 方向滑动至(650,510)
[ACTION] ⛔ Fast-Fail! 目标网格(3,4)非绿色高亮(绿像素:0)。取消拖拽。
[REWARD] 执行前血条数: 2 -> 执行后血条数: 2
[REWARD] ⛔ 非法区域/无费用，已被 CV 阻断。奖励 -1.0 (连续无作为: 29次)
[TemplateMatcher] pause_gear.png -> max conf: 0.908 (needs 0.5, optimal scale: 0.80x)

[STEP 67] 开始执行动作...
[ACTION] AI决定: 选卡 7 -> 放入网格(8,2) -> 朝向 3
         坐标映射: 拖拽从(925,650)至(1000,350) -> 方向滑动至(1150,350)
[ACTION] ⛔ Fast-Fail! 目标网格(8,2)非绿色高亮(绿像素:0)。取消拖拽。
[REWARD] 执行前血条数: 2 -> 执行后血条数: 2
[REWARD] ⛔ 非法区域/无费用，已被 CV 阻断。奖励 -1.0 (连续无作为: 30次)
[TemplateMatcher] pause_gear.png -> max conf: 0.908 (needs 0.5, optimal scale: 0.80x)

[STEP 68] 开始执行动作...
[ACTION] AI决定: 选卡 9 -> 放入网格(4,1) -> 朝向 0
         坐标映射: 拖拽从(1105,650)至(600,270) -> 方向滑动至(600,120)
[ACTION] ⛔ Fast-Fail! 目标网格(4,1)非绿色高亮(绿像素:0)。取消拖拽。
[REWARD] 执行前血条数: 2 -> 执行后血条数: 2
[REWARD] ⛔ 非法区域/无费用，已被 CV 阻断。奖励 -1.0 (连续无作为: 31次)
[TemplateMatcher] pause_gear.png -> max conf: 0.908 (needs 0.5, optimal scale: 0.80x)

[STEP 69] 开始执行动作...
[ACTION] AI决定: 选卡 0 -> 放入网格(6,3) -> 朝向 3
         坐标映射: 拖拽从(295,650)至(800,430) -> 方向滑动至(950,430)
[ACTION] ⛔ Fast-Fail! 目标网格(6,3)非绿色高亮(绿像素:9)。取消拖拽。
[REWARD] 执行前血条数: 2 -> 执行后血条数: 2
[REWARD] ⛔ 非法区域/无费用，已被 CV 阻断。奖励 -1.0 (连续无作为: 32次)
[TemplateMatcher] pause_gear.png -> max conf: 0.908 (needs 0.5, optimal scale: 0.80x)

[STEP 70] 开始执行动作...
[ACTION] AI决定: 选卡 6 -> 放入网格(5,4) -> 朝向 3
         坐标映射: 拖拽从(835,650)至(700,510) -> 方向滑动至(850,510)
[ACTION] ⛔ Fast-Fail! 目标网格(5,4)非绿色高亮(绿像素:0)。取消拖拽。
[REWARD] 执行前血条数: 2 -> 执行后血条数: 2
[REWARD] ⛔ 非法区域/无费用，已被 CV 阻断。奖励 -1.0 (连续无作为: 33次)
[TemplateMatcher] pause_gear.png -> max conf: 0.907 (needs 0.5, optimal scale: 0.80x)

[STEP 71] 开始执行动作...
[ACTION] AI决定: 选卡 1 -> 放入网格(9,4) -> 朝向 1
         坐标映射: 拖拽从(385,650)至(1100,510) -> 方向滑动至(1100,660)
[ACTION] ⛔ Fast-Fail! 目标网格(9,4)非绿色高亮(绿像素:0)。取消拖拽。
[REWARD] 执行前血条数: 1 -> 执行后血条数: 2
[REWARD] ⛔ 非法区域/无费用，已被 CV 阻断。奖励 -1.0 (连续无作为: 34次)
[TemplateMatcher] pause_gear.png -> max conf: 0.907 (needs 0.5, optimal scale: 0.80x)

[STEP 72] 开始执行动作...
[ACTION] AI决定: 选卡 0 -> 放入网格(4,1) -> 朝向 2
         坐标映射: 拖拽从(295,650)至(600,270) -> 方向滑动至(450,270)
[ACTION] ✅ CV校验通过！网格(4,1)具有高亮绿色(像素:900)，准许拖拽。
[REWARD] 执行前血条数: 3 -> 执行后血条数: 3
[REWARD] 部署失败，计算前后帧 MSE (均方误差) = 2803.09
[REWARD] 动作无效，但游戏仍在进行(画面有变化)。奖励 -0.5 (已清空无作为计数器)
[TemplateMatcher] pause_gear.png -> max conf: 0.908 (needs 0.5, optimal scale: 0.80x)

[STEP 73] 开始执行动作...
[ACTION] AI决定: 选卡 6 -> 放入网格(5,2) -> 朝向 1
         坐标映射: 拖拽从(835,650)至(700,350) -> 方向滑动至(700,500)
[ACTION] ✅ CV校验通过！网格(5,2)具有高亮绿色(像素:816)，准许拖拽。
[REWARD] 执行前血条数: 3 -> 执行后血条数: 4
[REWARD] 恭喜！局部坐标校验成功，干员部署在目标区域。奖励 +10.0
[TemplateMatcher] pause_gear.png -> max conf: 0.909 (needs 0.5, optimal scale: 0.80x)

[STEP 74] 开始执行动作...
[ACTION] AI决定: 选卡 4 -> 放入网格(2,2) -> 朝向 3
         坐标映射: 拖拽从(655,650)至(400,350) -> 方向滑动至(550,350)
[ACTION] ⛔ Fast-Fail! 目标网格(2,2)非绿色高亮(绿像素:3)。取消拖拽。
[REWARD] 执行前血条数: 4 -> 执行后血条数: 4
[REWARD] ⛔ 非法区域/无费用，已被 CV 阻断。奖励 -1.0 (连续无作为: 1次)
[TemplateMatcher] pause_gear.png -> max conf: 0.908 (needs 0.5, optimal scale: 0.80x)

[STEP 75] 开始执行动作...
[ACTION] AI决定: 选卡 8 -> 放入网格(0,0) -> 朝向 3
         坐标映射: 拖拽从(1015,650)至(200,190) -> 方向滑动至(350,190)
[ACTION] ⛔ Fast-Fail! 目标网格(0,0)非绿色高亮(绿像素:0)。取消拖拽。
[REWARD] 执行前血条数: 4 -> 执行后血条数: 4
[REWARD] ⛔ 非法区域/无费用，已被 CV 阻断。奖励 -1.0 (连续无作为: 2次)
[TemplateMatcher] pause_gear.png -> max conf: 0.907 (needs 0.5, optimal scale: 0.80x)

[STEP 76] 开始执行动作...
[ACTION] AI决定: 选卡 0 -> 放入网格(0,1) -> 朝向 2
         坐标映射: 拖拽从(295,650)至(200,270) -> 方向滑动至(50,270)
[ACTION] ⛔ Fast-Fail! 目标网格(0,1)非绿色高亮(绿像素:0)。取消拖拽。
[REWARD] 执行前血条数: 4 -> 执行后血条数: 4
[REWARD] ⛔ 非法区域/无费用，已被 CV 阻断。奖励 -1.0 (连续无作为: 3次)
[TemplateMatcher] pause_gear.png -> max conf: 0.908 (needs 0.5, optimal scale: 0.80x)

[STEP 77] 开始执行动作...
[ACTION] AI决定: 选卡 3 -> 放入网格(7,3) -> 朝向 1
         坐标映射: 拖拽从(565,650)至(900,430) -> 方向滑动至(900,580)
[ACTION] ✅ CV校验通过！网格(7,3)具有高亮绿色(像素:404)，准许拖拽。
[REWARD] 执行前血条数: 4 -> 执行后血条数: 5
[REWARD] 部署失败，计算前后帧 MSE (均方误差) = 626.06
[REWARD] 动作无效，但游戏仍在进行(画面有变化)。奖励 -0.5 (已清空无作为计数器)
[TemplateMatcher] pause_gear.png -> max conf: 0.908 (needs 0.5, optimal scale: 0.80x)

[STEP 78] 开始执行动作...
[ACTION] AI决定: 选卡 9 -> 放入网格(4,3) -> 朝向 0
         坐标映射: 拖拽从(1105,650)至(600,430) -> 方向滑动至(600,280)
[ACTION] ✅ CV校验通过！网格(4,3)具有高亮绿色(像素:834)，准许拖拽。
[REWARD] 执行前血条数: 5 -> 执行后血条数: 5
[REWARD] 部署失败，计算前后帧 MSE (均方误差) = 299.35
[REWARD] 画面未发生明显变化(非法部署)。奖励 -1.0 (连续无作为: 1次)
[TemplateMatcher] pause_gear.png -> max conf: 0.908 (needs 0.5, optimal scale: 0.80x)

[STEP 79] 开始执行动作...
[ACTION] AI决定: 选卡 4 -> 放入网格(9,0) -> 朝向 3
         坐标映射: 拖拽从(655,650)至(1100,190) -> 方向滑动至(1250,190)
[ACTION] ⛔ Fast-Fail! 目标网格(9,0)非绿色高亮(绿像素:0)。取消拖拽。
[REWARD] 执行前血条数: 5 -> 执行后血条数: 5
[REWARD] ⛔ 非法区域/无费用，已被 CV 阻断。奖励 -1.0 (连续无作为: 2次)
[TemplateMatcher] pause_gear.png -> max conf: 0.908 (needs 0.5, optimal scale: 0.80x)

[STEP 80] 开始执行动作...
[ACTION] AI决定: 选卡 4 -> 放入网格(4,0) -> 朝向 1
         坐标映射: 拖拽从(655,650)至(600,190) -> 方向滑动至(600,340)
[ACTION] ✅ CV校验通过！网格(4,0)具有高亮绿色(像素:186)，准许拖拽。
[REWARD] 执行前血条数: 5 -> 执行后血条数: 5
[REWARD] 部署失败，计算前后帧 MSE (均方误差) = 265.30
[REWARD] 画面未发生明显变化(非法部署)。奖励 -1.0 (连续无作为: 3次)
[TemplateMatcher] pause_gear.png -> max conf: 0.908 (needs 0.5, optimal scale: 0.80x)

[STEP 81] 开始执行动作...
[ACTION] AI决定: 选卡 4 -> 放入网格(6,2) -> 朝向 2
         坐标映射: 拖拽从(655,650)至(800,350) -> 方向滑动至(650,350)
[ACTION] ⛔ Fast-Fail! 目标网格(6,2)非绿色高亮(绿像素:0)。取消拖拽。
[REWARD] 执行前血条数: 5 -> 执行后血条数: 5
[REWARD] ⛔ 非法区域/无费用，已被 CV 阻断。奖励 -1.0 (连续无作为: 4次)
[TemplateMatcher] pause_gear.png -> max conf: 0.907 (needs 0.5, optimal scale: 0.80x)

[STEP 82] 开始执行动作...
[ACTION] AI决定: 选卡 4 -> 放入网格(7,3) -> 朝向 3
         坐标映射: 拖拽从(655,650)至(900,430) -> 方向滑动至(1050,430)
[ACTION] ⛔ Fast-Fail! 目标网格(7,3)非绿色高亮(绿像素:0)。取消拖拽。
[REWARD] 执行前血条数: 5 -> 执行后血条数: 5
[REWARD] ⛔ 非法区域/无费用，已被 CV 阻断。奖励 -1.0 (连续无作为: 5次)
[TemplateMatcher] pause_gear.png -> max conf: 0.908 (needs 0.5, optimal scale: 0.80x)

[STEP 83] 开始执行动作...
[ACTION] AI决定: 选卡 0 -> 放入网格(6,1) -> 朝向 2
         坐标映射: 拖拽从(295,650)至(800,270) -> 方向滑动至(650,270)
[ACTION] ⛔ Fast-Fail! 目标网格(6,1)非绿色高亮(绿像素:0)。取消拖拽。
[REWARD] 执行前血条数: 5 -> 执行后血条数: 5
[REWARD] ⛔ 非法区域/无费用，已被 CV 阻断。奖励 -1.0 (连续无作为: 6次)
[TemplateMatcher] pause_gear.png -> max conf: 0.908 (needs 0.5, optimal scale: 0.80x)

[STEP 84] 开始执行动作...
[ACTION] AI决定: 选卡 3 -> 放入网格(7,4) -> 朝向 2
         坐标映射: 拖拽从(565,650)至(900,510) -> 方向滑动至(750,510)
[ACTION] ✅ CV校验通过！网格(7,4)具有高亮绿色(像素:609)，准许拖拽。
[REWARD] 执行前血条数: 5 -> 执行后血条数: 6
[REWARD] 部署失败，计算前后帧 MSE (均方误差) = 621.73
[REWARD] 动作无效，但游戏仍在进行(画面有变化)。奖励 -0.5 (已清空无作为计数器)
[TemplateMatcher] pause_gear.png -> max conf: 0.908 (needs 0.5, optimal scale: 0.80x)

[STEP 85] 开始执行动作...
[ACTION] AI决定: 选卡 0 -> 放入网格(8,4) -> 朝向 3
         坐标映射: 拖拽从(295,650)至(1000,510) -> 方向滑动至(1150,510)
[ACTION] ⛔ Fast-Fail! 目标网格(8,4)非绿色高亮(绿像素:0)。取消拖拽。
[REWARD] 执行前血条数: 6 -> 执行后血条数: 6
[REWARD] ⛔ 非法区域/无费用，已被 CV 阻断。奖励 -1.0 (连续无作为: 1次)
[TemplateMatcher] pause_gear.png -> max conf: 0.908 (needs 0.5, optimal scale: 0.80x)

[STEP 86] 开始执行动作...
[ACTION] AI决定: 选卡 7 -> 放入网格(5,1) -> 朝向 0
         坐标映射: 拖拽从(925,650)至(700,270) -> 方向滑动至(700,120)
[ACTION] ✅ CV校验通过！网格(5,1)具有高亮绿色(像素:347)，准许拖拽。
[REWARD] 执行前血条数: 6 -> 执行后血条数: 6
[REWARD] 部署失败，计算前后帧 MSE (均方误差) = 323.86
[REWARD] 动作无效，但游戏仍在进行(画面有变化)。奖励 -0.5 (已清空无作为计数器)
[TemplateMatcher] pause_gear.png -> max conf: 0.908 (needs 0.5, optimal scale: 0.80x)

[STEP 87] 开始执行动作...
[ACTION] AI决定: 选卡 1 -> 放入网格(0,0) -> 朝向 3
         坐标映射: 拖拽从(385,650)至(200,190) -> 方向滑动至(350,190)
[ACTION] ⛔ Fast-Fail! 目标网格(0,0)非绿色高亮(绿像素:4)。取消拖拽。
[REWARD] 执行前血条数: 6 -> 执行后血条数: 6
[REWARD] ⛔ 非法区域/无费用，已被 CV 阻断。奖励 -1.0 (连续无作为: 1次)
[TemplateMatcher] pause_gear.png -> max conf: 0.908 (needs 0.5, optimal scale: 0.80x)

[STEP 88] 开始执行动作...
[ACTION] AI决定: 选卡 9 -> 放入网格(6,0) -> 朝向 1
         坐标映射: 拖拽从(1105,650)至(800,190) -> 方向滑动至(800,340)
[ACTION] ✅ CV校验通过！网格(6,0)具有高亮绿色(像素:476)，准许拖拽。
[REWARD] 执行前血条数: 6 -> 执行后血条数: 6
[REWARD] 部署失败，计算前后帧 MSE (均方误差) = 350.11
[REWARD] 动作无效，但游戏仍在进行(画面有变化)。奖励 -0.5 (已清空无作为计数器)
[TemplateMatcher] pause_gear.png -> max conf: 0.908 (needs 0.5, optimal scale: 0.80x)

[STEP 89] 开始执行动作...
[ACTION] AI决定: 选卡 0 -> 放入网格(8,4) -> 朝向 2
         坐标映射: 拖拽从(295,650)至(1000,510) -> 方向滑动至(850,510)
[ACTION] ⛔ Fast-Fail! 目标网格(8,4)非绿色高亮(绿像素:0)。取消拖拽。
[REWARD] 执行前血条数: 6 -> 执行后血条数: 6
[REWARD] ⛔ 非法区域/无费用，已被 CV 阻断。奖励 -1.0 (连续无作为: 1次)
[TemplateMatcher] pause_gear.png -> max conf: 0.908 (needs 0.5, optimal scale: 0.80x)

[STEP 90] 开始执行动作...
[ACTION] AI决定: 选卡 6 -> 放入网格(5,1) -> 朝向 2
         坐标映射: 拖拽从(835,650)至(700,270) -> 方向滑动至(550,270)
[ACTION] ⛔ Fast-Fail! 目标网格(5,1)非绿色高亮(绿像素:0)。取消拖拽。
[REWARD] 执行前血条数: 6 -> 执行后血条数: 6
[REWARD] ⛔ 非法区域/无费用，已被 CV 阻断。奖励 -1.0 (连续无作为: 2次)
[TemplateMatcher] pause_gear.png -> max conf: 0.908 (needs 0.5, optimal scale: 0.80x)

[STEP 91] 开始执行动作...
[ACTION] AI决定: 选卡 1 -> 放入网格(5,2) -> 朝向 1
         坐标映射: 拖拽从(385,650)至(700,350) -> 方向滑动至(700,500)
[ACTION] ⛔ Fast-Fail! 目标网格(5,2)非绿色高亮(绿像素:0)。取消拖拽。
[REWARD] 执行前血条数: 6 -> 执行后血条数: 6
[REWARD] ⛔ 非法区域/无费用，已被 CV 阻断。奖励 -1.0 (连续无作为: 3次)
[TemplateMatcher] pause_gear.png -> max conf: 0.908 (needs 0.5, optimal scale: 0.80x)

[STEP 92] 开始执行动作...
[ACTION] AI决定: 选卡 2 -> 放入网格(1,4) -> 朝向 1
         坐标映射: 拖拽从(475,650)至(300,510) -> 方向滑动至(300,660)
[ACTION] ⛔ Fast-Fail! 目标网格(1,4)非绿色高亮(绿像素:0)。取消拖拽。
[REWARD] 执行前血条数: 6 -> 执行后血条数: 6
[REWARD] ⛔ 非法区域/无费用，已被 CV 阻断。奖励 -1.0 (连续无作为: 4次)
[TemplateMatcher] pause_gear.png -> max conf: 0.907 (needs 0.5, optimal scale: 0.80x)

[STEP 93] 开始执行动作...
[ACTION] AI决定: 选卡 4 -> 放入网格(4,2) -> 朝向 2
         坐标映射: 拖拽从(655,650)至(600,350) -> 方向滑动至(450,350)
[ACTION] ⛔ Fast-Fail! 目标网格(4,2)非绿色高亮(绿像素:0)。取消拖拽。
[REWARD] 执行前血条数: 6 -> 执行后血条数: 7
[REWARD] ⛔ 非法区域/无费用，已被 CV 阻断。奖励 -1.0 (连续无作为: 5次)
[TemplateMatcher] pause_gear.png -> max conf: 0.909 (needs 0.5, optimal scale: 0.80x)

[STEP 94] 开始执行动作...
[ACTION] AI决定: 选卡 4 -> 放入网格(5,4) -> 朝向 1
         坐标映射: 拖拽从(655,650)至(700,510) -> 方向滑动至(700,660)
[ACTION] ⛔ Fast-Fail! 目标网格(5,4)非绿色高亮(绿像素:0)。取消拖拽。
[REWARD] 执行前血条数: 6 -> 执行后血条数: 6
[REWARD] ⛔ 非法区域/无费用，已被 CV 阻断。奖励 -1.0 (连续无作为: 6次)
[TemplateMatcher] pause_gear.png -> max conf: 0.908 (needs 0.5, optimal scale: 0.80x)

[STEP 95] 开始执行动作...
[ACTION] AI决定: 选卡 0 -> 放入网格(9,3) -> 朝向 3
         坐标映射: 拖拽从(295,650)至(1100,430) -> 方向滑动至(1250,430)
[ACTION] ⛔ Fast-Fail! 目标网格(9,3)非绿色高亮(绿像素:0)。取消拖拽。
[REWARD] 执行前血条数: 6 -> 执行后血条数: 6
[REWARD] ⛔ 非法区域/无费用，已被 CV 阻断。奖励 -1.0 (连续无作为: 7次)
[TemplateMatcher] pause_gear.png -> max conf: 0.908 (needs 0.5, optimal scale: 0.80x)

[STEP 96] 开始执行动作...
[ACTION] AI决定: 选卡 0 -> 放入网格(3,1) -> 朝向 3
         坐标映射: 拖拽从(295,650)至(500,270) -> 方向滑动至(650,270)
[ACTION] ⛔ Fast-Fail! 目标网格(3,1)非绿色高亮(绿像素:0)。取消拖拽。
[REWARD] 执行前血条数: 6 -> 执行后血条数: 6
[REWARD] ⛔ 非法区域/无费用，已被 CV 阻断。奖励 -1.0 (连续无作为: 8次)
[TemplateMatcher] pause_gear.png -> max conf: 0.908 (needs 0.5, optimal scale: 0.80x)

[STEP 97] 开始执行动作...
[ACTION] AI决定: 选卡 0 -> 放入网格(9,1) -> 朝向 0
         坐标映射: 拖拽从(295,650)至(1100,270) -> 方向滑动至(1100,120)
[ACTION] ⛔ Fast-Fail! 目标网格(9,1)非绿色高亮(绿像素:0)。取消拖拽。
[REWARD] 执行前血条数: 6 -> 执行后血条数: 6
[REWARD] ⛔ 非法区域/无费用，已被 CV 阻断。奖励 -1.0 (连续无作为: 9次)
[TemplateMatcher] pause_gear.png -> max conf: 0.908 (needs 0.5, optimal scale: 0.80x)

[STEP 98] 开始执行动作...
[ACTION] AI决定: 选卡 8 -> 放入网格(8,2) -> 朝向 2
         坐标映射: 拖拽从(1015,650)至(1000,350) -> 方向滑动至(850,350)
[ACTION] ✅ CV校验通过！网格(8,2)具有高亮绿色(像素:443)，准许拖拽。
[REWARD] 执行前血条数: 6 -> 执行后血条数: 6
[REWARD] 部署失败，计算前后帧 MSE (均方误差) = 451.39
[REWARD] 动作无效，但游戏仍在进行(画面有变化)。奖励 -0.5 (已清空无作为计数器)
[TemplateMatcher] pause_gear.png -> max conf: 0.908 (needs 0.5, optimal scale: 0.80x)

[STEP 99] 开始执行动作...
[ACTION] AI决定: 选卡 0 -> 放入网格(3,4) -> 朝向 2
         坐标映射: 拖拽从(295,650)至(500,510) -> 方向滑动至(350,510)
[ACTION] ⛔ Fast-Fail! 目标网格(3,4)非绿色高亮(绿像素:0)。取消拖拽。
[REWARD] 执行前血条数: 6 -> 执行后血条数: 6
[REWARD] ⛔ 非法区域/无费用，已被 CV 阻断。奖励 -1.0 (连续无作为: 1次)
[TemplateMatcher] pause_gear.png -> max conf: 0.908 (needs 0.5, optimal scale: 0.80x)

[STEP 100] 开始执行动作...
[ACTION] AI决定: 选卡 3 -> 放入网格(5,3) -> 朝向 3
         坐标映射: 拖拽从(565,650)至(700,430) -> 方向滑动至(850,430)
[ACTION] ✅ CV校验通过！网格(5,3)具有高亮绿色(像素:885)，准许拖拽。
[REWARD] 执行前血条数: 6 -> 执行后血条数: 6
[REWARD] 恭喜！局部坐标校验成功，干员部署在目标区域。奖励 +10.0
[TemplateMatcher] pause_gear.png -> max conf: 0.907 (needs 0.5, optimal scale: 0.80x)
[SAVE] 自动保存进度 (Step 100) -> policy_latest.zip

[STEP 101] 开始执行动作...
[ACTION] AI决定: 选卡 1 -> 放入网格(7,4) -> 朝向 1
         坐标映射: 拖拽从(385,650)至(900,510) -> 方向滑动至(900,660)
[ACTION] ⛔ Fast-Fail! 目标网格(7,4)非绿色高亮(绿像素:0)。取消拖拽。
[REWARD] 执行前血条数: 6 -> 执行后血条数: 5
[REWARD] ⛔ 非法区域/无费用，已被 CV 阻断。奖励 -1.0 (连续无作为: 1次)
[TemplateMatcher] pause_gear.png -> max conf: 0.907 (needs 0.5, optimal scale: 0.80x)

[STEP 102] 开始执行动作...
[ACTION] AI决定: 选卡 5 -> 放入网格(5,3) -> 朝向 3
         坐标映射: 拖拽从(745,650)至(700,430) -> 方向滑动至(850,430)
[ACTION] ⛔ Fast-Fail! 目标网格(5,3)非绿色高亮(绿像素:0)。取消拖拽。
[REWARD] 执行前血条数: 6 -> 执行后血条数: 7
[REWARD] ⛔ 非法区域/无费用，已被 CV 阻断。奖励 -1.0 (连续无作为: 2次)
[TemplateMatcher] pause_gear.png -> max conf: 0.907 (needs 0.5, optimal scale: 0.80x)

[STEP 103] 开始执行动作...
[ACTION] AI决定: 选卡 5 -> 放入网格(1,0) -> 朝向 2
         坐标映射: 拖拽从(745,650)至(300,190) -> 方向滑动至(150,190)
[ACTION] ⛔ Fast-Fail! 目标网格(1,0)非绿色高亮(绿像素:0)。取消拖拽。
[REWARD] 执行前血条数: 9 -> 执行后血条数: 7
[REWARD] ⛔ 非法区域/无费用，已被 CV 阻断。奖励 -1.0 (连续无作为: 3次)
[TemplateMatcher] pause_gear.png -> max conf: 0.907 (needs 0.5, optimal scale: 0.80x)

[STEP 104] 开始执行动作...
[ACTION] AI决定: 选卡 2 -> 放入网格(8,1) -> 朝向 1
         坐标映射: 拖拽从(475,650)至(1000,270) -> 方向滑动至(1000,420)
[ACTION] ⛔ Fast-Fail! 目标网格(8,1)非绿色高亮(绿像素:0)。取消拖拽。
[REWARD] 执行前血条数: 10 -> 执行后血条数: 7
[REWARD] ⛔ 非法区域/无费用，已被 CV 阻断。奖励 -1.0 (连续无作为: 4次)
[TemplateMatcher] pause_gear.png -> max conf: 0.908 (needs 0.5, optimal scale: 0.80x)

[STEP 105] 开始执行动作...
[ACTION] AI决定: 选卡 7 -> 放入网格(9,0) -> 朝向 1
         坐标映射: 拖拽从(925,650)至(1100,190) -> 方向滑动至(1100,340)
[ACTION] ⛔ Fast-Fail! 目标网格(9,0)非绿色高亮(绿像素:0)。取消拖拽。
[REWARD] 执行前血条数: 7 -> 执行后血条数: 7
[REWARD] ⛔ 非法区域/无费用，已被 CV 阻断。奖励 -1.0 (连续无作为: 5次)
[TemplateMatcher] pause_gear.png -> max conf: 0.908 (needs 0.5, optimal scale: 0.80x)

[STEP 106] 开始执行动作...
[ACTION] AI决定: 选卡 9 -> 放入网格(6,4) -> 朝向 1
         坐标映射: 拖拽从(1105,650)至(800,510) -> 方向滑动至(800,660)
[ACTION] ✅ CV校验通过！网格(6,4)具有高亮绿色(像素:267)，准许拖拽。
[REWARD] 执行前血条数: 7 -> 执行后血条数: 7
[REWARD] 部署失败，计算前后帧 MSE (均方误差) = 229.61
[REWARD] 画面未发生明显变化(非法部署)。奖励 -1.0 (连续无作为: 6次)
[TemplateMatcher] pause_gear.png -> max conf: 0.908 (needs 0.5, optimal scale: 0.80x)

[STEP 107] 开始执行动作...
[ACTION] AI决定: 选卡 7 -> 放入网格(7,0) -> 朝向 0
         坐标映射: 拖拽从(925,650)至(900,190) -> 方向滑动至(900,40)
[ACTION] ✅ CV校验通过！网格(7,0)具有高亮绿色(像素:755)，准许拖拽。
[REWARD] 执行前血条数: 7 -> 执行后血条数: 8
[REWARD] 恭喜！局部坐标校验成功，干员部署在目标区域。奖励 +10.0
[TemplateMatcher] pause_gear.png -> max conf: 0.908 (needs 0.5, optimal scale: 0.80x)

[STEP 108] 开始执行动作...
[ACTION] AI决定: 选卡 6 -> 放入网格(3,3) -> 朝向 3
         坐标映射: 拖拽从(835,650)至(500,430) -> 方向滑动至(650,430)
[ACTION] ⛔ Fast-Fail! 目标网格(3,3)非绿色高亮(绿像素:0)。取消拖拽。
[REWARD] 执行前血条数: 8 -> 执行后血条数: 8
[REWARD] ⛔ 非法区域/无费用，已被 CV 阻断。奖励 -1.0 (连续无作为: 1次)
[TemplateMatcher] pause_gear.png -> max conf: 0.908 (needs 0.5, optimal scale: 0.80x)

[STEP 109] 开始执行动作...
[ACTION] AI决定: 选卡 6 -> 放入网格(8,0) -> 朝向 2
         坐标映射: 拖拽从(835,650)至(1000,190) -> 方向滑动至(850,190)
[ACTION] ✅ CV校验通过！网格(8,0)具有高亮绿色(像素:900)，准许拖拽。
[REWARD] 执行前血条数: 8 -> 执行后血条数: 9
[REWARD] 恭喜！局部坐标校验成功，干员部署在目标区域。奖励 +10.0
[TemplateMatcher] pause_gear.png -> max conf: 0.907 (needs 0.5, optimal scale: 0.80x)

[STEP 110] 开始执行动作...
[ACTION] AI决定: 选卡 1 -> 放入网格(7,3) -> 朝向 2
         坐标映射: 拖拽从(385,650)至(900,430) -> 方向滑动至(750,430)
[ACTION] ✅ CV校验通过！网格(7,3)具有高亮绿色(像素:320)，准许拖拽。
[REWARD] 执行前血条数: 9 -> 执行后血条数: 8
[REWARD] 部署失败，计算前后帧 MSE (均方误差) = 4061.74
[REWARD] 动作无效，但游戏仍在进行(画面有变化)。奖励 -0.5 (已清空无作为计数器)
[TemplateMatcher] pause_gear.png -> max conf: 0.908 (needs 0.5, optimal scale: 0.80x)

[STEP 111] 开始执行动作...
[ACTION] AI决定: 选卡 1 -> 放入网格(9,3) -> 朝向 2
         坐标映射: 拖拽从(385,650)至(1100,430) -> 方向滑动至(950,430)
[ACTION] ⛔ Fast-Fail! 目标网格(9,3)非绿色高亮(绿像素:0)。取消拖拽。
[REWARD] 执行前血条数: 9 -> 执行后血条数: 7
[REWARD] ⛔ 非法区域/无费用，已被 CV 阻断。奖励 -1.0 (连续无作为: 1次)
[TemplateMatcher] pause_gear.png -> max conf: 0.908 (needs 0.5, optimal scale: 0.80x)

[STEP 112] 开始执行动作...
[ACTION] AI决定: 选卡 9 -> 放入网格(4,2) -> 朝向 3
         坐标映射: 拖拽从(1105,650)至(600,350) -> 方向滑动至(750,350)
[ACTION] ✅ CV校验通过！网格(4,2)具有高亮绿色(像素:60)，准许拖拽。
[REWARD] 执行前血条数: 8 -> 执行后血条数: 9
[REWARD] 部署失败，计算前后帧 MSE (均方误差) = 1713.69
[REWARD] 动作无效，但游戏仍在进行(画面有变化)。奖励 -0.5 (已清空无作为计数器)
[TemplateMatcher] pause_gear.png -> max conf: 0.908 (needs 0.5, optimal scale: 0.80x)

[STEP 113] 开始执行动作...
[ACTION] AI决定: 选卡 7 -> 放入网格(7,2) -> 朝向 0
         坐标映射: 拖拽从(925,650)至(900,350) -> 方向滑动至(900,200)
[ACTION] ⛔ Fast-Fail! 目标网格(7,2)非绿色高亮(绿像素:0)。取消拖拽。
[REWARD] 执行前血条数: 8 -> 执行后血条数: 9
[REWARD] ⛔ 非法区域/无费用，已被 CV 阻断。奖励 -1.0 (连续无作为: 1次)
[TemplateMatcher] pause_gear.png -> max conf: 0.908 (needs 0.5, optimal scale: 0.80x)

[STEP 114] 开始执行动作...
[ACTION] AI决定: 选卡 9 -> 放入网格(9,2) -> 朝向 2
         坐标映射: 拖拽从(1105,650)至(1100,350) -> 方向滑动至(950,350)
[ACTION] ⛔ Fast-Fail! 目标网格(9,2)非绿色高亮(绿像素:0)。取消拖拽。
[REWARD] 执行前血条数: 11 -> 执行后血条数: 9
[REWARD] ⛔ 非法区域/无费用，已被 CV 阻断。奖励 -1.0 (连续无作为: 2次)
[TemplateMatcher] pause_gear.png -> max conf: 0.908 (needs 0.5, optimal scale: 0.80x)

[STEP 115] 开始执行动作...
[ACTION] AI决定: 选卡 7 -> 放入网格(1,4) -> 朝向 2
         坐标映射: 拖拽从(925,650)至(300,510) -> 方向滑动至(150,510)
[ACTION] ⛔ Fast-Fail! 目标网格(1,4)非绿色高亮(绿像素:0)。取消拖拽。
[REWARD] 执行前血条数: 11 -> 执行后血条数: 10
[REWARD] ⛔ 非法区域/无费用，已被 CV 阻断。奖励 -1.0 (连续无作为: 3次)
[TemplateMatcher] pause_gear.png -> max conf: 0.908 (needs 0.5, optimal scale: 0.80x)

[STEP 116] 开始执行动作...
[ACTION] AI决定: 选卡 6 -> 放入网格(4,2) -> 朝向 0
         坐标映射: 拖拽从(835,650)至(600,350) -> 方向滑动至(600,200)
[ACTION] ✅ CV校验通过！网格(4,2)具有高亮绿色(像素:98)，准许拖拽。
[REWARD] 执行前血条数: 11 -> 执行后血条数: 8
[REWARD] 恭喜！局部坐标校验成功，干员部署在目标区域。奖励 +10.0
[TemplateMatcher] pause_gear.png -> max conf: 0.908 (needs 0.5, optimal scale: 0.80x)

[STEP 117] 开始执行动作...
[ACTION] AI决定: 选卡 4 -> 放入网格(4,3) -> 朝向 3
         坐标映射: 拖拽从(655,650)至(600,430) -> 方向滑动至(750,430)
[ACTION] ⛔ Fast-Fail! 目标网格(4,3)非绿色高亮(绿像素:0)。取消拖拽。
[REWARD] 执行前血条数: 8 -> 执行后血条数: 9
[REWARD] ⛔ 非法区域/无费用，已被 CV 阻断。奖励 -1.0 (连续无作为: 1次)
[TemplateMatcher] pause_gear.png -> max conf: 0.908 (needs 0.5, optimal scale: 0.80x)

[STEP 118] 开始执行动作...
[ACTION] AI决定: 选卡 6 -> 放入网格(6,1) -> 朝向 1
         坐标映射: 拖拽从(835,650)至(800,270) -> 方向滑动至(800,420)
[ACTION] ⛔ Fast-Fail! 目标网格(6,1)非绿色高亮(绿像素:5)。取消拖拽。
[REWARD] 执行前血条数: 9 -> 执行后血条数: 9
[REWARD] ⛔ 非法区域/无费用，已被 CV 阻断。奖励 -1.0 (连续无作为: 2次)
[TemplateMatcher] pause_gear.png -> max conf: 0.908 (needs 0.5, optimal scale: 0.80x)

[STEP 119] 开始执行动作...
[ACTION] AI决定: 选卡 9 -> 放入网格(6,4) -> 朝向 1
         坐标映射: 拖拽从(1105,650)至(800,510) -> 方向滑动至(800,660)
[ACTION] ✅ CV校验通过！网格(6,4)具有高亮绿色(像素:262)，准许拖拽。
[REWARD] 执行前血条数: 9 -> 执行后血条数: 9
[REWARD] 恭喜！局部坐标校验成功，干员部署在目标区域。奖励 +10.0
[TemplateMatcher] pause_gear.png -> max conf: 0.908 (needs 0.5, optimal scale: 0.80x)

[STEP 120] 开始执行动作...
[ACTION] AI决定: 选卡 4 -> 放入网格(1,2) -> 朝向 1
         坐标映射: 拖拽从(655,650)至(300,350) -> 方向滑动至(300,500)
[ACTION] ⛔ Fast-Fail! 目标网格(1,2)非绿色高亮(绿像素:0)。取消拖拽。
[REWARD] 执行前血条数: 9 -> 执行后血条数: 9
[REWARD] ⛔ 非法区域/无费用，已被 CV 阻断。奖励 -1.0 (连续无作为: 1次)
[TemplateMatcher] pause_gear.png -> max conf: 0.908 (needs 0.5, optimal scale: 0.80x)

[STEP 121] 开始执行动作...
[ACTION] AI决定: 选卡 1 -> 放入网格(6,0) -> 朝向 1
         坐标映射: 拖拽从(385,650)至(800,190) -> 方向滑动至(800,340)
[ACTION] ⛔ Fast-Fail! 目标网格(6,0)非绿色高亮(绿像素:0)。取消拖拽。
[REWARD] 执行前血条数: 4 -> 执行后血条数: 9
[REWARD] ⛔ 非法区域/无费用，已被 CV 阻断。奖励 -1.0 (连续无作为: 2次)
[TemplateMatcher] pause_gear.png -> max conf: 0.891 (needs 0.5, optimal scale: 0.80x)

[STEP 122] 开始执行动作...
[ACTION] AI决定: 选卡 9 -> 放入网格(3,4) -> 朝向 3
         坐标映射: 拖拽从(1105,650)至(500,510) -> 方向滑动至(650,510)
[ACTION] ⛔ Fast-Fail! 目标网格(3,4)非绿色高亮(绿像素:0)。取消拖拽。
[REWARD] 执行前血条数: 9 -> 执行后血条数: 0
[REWARD] ⛔ 非法区域/无费用，已被 CV 阻断。奖励 -1.0 (连续无作为: 3次)
[ENV] 🚨 优先级 1 触发：检测到画面剧烈变化 (MSE=8179.75 > 8000)，判定为场景切换/结算，强制终止回合！

================= 回合结束，开始自动重启关卡 =================
[TemplateMatcher] pause_gear.png -> max conf: 0.000 (needs 0.7, optimal scale: 0.80x)
[DEBUG] 未匹配 [pause_gear] (要求阈值 0.7)
[TemplateMatcher] start_action.png -> max conf: 0.000 (needs 0.45, optimal scale: 0.80x)
[DEBUG] 未匹配 [start_action] (要求阈值 0.45)
[TemplateMatcher] practice.png -> max conf: 0.000 (needs 0.5, optimal scale: 0.80x)
[DEBUG] 未匹配 [practice] (要求阈值 0.5)
[TemplateMatcher] stage_1_7.png -> max conf: 0.000 (needs 0.5, optimal scale: 0.80x)
[DEBUG] 未匹配 [stage_1_7] (要求阈值 0.5)
[RESET] 尝试跳过动画/寻找入口... (尝试 1/100)
[TemplateMatcher] pause_gear.png -> max conf: 0.000 (needs 0.7, optimal scale: 0.80x)
[DEBUG] 未匹配 [pause_gear] (要求阈值 0.7)
[TemplateMatcher] start_action.png -> max conf: 0.000 (needs 0.45, optimal scale: 0.80x)
[DEBUG] 未匹配 [start_action] (要求阈值 0.45)
[TemplateMatcher] practice.png -> max conf: 0.000 (needs 0.5, optimal scale: 0.80x)
[DEBUG] 未匹配 [practice] (要求阈值 0.5)
[TemplateMatcher] stage_1_7.png -> max conf: 0.000 (needs 0.5, optimal scale: 0.80x)
[DEBUG] 未匹配 [stage_1_7] (要求阈值 0.5)
[RESET] 尝试跳过动画/寻找入口... (尝试 2/100)
[TemplateMatcher] pause_gear.png -> max conf: 0.000 (needs 0.7, optimal scale: 0.80x)
[DEBUG] 未匹配 [pause_gear] (要求阈值 0.7)
[TemplateMatcher] start_action.png -> max conf: 0.000 (needs 0.45, optimal scale: 0.80x)
[DEBUG] 未匹配 [start_action] (要求阈值 0.45)
[TemplateMatcher] practice.png -> max conf: 0.000 (needs 0.5, optimal scale: 0.80x)
[DEBUG] 未匹配 [practice] (要求阈值 0.5)
[TemplateMatcher] stage_1_7.png -> max conf: 0.000 (needs 0.5, optimal scale: 0.80x)
[DEBUG] 未匹配 [stage_1_7] (要求阈值 0.5)
[RESET] 尝试跳过动画/寻找入口... (尝试 3/100)
[TemplateMatcher] pause_gear.png -> max conf: 0.643 (needs 0.7, optimal scale: 0.80x)
[DEBUG] 未匹配 [pause_gear] (要求阈值 0.7)
[TemplateMatcher] start_action.png -> max conf: -0.029 (needs 0.45, optimal scale: 0.80x)
[DEBUG] 未匹配 [start_action] (要求阈值 0.45)
[TemplateMatcher] practice.png -> max conf: 0.482 (needs 0.5, optimal scale: 0.80x)
[DEBUG] 未匹配 [practice] (要求阈值 0.5)
[TemplateMatcher] stage_1_7.png -> max conf: 0.383 (needs 0.5, optimal scale: 0.95x)
[DEBUG] 未匹配 [stage_1_7] (要求阈值 0.5)
[RESET] 尝试跳过动画/寻找入口... (尝试 4/100)
[TemplateMatcher] pause_gear.png -> max conf: 0.643 (needs 0.7, optimal scale: 0.80x)
[DEBUG] 未匹配 [pause_gear] (要求阈值 0.7)
[TemplateMatcher] start_action.png -> max conf: -0.029 (needs 0.45, optimal scale: 0.80x)
[DEBUG] 未匹配 [start_action] (要求阈值 0.45)
[TemplateMatcher] practice.png -> max conf: 0.482 (needs 0.5, optimal scale: 0.80x)
[DEBUG] 未匹配 [practice] (要求阈值 0.5)
[TemplateMatcher] stage_1_7.png -> max conf: 0.383 (needs 0.5, optimal scale: 0.95x)
[DEBUG] 未匹配 [stage_1_7] (要求阈值 0.5)
[RESET] 尝试跳过动画/寻找入口... (尝试 5/100)
[TemplateMatcher] pause_gear.png -> max conf: 0.490 (needs 0.7, optimal scale: 0.80x)
[DEBUG] 未匹配 [pause_gear] (要求阈值 0.7)
[TemplateMatcher] start_action.png -> max conf: -0.034 (needs 0.45, optimal scale: 0.80x)
[DEBUG] 未匹配 [start_action] (要求阈值 0.45)
[TemplateMatcher] practice.png -> max conf: 0.522 (needs 0.5, optimal scale: 0.80x)
[RESET] 找到 [practice] (置信度 0.52 >= 0.5)，点击 (533, 603)
[RESET] 点击演习按钮
[TemplateMatcher] pause_gear.png -> max conf: 0.490 (needs 0.7, optimal scale: 0.80x)
[DEBUG] 未匹配 [pause_gear] (要求阈值 0.7)
[TemplateMatcher] start_action.png -> max conf: -0.034 (needs 0.45, optimal scale: 0.80x)
[DEBUG] 未匹配 [start_action] (要求阈值 0.45)
[TemplateMatcher] practice.png -> max conf: 0.522 (needs 0.5, optimal scale: 0.80x)
[RESET] 找到 [practice] (置信度 0.52 >= 0.5)，点击 (533, 603)
[RESET] 点击演习按钮
[TemplateMatcher] pause_gear.png -> max conf: 0.490 (needs 0.7, optimal scale: 0.80x)
[DEBUG] 未匹配 [pause_gear] (要求阈值 0.7)
[TemplateMatcher] start_action.png -> max conf: -0.034 (needs 0.45, optimal scale: 0.80x)
[DEBUG] 未匹配 [start_action] (要求阈值 0.45)
[TemplateMatcher] practice.png -> max conf: 0.522 (needs 0.5, optimal scale: 0.80x)
[RESET] 找到 [practice] (置信度 0.52 >= 0.5)，点击 (533, 603)
[RESET] 点击演习按钮
[TemplateMatcher] pause_gear.png -> max conf: 0.473 (needs 0.7, optimal scale: 0.90x)
[DEBUG] 未匹配 [pause_gear] (要求阈值 0.7)
[TemplateMatcher] start_action.png -> max conf: 0.038 (needs 0.45, optimal scale: 0.80x)
[DEBUG] 未匹配 [start_action] (要求阈值 0.45)
[TemplateMatcher] practice.png -> max conf: 0.489 (needs 0.5, optimal scale: 0.85x)
[DEBUG] 未匹配 [practice] (要求阈值 0.5)
[TemplateMatcher] stage_1_7.png -> max conf: 0.712 (needs 0.5, optimal scale: 0.80x)
[RESET] 找到 [stage_1_7] (置信度 0.71 >= 0.5)，点击 (638, 224)
[RESET] 点击关卡 1-7 图标
[TemplateMatcher] pause_gear.png -> max conf: 0.612 (needs 0.7, optimal scale: 1.10x)
[DEBUG] 未匹配 [pause_gear] (要求阈值 0.7)
[TemplateMatcher] start_action.png -> max conf: 0.100 (needs 0.45, optimal scale: 0.80x)
[DEBUG] 未匹配 [start_action] (要求阈值 0.45)
[TemplateMatcher] practice.png -> max conf: 0.687 (needs 0.5, optimal scale: 0.80x)
[RESET] 找到 [practice] (置信度 0.69 >= 0.5)，点击 (935, 660)
[RESET] 点击演习按钮
[TemplateMatcher] pause_gear.png -> max conf: 0.470 (needs 0.7, optimal scale: 1.05x)
[DEBUG] 未匹配 [pause_gear] (要求阈值 0.7)
[TemplateMatcher] start_action.png -> max conf: 0.451 (needs 0.45, optimal scale: 0.80x)
[RESET] 找到 [start_action] (置信度 0.45 >= 0.45)，点击 (1101, 513)
[RESET] 点击开始行动，进入加载...
[TemplateMatcher] pause_gear.png -> max conf: 0.000 (needs 0.7, optimal scale: 0.80x)
[DEBUG] 未匹配 [pause_gear] (要求阈值 0.7)
[TemplateMatcher] start_action.png -> max conf: 0.000 (needs 0.45, optimal scale: 0.80x)
[DEBUG] 未匹配 [start_action] (要求阈值 0.45)
[TemplateMatcher] practice.png -> max conf: 0.000 (needs 0.5, optimal scale: 0.80x)
[DEBUG] 未匹配 [practice] (要求阈值 0.5)
[TemplateMatcher] stage_1_7.png -> max conf: 0.000 (needs 0.5, optimal scale: 0.80x)
[DEBUG] 未匹配 [stage_1_7] (要求阈值 0.5)
[RESET] 尝试跳过动画/寻找入口... (尝试 12/100)
[TemplateMatcher] pause_gear.png -> max conf: 0.000 (needs 0.7, optimal scale: 0.80x)
[DEBUG] 未匹配 [pause_gear] (要求阈值 0.7)
[TemplateMatcher] start_action.png -> max conf: 0.000 (needs 0.45, optimal scale: 0.80x)
[DEBUG] 未匹配 [start_action] (要求阈值 0.45)
[TemplateMatcher] practice.png -> max conf: 0.000 (needs 0.5, optimal scale: 0.80x)
[DEBUG] 未匹配 [practice] (要求阈值 0.5)
[TemplateMatcher] stage_1_7.png -> max conf: 0.000 (needs 0.5, optimal scale: 0.80x)
[DEBUG] 未匹配 [stage_1_7] (要求阈值 0.5)
[RESET] 尝试跳过动画/寻找入口... (尝试 13/100)
[TemplateMatcher] pause_gear.png -> max conf: 0.513 (needs 0.7, optimal scale: 1.20x)
[DEBUG] 未匹配 [pause_gear] (要求阈值 0.7)
[TemplateMatcher] start_action.png -> max conf: -0.063 (needs 0.45, optimal scale: 0.80x)
[DEBUG] 未匹配 [start_action] (要求阈值 0.45)
[TemplateMatcher] practice.png -> max conf: 0.376 (needs 0.5, optimal scale: 0.90x)
[DEBUG] 未匹配 [practice] (要求阈值 0.5)
[TemplateMatcher] stage_1_7.png -> max conf: 0.411 (needs 0.5, optimal scale: 0.90x)
[DEBUG] 未匹配 [stage_1_7] (要求阈值 0.5)
[RESET] 尝试跳过动画/寻找入口... (尝试 14/100)
[TemplateMatcher] pause_gear.png -> max conf: 0.511 (needs 0.7, optimal scale: 1.20x)
[DEBUG] 未匹配 [pause_gear] (要求阈值 0.7)
[TemplateMatcher] start_action.png -> max conf: -0.063 (needs 0.45, optimal scale: 0.80x)
[DEBUG] 未匹配 [start_action] (要求阈值 0.45)
[TemplateMatcher] practice.png -> max conf: 0.379 (needs 0.5, optimal scale: 0.90x)
[DEBUG] 未匹配 [practice] (要求阈值 0.5)
[TemplateMatcher] stage_1_7.png -> max conf: 0.411 (needs 0.5, optimal scale: 0.90x)
[DEBUG] 未匹配 [stage_1_7] (要求阈值 0.5)
[RESET] 尝试跳过动画/寻找入口... (尝试 15/100)
[TemplateMatcher] pause_gear.png -> max conf: 0.215 (needs 0.7, optimal scale: 1.20x)
[DEBUG] 未匹配 [pause_gear] (要求阈值 0.7)
[TemplateMatcher] start_action.png -> max conf: 0.224 (needs 0.45, optimal scale: 0.80x)
[DEBUG] 未匹配 [start_action] (要求阈值 0.45)
[TemplateMatcher] practice.png -> max conf: 0.210 (needs 0.5, optimal scale: 0.80x)
[DEBUG] 未匹配 [practice] (要求阈值 0.5)
[TemplateMatcher] stage_1_7.png -> max conf: 0.271 (needs 0.5, optimal scale: 0.80x)
[DEBUG] 未匹配 [stage_1_7] (要求阈值 0.5)
[RESET] 尝试跳过动画/寻找入口... (尝试 16/100)
[TemplateMatcher] pause_gear.png -> max conf: 0.215 (needs 0.7, optimal scale: 1.20x)
[DEBUG] 未匹配 [pause_gear] (要求阈值 0.7)
[TemplateMatcher] start_action.png -> max conf: 0.224 (needs 0.45, optimal scale: 0.80x)
[DEBUG] 未匹配 [start_action] (要求阈值 0.45)
[TemplateMatcher] practice.png -> max conf: 0.210 (needs 0.5, optimal scale: 0.80x)
[DEBUG] 未匹配 [practice] (要求阈值 0.5)
[TemplateMatcher] stage_1_7.png -> max conf: 0.271 (needs 0.5, optimal scale: 0.80x)
[DEBUG] 未匹配 [stage_1_7] (要求阈值 0.5)
[RESET] 尝试跳过动画/寻找入口... (尝试 17/100)
[TemplateMatcher] pause_gear.png -> max conf: 0.211 (needs 0.7, optimal scale: 1.05x)
[DEBUG] 未匹配 [pause_gear] (要求阈值 0.7)
[TemplateMatcher] start_action.png -> max conf: 0.202 (needs 0.45, optimal scale: 0.80x)
[DEBUG] 未匹配 [start_action] (要求阈值 0.45)
[TemplateMatcher] practice.png -> max conf: 0.297 (needs 0.5, optimal scale: 0.80x)
[DEBUG] 未匹配 [practice] (要求阈值 0.5)
[TemplateMatcher] stage_1_7.png -> max conf: 0.277 (needs 0.5, optimal scale: 0.85x)
[DEBUG] 未匹配 [stage_1_7] (要求阈值 0.5)
[RESET] 尝试跳过动画/寻找入口... (尝试 18/100)
[TemplateMatcher] pause_gear.png -> max conf: 0.880 (needs 0.7, optimal scale: 0.80x)
[RESET] 找到 [pause_gear] (置信度 0.88 >= 0.7)，(仅检测，不点击)
[RESET] ✅ 检测到战斗画面右上角齿轮，重启成功！
================= 关卡重启流程结束 =================

--> [回合结束] 第 1 回合 | 奖励: -37.0 | 步数: 122

[STEP 1] 开始执行动作...
[ACTION] AI决定: 选卡 2 -> 放入网格(9,1) -> 朝向 2
         坐标映射: 拖拽从(475,650)至(1100,270) -> 方向滑动至(950,270)
[ACTION] ⛔ Fast-Fail! 目标网格(9,1)非绿色高亮(绿像素:0)。取消拖拽。
[REWARD] 执行前血条数: 0 -> 执行后血条数: 0
[REWARD] ⛔ 非法区域/无费用，已被 CV 阻断。奖励 -1.0 (连续无作为: 4次)
[TemplateMatcher] pause_gear.png -> max conf: 0.908 (needs 0.5, optimal scale: 0.80x)

[STEP 2] 开始执行动作...
[ACTION] AI决定: 选卡 2 -> 放入网格(0,4) -> 朝向 1
         坐标映射: 拖拽从(475,650)至(200,510) -> 方向滑动至(200,660)
[ACTION] ⛔ Fast-Fail! 目标网格(0,4)非绿色高亮(绿像素:0)。取消拖拽。
[REWARD] 执行前血条数: 0 -> 执行后血条数: 0
[REWARD] ⛔ 非法区域/无费用，已被 CV 阻断。奖励 -1.0 (连续无作为: 5次)
[TemplateMatcher] pause_gear.png -> max conf: 0.908 (needs 0.5, optimal scale: 0.80x)

[STEP 3] 开始执行动作...
[ACTION] AI决定: 选卡 1 -> 放入网格(3,4) -> 朝向 0
         坐标映射: 拖拽从(385,650)至(500,510) -> 方向滑动至(500,360)
[ACTION] ✅ CV校验通过！网格(3,4)具有高亮绿色(像素:900)，准许拖拽。
[REWARD] 执行前血条数: 0 -> 执行后血条数: 1
[REWARD] 部署失败，计算前后帧 MSE (均方误差) = 721.49
[REWARD] 动作无效，但游戏仍在进行(画面有变化)。奖励 -0.5 (已清空无作为计数器)
[TemplateMatcher] pause_gear.png -> max conf: 0.908 (needs 0.5, optimal scale: 0.80x)

[STEP 4] 开始执行动作...
[ACTION] AI决定: 选卡 6 -> 放入网格(2,4) -> 朝向 3
         坐标映射: 拖拽从(835,650)至(400,510) -> 方向滑动至(550,510)
[ACTION] ⛔ Fast-Fail! 目标网格(2,4)非绿色高亮(绿像素:0)。取消拖拽。
[REWARD] 执行前血条数: 1 -> 执行后血条数: 1
[REWARD] ⛔ 非法区域/无费用，已被 CV 阻断。奖励 -1.0 (连续无作为: 1次)
[TemplateMatcher] pause_gear.png -> max conf: 0.907 (needs 0.5, optimal scale: 0.80x)

[STEP 5] 开始执行动作...
[ACTION] AI决定: 选卡 6 -> 放入网格(0,3) -> 朝向 2
         坐标映射: 拖拽从(835,650)至(200,430) -> 方向滑动至(50,430)
[ACTION] ⛔ Fast-Fail! 目标网格(0,3)非绿色高亮(绿像素:16)。取消拖拽。
[REWARD] 执行前血条数: 1 -> 执行后血条数: 1
[REWARD] ⛔ 非法区域/无费用，已被 CV 阻断。奖励 -1.0 (连续无作为: 2次)
[TemplateMatcher] pause_gear.png -> max conf: 0.907 (needs 0.5, optimal scale: 0.80x)

[STEP 6] 开始执行动作...
[ACTION] AI决定: 选卡 7 -> 放入网格(3,1) -> 朝向 2
         坐标映射: 拖拽从(925,650)至(500,270) -> 方向滑动至(350,270)
[ACTION] ✅ CV校验通过！网格(3,1)具有高亮绿色(像素:755)，准许拖拽。
[REWARD] 执行前血条数: 1 -> 执行后血条数: 1
[REWARD] 部署失败，计算前后帧 MSE (均方误差) = 2979.58
[REWARD] 动作无效，但游戏仍在进行(画面有变化)。奖励 -0.5 (已清空无作为计数器)
[TemplateMatcher] pause_gear.png -> max conf: 0.908 (needs 0.5, optimal scale: 0.80x)
----------------------------
| time/              |     |
|    fps             | 0   |
|    iterations      | 1   |
|    time_elapsed    | 318 |
|    total_timesteps | 128 |
----------------------------

[STEP 7] 开始执行动作...
[ACTION] AI决定: 选卡 0 -> 放入网格(5,3) -> 朝向 2
         坐标映射: 拖拽从(295,650)至(700,430) -> 方向滑动至(550,430)
[ACTION] ⛔ Fast-Fail! 目标网格(5,3)非绿色高亮(绿像素:0)。取消拖拽。
[REWARD] 执行前血条数: 1 -> 执行后血条数: 1
[REWARD] ⛔ 非法区域/无费用，已被 CV 阻断。奖励 -1.0 (连续无作为: 1次)
[TemplateMatcher] pause_gear.png -> max conf: 0.908 (needs 0.5, optimal scale: 0.80x)

[STEP 8] 开始执行动作...
[ACTION] AI决定: 选卡 7 -> 放入网格(9,4) -> 朝向 1
         坐标映射: 拖拽从(925,650)至(1100,510) -> 方向滑动至(1100,660)
[ACTION] ✅ CV校验通过！网格(9,4)具有高亮绿色(像素:728)，准许拖拽。
[REWARD] 执行前血条数: 1 -> 执行后血条数: 1
[REWARD] 部署失败，计算前后帧 MSE (均方误差) = 3234.72
[REWARD] 动作无效，但游戏仍在进行(画面有变化)。奖励 -0.5 (已清空无作为计数器)
[TemplateMatcher] pause_gear.png -> max conf: 0.907 (needs 0.5, optimal scale: 0.80x)

[STEP 9] 开始执行动作...
[ACTION] AI决定: 选卡 0 -> 放入网格(9,4) -> 朝向 1
         坐标映射: 拖拽从(295,650)至(1100,510) -> 方向滑动至(1100,660)
[ACTION] ✅ CV校验通过！网格(9,4)具有高亮绿色(像素:317)，准许拖拽。
[REWARD] 执行前血条数: 1 -> 执行后血条数: 2
[REWARD] 恭喜！局部坐标校验成功，干员部署在目标区域。奖励 +10.0
[TemplateMatcher] pause_gear.png -> max conf: 0.908 (needs 0.5, optimal scale: 0.80x)

[STEP 10] 开始执行动作...
[ACTION] AI决定: 选卡 3 -> 放入网格(8,2) -> 朝向 2
         坐标映射: 拖拽从(565,650)至(1000,350) -> 方向滑动至(850,350)
[ACTION] ✅ CV校验通过！网格(8,2)具有高亮绿色(像素:810)，准许拖拽。
[REWARD] 执行前血条数: 2 -> 执行后血条数: 2
[REWARD] 部署失败，计算前后帧 MSE (均方误差) = 233.87
[REWARD] 画面未发生明显变化(非法部署)。奖励 -1.0 (连续无作为: 1次)
[TemplateMatcher] pause_gear.png -> max conf: 0.907 (needs 0.5, optimal scale: 0.80x)

[STEP 11] 开始执行动作...
[ACTION] AI决定: 选卡 9 -> 放入网格(7,0) -> 朝向 1
         坐标映射: 拖拽从(1105,650)至(900,190) -> 方向滑动至(900,340)
[ACTION] ✅ CV校验通过！网格(7,0)具有高亮绿色(像素:137)，准许拖拽。
[REWARD] 执行前血条数: 2 -> 执行后血条数: 2
[REWARD] 部署失败，计算前后帧 MSE (均方误差) = 172.31
[REWARD] 画面未发生明显变化(非法部署)。奖励 -1.0 (连续无作为: 2次)
[TemplateMatcher] pause_gear.png -> max conf: 0.908 (needs 0.5, optimal scale: 0.80x)

[STEP 12] 开始执行动作...
[ACTION] AI决定: 选卡 9 -> 放入网格(5,3) -> 朝向 3
         坐标映射: 拖拽从(1105,650)至(700,430) -> 方向滑动至(850,430)
[ACTION] ⛔ Fast-Fail! 目标网格(5,3)非绿色高亮(绿像素:0)。取消拖拽。
[REWARD] 执行前血条数: 2 -> 执行后血条数: 2
[REWARD] ⛔ 非法区域/无费用，已被 CV 阻断。奖励 -1.0 (连续无作为: 3次)
[TemplateMatcher] pause_gear.png -> max conf: 0.908 (needs 0.5, optimal scale: 0.80x)

[STEP 13] 开始执行动作...
[ACTION] AI决定: 选卡 1 -> 放入网格(0,2) -> 朝向 1
         坐标映射: 拖拽从(385,650)至(200,350) -> 方向滑动至(200,500)
[ACTION] ⛔ Fast-Fail! 目标网格(0,2)非绿色高亮(绿像素:0)。取消拖拽。
[REWARD] 执行前血条数: 2 -> 执行后血条数: 2
[REWARD] ⛔ 非法区域/无费用，已被 CV 阻断。奖励 -1.0 (连续无作为: 4次)
[TemplateMatcher] pause_gear.png -> max conf: 0.908 (needs 0.5, optimal scale: 0.80x)

[STEP 14] 开始执行动作...
[ACTION] AI决定: 选卡 8 -> 放入网格(2,0) -> 朝向 2
         坐标映射: 拖拽从(1015,650)至(400,190) -> 方向滑动至(250,190)
[ACTION] ⛔ Fast-Fail! 目标网格(2,0)非绿色高亮(绿像素:0)。取消拖拽。
[REWARD] 执行前血条数: 2 -> 执行后血条数: 2
[REWARD] ⛔ 非法区域/无费用，已被 CV 阻断。奖励 -1.0 (连续无作为: 5次)
[TemplateMatcher] pause_gear.png -> max conf: 0.908 (needs 0.5, optimal scale: 0.80x)

[STEP 15] 开始执行动作...
[ACTION] AI决定: 选卡 1 -> 放入网格(1,4) -> 朝向 3
         坐标映射: 拖拽从(385,650)至(300,510) -> 方向滑动至(450,510)
[ACTION] ⛔ Fast-Fail! 目标网格(1,4)非绿色高亮(绿像素:0)。取消拖拽。
[REWARD] 执行前血条数: 2 -> 执行后血条数: 2
[REWARD] ⛔ 非法区域/无费用，已被 CV 阻断。奖励 -1.0 (连续无作为: 6次)
[TemplateMatcher] pause_gear.png -> max conf: 0.908 (needs 0.5, optimal scale: 0.80x)

[STEP 16] 开始执行动作...
[ACTION] AI决定: 选卡 1 -> 放入网格(5,0) -> 朝向 2
         坐标映射: 拖拽从(385,650)至(700,190) -> 方向滑动至(550,190)
[ACTION] ✅ CV校验通过！网格(5,0)具有高亮绿色(像素:55)，准许拖拽。
[REWARD] 执行前血条数: 2 -> 执行后血条数: 2
[REWARD] 部署失败，计算前后帧 MSE (均方误差) = 319.28
[REWARD] 动作无效，但游戏仍在进行(画面有变化)。奖励 -0.5 (已清空无作为计数器)
[TemplateMatcher] pause_gear.png -> max conf: 0.908 (needs 0.5, optimal scale: 0.80x)

[STEP 17] 开始执行动作...
[ACTION] AI决定: 选卡 2 -> 放入网格(0,0) -> 朝向 1
         坐标映射: 拖拽从(475,650)至(200,190) -> 方向滑动至(200,340)
[ACTION] ⛔ Fast-Fail! 目标网格(0,0)非绿色高亮(绿像素:0)。取消拖拽。
[REWARD] 执行前血条数: 2 -> 执行后血条数: 2
[REWARD] ⛔ 非法区域/无费用，已被 CV 阻断。奖励 -1.0 (连续无作为: 1次)
[TemplateMatcher] pause_gear.png -> max conf: 0.908 (needs 0.5, optimal scale: 0.80x)

[STEP 18] 开始执行动作...
[ACTION] AI决定: 选卡 9 -> 放入网格(9,4) -> 朝向 1
         坐标映射: 拖拽从(1105,650)至(1100,510) -> 方向滑动至(1100,660)
[ACTION] ⛔ Fast-Fail! 目标网格(9,4)非绿色高亮(绿像素:0)。取消拖拽。
[REWARD] 执行前血条数: 2 -> 执行后血条数: 2
[REWARD] ⛔ 非法区域/无费用，已被 CV 阻断。奖励 -1.0 (连续无作为: 2次)
[TemplateMatcher] pause_gear.png -> max conf: 0.908 (needs 0.5, optimal scale: 0.80x)

[STEP 19] 开始执行动作...
[ACTION] AI决定: 选卡 7 -> 放入网格(3,1) -> 朝向 2
         坐标映射: 拖拽从(925,650)至(500,270) -> 方向滑动至(350,270)
[ACTION] ✅ CV校验通过！网格(3,1)具有高亮绿色(像素:749)，准许拖拽。
[REWARD] 执行前血条数: 2 -> 执行后血条数: 2
[REWARD] 部署失败，计算前后帧 MSE (均方误差) = 275.08
[REWARD] 画面未发生明显变化(非法部署)。奖励 -1.0 (连续无作为: 3次)
[TemplateMatcher] pause_gear.png -> max conf: 0.908 (needs 0.5, optimal scale: 0.80x)

[STEP 20] 开始执行动作...
[ACTION] AI决定: 选卡 6 -> 放入网格(9,1) -> 朝向 3
         坐标映射: 拖拽从(835,650)至(1100,270) -> 方向滑动至(1250,270)
[ACTION] ⛔ Fast-Fail! 目标网格(9,1)非绿色高亮(绿像素:0)。取消拖拽。
[REWARD] 执行前血条数: 2 -> 执行后血条数: 2
[REWARD] ⛔ 非法区域/无费用，已被 CV 阻断。奖励 -1.0 (连续无作为: 4次)
[TemplateMatcher] pause_gear.png -> max conf: 0.908 (needs 0.5, optimal scale: 0.80x)

[STEP 21] 开始执行动作...
[ACTION] AI决定: 选卡 2 -> 放入网格(6,3) -> 朝向 3
         坐标映射: 拖拽从(475,650)至(800,430) -> 方向滑动至(950,430)
[ACTION] ✅ CV校验通过！网格(6,3)具有高亮绿色(像素:900)，准许拖拽。
[REWARD] 执行前血条数: 2 -> 执行后血条数: 3
[REWARD] 部署失败，计算前后帧 MSE (均方误差) = 1321.09
[REWARD] 动作无效，但游戏仍在进行(画面有变化)。奖励 -0.5 (已清空无作为计数器)
[TemplateMatcher] pause_gear.png -> max conf: 0.908 (needs 0.5, optimal scale: 0.80x)

[STEP 22] 开始执行动作...
[ACTION] AI决定: 选卡 5 -> 放入网格(4,1) -> 朝向 3
         坐标映射: 拖拽从(745,650)至(600,270) -> 方向滑动至(750,270)
[ACTION] ✅ CV校验通过！网格(4,1)具有高亮绿色(像素:900)，准许拖拽。
[REWARD] 执行前血条数: 3 -> 执行后血条数: 3
[REWARD] 部署失败，计算前后帧 MSE (均方误差) = 175.90
[REWARD] 画面未发生明显变化(非法部署)。奖励 -1.0 (连续无作为: 1次)
[TemplateMatcher] pause_gear.png -> max conf: 0.908 (needs 0.5, optimal scale: 0.80x)

[STEP 23] 开始执行动作...
[ACTION] AI决定: 选卡 4 -> 放入网格(6,0) -> 朝向 1
         坐标映射: 拖拽从(655,650)至(800,190) -> 方向滑动至(800,340)
[ACTION] ✅ CV校验通过！网格(6,0)具有高亮绿色(像素:425)，准许拖拽。
[REWARD] 执行前血条数: 3 -> 执行后血条数: 3
[REWARD] 部署失败，计算前后帧 MSE (均方误差) = 243.82
[REWARD] 画面未发生明显变化(非法部署)。奖励 -1.0 (连续无作为: 2次)
[TemplateMatcher] pause_gear.png -> max conf: 0.908 (needs 0.5, optimal scale: 0.80x)

[STEP 24] 开始执行动作...
[ACTION] AI决定: 选卡 4 -> 放入网格(2,0) -> 朝向 2
         坐标映射: 拖拽从(655,650)至(400,190) -> 方向滑动至(250,190)
[ACTION] ⛔ Fast-Fail! 目标网格(2,0)非绿色高亮(绿像素:5)。取消拖拽。
[REWARD] 执行前血条数: 3 -> 执行后血条数: 3
[REWARD] ⛔ 非法区域/无费用，已被 CV 阻断。奖励 -1.0 (连续无作为: 3次)
[TemplateMatcher] pause_gear.png -> max conf: 0.908 (needs 0.5, optimal scale: 0.80x)

[STEP 25] 开始执行动作...
[ACTION] AI决定: 选卡 5 -> 放入网格(0,3) -> 朝向 0
         坐标映射: 拖拽从(745,650)至(200,430) -> 方向滑动至(200,280)
[ACTION] ⛔ Fast-Fail! 目标网格(0,3)非绿色高亮(绿像素:0)。取消拖拽。
[REWARD] 执行前血条数: 3 -> 执行后血条数: 3
[REWARD] ⛔ 非法区域/无费用，已被 CV 阻断。奖励 -1.0 (连续无作为: 4次)
[TemplateMatcher] pause_gear.png -> max conf: 0.908 (needs 0.5, optimal scale: 0.80x)

[STEP 26] 开始执行动作...
[ACTION] AI决定: 选卡 9 -> 放入网格(2,4) -> 朝向 1
         坐标映射: 拖拽从(1105,650)至(400,510) -> 方向滑动至(400,660)
[ACTION] ⛔ Fast-Fail! 目标网格(2,4)非绿色高亮(绿像素:0)。取消拖拽。
[REWARD] 执行前血条数: 3 -> 执行后血条数: 3
[REWARD] ⛔ 非法区域/无费用，已被 CV 阻断。奖励 -1.0 (连续无作为: 5次)
[TemplateMatcher] pause_gear.png -> max conf: 0.908 (needs 0.5, optimal scale: 0.80x)

[STEP 27] 开始执行动作...
[ACTION] AI决定: 选卡 0 -> 放入网格(6,3) -> 朝向 1
         坐标映射: 拖拽从(295,650)至(800,430) -> 方向滑动至(800,580)
[ACTION] ⛔ Fast-Fail! 目标网格(6,3)非绿色高亮(绿像素:0)。取消拖拽。
[REWARD] 执行前血条数: 3 -> 执行后血条数: 3
[REWARD] ⛔ 非法区域/无费用，已被 CV 阻断。奖励 -1.0 (连续无作为: 6次)
[TemplateMatcher] pause_gear.png -> max conf: 0.908 (needs 0.5, optimal scale: 0.80x)

[STEP 28] 开始执行动作...
[ACTION] AI决定: 选卡 3 -> 放入网格(7,1) -> 朝向 0
         坐标映射: 拖拽从(565,650)至(900,270) -> 方向滑动至(900,120)
[ACTION] ✅ CV校验通过！网格(7,1)具有高亮绿色(像素:617)，准许拖拽。
[REWARD] 执行前血条数: 3 -> 执行后血条数: 3
[REWARD] 部署失败，计算前后帧 MSE (均方误差) = 275.08
[REWARD] 画面未发生明显变化(非法部署)。奖励 -1.0 (连续无作为: 7次)
[TemplateMatcher] pause_gear.png -> max conf: 0.908 (needs 0.5, optimal scale: 0.80x)

[STEP 29] 开始执行动作...
[ACTION] AI决定: 选卡 3 -> 放入网格(8,1) -> 朝向 0
         坐标映射: 拖拽从(565,650)至(1000,270) -> 方向滑动至(1000,120)
[ACTION] ✅ CV校验通过！网格(8,1)具有高亮绿色(像素:323)，准许拖拽。
[REWARD] 执行前血条数: 3 -> 执行后血条数: 4
[REWARD] 恭喜！局部坐标校验成功，干员部署在目标区域。奖励 +10.0
[TemplateMatcher] pause_gear.png -> max conf: 0.908 (needs 0.5, optimal scale: 0.80x)

[STEP 30] 开始执行动作...
[ACTION] AI决定: 选卡 7 -> 放入网格(6,4) -> 朝向 3
         坐标映射: 拖拽从(925,650)至(800,510) -> 方向滑动至(950,510)
[ACTION] ⛔ Fast-Fail! 目标网格(6,4)非绿色高亮(绿像素:0)。取消拖拽。
[REWARD] 执行前血条数: 4 -> 执行后血条数: 4
[REWARD] ⛔ 非法区域/无费用，已被 CV 阻断。奖励 -1.0 (连续无作为: 1次)
[TemplateMatcher] pause_gear.png -> max conf: 0.908 (needs 0.5, optimal scale: 0.80x)

[STEP 31] 开始执行动作...
[ACTION] AI决定: 选卡 8 -> 放入网格(1,4) -> 朝向 0
         坐标映射: 拖拽从(1015,650)至(300,510) -> 方向滑动至(300,360)
[ACTION] ⛔ Fast-Fail! 目标网格(1,4)非绿色高亮(绿像素:0)。取消拖拽。
[REWARD] 执行前血条数: 4 -> 执行后血条数: 4
[REWARD] ⛔ 非法区域/无费用，已被 CV 阻断。奖励 -1.0 (连续无作为: 2次)
[TemplateMatcher] pause_gear.png -> max conf: 0.907 (needs 0.5, optimal scale: 0.80x)

[STEP 32] 开始执行动作...
[ACTION] AI决定: 选卡 6 -> 放入网格(6,4) -> 朝向 2
         坐标映射: 拖拽从(835,650)至(800,510) -> 方向滑动至(650,510)
[ACTION] ✅ CV校验通过！网格(6,4)具有高亮绿色(像素:900)，准许拖拽。
[REWARD] 执行前血条数: 4 -> 执行后血条数: 4
[REWARD] 部署失败，计算前后帧 MSE (均方误差) = 426.67
[REWARD] 动作无效，但游戏仍在进行(画面有变化)。奖励 -0.5 (已清空无作为计数器)
[TemplateMatcher] pause_gear.png -> max conf: 0.908 (needs 0.5, optimal scale: 0.80x)

[STEP 33] 开始执行动作...
[ACTION] AI决定: 选卡 8 -> 放入网格(2,0) -> 朝向 2
         坐标映射: 拖拽从(1015,650)至(400,190) -> 方向滑动至(250,190)
[ACTION] ⛔ Fast-Fail! 目标网格(2,0)非绿色高亮(绿像素:0)。取消拖拽。
[REWARD] 执行前血条数: 4 -> 执行后血条数: 4
[REWARD] ⛔ 非法区域/无费用，已被 CV 阻断。奖励 -1.0 (连续无作为: 1次)
[TemplateMatcher] pause_gear.png -> max conf: 0.908 (needs 0.5, optimal scale: 0.80x)

[STEP 34] 开始执行动作...
[ACTION] AI决定: 选卡 4 -> 放入网格(3,0) -> 朝向 3
         坐标映射: 拖拽从(655,650)至(500,190) -> 方向滑动至(650,190)
[ACTION] ✅ CV校验通过！网格(3,0)具有高亮绿色(像素:900)，准许拖拽。
[REWARD] 执行前血条数: 4 -> 执行后血条数: 5
[REWARD] 恭喜！局部坐标校验成功，干员部署在目标区域。奖励 +10.0
[TemplateMatcher] pause_gear.png -> max conf: 0.908 (needs 0.5, optimal scale: 0.80x)

[STEP 35] 开始执行动作...
[ACTION] AI决定: 选卡 6 -> 放入网格(4,0) -> 朝向 2
         坐标映射: 拖拽从(835,650)至(600,190) -> 方向滑动至(450,190)
[ACTION] ✅ CV校验通过！网格(4,0)具有高亮绿色(像素:705)，准许拖拽。
[REWARD] 执行前血条数: 5 -> 执行后血条数: 5
[REWARD] 部署失败，计算前后帧 MSE (均方误差) = 297.07
[REWARD] 画面未发生明显变化(非法部署)。奖励 -1.0 (连续无作为: 1次)
[TemplateMatcher] pause_gear.png -> max conf: 0.908 (needs 0.5, optimal scale: 0.80x)

[STEP 36] 开始执行动作...
[ACTION] AI决定: 选卡 0 -> 放入网格(6,2) -> 朝向 3
         坐标映射: 拖拽从(295,650)至(800,350) -> 方向滑动至(950,350)
[ACTION] ⛔ Fast-Fail! 目标网格(6,2)非绿色高亮(绿像素:0)。取消拖拽。
[REWARD] 执行前血条数: 5 -> 执行后血条数: 5
[REWARD] ⛔ 非法区域/无费用，已被 CV 阻断。奖励 -1.0 (连续无作为: 2次)
[TemplateMatcher] pause_gear.png -> max conf: 0.908 (needs 0.5, optimal scale: 0.80x)

[STEP 37] 开始执行动作...
[ACTION] AI决定: 选卡 7 -> 放入网格(2,3) -> 朝向 0
         坐标映射: 拖拽从(925,650)至(400,430) -> 方向滑动至(400,280)
[ACTION] ⛔ Fast-Fail! 目标网格(2,3)非绿色高亮(绿像素:0)。取消拖拽。
[REWARD] 执行前血条数: 5 -> 执行后血条数: 5
[REWARD] ⛔ 非法区域/无费用，已被 CV 阻断。奖励 -1.0 (连续无作为: 3次)
[TemplateMatcher] pause_gear.png -> max conf: 0.908 (needs 0.5, optimal scale: 0.80x)

[STEP 38] 开始执行动作...
[ACTION] AI决定: 选卡 9 -> 放入网格(7,3) -> 朝向 0
         坐标映射: 拖拽从(1105,650)至(900,430) -> 方向滑动至(900,280)
[ACTION] ⛔ Fast-Fail! 目标网格(7,3)非绿色高亮(绿像素:14)。取消拖拽。
[REWARD] 执行前血条数: 5 -> 执行后血条数: 5
[REWARD] ⛔ 非法区域/无费用，已被 CV 阻断。奖励 -1.0 (连续无作为: 4次)
[TemplateMatcher] pause_gear.png -> max conf: 0.908 (needs 0.5, optimal scale: 0.80x)

[STEP 39] 开始执行动作...
[ACTION] AI决定: 选卡 2 -> 放入网格(8,4) -> 朝向 2
         坐标映射: 拖拽从(475,650)至(1000,510) -> 方向滑动至(850,510)
[ACTION] ✅ CV校验通过！网格(8,4)具有高亮绿色(像素:900)，准许拖拽。
[REWARD] 执行前血条数: 5 -> 执行后血条数: 6
[REWARD] 部署失败，计算前后帧 MSE (均方误差) = 675.37
[REWARD] 动作无效，但游戏仍在进行(画面有变化)。奖励 -0.5 (已清空无作为计数器)
[TemplateMatcher] pause_gear.png -> max conf: 0.908 (needs 0.5, optimal scale: 0.80x)

[STEP 40] 开始执行动作...
[ACTION] AI决定: 选卡 0 -> 放入网格(7,3) -> 朝向 1
         坐标映射: 拖拽从(295,650)至(900,430) -> 方向滑动至(900,580)
[ACTION] ⛔ Fast-Fail! 目标网格(7,3)非绿色高亮(绿像素:0)。取消拖拽。
[REWARD] 执行前血条数: 6 -> 执行后血条数: 6
[REWARD] ⛔ 非法区域/无费用，已被 CV 阻断。奖励 -1.0 (连续无作为: 1次)
[TemplateMatcher] pause_gear.png -> max conf: 0.908 (needs 0.5, optimal scale: 0.80x)

[STEP 41] 开始执行动作...
[ACTION] AI决定: 选卡 8 -> 放入网格(8,3) -> 朝向 1
         坐标映射: 拖拽从(1015,650)至(1000,430) -> 方向滑动至(1000,580)
[ACTION] ✅ CV校验通过！网格(8,3)具有高亮绿色(像素:862)，准许拖拽。
[REWARD] 执行前血条数: 6 -> 执行后血条数: 6
[REWARD] 部署失败，计算前后帧 MSE (均方误差) = 349.92
[REWARD] 动作无效，但游戏仍在进行(画面有变化)。奖励 -0.5 (已清空无作为计数器)
[TemplateMatcher] pause_gear.png -> max conf: 0.908 (needs 0.5, optimal scale: 0.80x)

[STEP 42] 开始执行动作...
[ACTION] AI决定: 选卡 6 -> 放入网格(7,4) -> 朝向 3
         坐标映射: 拖拽从(835,650)至(900,510) -> 方向滑动至(1050,510)
[ACTION] ✅ CV校验通过！网格(7,4)具有高亮绿色(像素:642)，准许拖拽。
[REWARD] 执行前血条数: 6 -> 执行后血条数: 4
[REWARD] 部署失败，计算前后帧 MSE (均方误差) = 3495.64
[REWARD] 动作无效，但游戏仍在进行(画面有变化)。奖励 -0.5 (已清空无作为计数器)
[TemplateMatcher] pause_gear.png -> max conf: 0.907 (needs 0.5, optimal scale: 0.80x)

[STEP 43] 开始执行动作...
[ACTION] AI决定: 选卡 4 -> 放入网格(6,3) -> 朝向 2
         坐标映射: 拖拽从(655,650)至(800,430) -> 方向滑动至(650,430)
[ACTION] ⛔ Fast-Fail! 目标网格(6,3)非绿色高亮(绿像素:0)。取消拖拽。
[REWARD] 执行前血条数: 4 -> 执行后血条数: 6
[REWARD] ⛔ 非法区域/无费用，已被 CV 阻断。奖励 -1.0 (连续无作为: 1次)
[TemplateMatcher] pause_gear.png -> max conf: 0.907 (needs 0.5, optimal scale: 0.80x)

[STEP 44] 开始执行动作...
[ACTION] AI决定: 选卡 7 -> 放入网格(7,0) -> 朝向 2
         坐标映射: 拖拽从(925,650)至(900,190) -> 方向滑动至(750,190)
[ACTION] ⛔ Fast-Fail! 目标网格(7,0)非绿色高亮(绿像素:0)。取消拖拽。
[REWARD] 执行前血条数: 6 -> 执行后血条数: 6
[REWARD] ⛔ 非法区域/无费用，已被 CV 阻断。奖励 -1.0 (连续无作为: 2次)
[TemplateMatcher] pause_gear.png -> max conf: 0.908 (needs 0.5, optimal scale: 0.80x)

[STEP 45] 开始执行动作...
[ACTION] AI决定: 选卡 0 -> 放入网格(1,4) -> 朝向 3
         坐标映射: 拖拽从(295,650)至(300,510) -> 方向滑动至(450,510)
[ACTION] ⛔ Fast-Fail! 目标网格(1,4)非绿色高亮(绿像素:0)。取消拖拽。
[REWARD] 执行前血条数: 6 -> 执行后血条数: 6
[REWARD] ⛔ 非法区域/无费用，已被 CV 阻断。奖励 -1.0 (连续无作为: 3次)
[TemplateMatcher] pause_gear.png -> max conf: 0.908 (needs 0.5, optimal scale: 0.80x)

[STEP 46] 开始执行动作...
[ACTION] AI决定: 选卡 7 -> 放入网格(7,2) -> 朝向 2
         坐标映射: 拖拽从(925,650)至(900,350) -> 方向滑动至(750,350)
[ACTION] ✅ CV校验通过！网格(7,2)具有高亮绿色(像素:562)，准许拖拽。
[REWARD] 执行前血条数: 6 -> 执行后血条数: 6
[REWARD] 部署失败，计算前后帧 MSE (均方误差) = 239.33
[REWARD] 画面未发生明显变化(非法部署)。奖励 -1.0 (连续无作为: 4次)
[TemplateMatcher] pause_gear.png -> max conf: 0.908 (needs 0.5, optimal scale: 0.80x)

[STEP 47] 开始执行动作...
[ACTION] AI决定: 选卡 6 -> 放入网格(9,4) -> 朝向 0
         坐标映射: 拖拽从(835,650)至(1100,510) -> 方向滑动至(1100,360)
[ACTION] ⛔ Fast-Fail! 目标网格(9,4)非绿色高亮(绿像素:0)。取消拖拽。
[REWARD] 执行前血条数: 6 -> 执行后血条数: 6
[REWARD] ⛔ 非法区域/无费用，已被 CV 阻断。奖励 -1.0 (连续无作为: 5次)
[TemplateMatcher] pause_gear.png -> max conf: 0.907 (needs 0.5, optimal scale: 0.80x)

[STEP 48] 开始执行动作...
[ACTION] AI决定: 选卡 6 -> 放入网格(1,2) -> 朝向 0
         坐标映射: 拖拽从(835,650)至(300,350) -> 方向滑动至(300,200)
[ACTION] ⛔ Fast-Fail! 目标网格(1,2)非绿色高亮(绿像素:0)。取消拖拽。
[REWARD] 执行前血条数: 6 -> 执行后血条数: 6
[REWARD] ⛔ 非法区域/无费用，已被 CV 阻断。奖励 -1.0 (连续无作为: 6次)
[TemplateMatcher] pause_gear.png -> max conf: 0.908 (needs 0.5, optimal scale: 0.80x)

[STEP 49] 开始执行动作...
[ACTION] AI决定: 选卡 6 -> 放入网格(6,0) -> 朝向 1
         坐标映射: 拖拽从(835,650)至(800,190) -> 方向滑动至(800,340)
[ACTION] ✅ CV校验通过！网格(6,0)具有高亮绿色(像素:476)，准许拖拽。
[REWARD] 执行前血条数: 6 -> 执行后血条数: 6
[REWARD] 部署失败，计算前后帧 MSE (均方误差) = 274.11
[REWARD] 画面未发生明显变化(非法部署)。奖励 -1.0 (连续无作为: 7次)
[TemplateMatcher] pause_gear.png -> max conf: 0.908 (needs 0.5, optimal scale: 0.80x)

[STEP 50] 开始执行动作...
[ACTION] AI决定: 选卡 8 -> 放入网格(9,4) -> 朝向 0
         坐标映射: 拖拽从(1015,650)至(1100,510) -> 方向滑动至(1100,360)
[ACTION] ⛔ Fast-Fail! 目标网格(9,4)非绿色高亮(绿像素:0)。取消拖拽。
[REWARD] 执行前血条数: 6 -> 执行后血条数: 6
[REWARD] ⛔ 非法区域/无费用，已被 CV 阻断。奖励 -1.0 (连续无作为: 8次)
[TemplateMatcher] pause_gear.png -> max conf: 0.908 (needs 0.5, optimal scale: 0.80x)

[STEP 51] 开始执行动作...
[ACTION] AI决定: 选卡 1 -> 放入网格(5,3) -> 朝向 2
         坐标映射: 拖拽从(385,650)至(700,430) -> 方向滑动至(550,430)
[ACTION] ⛔ Fast-Fail! 目标网格(5,3)非绿色高亮(绿像素:0)。取消拖拽。
[REWARD] 执行前血条数: 6 -> 执行后血条数: 6
[REWARD] ⛔ 非法区域/无费用，已被 CV 阻断。奖励 -1.0 (连续无作为: 9次)
[TemplateMatcher] pause_gear.png -> max conf: 0.908 (needs 0.5, optimal scale: 0.80x)

[STEP 52] 开始执行动作...
[ACTION] AI决定: 选卡 7 -> 放入网格(6,0) -> 朝向 1
         坐标映射: 拖拽从(925,650)至(800,190) -> 方向滑动至(800,340)
[ACTION] ✅ CV校验通过！网格(6,0)具有高亮绿色(像素:425)，准许拖拽。
[REWARD] 执行前血条数: 6 -> 执行后血条数: 6
[REWARD] 部署失败，计算前后帧 MSE (均方误差) = 386.11
[REWARD] 动作无效，但游戏仍在进行(画面有变化)。奖励 -0.5 (已清空无作为计数器)
[TemplateMatcher] pause_gear.png -> max conf: 0.908 (needs 0.5, optimal scale: 0.80x)

[STEP 53] 开始执行动作...
[ACTION] AI决定: 选卡 7 -> 放入网格(9,0) -> 朝向 3
         坐标映射: 拖拽从(925,650)至(1100,190) -> 方向滑动至(1250,190)
[ACTION] ⛔ Fast-Fail! 目标网格(9,0)非绿色高亮(绿像素:0)。取消拖拽。
[REWARD] 执行前血条数: 6 -> 执行后血条数: 6
[REWARD] ⛔ 非法区域/无费用，已被 CV 阻断。奖励 -1.0 (连续无作为: 1次)
[TemplateMatcher] pause_gear.png -> max conf: 0.908 (needs 0.5, optimal scale: 0.80x)

[STEP 54] 开始执行动作...
[ACTION] AI决定: 选卡 0 -> 放入网格(7,1) -> 朝向 1
         坐标映射: 拖拽从(295,650)至(900,270) -> 方向滑动至(900,420)
[ACTION] ⛔ Fast-Fail! 目标网格(7,1)非绿色高亮(绿像素:0)。取消拖拽。
[REWARD] 执行前血条数: 6 -> 执行后血条数: 6
[REWARD] ⛔ 非法区域/无费用，已被 CV 阻断。奖励 -1.0 (连续无作为: 2次)
[TemplateMatcher] pause_gear.png -> max conf: 0.908 (needs 0.5, optimal scale: 0.80x)

[STEP 55] 开始执行动作...
[ACTION] AI决定: 选卡 0 -> 放入网格(5,4) -> 朝向 0
         坐标映射: 拖拽从(295,650)至(700,510) -> 方向滑动至(700,360)
[ACTION] ⛔ Fast-Fail! 目标网格(5,4)非绿色高亮(绿像素:0)。取消拖拽。
[REWARD] 执行前血条数: 6 -> 执行后血条数: 6
[REWARD] ⛔ 非法区域/无费用，已被 CV 阻断。奖励 -1.0 (连续无作为: 3次)
[TemplateMatcher] pause_gear.png -> max conf: 0.908 (needs 0.5, optimal scale: 0.80x)

[STEP 56] 开始执行动作...
[ACTION] AI决定: 选卡 3 -> 放入网格(6,3) -> 朝向 3
         坐标映射: 拖拽从(565,650)至(800,430) -> 方向滑动至(950,430)
[ACTION] ⛔ Fast-Fail! 目标网格(6,3)非绿色高亮(绿像素:0)。取消拖拽。
[REWARD] 执行前血条数: 6 -> 执行后血条数: 6
[REWARD] ⛔ 非法区域/无费用，已被 CV 阻断。奖励 -1.0 (连续无作为: 4次)
[TemplateMatcher] pause_gear.png -> max conf: 0.908 (needs 0.5, optimal scale: 0.80x)

[STEP 57] 开始执行动作...
[ACTION] AI决定: 选卡 4 -> 放入网格(3,3) -> 朝向 3
         坐标映射: 拖拽从(655,650)至(500,430) -> 方向滑动至(650,430)
[ACTION] ✅ CV校验通过！网格(3,3)具有高亮绿色(像素:61)，准许拖拽。
[REWARD] 执行前血条数: 6 -> 执行后血条数: 7
[REWARD] 恭喜！局部坐标校验成功，干员部署在目标区域。奖励 +10.0
[TemplateMatcher] pause_gear.png -> max conf: 0.908 (needs 0.5, optimal scale: 0.80x)

[STEP 58] 开始执行动作...
[ACTION] AI决定: 选卡 1 -> 放入网格(5,2) -> 朝向 1
         坐标映射: 拖拽从(385,650)至(700,350) -> 方向滑动至(700,500)
[ACTION] ⛔ Fast-Fail! 目标网格(5,2)非绿色高亮(绿像素:0)。取消拖拽。
[REWARD] 执行前血条数: 7 -> 执行后血条数: 7
[REWARD] ⛔ 非法区域/无费用，已被 CV 阻断。奖励 -1.0 (连续无作为: 1次)
[TemplateMatcher] pause_gear.png -> max conf: 0.908 (needs 0.5, optimal scale: 0.80x)

[STEP 59] 开始执行动作...
[ACTION] AI决定: 选卡 6 -> 放入网格(6,2) -> 朝向 0
         坐标映射: 拖拽从(835,650)至(800,350) -> 方向滑动至(800,200)
[ACTION] ✅ CV校验通过！网格(6,2)具有高亮绿色(像素:541)，准许拖拽。
[REWARD] 执行前血条数: 7 -> 执行后血条数: 8
[REWARD] 恭喜！局部坐标校验成功，干员部署在目标区域。奖励 +10.0
[TemplateMatcher] pause_gear.png -> max conf: 0.908 (needs 0.5, optimal scale: 0.80x)

[STEP 60] 开始执行动作...
[ACTION] AI决定: 选卡 4 -> 放入网格(4,3) -> 朝向 1
         坐标映射: 拖拽从(655,650)至(600,430) -> 方向滑动至(600,580)
[ACTION] ⛔ Fast-Fail! 目标网格(4,3)非绿色高亮(绿像素:0)。取消拖拽。
[REWARD] 执行前血条数: 8 -> 执行后血条数: 8
[REWARD] ⛔ 非法区域/无费用，已被 CV 阻断。奖励 -1.0 (连续无作为: 1次)
[TemplateMatcher] pause_gear.png -> max conf: 0.908 (needs 0.5, optimal scale: 0.80x)

[STEP 61] 开始执行动作...
[ACTION] AI决定: 选卡 4 -> 放入网格(7,2) -> 朝向 2
         坐标映射: 拖拽从(655,650)至(900,350) -> 方向滑动至(750,350)
[ACTION] ⛔ Fast-Fail! 目标网格(7,2)非绿色高亮(绿像素:0)。取消拖拽。
[REWARD] 执行前血条数: 8 -> 执行后血条数: 8
[REWARD] ⛔ 非法区域/无费用，已被 CV 阻断。奖励 -1.0 (连续无作为: 2次)
[TemplateMatcher] pause_gear.png -> max conf: 0.908 (needs 0.5, optimal scale: 0.80x)

[STEP 62] 开始执行动作...
[ACTION] AI决定: 选卡 6 -> 放入网格(7,3) -> 朝向 2
         坐标映射: 拖拽从(835,650)至(900,430) -> 方向滑动至(750,430)
[ACTION] ⛔ Fast-Fail! 目标网格(7,3)非绿色高亮(绿像素:16)。取消拖拽。
[REWARD] 执行前血条数: 8 -> 执行后血条数: 8
[REWARD] ⛔ 非法区域/无费用，已被 CV 阻断。奖励 -1.0 (连续无作为: 3次)
[TemplateMatcher] pause_gear.png -> max conf: 0.908 (needs 0.5, optimal scale: 0.80x)

[STEP 63] 开始执行动作...
[ACTION] AI决定: 选卡 7 -> 放入网格(8,0) -> 朝向 3
         坐标映射: 拖拽从(925,650)至(1000,190) -> 方向滑动至(1150,190)
[ACTION] ✅ CV校验通过！网格(8,0)具有高亮绿色(像素:816)，准许拖拽。
[REWARD] 执行前血条数: 8 -> 执行后血条数: 8
[REWARD] 部署失败，计算前后帧 MSE (均方误差) = 493.87
[REWARD] 动作无效，但游戏仍在进行(画面有变化)。奖励 -0.5 (已清空无作为计数器)
[TemplateMatcher] pause_gear.png -> max conf: 0.908 (needs 0.5, optimal scale: 0.80x)

[STEP 64] 开始执行动作...
[ACTION] AI决定: 选卡 5 -> 放入网格(6,1) -> 朝向 0
         坐标映射: 拖拽从(745,650)至(800,270) -> 方向滑动至(800,120)
[ACTION] ⛔ Fast-Fail! 目标网格(6,1)非绿色高亮(绿像素:0)。取消拖拽。
[REWARD] 执行前血条数: 8 -> 执行后血条数: 8
[REWARD] ⛔ 非法区域/无费用，已被 CV 阻断。奖励 -1.0 (连续无作为: 1次)
[TemplateMatcher] pause_gear.png -> max conf: 0.907 (needs 0.5, optimal scale: 0.80x)

[STEP 65] 开始执行动作...
[ACTION] AI决定: 选卡 9 -> 放入网格(1,2) -> 朝向 2
         坐标映射: 拖拽从(1105,650)至(300,350) -> 方向滑动至(150,350)
[ACTION] ⛔ Fast-Fail! 目标网格(1,2)非绿色高亮(绿像素:0)。取消拖拽。
[REWARD] 执行前血条数: 8 -> 执行后血条数: 8
[REWARD] ⛔ 非法区域/无费用，已被 CV 阻断。奖励 -1.0 (连续无作为: 2次)
[TemplateMatcher] pause_gear.png -> max conf: 0.908 (needs 0.5, optimal scale: 0.80x)

[STEP 66] 开始执行动作...
[ACTION] AI决定: 选卡 2 -> 放入网格(3,4) -> 朝向 3
         坐标映射: 拖拽从(475,650)至(500,510) -> 方向滑动至(650,510)
[ACTION] ⛔ Fast-Fail! 目标网格(3,4)非绿色高亮(绿像素:0)。取消拖拽。
[REWARD] 执行前血条数: 8 -> 执行后血条数: 8
[REWARD] ⛔ 非法区域/无费用，已被 CV 阻断。奖励 -1.0 (连续无作为: 3次)
[TemplateMatcher] pause_gear.png -> max conf: 0.908 (needs 0.5, optimal scale: 0.80x)

[STEP 67] 开始执行动作...
[ACTION] AI决定: 选卡 0 -> 放入网格(5,1) -> 朝向 1
         坐标映射: 拖拽从(295,650)至(700,270) -> 方向滑动至(700,420)
[ACTION] ⛔ Fast-Fail! 目标网格(5,1)非绿色高亮(绿像素:0)。取消拖拽。
[REWARD] 执行前血条数: 8 -> 执行后血条数: 8
[REWARD] ⛔ 非法区域/无费用，已被 CV 阻断。奖励 -1.0 (连续无作为: 4次)
[TemplateMatcher] pause_gear.png -> max conf: 0.908 (needs 0.5, optimal scale: 0.80x)

[STEP 68] 开始执行动作...
[ACTION] AI决定: 选卡 4 -> 放入网格(6,2) -> 朝向 0
         坐标映射: 拖拽从(655,650)至(800,350) -> 方向滑动至(800,200)
[ACTION] ⛔ Fast-Fail! 目标网格(6,2)非绿色高亮(绿像素:0)。取消拖拽。
[REWARD] 执行前血条数: 8 -> 执行后血条数: 8
[REWARD] ⛔ 非法区域/无费用，已被 CV 阻断。奖励 -1.0 (连续无作为: 5次)
[TemplateMatcher] pause_gear.png -> max conf: 0.908 (needs 0.5, optimal scale: 0.80x)

[STEP 69] 开始执行动作...
[ACTION] AI决定: 选卡 9 -> 放入网格(7,0) -> 朝向 2
         坐标映射: 拖拽从(1105,650)至(900,190) -> 方向滑动至(750,190)
[ACTION] ✅ CV校验通过！网格(7,0)具有高亮绿色(像素:137)，准许拖拽。
[REWARD] 执行前血条数: 8 -> 执行后血条数: 8
[REWARD] 部署失败，计算前后帧 MSE (均方误差) = 295.24
[REWARD] 画面未发生明显变化(非法部署)。奖励 -1.0 (连续无作为: 6次)
[TemplateMatcher] pause_gear.png -> max conf: 0.908 (needs 0.5, optimal scale: 0.80x)

[STEP 70] 开始执行动作...
[ACTION] AI决定: 选卡 6 -> 放入网格(4,3) -> 朝向 1
         坐标映射: 拖拽从(835,650)至(600,430) -> 方向滑动至(600,580)
[ACTION] ✅ CV校验通过！网格(4,3)具有高亮绿色(像素:900)，准许拖拽。
[REWARD] 执行前血条数: 8 -> 执行后血条数: 8
[REWARD] 部署失败，计算前后帧 MSE (均方误差) = 414.34
[REWARD] 动作无效，但游戏仍在进行(画面有变化)。奖励 -0.5 (已清空无作为计数器)
[TemplateMatcher] pause_gear.png -> max conf: 0.908 (needs 0.5, optimal scale: 0.80x)

[STEP 71] 开始执行动作...
[ACTION] AI决定: 选卡 7 -> 放入网格(5,4) -> 朝向 1
         坐标映射: 拖拽从(925,650)至(700,510) -> 方向滑动至(700,660)
[ACTION] ⛔ Fast-Fail! 目标网格(5,4)非绿色高亮(绿像素:0)。取消拖拽。
[REWARD] 执行前血条数: 8 -> 执行后血条数: 8
[REWARD] ⛔ 非法区域/无费用，已被 CV 阻断。奖励 -1.0 (连续无作为: 1次)
[TemplateMatcher] pause_gear.png -> max conf: 0.908 (needs 0.5, optimal scale: 0.80x)

[STEP 72] 开始执行动作...
[ACTION] AI决定: 选卡 2 -> 放入网格(3,3) -> 朝向 2
         坐标映射: 拖拽从(475,650)至(500,430) -> 方向滑动至(350,430)
[ACTION] ⛔ Fast-Fail! 目标网格(3,3)非绿色高亮(绿像素:0)。取消拖拽。
[REWARD] 执行前血条数: 8 -> 执行后血条数: 8
[REWARD] ⛔ 非法区域/无费用，已被 CV 阻断。奖励 -1.0 (连续无作为: 2次)
[TemplateMatcher] pause_gear.png -> max conf: 0.908 (needs 0.5, optimal scale: 0.80x)

[STEP 73] 开始执行动作...
[ACTION] AI决定: 选卡 3 -> 放入网格(5,4) -> 朝向 3
         坐标映射: 拖拽从(565,650)至(700,510) -> 方向滑动至(850,510)
[ACTION] ⛔ Fast-Fail! 目标网格(5,4)非绿色高亮(绿像素:0)。取消拖拽。
[REWARD] 执行前血条数: 8 -> 执行后血条数: 8
[REWARD] ⛔ 非法区域/无费用，已被 CV 阻断。奖励 -1.0 (连续无作为: 3次)
[TemplateMatcher] pause_gear.png -> max conf: 0.908 (needs 0.5, optimal scale: 0.80x)

[STEP 74] 开始执行动作...
[ACTION] AI决定: 选卡 8 -> 放入网格(7,4) -> 朝向 1
         坐标映射: 拖拽从(1015,650)至(900,510) -> 方向滑动至(900,660)
[ACTION] ⛔ Fast-Fail! 目标网格(7,4)非绿色高亮(绿像素:0)。取消拖拽。
[REWARD] 执行前血条数: 8 -> 执行后血条数: 8
[REWARD] ⛔ 非法区域/无费用，已被 CV 阻断。奖励 -1.0 (连续无作为: 4次)
[TemplateMatcher] pause_gear.png -> max conf: 0.907 (needs 0.5, optimal scale: 0.80x)

[STEP 75] 开始执行动作...
[ACTION] AI决定: 选卡 1 -> 放入网格(1,3) -> 朝向 2
         坐标映射: 拖拽从(385,650)至(300,430) -> 方向滑动至(150,430)
[ACTION] ⛔ Fast-Fail! 目标网格(1,3)非绿色高亮(绿像素:0)。取消拖拽。
[REWARD] 执行前血条数: 8 -> 执行后血条数: 8
[REWARD] ⛔ 非法区域/无费用，已被 CV 阻断。奖励 -1.0 (连续无作为: 5次)
[TemplateMatcher] pause_gear.png -> max conf: 0.908 (needs 0.5, optimal scale: 0.80x)

[STEP 76] 开始执行动作...
[ACTION] AI决定: 选卡 2 -> 放入网格(0,2) -> 朝向 3
         坐标映射: 拖拽从(475,650)至(200,350) -> 方向滑动至(350,350)
[ACTION] ⛔ Fast-Fail! 目标网格(0,2)非绿色高亮(绿像素:0)。取消拖拽。
[REWARD] 执行前血条数: 8 -> 执行后血条数: 8
[REWARD] ⛔ 非法区域/无费用，已被 CV 阻断。奖励 -1.0 (连续无作为: 6次)
[TemplateMatcher] pause_gear.png -> max conf: 0.908 (needs 0.5, optimal scale: 0.80x)

[STEP 77] 开始执行动作...
[ACTION] AI决定: 选卡 8 -> 放入网格(6,2) -> 朝向 0
         坐标映射: 拖拽从(1015,650)至(800,350) -> 方向滑动至(800,200)
[ACTION] ✅ CV校验通过！网格(6,2)具有高亮绿色(像素:231)，准许拖拽。
[REWARD] 执行前血条数: 8 -> 执行后血条数: 8
[REWARD] 部署失败，计算前后帧 MSE (均方误差) = 203.10
[REWARD] 画面未发生明显变化(非法部署)。奖励 -1.0 (连续无作为: 7次)
[TemplateMatcher] pause_gear.png -> max conf: 0.908 (needs 0.5, optimal scale: 0.80x)

[STEP 78] 开始执行动作...
[ACTION] AI决定: 选卡 0 -> 放入网格(8,0) -> 朝向 3
         坐标映射: 拖拽从(295,650)至(1000,190) -> 方向滑动至(1150,190)
[ACTION] ⛔ Fast-Fail! 目标网格(8,0)非绿色高亮(绿像素:0)。取消拖拽。
[REWARD] 执行前血条数: 8 -> 执行后血条数: 8
[REWARD] ⛔ 非法区域/无费用，已被 CV 阻断。奖励 -1.0 (连续无作为: 8次)
[TemplateMatcher] pause_gear.png -> max conf: 0.908 (needs 0.5, optimal scale: 0.80x)
[SAVE] 自动保存进度 (Step 200) -> policy_latest.zip

[STEP 79] 开始执行动作...
[ACTION] AI决定: 选卡 7 -> 放入网格(7,3) -> 朝向 0
         坐标映射: 拖拽从(925,650)至(900,430) -> 方向滑动至(900,280)
[ACTION] ✅ CV校验通过！网格(7,3)具有高亮绿色(像素:900)，准许拖拽。
[REWARD] 执行前血条数: 8 -> 执行后血条数: 8
[REWARD] 部署失败，计算前后帧 MSE (均方误差) = 242.15
[REWARD] 画面未发生明显变化(非法部署)。奖励 -1.0 (连续无作为: 9次)
[TemplateMatcher] pause_gear.png -> max conf: 0.908 (needs 0.5, optimal scale: 0.80x)

[STEP 80] 开始执行动作...
[ACTION] AI决定: 选卡 7 -> 放入网格(7,1) -> 朝向 3
         坐标映射: 拖拽从(925,650)至(900,270) -> 方向滑动至(1050,270)
[ACTION] ✅ CV校验通过！网格(7,1)具有高亮绿色(像素:616)，准许拖拽。
[REWARD] 执行前血条数: 8 -> 执行后血条数: 8
[REWARD] 部署失败，计算前后帧 MSE (均方误差) = 174.27
[REWARD] 画面未发生明显变化(非法部署)。奖励 -1.0 (连续无作为: 10次)
[TemplateMatcher] pause_gear.png -> max conf: 0.908 (needs 0.5, optimal scale: 0.80x)

[STEP 81] 开始执行动作...
[ACTION] AI决定: 选卡 8 -> 放入网格(4,3) -> 朝向 1
         坐标映射: 拖拽从(1015,650)至(600,430) -> 方向滑动至(600,580)
[ACTION] ⛔ Fast-Fail! 目标网格(4,3)非绿色高亮(绿像素:0)。取消拖拽。
[REWARD] 执行前血条数: 4 -> 执行后血条数: 8
[REWARD] ⛔ 非法区域/无费用，已被 CV 阻断。奖励 -1.0 (连续无作为: 11次)
[TemplateMatcher] pause_gear.png -> max conf: 0.888 (needs 0.5, optimal scale: 0.80x)

[STEP 82] 开始执行动作...
[ACTION] AI决定: 选卡 9 -> 放入网格(5,0) -> 朝向 0
         坐标映射: 拖拽从(1105,650)至(700,190) -> 方向滑动至(700,40)
[ACTION] ⛔ Fast-Fail! 目标网格(5,0)非绿色高亮(绿像素:0)。取消拖拽。
[REWARD] 执行前血条数: 8 -> 执行后血条数: 0
[REWARD] ⛔ 非法区域/无费用，已被 CV 阻断。奖励 -1.0 (连续无作为: 12次)
[ENV] 🚨 优先级 1 触发：检测到画面剧烈变化 (MSE=8874.39 > 8000)，判定为场景切换/结算，强制终止回合！

================= 回合结束，开始自动重启关卡 =================
[TemplateMatcher] pause_gear.png -> max conf: 0.000 (needs 0.7, optimal scale: 0.80x)
[DEBUG] 未匹配 [pause_gear] (要求阈值 0.7)
[TemplateMatcher] start_action.png -> max conf: 0.000 (needs 0.45, optimal scale: 0.80x)
[DEBUG] 未匹配 [start_action] (要求阈值 0.45)
[TemplateMatcher] practice.png -> max conf: 0.000 (needs 0.5, optimal scale: 0.80x)
[DEBUG] 未匹配 [practice] (要求阈值 0.5)
[TemplateMatcher] stage_1_7.png -> max conf: 0.000 (needs 0.5, optimal scale: 0.80x)
[DEBUG] 未匹配 [stage_1_7] (要求阈值 0.5)
[RESET] 尝试跳过动画/寻找入口... (尝试 1/100)
[TemplateMatcher] pause_gear.png -> max conf: 0.000 (needs 0.7, optimal scale: 0.80x)
[DEBUG] 未匹配 [pause_gear] (要求阈值 0.7)
[TemplateMatcher] start_action.png -> max conf: 0.000 (needs 0.45, optimal scale: 0.80x)
[DEBUG] 未匹配 [start_action] (要求阈值 0.45)
[TemplateMatcher] practice.png -> max conf: 0.000 (needs 0.5, optimal scale: 0.80x)
[DEBUG] 未匹配 [practice] (要求阈值 0.5)
[TemplateMatcher] stage_1_7.png -> max conf: 0.000 (needs 0.5, optimal scale: 0.80x)
[DEBUG] 未匹配 [stage_1_7] (要求阈值 0.5)
[RESET] 尝试跳过动画/寻找入口... (尝试 2/100)
[TemplateMatcher] pause_gear.png -> max conf: 0.000 (needs 0.7, optimal scale: 0.80x)
[DEBUG] 未匹配 [pause_gear] (要求阈值 0.7)
[TemplateMatcher] start_action.png -> max conf: 0.000 (needs 0.45, optimal scale: 0.80x)
[DEBUG] 未匹配 [start_action] (要求阈值 0.45)
[TemplateMatcher] practice.png -> max conf: 0.000 (needs 0.5, optimal scale: 0.80x)
[DEBUG] 未匹配 [practice] (要求阈值 0.5)
[TemplateMatcher] stage_1_7.png -> max conf: 0.000 (needs 0.5, optimal scale: 0.80x)
[DEBUG] 未匹配 [stage_1_7] (要求阈值 0.5)
[RESET] 尝试跳过动画/寻找入口... (尝试 3/100)
[TemplateMatcher] pause_gear.png -> max conf: 0.634 (needs 0.7, optimal scale: 0.80x)
[DEBUG] 未匹配 [pause_gear] (要求阈值 0.7)
[TemplateMatcher] start_action.png -> max conf: 0.038 (needs 0.45, optimal scale: 0.80x)
[DEBUG] 未匹配 [start_action] (要求阈值 0.45)
[TemplateMatcher] practice.png -> max conf: 0.600 (needs 0.5, optimal scale: 1.20x)
[RESET] 找到 [practice] (置信度 0.60 >= 0.5)，点击 (1058, 677)
[RESET] 点击演习按钮
[TemplateMatcher] pause_gear.png -> max conf: 0.634 (needs 0.7, optimal scale: 0.80x)
[DEBUG] 未匹配 [pause_gear] (要求阈值 0.7)
[TemplateMatcher] start_action.png -> max conf: 0.038 (needs 0.45, optimal scale: 0.80x)
[DEBUG] 未匹配 [start_action] (要求阈值 0.45)
[TemplateMatcher] practice.png -> max conf: 0.600 (needs 0.5, optimal scale: 1.20x)
[RESET] 找到 [practice] (置信度 0.60 >= 0.5)，点击 (1058, 677)
[RESET] 点击演习按钮
[TemplateMatcher] pause_gear.png -> max conf: 0.490 (needs 0.7, optimal scale: 0.80x)
[DEBUG] 未匹配 [pause_gear] (要求阈值 0.7)
[TemplateMatcher] start_action.png -> max conf: -0.034 (needs 0.45, optimal scale: 0.80x)
[DEBUG] 未匹配 [start_action] (要求阈值 0.45)
[TemplateMatcher] practice.png -> max conf: 0.522 (needs 0.5, optimal scale: 0.80x)
[RESET] 找到 [practice] (置信度 0.52 >= 0.5)，点击 (533, 603)
[RESET] 点击演习按钮
[TemplateMatcher] pause_gear.png -> max conf: 0.490 (needs 0.7, optimal scale: 0.80x)
[DEBUG] 未匹配 [pause_gear] (要求阈值 0.7)
[TemplateMatcher] start_action.png -> max conf: -0.034 (needs 0.45, optimal scale: 0.80x)
[DEBUG] 未匹配 [start_action] (要求阈值 0.45)
[TemplateMatcher] practice.png -> max conf: 0.522 (needs 0.5, optimal scale: 0.80x)
[RESET] 找到 [practice] (置信度 0.52 >= 0.5)，点击 (533, 603)
[RESET] 点击演习按钮
[TemplateMatcher] pause_gear.png -> max conf: 0.490 (needs 0.7, optimal scale: 0.80x)
[DEBUG] 未匹配 [pause_gear] (要求阈值 0.7)
[TemplateMatcher] start_action.png -> max conf: -0.034 (needs 0.45, optimal scale: 0.80x)
[DEBUG] 未匹配 [start_action] (要求阈值 0.45)
[TemplateMatcher] practice.png -> max conf: 0.522 (needs 0.5, optimal scale: 0.80x)
[RESET] 找到 [practice] (置信度 0.52 >= 0.5)，点击 (533, 603)
[RESET] 点击演习按钮
[TemplateMatcher] pause_gear.png -> max conf: 0.473 (needs 0.7, optimal scale: 0.90x)
[DEBUG] 未匹配 [pause_gear] (要求阈值 0.7)
[TemplateMatcher] start_action.png -> max conf: 0.037 (needs 0.45, optimal scale: 0.80x)
[DEBUG] 未匹配 [start_action] (要求阈值 0.45)
[TemplateMatcher] practice.png -> max conf: 0.489 (needs 0.5, optimal scale: 0.85x)
[DEBUG] 未匹配 [practice] (要求阈值 0.5)
[TemplateMatcher] stage_1_7.png -> max conf: 0.712 (needs 0.5, optimal scale: 0.80x)
[RESET] 找到 [stage_1_7] (置信度 0.71 >= 0.5)，点击 (638, 224)
[RESET] 点击关卡 1-7 图标
[TemplateMatcher] pause_gear.png -> max conf: 0.612 (needs 0.7, optimal scale: 1.10x)
[DEBUG] 未匹配 [pause_gear] (要求阈值 0.7)
[TemplateMatcher] start_action.png -> max conf: 0.100 (needs 0.45, optimal scale: 0.80x)
[DEBUG] 未匹配 [start_action] (要求阈值 0.45)
[TemplateMatcher] practice.png -> max conf: 0.687 (needs 0.5, optimal scale: 0.80x)
[RESET] 找到 [practice] (置信度 0.69 >= 0.5)，点击 (935, 660)
[RESET] 点击演习按钮
[TemplateMatcher] pause_gear.png -> max conf: 0.470 (needs 0.7, optimal scale: 1.05x)
[DEBUG] 未匹配 [pause_gear] (要求阈值 0.7)
[TemplateMatcher] start_action.png -> max conf: 0.451 (needs 0.45, optimal scale: 0.80x)
[RESET] 找到 [start_action] (置信度 0.45 >= 0.45)，点击 (1101, 513)
[RESET] 点击开始行动，进入加载...
[TemplateMatcher] pause_gear.png -> max conf: 0.000 (needs 0.7, optimal scale: 0.80x)
[DEBUG] 未匹配 [pause_gear] (要求阈值 0.7)
[TemplateMatcher] start_action.png -> max conf: 0.000 (needs 0.45, optimal scale: 0.80x)
[DEBUG] 未匹配 [start_action] (要求阈值 0.45)
[TemplateMatcher] practice.png -> max conf: 0.000 (needs 0.5, optimal scale: 0.80x)
[DEBUG] 未匹配 [practice] (要求阈值 0.5)
[TemplateMatcher] stage_1_7.png -> max conf: 0.000 (needs 0.5, optimal scale: 0.80x)
[DEBUG] 未匹配 [stage_1_7] (要求阈值 0.5)
[RESET] 尝试跳过动画/寻找入口... (尝试 12/100)
[TemplateMatcher] pause_gear.png -> max conf: 0.000 (needs 0.7, optimal scale: 0.80x)
[DEBUG] 未匹配 [pause_gear] (要求阈值 0.7)
[TemplateMatcher] start_action.png -> max conf: 0.000 (needs 0.45, optimal scale: 0.80x)
[DEBUG] 未匹配 [start_action] (要求阈值 0.45)
[TemplateMatcher] practice.png -> max conf: 0.000 (needs 0.5, optimal scale: 0.80x)
[DEBUG] 未匹配 [practice] (要求阈值 0.5)
[TemplateMatcher] stage_1_7.png -> max conf: 0.000 (needs 0.5, optimal scale: 0.80x)
[DEBUG] 未匹配 [stage_1_7] (要求阈值 0.5)
[RESET] 尝试跳过动画/寻找入口... (尝试 13/100)
[TemplateMatcher] pause_gear.png -> max conf: 0.510 (needs 0.7, optimal scale: 1.20x)
[DEBUG] 未匹配 [pause_gear] (要求阈值 0.7)
[TemplateMatcher] start_action.png -> max conf: -0.063 (needs 0.45, optimal scale: 0.80x)
[DEBUG] 未匹配 [start_action] (要求阈值 0.45)
[TemplateMatcher] practice.png -> max conf: 0.378 (needs 0.5, optimal scale: 0.90x)
[DEBUG] 未匹配 [practice] (要求阈值 0.5)
[TemplateMatcher] stage_1_7.png -> max conf: 0.409 (needs 0.5, optimal scale: 0.90x)
[DEBUG] 未匹配 [stage_1_7] (要求阈值 0.5)
[RESET] 尝试跳过动画/寻找入口... (尝试 14/100)
[TemplateMatcher] pause_gear.png -> max conf: 0.511 (needs 0.7, optimal scale: 1.20x)
[DEBUG] 未匹配 [pause_gear] (要求阈值 0.7)
[TemplateMatcher] start_action.png -> max conf: -0.063 (needs 0.45, optimal scale: 0.80x)
[DEBUG] 未匹配 [start_action] (要求阈值 0.45)
[TemplateMatcher] practice.png -> max conf: 0.379 (needs 0.5, optimal scale: 0.90x)
[DEBUG] 未匹配 [practice] (要求阈值 0.5)
[TemplateMatcher] stage_1_7.png -> max conf: 0.411 (needs 0.5, optimal scale: 0.90x)
[DEBUG] 未匹配 [stage_1_7] (要求阈值 0.5)
[RESET] 尝试跳过动画/寻找入口... (尝试 15/100)
[TemplateMatcher] pause_gear.png -> max conf: 0.215 (needs 0.7, optimal scale: 1.20x)
[DEBUG] 未匹配 [pause_gear] (要求阈值 0.7)
[TemplateMatcher] start_action.png -> max conf: 0.224 (needs 0.45, optimal scale: 0.80x)
[DEBUG] 未匹配 [start_action] (要求阈值 0.45)
[TemplateMatcher] practice.png -> max conf: 0.333 (needs 0.5, optimal scale: 0.80x)
[DEBUG] 未匹配 [practice] (要求阈值 0.5)
[TemplateMatcher] stage_1_7.png -> max conf: 0.271 (needs 0.5, optimal scale: 0.80x)
[DEBUG] 未匹配 [stage_1_7] (要求阈值 0.5)
[RESET] 尝试跳过动画/寻找入口... (尝试 16/100)
[TemplateMatcher] pause_gear.png -> max conf: 0.215 (needs 0.7, optimal scale: 1.20x)
[DEBUG] 未匹配 [pause_gear] (要求阈值 0.7)
[TemplateMatcher] start_action.png -> max conf: 0.224 (needs 0.45, optimal scale: 0.80x)
[DEBUG] 未匹配 [start_action] (要求阈值 0.45)
[TemplateMatcher] practice.png -> max conf: 0.333 (needs 0.5, optimal scale: 0.80x)
[DEBUG] 未匹配 [practice] (要求阈值 0.5)
[TemplateMatcher] stage_1_7.png -> max conf: 0.271 (needs 0.5, optimal scale: 0.80x)
[DEBUG] 未匹配 [stage_1_7] (要求阈值 0.5)
[RESET] 尝试跳过动画/寻找入口... (尝试 17/100)
[TemplateMatcher] pause_gear.png -> max conf: 0.211 (needs 0.7, optimal scale: 1.05x)
[DEBUG] 未匹配 [pause_gear] (要求阈值 0.7)
[TemplateMatcher] start_action.png -> max conf: 0.202 (needs 0.45, optimal scale: 0.80x)
[DEBUG] 未匹配 [start_action] (要求阈值 0.45)
[TemplateMatcher] practice.png -> max conf: 0.297 (needs 0.5, optimal scale: 0.80x)
[DEBUG] 未匹配 [practice] (要求阈值 0.5)
[TemplateMatcher] stage_1_7.png -> max conf: 0.277 (needs 0.5, optimal scale: 0.85x)
[DEBUG] 未匹配 [stage_1_7] (要求阈值 0.5)
[RESET] 尝试跳过动画/寻找入口... (尝试 18/100)
[TemplateMatcher] pause_gear.png -> max conf: 0.908 (needs 0.7, optimal scale: 0.80x)
[RESET] 找到 [pause_gear] (置信度 0.91 >= 0.7)，(仅检测，不点击)
[RESET] ✅ 检测到战斗画面右上角齿轮，重启成功！
================= 关卡重启流程结束 =================

--> [回合结束] 第 2 回合 | 奖励: -21.0 | 步数: 82

[STEP 1] 开始执行动作...
[ACTION] AI决定: 选卡 9 -> 放入网格(0,4) -> 朝向 3
         坐标映射: 拖拽从(1105,650)至(200,510) -> 方向滑动至(350,510)
[ACTION] ⛔ Fast-Fail! 目标网格(0,4)非绿色高亮(绿像素:0)。取消拖拽。
[REWARD] 执行前血条数: 0 -> 执行后血条数: 0
[REWARD] ⛔ 非法区域/无费用，已被 CV 阻断。奖励 -1.0 (连续无作为: 13次)
[TemplateMatcher] pause_gear.png -> max conf: 0.908 (needs 0.5, optimal scale: 0.80x)

[STEP 2] 开始执行动作...
[ACTION] AI决定: 选卡 0 -> 放入网格(3,4) -> 朝向 0
         坐标映射: 拖拽从(295,650)至(500,510) -> 方向滑动至(500,360)
[ACTION] ⛔ Fast-Fail! 目标网格(3,4)非绿色高亮(绿像素:0)。取消拖拽。
[REWARD] 执行前血条数: 0 -> 执行后血条数: 0
[REWARD] ⛔ 非法区域/无费用，已被 CV 阻断。奖励 -1.0 (连续无作为: 14次)
[TemplateMatcher] pause_gear.png -> max conf: 0.908 (needs 0.5, optimal scale: 0.80x)

[STEP 3] 开始执行动作...
[ACTION] AI决定: 选卡 7 -> 放入网格(5,0) -> 朝向 3
         坐标映射: 拖拽从(925,650)至(700,190) -> 方向滑动至(850,190)
[ACTION] ✅ CV校验通过！网格(5,0)具有高亮绿色(像素:812)，准许拖拽。
[REWARD] 执行前血条数: 0 -> 执行后血条数: 0
[REWARD] 部署失败，计算前后帧 MSE (均方误差) = 59.82
[REWARD] 画面未发生明显变化(非法部署)。奖励 -1.0 (连续无作为: 15次)
[TemplateMatcher] pause_gear.png -> max conf: 0.908 (needs 0.5, optimal scale: 0.80x)

[STEP 4] 开始执行动作...
[ACTION] AI决定: 选卡 0 -> 放入网格(7,1) -> 朝向 0
         坐标映射: 拖拽从(295,650)至(900,270) -> 方向滑动至(900,120)
[ACTION] ✅ CV校验通过！网格(7,1)具有高亮绿色(像素:292)，准许拖拽。
[REWARD] 执行前血条数: 0 -> 执行后血条数: 0
[REWARD] 部署失败，计算前后帧 MSE (均方误差) = 193.56
[REWARD] 画面未发生明显变化(非法部署)。奖励 -1.0 (连续无作为: 16次)
[TemplateMatcher] pause_gear.png -> max conf: 0.908 (needs 0.5, optimal scale: 0.80x)

[STEP 5] 开始执行动作...
[ACTION] AI决定: 选卡 4 -> 放入网格(8,4) -> 朝向 0
         坐标映射: 拖拽从(655,650)至(1000,510) -> 方向滑动至(1000,360)
[ACTION] ⛔ Fast-Fail! 目标网格(8,4)非绿色高亮(绿像素:0)。取消拖拽。
[REWARD] 执行前血条数: 0 -> 执行后血条数: 0
[REWARD] ⛔ 非法区域/无费用，已被 CV 阻断。奖励 -1.0 (连续无作为: 17次)
[TemplateMatcher] pause_gear.png -> max conf: 0.908 (needs 0.5, optimal scale: 0.80x)

[STEP 6] 开始执行动作...
[ACTION] AI决定: 选卡 9 -> 放入网格(4,2) -> 朝向 2
         坐标映射: 拖拽从(1105,650)至(600,350) -> 方向滑动至(450,350)
[ACTION] ✅ CV校验通过！网格(4,2)具有高亮绿色(像素:867)，准许拖拽。
[REWARD] 执行前血条数: 0 -> 执行后血条数: 1
[REWARD] 恭喜！局部坐标校验成功，干员部署在目标区域。奖励 +10.0
[TemplateMatcher] pause_gear.png -> max conf: 0.908 (needs 0.5, optimal scale: 0.80x)

[STEP 7] 开始执行动作...
[ACTION] AI决定: 选卡 9 -> 放入网格(6,3) -> 朝向 3
         坐标映射: 拖拽从(1105,650)至(800,430) -> 方向滑动至(950,430)
[ACTION] ✅ CV校验通过！网格(6,3)具有高亮绿色(像素:900)，准许拖拽。
[REWARD] 执行前血条数: 1 -> 执行后血条数: 1
[REWARD] 部署失败，计算前后帧 MSE (均方误差) = 151.62
[REWARD] 画面未发生明显变化(非法部署)。奖励 -1.0 (连续无作为: 1次)
[TemplateMatcher] pause_gear.png -> max conf: 0.908 (needs 0.5, optimal scale: 0.80x)

[STEP 8] 开始执行动作...
[ACTION] AI决定: 选卡 0 -> 放入网格(4,1) -> 朝向 3
         坐标映射: 拖拽从(295,650)至(600,270) -> 方向滑动至(750,270)
[ACTION] ✅ CV校验通过！网格(4,1)具有高亮绿色(像素:837)，准许拖拽。
[REWARD] 执行前血条数: 1 -> 执行后血条数: 1
[REWARD] 部署失败，计算前后帧 MSE (均方误差) = 195.84
[REWARD] 画面未发生明显变化(非法部署)。奖励 -1.0 (连续无作为: 2次)
[TemplateMatcher] pause_gear.png -> max conf: 0.908 (needs 0.5, optimal scale: 0.80x)

[STEP 9] 开始执行动作...
[ACTION] AI决定: 选卡 5 -> 放入网格(8,4) -> 朝向 0
         坐标映射: 拖拽从(745,650)至(1000,510) -> 方向滑动至(1000,360)
[ACTION] ⛔ Fast-Fail! 目标网格(8,4)非绿色高亮(绿像素:0)。取消拖拽。
[REWARD] 执行前血条数: 1 -> 执行后血条数: 1
[REWARD] ⛔ 非法区域/无费用，已被 CV 阻断。奖励 -1.0 (连续无作为: 3次)
[TemplateMatcher] pause_gear.png -> max conf: 0.908 (needs 0.5, optimal scale: 0.80x)

[STEP 10] 开始执行动作...
[ACTION] AI决定: 选卡 0 -> 放入网格(5,4) -> 朝向 2
         坐标映射: 拖拽从(295,650)至(700,510) -> 方向滑动至(550,510)
[ACTION] ✅ CV校验通过！网格(5,4)具有高亮绿色(像素:292)，准许拖拽。
[REWARD] 执行前血条数: 1 -> 执行后血条数: 1
[REWARD] 部署失败，计算前后帧 MSE (均方误差) = 404.31
[REWARD] 动作无效，但游戏仍在进行(画面有变化)。奖励 -0.5 (已清空无作为计数器)
[TemplateMatcher] pause_gear.png -> max conf: 0.908 (needs 0.5, optimal scale: 0.80x)

[STEP 11] 开始执行动作...
[ACTION] AI决定: 选卡 1 -> 放入网格(1,1) -> 朝向 0
         坐标映射: 拖拽从(385,650)至(300,270) -> 方向滑动至(300,120)
[ACTION] ⛔ Fast-Fail! 目标网格(1,1)非绿色高亮(绿像素:0)。取消拖拽。
[REWARD] 执行前血条数: 1 -> 执行后血条数: 1
[REWARD] ⛔ 非法区域/无费用，已被 CV 阻断。奖励 -1.0 (连续无作为: 1次)
[TemplateMatcher] pause_gear.png -> max conf: 0.908 (needs 0.5, optimal scale: 0.80x)

[STEP 12] 开始执行动作...
[ACTION] AI决定: 选卡 7 -> 放入网格(8,4) -> 朝向 3
         坐标映射: 拖拽从(925,650)至(1000,510) -> 方向滑动至(1150,510)
[ACTION] ✅ CV校验通过！网格(8,4)具有高亮绿色(像素:900)，准许拖拽。
[REWARD] 执行前血条数: 1 -> 执行后血条数: 1
[REWARD] 部署失败，计算前后帧 MSE (均方误差) = 272.05
[REWARD] 画面未发生明显变化(非法部署)。奖励 -1.0 (连续无作为: 2次)
[TemplateMatcher] pause_gear.png -> max conf: 0.908 (needs 0.5, optimal scale: 0.80x)

[STEP 13] 开始执行动作...
[ACTION] AI决定: 选卡 6 -> 放入网格(5,1) -> 朝向 2
         坐标映射: 拖拽从(835,650)至(700,270) -> 方向滑动至(550,270)
[ACTION] ⛔ Fast-Fail! 目标网格(5,1)非绿色高亮(绿像素:0)。取消拖拽。
[REWARD] 执行前血条数: 1 -> 执行后血条数: 1
[REWARD] ⛔ 非法区域/无费用，已被 CV 阻断。奖励 -1.0 (连续无作为: 3次)
[TemplateMatcher] pause_gear.png -> max conf: 0.908 (needs 0.5, optimal scale: 0.80x)

[STEP 14] 开始执行动作...
[ACTION] AI决定: 选卡 2 -> 放入网格(6,4) -> 朝向 1
         坐标映射: 拖拽从(475,650)至(800,510) -> 方向滑动至(800,660)
[ACTION] ⛔ Fast-Fail! 目标网格(6,4)非绿色高亮(绿像素:0)。取消拖拽。
[REWARD] 执行前血条数: 1 -> 执行后血条数: 1
[REWARD] ⛔ 非法区域/无费用，已被 CV 阻断。奖励 -1.0 (连续无作为: 4次)
[TemplateMatcher] pause_gear.png -> max conf: 0.908 (needs 0.5, optimal scale: 0.80x)

[STEP 15] 开始执行动作...
[ACTION] AI决定: 选卡 1 -> 放入网格(2,2) -> 朝向 0
         坐标映射: 拖拽从(385,650)至(400,350) -> 方向滑动至(400,200)
[ACTION] ⛔ Fast-Fail! 目标网格(2,2)非绿色高亮(绿像素:0)。取消拖拽。
[REWARD] 执行前血条数: 1 -> 执行后血条数: 1
[REWARD] ⛔ 非法区域/无费用，已被 CV 阻断。奖励 -1.0 (连续无作为: 5次)
[TemplateMatcher] pause_gear.png -> max conf: 0.908 (needs 0.5, optimal scale: 0.80x)

[STEP 16] 开始执行动作...
[ACTION] AI决定: 选卡 0 -> 放入网格(7,2) -> 朝向 0
         坐标映射: 拖拽从(295,650)至(900,350) -> 方向滑动至(900,200)
[ACTION] ✅ CV校验通过！网格(7,2)具有高亮绿色(像素:333)，准许拖拽。
[REWARD] 执行前血条数: 1 -> 执行后血条数: 2
[REWARD] 恭喜！局部坐标校验成功，干员部署在目标区域。奖励 +10.0
[TemplateMatcher] pause_gear.png -> max conf: 0.908 (needs 0.5, optimal scale: 0.80x)

[STEP 17] 开始执行动作...
[ACTION] AI决定: 选卡 9 -> 放入网格(1,3) -> 朝向 2
         坐标映射: 拖拽从(1105,650)至(300,430) -> 方向滑动至(150,430)
[ACTION] ⛔ Fast-Fail! 目标网格(1,3)非绿色高亮(绿像素:0)。取消拖拽。
[REWARD] 执行前血条数: 2 -> 执行后血条数: 2
[REWARD] ⛔ 非法区域/无费用，已被 CV 阻断。奖励 -1.0 (连续无作为: 1次)
[TemplateMatcher] pause_gear.png -> max conf: 0.908 (needs 0.5, optimal scale: 0.80x)

[STEP 18] 开始执行动作...
[ACTION] AI决定: 选卡 4 -> 放入网格(5,4) -> 朝向 1
         坐标映射: 拖拽从(655,650)至(700,510) -> 方向滑动至(700,660)
[ACTION] ⛔ Fast-Fail! 目标网格(5,4)非绿色高亮(绿像素:0)。取消拖拽。
[REWARD] 执行前血条数: 2 -> 执行后血条数: 2
[REWARD] ⛔ 非法区域/无费用，已被 CV 阻断。奖励 -1.0 (连续无作为: 2次)
[TemplateMatcher] pause_gear.png -> max conf: 0.908 (needs 0.5, optimal scale: 0.80x)

[STEP 19] 开始执行动作...
[ACTION] AI决定: 选卡 1 -> 放入网格(4,3) -> 朝向 1
         坐标映射: 拖拽从(385,650)至(600,430) -> 方向滑动至(600,580)
[ACTION] ⛔ Fast-Fail! 目标网格(4,3)非绿色高亮(绿像素:0)。取消拖拽。
[REWARD] 执行前血条数: 2 -> 执行后血条数: 2
[REWARD] ⛔ 非法区域/无费用，已被 CV 阻断。奖励 -1.0 (连续无作为: 3次)
[TemplateMatcher] pause_gear.png -> max conf: 0.908 (needs 0.5, optimal scale: 0.80x)

[STEP 20] 开始执行动作...
[ACTION] AI决定: 选卡 3 -> 放入网格(7,3) -> 朝向 0
         坐标映射: 拖拽从(565,650)至(900,430) -> 方向滑动至(900,280)
[ACTION] ✅ CV校验通过！网格(7,3)具有高亮绿色(像素:900)，准许拖拽。
[REWARD] 执行前血条数: 2 -> 执行后血条数: 3
[REWARD] 部署失败，计算前后帧 MSE (均方误差) = 681.94
[REWARD] 动作无效，但游戏仍在进行(画面有变化)。奖励 -0.5 (已清空无作为计数器)
[TemplateMatcher] pause_gear.png -> max conf: 0.908 (needs 0.5, optimal scale: 0.80x)

[STEP 21] 开始执行动作...
[ACTION] AI决定: 选卡 6 -> 放入网格(7,4) -> 朝向 1
         坐标映射: 拖拽从(835,650)至(900,510) -> 方向滑动至(900,660)
[ACTION] ✅ CV校验通过！网格(7,4)具有高亮绿色(像素:900)，准许拖拽。
[REWARD] 执行前血条数: 3 -> 执行后血条数: 3
[REWARD] 恭喜！局部坐标校验成功，干员部署在目标区域。奖励 +10.0
[TemplateMatcher] pause_gear.png -> max conf: 0.907 (needs 0.5, optimal scale: 0.80x)

[STEP 22] 开始执行动作...
[ACTION] AI决定: 选卡 6 -> 放入网格(1,4) -> 朝向 3
         坐标映射: 拖拽从(835,650)至(300,510) -> 方向滑动至(450,510)
[ACTION] ⛔ Fast-Fail! 目标网格(1,4)非绿色高亮(绿像素:0)。取消拖拽。
[REWARD] 执行前血条数: 3 -> 执行后血条数: 3
[REWARD] ⛔ 非法区域/无费用，已被 CV 阻断。奖励 -1.0 (连续无作为: 1次)
[TemplateMatcher] pause_gear.png -> max conf: 0.907 (needs 0.5, optimal scale: 0.80x)

[STEP 23] 开始执行动作...
[ACTION] AI决定: 选卡 2 -> 放入网格(7,1) -> 朝向 2
         坐标映射: 拖拽从(475,650)至(900,270) -> 方向滑动至(750,270)
[ACTION] ✅ CV校验通过！网格(7,1)具有高亮绿色(像素:419)，准许拖拽。
[REWARD] 执行前血条数: 3 -> 执行后血条数: 3
[REWARD] 恭喜！局部坐标校验成功，干员部署在目标区域。奖励 +10.0
[TemplateMatcher] pause_gear.png -> max conf: 0.908 (needs 0.5, optimal scale: 0.80x)

[STEP 24] 开始执行动作...
[ACTION] AI决定: 选卡 3 -> 放入网格(1,4) -> 朝向 1
         坐标映射: 拖拽从(565,650)至(300,510) -> 方向滑动至(300,660)
[ACTION] ⛔ Fast-Fail! 目标网格(1,4)非绿色高亮(绿像素:0)。取消拖拽。
[REWARD] 执行前血条数: 3 -> 执行后血条数: 3
[REWARD] ⛔ 非法区域/无费用，已被 CV 阻断。奖励 -1.0 (连续无作为: 1次)
[TemplateMatcher] pause_gear.png -> max conf: 0.907 (needs 0.5, optimal scale: 0.80x)

[STEP 25] 开始执行动作...
[ACTION] AI决定: 选卡 3 -> 放入网格(4,3) -> 朝向 3
         坐标映射: 拖拽从(565,650)至(600,430) -> 方向滑动至(750,430)
[ACTION] ⛔ Fast-Fail! 目标网格(4,3)非绿色高亮(绿像素:0)。取消拖拽。
[REWARD] 执行前血条数: 3 -> 执行后血条数: 3
[REWARD] ⛔ 非法区域/无费用，已被 CV 阻断。奖励 -1.0 (连续无作为: 2次)
[TemplateMatcher] pause_gear.png -> max conf: 0.907 (needs 0.5, optimal scale: 0.80x)

[STEP 26] 开始执行动作...
[ACTION] AI决定: 选卡 2 -> 放入网格(5,3) -> 朝向 3
         坐标映射: 拖拽从(475,650)至(700,430) -> 方向滑动至(850,430)
[ACTION] ✅ CV校验通过！网格(5,3)具有高亮绿色(像素:900)，准许拖拽。
[REWARD] 执行前血条数: 3 -> 执行后血条数: 3
[REWARD] 恭喜！局部坐标校验成功，干员部署在目标区域。奖励 +10.0
[TemplateMatcher] pause_gear.png -> max conf: 0.908 (needs 0.5, optimal scale: 0.80x)

[STEP 27] 开始执行动作...
[ACTION] AI决定: 选卡 1 -> 放入网格(7,2) -> 朝向 0
         坐标映射: 拖拽从(385,650)至(900,350) -> 方向滑动至(900,200)
[ACTION] ⛔ Fast-Fail! 目标网格(7,2)非绿色高亮(绿像素:3)。取消拖拽。
[REWARD] 执行前血条数: 3 -> 执行后血条数: 4
[REWARD] ⛔ 非法区域/无费用，已被 CV 阻断。奖励 -1.0 (连续无作为: 1次)
[TemplateMatcher] pause_gear.png -> max conf: 0.908 (needs 0.5, optimal scale: 0.80x)

[STEP 28] 开始执行动作...
[ACTION] AI决定: 选卡 6 -> 放入网格(7,4) -> 朝向 1
         坐标映射: 拖拽从(835,650)至(900,510) -> 方向滑动至(900,660)
[ACTION] ⛔ Fast-Fail! 目标网格(7,4)非绿色高亮(绿像素:0)。取消拖拽。
[REWARD] 执行前血条数: 3 -> 执行后血条数: 3
[REWARD] ⛔ 非法区域/无费用，已被 CV 阻断。奖励 -1.0 (连续无作为: 2次)
[TemplateMatcher] pause_gear.png -> max conf: 0.908 (needs 0.5, optimal scale: 0.80x)

[STEP 29] 开始执行动作...
[ACTION] AI决定: 选卡 8 -> 放入网格(4,4) -> 朝向 2
         坐标映射: 拖拽从(1015,650)至(600,510) -> 方向滑动至(450,510)
[ACTION] ⛔ Fast-Fail! 目标网格(4,4)非绿色高亮(绿像素:0)。取消拖拽。
[REWARD] 执行前血条数: 4 -> 执行后血条数: 1
[REWARD] ⛔ 非法区域/无费用，已被 CV 阻断。奖励 -1.0 (连续无作为: 3次)
[TemplateMatcher] pause_gear.png -> max conf: 0.908 (needs 0.5, optimal scale: 0.80x)

[STEP 30] 开始执行动作...
[ACTION] AI决定: 选卡 6 -> 放入网格(9,3) -> 朝向 1
         坐标映射: 拖拽从(835,650)至(1100,430) -> 方向滑动至(1100,580)
[ACTION] ⛔ Fast-Fail! 目标网格(9,3)非绿色高亮(绿像素:0)。取消拖拽。
[REWARD] 执行前血条数: 4 -> 执行后血条数: 4
[REWARD] ⛔ 非法区域/无费用，已被 CV 阻断。奖励 -1.0 (连续无作为: 4次)
[TemplateMatcher] pause_gear.png -> max conf: 0.908 (needs 0.5, optimal scale: 0.80x)

[STEP 31] 开始执行动作...
[ACTION] AI决定: 选卡 3 -> 放入网格(8,0) -> 朝向 3
         坐标映射: 拖拽从(565,650)至(1000,190) -> 方向滑动至(1150,190)
[ACTION] ⛔ Fast-Fail! 目标网格(8,0)非绿色高亮(绿像素:0)。取消拖拽。
[REWARD] 执行前血条数: 3 -> 执行后血条数: 5
[REWARD] ⛔ 非法区域/无费用，已被 CV 阻断。奖励 -1.0 (连续无作为: 5次)
[TemplateMatcher] pause_gear.png -> max conf: 0.908 (needs 0.5, optimal scale: 0.80x)

[STEP 32] 开始执行动作...
[ACTION] AI决定: 选卡 4 -> 放入网格(1,4) -> 朝向 3
         坐标映射: 拖拽从(655,650)至(300,510) -> 方向滑动至(450,510)
[ACTION] ⛔ Fast-Fail! 目标网格(1,4)非绿色高亮(绿像素:0)。取消拖拽。
[REWARD] 执行前血条数: 3 -> 执行后血条数: 2
[REWARD] ⛔ 非法区域/无费用，已被 CV 阻断。奖励 -1.0 (连续无作为: 6次)
[TemplateMatcher] pause_gear.png -> max conf: 0.908 (needs 0.5, optimal scale: 0.80x)

[STEP 33] 开始执行动作...
[ACTION] AI决定: 选卡 6 -> 放入网格(9,4) -> 朝向 2
         坐标映射: 拖拽从(835,650)至(1100,510) -> 方向滑动至(950,510)
[ACTION] ⛔ Fast-Fail! 目标网格(9,4)非绿色高亮(绿像素:0)。取消拖拽。
[REWARD] 执行前血条数: 3 -> 执行后血条数: 4
[REWARD] ⛔ 非法区域/无费用，已被 CV 阻断。奖励 -1.0 (连续无作为: 7次)
[TemplateMatcher] pause_gear.png -> max conf: 0.908 (needs 0.5, optimal scale: 0.80x)

[STEP 34] 开始执行动作...
[ACTION] AI决定: 选卡 0 -> 放入网格(7,2) -> 朝向 1
         坐标映射: 拖拽从(295,650)至(900,350) -> 方向滑动至(900,500)
[ACTION] ⛔ Fast-Fail! 目标网格(7,2)非绿色高亮(绿像素:4)。取消拖拽。
[REWARD] 执行前血条数: 4 -> 执行后血条数: 3
[REWARD] ⛔ 非法区域/无费用，已被 CV 阻断。奖励 -1.0 (连续无作为: 8次)
[TemplateMatcher] pause_gear.png -> max conf: 0.908 (needs 0.5, optimal scale: 0.80x)

[STEP 35] 开始执行动作...
[ACTION] AI决定: 选卡 6 -> 放入网格(1,0) -> 朝向 1
         坐标映射: 拖拽从(835,650)至(300,190) -> 方向滑动至(300,340)
[ACTION] ⛔ Fast-Fail! 目标网格(1,0)非绿色高亮(绿像素:0)。取消拖拽。
[REWARD] 执行前血条数: 5 -> 执行后血条数: 4
[REWARD] ⛔ 非法区域/无费用，已被 CV 阻断。奖励 -1.0 (连续无作为: 9次)
[TemplateMatcher] pause_gear.png -> max conf: 0.908 (needs 0.5, optimal scale: 0.80x)

[STEP 36] 开始执行动作...
[ACTION] AI决定: 选卡 7 -> 放入网格(9,2) -> 朝向 2
         坐标映射: 拖拽从(925,650)至(1100,350) -> 方向滑动至(950,350)
[ACTION] ⛔ Fast-Fail! 目标网格(9,2)非绿色高亮(绿像素:0)。取消拖拽。
[REWARD] 执行前血条数: 3 -> 执行后血条数: 3
[REWARD] ⛔ 非法区域/无费用，已被 CV 阻断。奖励 -1.0 (连续无作为: 10次)
[TemplateMatcher] pause_gear.png -> max conf: 0.908 (needs 0.5, optimal scale: 0.80x)

[STEP 37] 开始执行动作...
[ACTION] AI决定: 选卡 7 -> 放入网格(1,1) -> 朝向 3
         坐标映射: 拖拽从(925,650)至(300,270) -> 方向滑动至(450,270)
[ACTION] ⛔ Fast-Fail! 目标网格(1,1)非绿色高亮(绿像素:0)。取消拖拽。
[REWARD] 执行前血条数: 4 -> 执行后血条数: 4
[REWARD] ⛔ 非法区域/无费用，已被 CV 阻断。奖励 -1.0 (连续无作为: 11次)
[TemplateMatcher] pause_gear.png -> max conf: 0.908 (needs 0.5, optimal scale: 0.80x)

[STEP 38] 开始执行动作...
[ACTION] AI决定: 选卡 3 -> 放入网格(7,3) -> 朝向 0
         坐标映射: 拖拽从(565,650)至(900,430) -> 方向滑动至(900,280)
[ACTION] ✅ CV校验通过！网格(7,3)具有高亮绿色(像素:900)，准许拖拽。
[REWARD] 执行前血条数: 4 -> 执行后血条数: 3
[REWARD] 恭喜！局部坐标校验成功，干员部署在目标区域。奖励 +10.0
[TemplateMatcher] pause_gear.png -> max conf: 0.908 (needs 0.5, optimal scale: 0.80x)

[STEP 39] 开始执行动作...
[ACTION] AI决定: 选卡 6 -> 放入网格(0,2) -> 朝向 1
         坐标映射: 拖拽从(835,650)至(200,350) -> 方向滑动至(200,500)
[ACTION] ⛔ Fast-Fail! 目标网格(0,2)非绿色高亮(绿像素:0)。取消拖拽。
[REWARD] 执行前血条数: 3 -> 执行后血条数: 3
[REWARD] ⛔ 非法区域/无费用，已被 CV 阻断。奖励 -1.0 (连续无作为: 1次)
[TemplateMatcher] pause_gear.png -> max conf: 0.907 (needs 0.5, optimal scale: 0.80x)

[STEP 40] 开始执行动作...
[ACTION] AI决定: 选卡 7 -> 放入网格(2,3) -> 朝向 0
         坐标映射: 拖拽从(925,650)至(400,430) -> 方向滑动至(400,280)
[ACTION] ✅ CV校验通过！网格(2,3)具有高亮绿色(像素:235)，准许拖拽。
[REWARD] 执行前血条数: 3 -> 执行后血条数: 3
[REWARD] 部署失败，计算前后帧 MSE (均方误差) = 2814.13
[REWARD] 动作无效，但游戏仍在进行(画面有变化)。奖励 -0.5 (已清空无作为计数器)
[TemplateMatcher] pause_gear.png -> max conf: 0.908 (needs 0.5, optimal scale: 0.80x)

[STEP 41] 开始执行动作...
[ACTION] AI决定: 选卡 0 -> 放入网格(4,4) -> 朝向 1
         坐标映射: 拖拽从(295,650)至(600,510) -> 方向滑动至(600,660)
[ACTION] ✅ CV校验通过！网格(4,4)具有高亮绿色(像素:900)，准许拖拽。
[REWARD] 执行前血条数: 3 -> 执行后血条数: 3
[REWARD] 部署失败，计算前后帧 MSE (均方误差) = 2780.51
[REWARD] 动作无效，但游戏仍在进行(画面有变化)。奖励 -0.5 (已清空无作为计数器)
[TemplateMatcher] pause_gear.png -> max conf: 0.908 (needs 0.5, optimal scale: 0.80x)

[STEP 42] 开始执行动作...
[ACTION] AI决定: 选卡 0 -> 放入网格(4,3) -> 朝向 1
         坐标映射: 拖拽从(295,650)至(600,430) -> 方向滑动至(600,580)
[ACTION] ✅ CV校验通过！网格(4,3)具有高亮绿色(像素:900)，准许拖拽。
[REWARD] 执行前血条数: 3 -> 执行后血条数: 4
[REWARD] 部署失败，计算前后帧 MSE (均方误差) = 643.67
[REWARD] 动作无效，但游戏仍在进行(画面有变化)。奖励 -0.5 (已清空无作为计数器)
[TemplateMatcher] pause_gear.png -> max conf: 0.908 (needs 0.5, optimal scale: 0.80x)

[STEP 43] 开始执行动作...
[ACTION] AI决定: 选卡 6 -> 放入网格(9,0) -> 朝向 0
         坐标映射: 拖拽从(835,650)至(1100,190) -> 方向滑动至(1100,40)
[ACTION] ⛔ Fast-Fail! 目标网格(9,0)非绿色高亮(绿像素:0)。取消拖拽。
[REWARD] 执行前血条数: 4 -> 执行后血条数: 4
[REWARD] ⛔ 非法区域/无费用，已被 CV 阻断。奖励 -1.0 (连续无作为: 1次)
[TemplateMatcher] pause_gear.png -> max conf: 0.908 (needs 0.5, optimal scale: 0.80x)

[STEP 44] 开始执行动作...
[ACTION] AI决定: 选卡 7 -> 放入网格(1,3) -> 朝向 0
         坐标映射: 拖拽从(925,650)至(300,430) -> 方向滑动至(300,280)
[ACTION] ⛔ Fast-Fail! 目标网格(1,3)非绿色高亮(绿像素:0)。取消拖拽。
[REWARD] 执行前血条数: 4 -> 执行后血条数: 4
[REWARD] ⛔ 非法区域/无费用，已被 CV 阻断。奖励 -1.0 (连续无作为: 2次)
[TemplateMatcher] pause_gear.png -> max conf: 0.908 (needs 0.5, optimal scale: 0.80x)

[STEP 45] 开始执行动作...
[ACTION] AI决定: 选卡 7 -> 放入网格(5,2) -> 朝向 3
         坐标映射: 拖拽从(925,650)至(700,350) -> 方向滑动至(850,350)
[ACTION] ✅ CV校验通过！网格(5,2)具有高亮绿色(像素:779)，准许拖拽。
[REWARD] 执行前血条数: 4 -> 执行后血条数: 2
[REWARD] 部署失败，计算前后帧 MSE (均方误差) = 4066.23
[REWARD] 动作无效，但游戏仍在进行(画面有变化)。奖励 -0.5 (已清空无作为计数器)
[TemplateMatcher] pause_gear.png -> max conf: 0.907 (needs 0.5, optimal scale: 0.80x)

[STEP 46] 开始执行动作...
[ACTION] AI决定: 选卡 3 -> 放入网格(0,2) -> 朝向 3
         坐标映射: 拖拽从(565,650)至(200,350) -> 方向滑动至(350,350)
[ACTION] ✅ CV校验通过！网格(0,2)具有高亮绿色(像素:94)，准许拖拽。
[REWARD] 执行前血条数: 3 -> 执行后血条数: 4
[REWARD] 部署失败，计算前后帧 MSE (均方误差) = 3986.92
[REWARD] 动作无效，但游戏仍在进行(画面有变化)。奖励 -0.5 (已清空无作为计数器)
[TemplateMatcher] pause_gear.png -> max conf: 0.908 (needs 0.5, optimal scale: 0.80x)

[STEP 47] 开始执行动作...
[ACTION] AI决定: 选卡 1 -> 放入网格(9,2) -> 朝向 2
         坐标映射: 拖拽从(385,650)至(1100,350) -> 方向滑动至(950,350)
[ACTION] ⛔ Fast-Fail! 目标网格(9,2)非绿色高亮(绿像素:0)。取消拖拽。
[REWARD] 执行前血条数: 4 -> 执行后血条数: 4
[REWARD] ⛔ 非法区域/无费用，已被 CV 阻断。奖励 -1.0 (连续无作为: 1次)
[TemplateMatcher] pause_gear.png -> max conf: 0.908 (needs 0.5, optimal scale: 0.80x)

[STEP 48] 开始执行动作...
[ACTION] AI决定: 选卡 2 -> 放入网格(1,3) -> 朝向 3
         坐标映射: 拖拽从(475,650)至(300,430) -> 方向滑动至(450,430)
[ACTION] ⛔ Fast-Fail! 目标网格(1,3)非绿色高亮(绿像素:0)。取消拖拽。
[REWARD] 执行前血条数: 4 -> 执行后血条数: 4
[REWARD] ⛔ 非法区域/无费用，已被 CV 阻断。奖励 -1.0 (连续无作为: 2次)
[TemplateMatcher] pause_gear.png -> max conf: 0.908 (needs 0.5, optimal scale: 0.80x)

[STEP 49] 开始执行动作...
[ACTION] AI决定: 选卡 3 -> 放入网格(7,2) -> 朝向 3
         坐标映射: 拖拽从(565,650)至(900,350) -> 方向滑动至(1050,350)
[ACTION] ✅ CV校验通过！网格(7,2)具有高亮绿色(像素:436)，准许拖拽。
[REWARD] 执行前血条数: 4 -> 执行后血条数: 4
[REWARD] 部署失败，计算前后帧 MSE (均方误差) = 558.77
[REWARD] 动作无效，但游戏仍在进行(画面有变化)。奖励 -0.5 (已清空无作为计数器)
[TemplateMatcher] pause_gear.png -> max conf: 0.908 (needs 0.5, optimal scale: 0.80x)

[STEP 50] 开始执行动作...
[ACTION] AI决定: 选卡 7 -> 放入网格(6,3) -> 朝向 1
         坐标映射: 拖拽从(925,650)至(800,430) -> 方向滑动至(800,580)
[ACTION] ✅ CV校验通过！网格(6,3)具有高亮绿色(像素:88)，准许拖拽。
[REWARD] 执行前血条数: 4 -> 执行后血条数: 4
[REWARD] 部署失败，计算前后帧 MSE (均方误差) = 277.79
[REWARD] 画面未发生明显变化(非法部署)。奖励 -1.0 (连续无作为: 1次)
[TemplateMatcher] pause_gear.png -> max conf: 0.908 (needs 0.5, optimal scale: 0.80x)

[STEP 51] 开始执行动作...
[ACTION] AI决定: 选卡 0 -> 放入网格(3,2) -> 朝向 3
         坐标映射: 拖拽从(295,650)至(500,350) -> 方向滑动至(650,350)
[ACTION] ⛔ Fast-Fail! 目标网格(3,2)非绿色高亮(绿像素:0)。取消拖拽。
[REWARD] 执行前血条数: 4 -> 执行后血条数: 4
[REWARD] ⛔ 非法区域/无费用，已被 CV 阻断。奖励 -1.0 (连续无作为: 2次)
[TemplateMatcher] pause_gear.png -> max conf: 0.908 (needs 0.5, optimal scale: 0.80x)

[STEP 52] 开始执行动作...
[ACTION] AI决定: 选卡 6 -> 放入网格(7,2) -> 朝向 1
         坐标映射: 拖拽从(835,650)至(900,350) -> 方向滑动至(900,500)
[ACTION] ✅ CV校验通过！网格(7,2)具有高亮绿色(像素:26)，准许拖拽。
[REWARD] 执行前血条数: 4 -> 执行后血条数: 4
[REWARD] 部署失败，计算前后帧 MSE (均方误差) = 383.99
[REWARD] 动作无效，但游戏仍在进行(画面有变化)。奖励 -0.5 (已清空无作为计数器)
[TemplateMatcher] pause_gear.png -> max conf: 0.908 (needs 0.5, optimal scale: 0.80x)
----------------------------------------
| time/                   |            |
|    fps                  | 0          |
|    iterations           | 2          |
|    time_elapsed         | 676        |
|    total_timesteps      | 256        |
| train/                  |            |
|    approx_kl            | 0.19604522 |
|    clip_fraction        | 0.449      |
|    clip_range           | 0.2        |
|    entropy_loss         | -7.52      |
|    explained_variance   | 0.000376   |
|    learning_rate        | 0.0003     |
|    loss                 | 27.9       |
|    n_updates            | 10         |
|    policy_gradient_loss | -0.0628    |
|    value_loss           | 77.5       |
----------------------------------------

[STEP 53] 开始执行动作...
[ACTION] AI决定: 选卡 7 -> 放入网格(7,1) -> 朝向 3
         坐标映射: 拖拽从(925,650)至(900,270) -> 方向滑动至(1050,270)
[ACTION] ⛔ Fast-Fail! 目标网格(7,1)非绿色高亮(绿像素:0)。取消拖拽。
[REWARD] 执行前血条数: 4 -> 执行后血条数: 4
[REWARD] ⛔ 非法区域/无费用，已被 CV 阻断。奖励 -1.0 (连续无作为: 1次)
[TemplateMatcher] pause_gear.png -> max conf: 0.907 (needs 0.5, optimal scale: 0.80x)

[STEP 54] 开始执行动作...
[ACTION] AI决定: 选卡 8 -> 放入网格(6,4) -> 朝向 1
         坐标映射: 拖拽从(1015,650)至(800,510) -> 方向滑动至(800,660)
[ACTION] ✅ CV校验通过！网格(6,4)具有高亮绿色(像素:900)，准许拖拽。
[REWARD] 执行前血条数: 4 -> 执行后血条数: 5
[REWARD] 恭喜！局部坐标校验成功，干员部署在目标区域。奖励 +10.0
[TemplateMatcher] pause_gear.png -> max conf: 0.908 (needs 0.5, optimal scale: 0.80x)

[STEP 55] 开始执行动作...
[ACTION] AI决定: 选卡 1 -> 放入网格(7,3) -> 朝向 3
         坐标映射: 拖拽从(385,650)至(900,430) -> 方向滑动至(1050,430)
[ACTION] ⛔ Fast-Fail! 目标网格(7,3)非绿色高亮(绿像素:0)。取消拖拽。
[REWARD] 执行前血条数: 5 -> 执行后血条数: 5
[REWARD] ⛔ 非法区域/无费用，已被 CV 阻断。奖励 -1.0 (连续无作为: 1次)
[TemplateMatcher] pause_gear.png -> max conf: 0.908 (needs 0.5, optimal scale: 0.80x)

[STEP 56] 开始执行动作...
[ACTION] AI决定: 选卡 8 -> 放入网格(4,4) -> 朝向 2
         坐标映射: 拖拽从(1015,650)至(600,510) -> 方向滑动至(450,510)
[ACTION] ✅ CV校验通过！网格(4,4)具有高亮绿色(像素:892)，准许拖拽。
[REWARD] 执行前血条数: 5 -> 执行后血条数: 6
[REWARD] 恭喜！局部坐标校验成功，干员部署在目标区域。奖励 +10.0
[TemplateMatcher] pause_gear.png -> max conf: 0.908 (needs 0.5, optimal scale: 0.80x)

[STEP 57] 开始执行动作...
[ACTION] AI决定: 选卡 0 -> 放入网格(9,4) -> 朝向 2
         坐标映射: 拖拽从(295,650)至(1100,510) -> 方向滑动至(950,510)
[ACTION] ⛔ Fast-Fail! 目标网格(9,4)非绿色高亮(绿像素:0)。取消拖拽。
[REWARD] 执行前血条数: 6 -> 执行后血条数: 6
[REWARD] ⛔ 非法区域/无费用，已被 CV 阻断。奖励 -1.0 (连续无作为: 1次)
[TemplateMatcher] pause_gear.png -> max conf: 0.908 (needs 0.5, optimal scale: 0.80x)

[STEP 58] 开始执行动作...
[ACTION] AI决定: 选卡 6 -> 放入网格(8,3) -> 朝向 0
         坐标映射: 拖拽从(835,650)至(1000,430) -> 方向滑动至(1000,280)
[ACTION] ✅ CV校验通过！网格(8,3)具有高亮绿色(像素:896)，准许拖拽。
[REWARD] 执行前血条数: 5 -> 执行后血条数: 0
[REWARD] 部署失败，计算前后帧 MSE (均方误差) = 2171.98
[REWARD] 动作无效，但游戏仍在进行(画面有变化)。奖励 -0.5 (已清空无作为计数器)
[TemplateMatcher] pause_gear.png -> max conf: 0.586 (needs 0.5, optimal scale: 0.80x)

[STEP 59] 开始执行动作...
[ACTION] AI决定: 选卡 3 -> 放入网格(4,1) -> 朝向 0
         坐标映射: 拖拽从(565,650)至(600,270) -> 方向滑动至(600,120)
[ACTION] ⛔ Fast-Fail! 目标网格(4,1)非绿色高亮(绿像素:0)。取消拖拽。
[REWARD] 执行前血条数: 0 -> 执行后血条数: 0
[REWARD] ⛔ 非法区域/无费用，已被 CV 阻断。奖励 -1.0 (连续无作为: 1次)
[TemplateMatcher] pause_gear.png -> max conf: 0.681 (needs 0.5, optimal scale: 0.80x)

[STEP 60] 开始执行动作...
[ACTION] AI决定: 选卡 5 -> 放入网格(0,1) -> 朝向 3
         坐标映射: 拖拽从(745,650)至(200,270) -> 方向滑动至(350,270)
[ACTION] ⛔ Fast-Fail! 目标网格(0,1)非绿色高亮(绿像素:0)。取消拖拽。
[REWARD] 执行前血条数: 0 -> 执行后血条数: 0
[REWARD] ⛔ 非法区域/无费用，已被 CV 阻断。奖励 -1.0 (连续无作为: 2次)
[TemplateMatcher] pause_gear.png -> max conf: 0.000 (needs 0.5, optimal scale: 0.80x)
[ENV] ⚠️ 警告：未检测到右上角齿轮图标！(连续 1/3 次)

[STEP 61] 开始执行动作...
[ACTION] AI决定: 选卡 3 -> 放入网格(7,4) -> 朝向 1
         坐标映射: 拖拽从(565,650)至(900,510) -> 方向滑动至(900,660)
[ACTION] ⛔ Fast-Fail! 目标网格(7,4)非绿色高亮(绿像素:0)。取消拖拽。
[REWARD] 执行前血条数: 0 -> 执行后血条数: 0
[REWARD] ⛔ 非法区域/无费用，已被 CV 阻断。奖励 -1.0 (连续无作为: 3次)
[TemplateMatcher] pause_gear.png -> max conf: 0.000 (needs 0.5, optimal scale: 0.80x)
[ENV] ⚠️ 警告：未检测到右上角齿轮图标！(连续 2/3 次)

[STEP 62] 开始执行动作...
[ACTION] AI决定: 选卡 3 -> 放入网格(0,1) -> 朝向 2
         坐标映射: 拖拽从(565,650)至(200,270) -> 方向滑动至(50,270)
[ACTION] ⛔ Fast-Fail! 目标网格(0,1)非绿色高亮(绿像素:0)。取消拖拽。
[REWARD] 执行前血条数: 0 -> 执行后血条数: 0
[REWARD] ⛔ 非法区域/无费用，已被 CV 阻断。奖励 -1.0 (连续无作为: 4次)
[TemplateMatcher] pause_gear.png -> max conf: 0.000 (needs 0.5, optimal scale: 0.80x)
[ENV] ⚠️ 警告：未检测到右上角齿轮图标！(连续 3/3 次)
[ENV] 🚨 优先级 2 触发：连续 3 次未检测到战斗界面UI元素，判定游戏已结束！

================= 回合结束，开始自动重启关卡 =================
[TemplateMatcher] pause_gear.png -> max conf: 0.000 (needs 0.7, optimal scale: 0.80x)
[DEBUG] 未匹配 [pause_gear] (要求阈值 0.7)
[TemplateMatcher] start_action.png -> max conf: 0.000 (needs 0.45, optimal scale: 0.80x)
[DEBUG] 未匹配 [start_action] (要求阈值 0.45)
[TemplateMatcher] practice.png -> max conf: 0.000 (needs 0.5, optimal scale: 0.80x)
[DEBUG] 未匹配 [practice] (要求阈值 0.5)
[TemplateMatcher] stage_1_7.png -> max conf: 0.000 (needs 0.5, optimal scale: 0.80x)
[DEBUG] 未匹配 [stage_1_7] (要求阈值 0.5)
[RESET] 尝试跳过动画/寻找入口... (尝试 1/100)
[TemplateMatcher] pause_gear.png -> max conf: 0.508 (needs 0.7, optimal scale: 0.90x)
[DEBUG] 未匹配 [pause_gear] (要求阈值 0.7)
[TemplateMatcher] start_action.png -> max conf: -0.035 (needs 0.45, optimal scale: 0.80x)
[DEBUG] 未匹配 [start_action] (要求阈值 0.45)
[TemplateMatcher] practice.png -> max conf: 0.510 (needs 0.5, optimal scale: 1.15x)
[RESET] 找到 [practice] (置信度 0.51 >= 0.5)，点击 (1026, 673)
[RESET] 点击演习按钮
[TemplateMatcher] pause_gear.png -> max conf: 0.508 (needs 0.7, optimal scale: 0.90x)
[DEBUG] 未匹配 [pause_gear] (要求阈值 0.7)
[TemplateMatcher] start_action.png -> max conf: -0.035 (needs 0.45, optimal scale: 0.80x)
[DEBUG] 未匹配 [start_action] (要求阈值 0.45)
[TemplateMatcher] practice.png -> max conf: 0.510 (needs 0.5, optimal scale: 1.15x)
[RESET] 找到 [practice] (置信度 0.51 >= 0.5)，点击 (1026, 673)
[RESET] 点击演习按钮
[TemplateMatcher] pause_gear.png -> max conf: 0.490 (needs 0.7, optimal scale: 0.80x)
[DEBUG] 未匹配 [pause_gear] (要求阈值 0.7)
[TemplateMatcher] start_action.png -> max conf: -0.034 (needs 0.45, optimal scale: 0.80x)
[DEBUG] 未匹配 [start_action] (要求阈值 0.45)
[TemplateMatcher] practice.png -> max conf: 0.522 (needs 0.5, optimal scale: 0.80x)
[RESET] 找到 [practice] (置信度 0.52 >= 0.5)，点击 (533, 603)
[RESET] 点击演习按钮
[TemplateMatcher] pause_gear.png -> max conf: 0.490 (needs 0.7, optimal scale: 0.80x)
[DEBUG] 未匹配 [pause_gear] (要求阈值 0.7)
[TemplateMatcher] start_action.png -> max conf: -0.034 (needs 0.45, optimal scale: 0.80x)
[DEBUG] 未匹配 [start_action] (要求阈值 0.45)
[TemplateMatcher] practice.png -> max conf: 0.522 (needs 0.5, optimal scale: 0.80x)
[RESET] 找到 [practice] (置信度 0.52 >= 0.5)，点击 (533, 603)
[RESET] 点击演习按钮
[TemplateMatcher] pause_gear.png -> max conf: 0.490 (needs 0.7, optimal scale: 0.80x)
[DEBUG] 未匹配 [pause_gear] (要求阈值 0.7)
[TemplateMatcher] start_action.png -> max conf: -0.034 (needs 0.45, optimal scale: 0.80x)
[DEBUG] 未匹配 [start_action] (要求阈值 0.45)
[TemplateMatcher] practice.png -> max conf: 0.522 (needs 0.5, optimal scale: 0.80x)
[RESET] 找到 [practice] (置信度 0.52 >= 0.5)，点击 (533, 603)
[RESET] 点击演习按钮
[TemplateMatcher] pause_gear.png -> max conf: 0.474 (needs 0.7, optimal scale: 0.90x)
[DEBUG] 未匹配 [pause_gear] (要求阈值 0.7)
[TemplateMatcher] start_action.png -> max conf: 0.037 (needs 0.45, optimal scale: 0.80x)
[DEBUG] 未匹配 [start_action] (要求阈值 0.45)
[TemplateMatcher] practice.png -> max conf: 0.489 (needs 0.5, optimal scale: 0.85x)
[DEBUG] 未匹配 [practice] (要求阈值 0.5)
[TemplateMatcher] stage_1_7.png -> max conf: 0.712 (needs 0.5, optimal scale: 0.80x)
[RESET] 找到 [stage_1_7] (置信度 0.71 >= 0.5)，点击 (638, 224)
[RESET] 点击关卡 1-7 图标
[TemplateMatcher] pause_gear.png -> max conf: 0.612 (needs 0.7, optimal scale: 1.10x)
[DEBUG] 未匹配 [pause_gear] (要求阈值 0.7)
[TemplateMatcher] start_action.png -> max conf: 0.100 (needs 0.45, optimal scale: 0.80x)
[DEBUG] 未匹配 [start_action] (要求阈值 0.45)
[TemplateMatcher] practice.png -> max conf: 0.687 (needs 0.5, optimal scale: 0.80x)
[RESET] 找到 [practice] (置信度 0.69 >= 0.5)，点击 (935, 660)
[RESET] 点击演习按钮
[TemplateMatcher] pause_gear.png -> max conf: 0.470 (needs 0.7, optimal scale: 1.05x)
[DEBUG] 未匹配 [pause_gear] (要求阈值 0.7)
[TemplateMatcher] start_action.png -> max conf: 0.451 (needs 0.45, optimal scale: 0.80x)
[RESET] 找到 [start_action] (置信度 0.45 >= 0.45)，点击 (1101, 513)
[RESET] 点击开始行动，进入加载...
[TemplateMatcher] pause_gear.png -> max conf: 0.000 (needs 0.7, optimal scale: 0.80x)
[DEBUG] 未匹配 [pause_gear] (要求阈值 0.7)
[TemplateMatcher] start_action.png -> max conf: 0.000 (needs 0.45, optimal scale: 0.80x)
[DEBUG] 未匹配 [start_action] (要求阈值 0.45)
[TemplateMatcher] practice.png -> max conf: 0.000 (needs 0.5, optimal scale: 0.80x)
[DEBUG] 未匹配 [practice] (要求阈值 0.5)
[TemplateMatcher] stage_1_7.png -> max conf: 0.000 (needs 0.5, optimal scale: 0.80x)
[DEBUG] 未匹配 [stage_1_7] (要求阈值 0.5)
[RESET] 尝试跳过动画/寻找入口... (尝试 10/100)
[TemplateMatcher] pause_gear.png -> max conf: 0.000 (needs 0.7, optimal scale: 0.80x)
[DEBUG] 未匹配 [pause_gear] (要求阈值 0.7)
[TemplateMatcher] start_action.png -> max conf: 0.000 (needs 0.45, optimal scale: 0.80x)
[DEBUG] 未匹配 [start_action] (要求阈值 0.45)
[TemplateMatcher] practice.png -> max conf: 0.000 (needs 0.5, optimal scale: 0.80x)
[DEBUG] 未匹配 [practice] (要求阈值 0.5)
[TemplateMatcher] stage_1_7.png -> max conf: 0.000 (needs 0.5, optimal scale: 0.80x)
[DEBUG] 未匹配 [stage_1_7] (要求阈值 0.5)
[RESET] 尝试跳过动画/寻找入口... (尝试 11/100)
[TemplateMatcher] pause_gear.png -> max conf: 0.511 (needs 0.7, optimal scale: 1.20x)
[DEBUG] 未匹配 [pause_gear] (要求阈值 0.7)
[TemplateMatcher] start_action.png -> max conf: -0.063 (needs 0.45, optimal scale: 0.80x)
[DEBUG] 未匹配 [start_action] (要求阈值 0.45)
[TemplateMatcher] practice.png -> max conf: 0.379 (needs 0.5, optimal scale: 0.90x)
[DEBUG] 未匹配 [practice] (要求阈值 0.5)
[TemplateMatcher] stage_1_7.png -> max conf: 0.411 (needs 0.5, optimal scale: 0.90x)
[DEBUG] 未匹配 [stage_1_7] (要求阈值 0.5)
[RESET] 尝试跳过动画/寻找入口... (尝试 12/100)
[TemplateMatcher] pause_gear.png -> max conf: 0.511 (needs 0.7, optimal scale: 1.20x)
[DEBUG] 未匹配 [pause_gear] (要求阈值 0.7)
[TemplateMatcher] start_action.png -> max conf: -0.063 (needs 0.45, optimal scale: 0.80x)
[DEBUG] 未匹配 [start_action] (要求阈值 0.45)
[TemplateMatcher] practice.png -> max conf: 0.379 (needs 0.5, optimal scale: 0.90x)
[DEBUG] 未匹配 [practice] (要求阈值 0.5)
[TemplateMatcher] stage_1_7.png -> max conf: 0.411 (needs 0.5, optimal scale: 0.90x)
[DEBUG] 未匹配 [stage_1_7] (要求阈值 0.5)
[RESET] 尝试跳过动画/寻找入口... (尝试 13/100)
[TemplateMatcher] pause_gear.png -> max conf: 0.215 (needs 0.7, optimal scale: 1.20x)
[DEBUG] 未匹配 [pause_gear] (要求阈值 0.7)
[TemplateMatcher] start_action.png -> max conf: 0.224 (needs 0.45, optimal scale: 0.80x)
[DEBUG] 未匹配 [start_action] (要求阈值 0.45)
[TemplateMatcher] practice.png -> max conf: 0.372 (needs 0.5, optimal scale: 0.80x)
[DEBUG] 未匹配 [practice] (要求阈值 0.5)
[TemplateMatcher] stage_1_7.png -> max conf: 0.271 (needs 0.5, optimal scale: 0.80x)
[DEBUG] 未匹配 [stage_1_7] (要求阈值 0.5)
[RESET] 尝试跳过动画/寻找入口... (尝试 14/100)
[TemplateMatcher] pause_gear.png -> max conf: 0.211 (needs 0.7, optimal scale: 1.05x)
[DEBUG] 未匹配 [pause_gear] (要求阈值 0.7)
[TemplateMatcher] start_action.png -> max conf: 0.202 (needs 0.45, optimal scale: 0.80x)
[DEBUG] 未匹配 [start_action] (要求阈值 0.45)
[TemplateMatcher] practice.png -> max conf: 0.297 (needs 0.5, optimal scale: 0.80x)
[DEBUG] 未匹配 [practice] (要求阈值 0.5)
[TemplateMatcher] stage_1_7.png -> max conf: 0.277 (needs 0.5, optimal scale: 0.85x)
[DEBUG] 未匹配 [stage_1_7] (要求阈值 0.5)
[RESET] 尝试跳过动画/寻找入口... (尝试 15/100)
[TemplateMatcher] pause_gear.png -> max conf: 0.840 (needs 0.7, optimal scale: 0.80x)
[RESET] 找到 [pause_gear] (置信度 0.84 >= 0.7)，(仅检测，不点击)
[RESET] ✅ 检测到战斗画面右上角齿轮，重启成功！
================= 关卡重启流程结束 =================

--> [回合结束] 第 3 回合 | 奖励: 31.0 | 步数: 62

[STEP 1] 开始执行动作...
[ACTION] AI决定: 选卡 4 -> 放入网格(5,4) -> 朝向 0
         坐标映射: 拖拽从(655,650)至(700,510) -> 方向滑动至(700,360)
[ACTION] ⛔ Fast-Fail! 目标网格(5,4)非绿色高亮(绿像素:0)。取消拖拽。
[REWARD] 执行前血条数: 0 -> 执行后血条数: 0
[REWARD] ⛔ 非法区域/无费用，已被 CV 阻断。奖励 -1.0 (连续无作为: 5次)
[TemplateMatcher] pause_gear.png -> max conf: 0.907 (needs 0.5, optimal scale: 0.80x)

[STEP 2] 开始执行动作...
[ACTION] AI决定: 选卡 2 -> 放入网格(8,2) -> 朝向 2
         坐标映射: 拖拽从(475,650)至(1000,350) -> 方向滑动至(850,350)
[ACTION] ✅ CV校验通过！网格(8,2)具有高亮绿色(像素:812)，准许拖拽。
[REWARD] 执行前血条数: 0 -> 执行后血条数: 0
[REWARD] 部署失败，计算前后帧 MSE (均方误差) = 181.09
[REWARD] 画面未发生明显变化(非法部署)。奖励 -1.0 (连续无作为: 6次)
[TemplateMatcher] pause_gear.png -> max conf: 0.908 (needs 0.5, optimal scale: 0.80x)

[STEP 3] 开始执行动作...
[ACTION] AI决定: 选卡 7 -> 放入网格(0,1) -> 朝向 1
         坐标映射: 拖拽从(925,650)至(200,270) -> 方向滑动至(200,420)
[ACTION] ⛔ Fast-Fail! 目标网格(0,1)非绿色高亮(绿像素:0)。取消拖拽。
[REWARD] 执行前血条数: 0 -> 执行后血条数: 0
[REWARD] ⛔ 非法区域/无费用，已被 CV 阻断。奖励 -1.0 (连续无作为: 7次)
[TemplateMatcher] pause_gear.png -> max conf: 0.908 (needs 0.5, optimal scale: 0.80x)

[STEP 4] 开始执行动作...
[ACTION] AI决定: 选卡 2 -> 放入网格(5,2) -> 朝向 0
         坐标映射: 拖拽从(475,650)至(700,350) -> 方向滑动至(700,200)
[ACTION] ✅ CV校验通过！网格(5,2)具有高亮绿色(像素:84)，准许拖拽。
[REWARD] 执行前血条数: 0 -> 执行后血条数: 0
[REWARD] 部署失败，计算前后帧 MSE (均方误差) = 224.33
[REWARD] 画面未发生明显变化(非法部署)。奖励 -1.0 (连续无作为: 8次)
[TemplateMatcher] pause_gear.png -> max conf: 0.908 (needs 0.5, optimal scale: 0.80x)

[STEP 5] 开始执行动作...
[ACTION] AI决定: 选卡 0 -> 放入网格(7,4) -> 朝向 0
         坐标映射: 拖拽从(295,650)至(900,510) -> 方向滑动至(900,360)
[ACTION] ✅ CV校验通过！网格(7,4)具有高亮绿色(像素:900)，准许拖拽。
[REWARD] 执行前血条数: 0 -> 执行后血条数: 1
[REWARD] 部署失败，计算前后帧 MSE (均方误差) = 1246.74
[REWARD] 动作无效，但游戏仍在进行(画面有变化)。奖励 -0.5 (已清空无作为计数器)
[TemplateMatcher] pause_gear.png -> max conf: 0.908 (needs 0.5, optimal scale: 0.80x)

[STEP 6] 开始执行动作...
[ACTION] AI决定: 选卡 6 -> 放入网格(1,2) -> 朝向 1
         坐标映射: 拖拽从(835,650)至(300,350) -> 方向滑动至(300,500)
[ACTION] ⛔ Fast-Fail! 目标网格(1,2)非绿色高亮(绿像素:0)。取消拖拽。
[REWARD] 执行前血条数: 1 -> 执行后血条数: 1
[REWARD] ⛔ 非法区域/无费用，已被 CV 阻断。奖励 -1.0 (连续无作为: 1次)
[TemplateMatcher] pause_gear.png -> max conf: 0.908 (needs 0.5, optimal scale: 0.80x)

[STEP 7] 开始执行动作...
[ACTION] AI决定: 选卡 7 -> 放入网格(9,1) -> 朝向 3
         坐标映射: 拖拽从(925,650)至(1100,270) -> 方向滑动至(1250,270)
[ACTION] ⛔ Fast-Fail! 目标网格(9,1)非绿色高亮(绿像素:0)。取消拖拽。
[REWARD] 执行前血条数: 1 -> 执行后血条数: 1
[REWARD] ⛔ 非法区域/无费用，已被 CV 阻断。奖励 -1.0 (连续无作为: 2次)
[TemplateMatcher] pause_gear.png -> max conf: 0.907 (needs 0.5, optimal scale: 0.80x)

[STEP 8] 开始执行动作...
[ACTION] AI决定: 选卡 2 -> 放入网格(0,2) -> 朝向 1
         坐标映射: 拖拽从(475,650)至(200,350) -> 方向滑动至(200,500)
[ACTION] ⛔ Fast-Fail! 目标网格(0,2)非绿色高亮(绿像素:0)。取消拖拽。
[REWARD] 执行前血条数: 1 -> 执行后血条数: 1
[REWARD] ⛔ 非法区域/无费用，已被 CV 阻断。奖励 -1.0 (连续无作为: 3次)
[TemplateMatcher] pause_gear.png -> max conf: 0.908 (needs 0.5, optimal scale: 0.80x)

[STEP 9] 开始执行动作...
[ACTION] AI决定: 选卡 0 -> 放入网格(8,4) -> 朝向 3
         坐标映射: 拖拽从(295,650)至(1000,510) -> 方向滑动至(1150,510)
[ACTION] ⛔ Fast-Fail! 目标网格(8,4)非绿色高亮(绿像素:0)。取消拖拽。
[REWARD] 执行前血条数: 1 -> 执行后血条数: 1
[REWARD] ⛔ 非法区域/无费用，已被 CV 阻断。奖励 -1.0 (连续无作为: 4次)
[TemplateMatcher] pause_gear.png -> max conf: 0.908 (needs 0.5, optimal scale: 0.80x)

[STEP 10] 开始执行动作...
[ACTION] AI决定: 选卡 6 -> 放入网格(5,3) -> 朝向 0
         坐标映射: 拖拽从(835,650)至(700,430) -> 方向滑动至(700,280)
[ACTION] ⛔ Fast-Fail! 目标网格(5,3)非绿色高亮(绿像素:0)。取消拖拽。
[REWARD] 执行前血条数: 1 -> 执行后血条数: 1
[REWARD] ⛔ 非法区域/无费用，已被 CV 阻断。奖励 -1.0 (连续无作为: 5次)
[TemplateMatcher] pause_gear.png -> max conf: 0.908 (needs 0.5, optimal scale: 0.80x)

[STEP 11] 开始执行动作...
[ACTION] AI决定: 选卡 4 -> 放入网格(8,1) -> 朝向 2
         坐标映射: 拖拽从(655,650)至(1000,270) -> 方向滑动至(850,270)
[ACTION] ✅ CV校验通过！网格(8,1)具有高亮绿色(像素:320)，准许拖拽。
[REWARD] 执行前血条数: 1 -> 执行后血条数: 1
[REWARD] 部署失败，计算前后帧 MSE (均方误差) = 358.32
[REWARD] 动作无效，但游戏仍在进行(画面有变化)。奖励 -0.5 (已清空无作为计数器)
[TemplateMatcher] pause_gear.png -> max conf: 0.908 (needs 0.5, optimal scale: 0.80x)

[STEP 12] 开始执行动作...
[ACTION] AI决定: 选卡 4 -> 放入网格(1,0) -> 朝向 1
         坐标映射: 拖拽从(655,650)至(300,190) -> 方向滑动至(300,340)
[ACTION] ⛔ Fast-Fail! 目标网格(1,0)非绿色高亮(绿像素:0)。取消拖拽。
[REWARD] 执行前血条数: 1 -> 执行后血条数: 1
[REWARD] ⛔ 非法区域/无费用，已被 CV 阻断。奖励 -1.0 (连续无作为: 1次)
[TemplateMatcher] pause_gear.png -> max conf: 0.908 (needs 0.5, optimal scale: 0.80x)

[STEP 13] 开始执行动作...
[ACTION] AI决定: 选卡 9 -> 放入网格(7,2) -> 朝向 2
         坐标映射: 拖拽从(1105,650)至(900,350) -> 方向滑动至(750,350)
[ACTION] ✅ CV校验通过！网格(7,2)具有高亮绿色(像素:332)，准许拖拽。
[REWARD] 执行前血条数: 1 -> 执行后血条数: 2
[REWARD] 恭喜！局部坐标校验成功，干员部署在目标区域。奖励 +10.0
[TemplateMatcher] pause_gear.png -> max conf: 0.908 (needs 0.5, optimal scale: 0.80x)

[STEP 14] 开始执行动作...
[ACTION] AI决定: 选卡 0 -> 放入网格(5,3) -> 朝向 3
         坐标映射: 拖拽从(295,650)至(700,430) -> 方向滑动至(850,430)
[ACTION] ⛔ Fast-Fail! 目标网格(5,3)非绿色高亮(绿像素:0)。取消拖拽。
[REWARD] 执行前血条数: 2 -> 执行后血条数: 2
[REWARD] ⛔ 非法区域/无费用，已被 CV 阻断。奖励 -1.0 (连续无作为: 1次)
[TemplateMatcher] pause_gear.png -> max conf: 0.908 (needs 0.5, optimal scale: 0.80x)

[STEP 15] 开始执行动作...
[ACTION] AI决定: 选卡 0 -> 放入网格(9,3) -> 朝向 3
         坐标映射: 拖拽从(295,650)至(1100,430) -> 方向滑动至(1250,430)
[ACTION] ✅ CV校验通过！网格(9,3)具有高亮绿色(像素:98)，准许拖拽。
[REWARD] 执行前血条数: 2 -> 执行后血条数: 2
[REWARD] 部署失败，计算前后帧 MSE (均方误差) = 269.82
[REWARD] 画面未发生明显变化(非法部署)。奖励 -1.0 (连续无作为: 2次)
[TemplateMatcher] pause_gear.png -> max conf: 0.908 (needs 0.5, optimal scale: 0.80x)

[STEP 16] 开始执行动作...
[ACTION] AI决定: 选卡 8 -> 放入网格(8,2) -> 朝向 2
         坐标映射: 拖拽从(1015,650)至(1000,350) -> 方向滑动至(850,350)
[ACTION] ⛔ Fast-Fail! 目标网格(8,2)非绿色高亮(绿像素:0)。取消拖拽。
[REWARD] 执行前血条数: 2 -> 执行后血条数: 2
[REWARD] ⛔ 非法区域/无费用，已被 CV 阻断。奖励 -1.0 (连续无作为: 3次)
[TemplateMatcher] pause_gear.png -> max conf: 0.908 (needs 0.5, optimal scale: 0.80x)

[STEP 17] 开始执行动作...
[ACTION] AI决定: 选卡 3 -> 放入网格(3,0) -> 朝向 2
         坐标映射: 拖拽从(565,650)至(500,190) -> 方向滑动至(350,190)
[ACTION] ✅ CV校验通过！网格(3,0)具有高亮绿色(像素:900)，准许拖拽。
[REWARD] 执行前血条数: 2 -> 执行后血条数: 2
[REWARD] 部署失败，计算前后帧 MSE (均方误差) = 233.08
[REWARD] 画面未发生明显变化(非法部署)。奖励 -1.0 (连续无作为: 4次)
[TemplateMatcher] pause_gear.png -> max conf: 0.908 (needs 0.5, optimal scale: 0.80x)

[STEP 18] 开始执行动作...
[ACTION] AI决定: 选卡 6 -> 放入网格(1,2) -> 朝向 1
         坐标映射: 拖拽从(835,650)至(300,350) -> 方向滑动至(300,500)
[ACTION] ⛔ Fast-Fail! 目标网格(1,2)非绿色高亮(绿像素:0)。取消拖拽。
[REWARD] 执行前血条数: 2 -> 执行后血条数: 2
[REWARD] ⛔ 非法区域/无费用，已被 CV 阻断。奖励 -1.0 (连续无作为: 5次)
[TemplateMatcher] pause_gear.png -> max conf: 0.908 (needs 0.5, optimal scale: 0.80x)

[STEP 19] 开始执行动作...
[ACTION] AI决定: 选卡 7 -> 放入网格(9,0) -> 朝向 2
         坐标映射: 拖拽从(925,650)至(1100,190) -> 方向滑动至(950,190)
[ACTION] ⛔ Fast-Fail! 目标网格(9,0)非绿色高亮(绿像素:0)。取消拖拽。
[REWARD] 执行前血条数: 2 -> 执行后血条数: 2
[REWARD] ⛔ 非法区域/无费用，已被 CV 阻断。奖励 -1.0 (连续无作为: 6次)
[TemplateMatcher] pause_gear.png -> max conf: 0.908 (needs 0.5, optimal scale: 0.80x)

[STEP 20] 开始执行动作...
[ACTION] AI决定: 选卡 4 -> 放入网格(3,2) -> 朝向 1
         坐标映射: 拖拽从(655,650)至(500,350) -> 方向滑动至(500,500)
[ACTION] ⛔ Fast-Fail! 目标网格(3,2)非绿色高亮(绿像素:0)。取消拖拽。
[REWARD] 执行前血条数: 2 -> 执行后血条数: 2
[REWARD] ⛔ 非法区域/无费用，已被 CV 阻断。奖励 -1.0 (连续无作为: 7次)
[TemplateMatcher] pause_gear.png -> max conf: 0.908 (needs 0.5, optimal scale: 0.80x)

[STEP 21] 开始执行动作...
[ACTION] AI决定: 选卡 2 -> 放入网格(5,4) -> 朝向 0
         坐标映射: 拖拽从(475,650)至(700,510) -> 方向滑动至(700,360)
[ACTION] ⛔ Fast-Fail! 目标网格(5,4)非绿色高亮(绿像素:0)。取消拖拽。
[REWARD] 执行前血条数: 2 -> 执行后血条数: 2
[REWARD] ⛔ 非法区域/无费用，已被 CV 阻断。奖励 -1.0 (连续无作为: 8次)
[TemplateMatcher] pause_gear.png -> max conf: 0.908 (needs 0.5, optimal scale: 0.80x)

[STEP 22] 开始执行动作...
[ACTION] AI决定: 选卡 4 -> 放入网格(5,1) -> 朝向 1
         坐标映射: 拖拽从(655,650)至(700,270) -> 方向滑动至(700,420)
[ACTION] ✅ CV校验通过！网格(5,1)具有高亮绿色(像素:900)，准许拖拽。
[REWARD] 执行前血条数: 2 -> 执行后血条数: 2
[REWARD] 部署失败，计算前后帧 MSE (均方误差) = 219.06
[REWARD] 画面未发生明显变化(非法部署)。奖励 -1.0 (连续无作为: 9次)
[TemplateMatcher] pause_gear.png -> max conf: 0.908 (needs 0.5, optimal scale: 0.80x)

[STEP 23] 开始执行动作...
[ACTION] AI决定: 选卡 6 -> 放入网格(2,2) -> 朝向 0
         坐标映射: 拖拽从(835,650)至(400,350) -> 方向滑动至(400,200)
[ACTION] ⛔ Fast-Fail! 目标网格(2,2)非绿色高亮(绿像素:0)。取消拖拽。
[REWARD] 执行前血条数: 2 -> 执行后血条数: 2
[REWARD] ⛔ 非法区域/无费用，已被 CV 阻断。奖励 -1.0 (连续无作为: 10次)
[TemplateMatcher] pause_gear.png -> max conf: 0.908 (needs 0.5, optimal scale: 0.80x)

[STEP 24] 开始执行动作...
[ACTION] AI决定: 选卡 6 -> 放入网格(5,4) -> 朝向 1
         坐标映射: 拖拽从(835,650)至(700,510) -> 方向滑动至(700,660)
[ACTION] ✅ CV校验通过！网格(5,4)具有高亮绿色(像素:900)，准许拖拽。
[REWARD] 执行前血条数: 2 -> 执行后血条数: 2
[REWARD] 部署失败，计算前后帧 MSE (均方误差) = 2812.07
[REWARD] 动作无效，但游戏仍在进行(画面有变化)。奖励 -0.5 (已清空无作为计数器)
[TemplateMatcher] pause_gear.png -> max conf: 0.908 (needs 0.5, optimal scale: 0.80x)

[STEP 25] 开始执行动作...
[ACTION] AI决定: 选卡 2 -> 放入网格(8,0) -> 朝向 0
         坐标映射: 拖拽从(475,650)至(1000,190) -> 方向滑动至(1000,40)
[ACTION] ✅ CV校验通过！网格(8,0)具有高亮绿色(像素:900)，准许拖拽。
[REWARD] 执行前血条数: 2 -> 执行后血条数: 3
[REWARD] 部署失败，计算前后帧 MSE (均方误差) = 3388.42
[REWARD] 动作无效，但游戏仍在进行(画面有变化)。奖励 -0.5 (已清空无作为计数器)
[TemplateMatcher] pause_gear.png -> max conf: 0.908 (needs 0.5, optimal scale: 0.80x)

[STEP 26] 开始执行动作...
[ACTION] AI决定: 选卡 6 -> 放入网格(9,4) -> 朝向 2
         坐标映射: 拖拽从(835,650)至(1100,510) -> 方向滑动至(950,510)
[ACTION] ✅ CV校验通过！网格(9,4)具有高亮绿色(像素:665)，准许拖拽。
[REWARD] 执行前血条数: 3 -> 执行后血条数: 3
[REWARD] 部署失败，计算前后帧 MSE (均方误差) = 224.23
[REWARD] 画面未发生明显变化(非法部署)。奖励 -1.0 (连续无作为: 1次)
[TemplateMatcher] pause_gear.png -> max conf: 0.908 (needs 0.5, optimal scale: 0.80x)

[STEP 27] 开始执行动作...
[ACTION] AI决定: 选卡 9 -> 放入网格(9,4) -> 朝向 0
         坐标映射: 拖拽从(1105,650)至(1100,510) -> 方向滑动至(1100,360)
[ACTION] ⛔ Fast-Fail! 目标网格(9,4)非绿色高亮(绿像素:0)。取消拖拽。
[REWARD] 执行前血条数: 3 -> 执行后血条数: 3
[REWARD] ⛔ 非法区域/无费用，已被 CV 阻断。奖励 -1.0 (连续无作为: 2次)
[TemplateMatcher] pause_gear.png -> max conf: 0.908 (needs 0.5, optimal scale: 0.80x)

[STEP 28] 开始执行动作...
[ACTION] AI决定: 选卡 7 -> 放入网格(3,3) -> 朝向 1
         坐标映射: 拖拽从(925,650)至(500,430) -> 方向滑动至(500,580)
[ACTION] ✅ CV校验通过！网格(3,3)具有高亮绿色(像素:673)，准许拖拽。
[REWARD] 执行前血条数: 3 -> 执行后血条数: 3
[REWARD] 部署失败，计算前后帧 MSE (均方误差) = 2753.61
[REWARD] 动作无效，但游戏仍在进行(画面有变化)。奖励 -0.5 (已清空无作为计数器)
[TemplateMatcher] pause_gear.png -> max conf: 0.908 (needs 0.5, optimal scale: 0.80x)

[STEP 29] 开始执行动作...
[ACTION] AI决定: 选卡 0 -> 放入网格(8,1) -> 朝向 1
         坐标映射: 拖拽从(295,650)至(1000,270) -> 方向滑动至(1000,420)
[ACTION] ✅ CV校验通过！网格(8,1)具有高亮绿色(像素:563)，准许拖拽。
[REWARD] 执行前血条数: 3 -> 执行后血条数: 3
[REWARD] 部署失败，计算前后帧 MSE (均方误差) = 2731.08
[REWARD] 动作无效，但游戏仍在进行(画面有变化)。奖励 -0.5 (已清空无作为计数器)
[TemplateMatcher] pause_gear.png -> max conf: 0.908 (needs 0.5, optimal scale: 0.80x)

[STEP 30] 开始执行动作...
[ACTION] AI决定: 选卡 9 -> 放入网格(1,1) -> 朝向 2
         坐标映射: 拖拽从(1105,650)至(300,270) -> 方向滑动至(150,270)
[ACTION] ⛔ Fast-Fail! 目标网格(1,1)非绿色高亮(绿像素:0)。取消拖拽。
[REWARD] 执行前血条数: 3 -> 执行后血条数: 3
[REWARD] ⛔ 非法区域/无费用，已被 CV 阻断。奖励 -1.0 (连续无作为: 1次)
[TemplateMatcher] pause_gear.png -> max conf: 0.907 (needs 0.5, optimal scale: 0.80x)

[STEP 31] 开始执行动作...
[ACTION] AI决定: 选卡 2 -> 放入网格(3,4) -> 朝向 2
         坐标映射: 拖拽从(475,650)至(500,510) -> 方向滑动至(350,510)
[ACTION] ✅ CV校验通过！网格(3,4)具有高亮绿色(像素:900)，准许拖拽。
[REWARD] 执行前血条数: 3 -> 执行后血条数: 4
[REWARD] 部署失败，计算前后帧 MSE (均方误差) = 809.19
[REWARD] 动作无效，但游戏仍在进行(画面有变化)。奖励 -0.5 (已清空无作为计数器)
[TemplateMatcher] pause_gear.png -> max conf: 0.908 (needs 0.5, optimal scale: 0.80x)

[STEP 32] 开始执行动作...
[ACTION] AI决定: 选卡 7 -> 放入网格(5,4) -> 朝向 0
         坐标映射: 拖拽从(925,650)至(700,510) -> 方向滑动至(700,360)
[ACTION] ✅ CV校验通过！网格(5,4)具有高亮绿色(像素:900)，准许拖拽。
[REWARD] 执行前血条数: 4 -> 执行后血条数: 4
[REWARD] 部署失败，计算前后帧 MSE (均方误差) = 337.57
[REWARD] 动作无效，但游戏仍在进行(画面有变化)。奖励 -0.5 (已清空无作为计数器)
[TemplateMatcher] pause_gear.png -> max conf: 0.908 (needs 0.5, optimal scale: 0.80x)

[STEP 33] 开始执行动作...
[ACTION] AI决定: 选卡 7 -> 放入网格(7,2) -> 朝向 2
         坐标映射: 拖拽从(925,650)至(900,350) -> 方向滑动至(750,350)
[ACTION] ⛔ Fast-Fail! 目标网格(7,2)非绿色高亮(绿像素:0)。取消拖拽。
[REWARD] 执行前血条数: 4 -> 执行后血条数: 4
[REWARD] ⛔ 非法区域/无费用，已被 CV 阻断。奖励 -1.0 (连续无作为: 1次)
[TemplateMatcher] pause_gear.png -> max conf: 0.908 (needs 0.5, optimal scale: 0.80x)

[STEP 34] 开始执行动作...
[ACTION] AI决定: 选卡 3 -> 放入网格(8,0) -> 朝向 2
         坐标映射: 拖拽从(565,650)至(1000,190) -> 方向滑动至(850,190)
[ACTION] ⛔ Fast-Fail! 目标网格(8,0)非绿色高亮(绿像素:0)。取消拖拽。
[REWARD] 执行前血条数: 4 -> 执行后血条数: 4
[REWARD] ⛔ 非法区域/无费用，已被 CV 阻断。奖励 -1.0 (连续无作为: 2次)
[TemplateMatcher] pause_gear.png -> max conf: 0.908 (needs 0.5, optimal scale: 0.80x)
[SAVE] 自动保存进度 (Step 300) -> policy_latest.zip

[STEP 35] 开始执行动作...
[ACTION] AI决定: 选卡 9 -> 放入网格(2,4) -> 朝向 2
         坐标映射: 拖拽从(1105,650)至(400,510) -> 方向滑动至(250,510)
[ACTION] ⛔ Fast-Fail! 目标网格(2,4)非绿色高亮(绿像素:0)。取消拖拽。
[REWARD] 执行前血条数: 4 -> 执行后血条数: 4
[REWARD] ⛔ 非法区域/无费用，已被 CV 阻断。奖励 -1.0 (连续无作为: 3次)
[TemplateMatcher] pause_gear.png -> max conf: 0.908 (needs 0.5, optimal scale: 0.80x)

[STEP 36] 开始执行动作...
[ACTION] AI决定: 选卡 1 -> 放入网格(3,4) -> 朝向 2
         坐标映射: 拖拽从(385,650)至(500,510) -> 方向滑动至(350,510)
[ACTION] ⛔ Fast-Fail! 目标网格(3,4)非绿色高亮(绿像素:0)。取消拖拽。
[REWARD] 执行前血条数: 4 -> 执行后血条数: 4
[REWARD] ⛔ 非法区域/无费用，已被 CV 阻断。奖励 -1.0 (连续无作为: 4次)
[TemplateMatcher] pause_gear.png -> max conf: 0.908 (needs 0.5, optimal scale: 0.80x)

[STEP 37] 开始执行动作...
[ACTION] AI决定: 选卡 6 -> 放入网格(5,0) -> 朝向 1
         坐标映射: 拖拽从(835,650)至(700,190) -> 方向滑动至(700,340)
[ACTION] ✅ CV校验通过！网格(5,0)具有高亮绿色(像素:813)，准许拖拽。
[REWARD] 执行前血条数: 4 -> 执行后血条数: 4
[REWARD] 部署失败，计算前后帧 MSE (均方误差) = 358.74
[REWARD] 动作无效，但游戏仍在进行(画面有变化)。奖励 -0.5 (已清空无作为计数器)
[TemplateMatcher] pause_gear.png -> max conf: 0.907 (needs 0.5, optimal scale: 0.80x)

[STEP 38] 开始执行动作...
[ACTION] AI决定: 选卡 4 -> 放入网格(2,0) -> 朝向 2
         坐标映射: 拖拽从(655,650)至(400,190) -> 方向滑动至(250,190)
[ACTION] ✅ CV校验通过！网格(2,0)具有高亮绿色(像素:362)，准许拖拽。
[REWARD] 执行前血条数: 4 -> 执行后血条数: 4
[REWARD] 部署失败，计算前后帧 MSE (均方误差) = 259.21
[REWARD] 画面未发生明显变化(非法部署)。奖励 -1.0 (连续无作为: 1次)
[TemplateMatcher] pause_gear.png -> max conf: 0.908 (needs 0.5, optimal scale: 0.80x)

[STEP 39] 开始执行动作...
[ACTION] AI决定: 选卡 7 -> 放入网格(9,4) -> 朝向 2
         坐标映射: 拖拽从(925,650)至(1100,510) -> 方向滑动至(950,510)
[ACTION] ✅ CV校验通过！网格(9,4)具有高亮绿色(像素:728)，准许拖拽。
[REWARD] 执行前血条数: 4 -> 执行后血条数: 4
[REWARD] 部署失败，计算前后帧 MSE (均方误差) = 327.70
[REWARD] 动作无效，但游戏仍在进行(画面有变化)。奖励 -0.5 (已清空无作为计数器)
[TemplateMatcher] pause_gear.png -> max conf: 0.908 (needs 0.5, optimal scale: 0.80x)

[STEP 40] 开始执行动作...
[ACTION] AI决定: 选卡 2 -> 放入网格(9,4) -> 朝向 2
         坐标映射: 拖拽从(475,650)至(1100,510) -> 方向滑动至(950,510)
[ACTION] ✅ CV校验通过！网格(9,4)具有高亮绿色(像素:726)，准许拖拽。
[REWARD] 执行前血条数: 4 -> 执行后血条数: 5
[REWARD] 恭喜！局部坐标校验成功，干员部署在目标区域。奖励 +10.0
[TemplateMatcher] pause_gear.png -> max conf: 0.908 (needs 0.5, optimal scale: 0.80x)

[STEP 41] 开始执行动作...
[ACTION] AI决定: 选卡 4 -> 放入网格(7,4) -> 朝向 2
         坐标映射: 拖拽从(655,650)至(900,510) -> 方向滑动至(750,510)
[ACTION] ⛔ Fast-Fail! 目标网格(7,4)非绿色高亮(绿像素:0)。取消拖拽。
[REWARD] 执行前血条数: 5 -> 执行后血条数: 5
[REWARD] ⛔ 非法区域/无费用，已被 CV 阻断。奖励 -1.0 (连续无作为: 1次)
[TemplateMatcher] pause_gear.png -> max conf: 0.908 (needs 0.5, optimal scale: 0.80x)

[STEP 42] 开始执行动作...
[ACTION] AI决定: 选卡 6 -> 放入网格(1,4) -> 朝向 2
         坐标映射: 拖拽从(835,650)至(300,510) -> 方向滑动至(150,510)
[ACTION] ⛔ Fast-Fail! 目标网格(1,4)非绿色高亮(绿像素:0)。取消拖拽。
[REWARD] 执行前血条数: 5 -> 执行后血条数: 5
[REWARD] ⛔ 非法区域/无费用，已被 CV 阻断。奖励 -1.0 (连续无作为: 2次)
[TemplateMatcher] pause_gear.png -> max conf: 0.908 (needs 0.5, optimal scale: 0.80x)

[STEP 43] 开始执行动作...
[ACTION] AI决定: 选卡 6 -> 放入网格(7,4) -> 朝向 0
         坐标映射: 拖拽从(835,650)至(900,510) -> 方向滑动至(900,360)
[ACTION] ✅ CV校验通过！网格(7,4)具有高亮绿色(像素:266)，准许拖拽。
[REWARD] 执行前血条数: 5 -> 执行后血条数: 5
[REWARD] 部署失败，计算前后帧 MSE (均方误差) = 281.00
[REWARD] 画面未发生明显变化(非法部署)。奖励 -1.0 (连续无作为: 3次)
[TemplateMatcher] pause_gear.png -> max conf: 0.908 (needs 0.5, optimal scale: 0.80x)

[STEP 44] 开始执行动作...
[ACTION] AI决定: 选卡 7 -> 放入网格(1,0) -> 朝向 3
         坐标映射: 拖拽从(925,650)至(300,190) -> 方向滑动至(450,190)
[ACTION] ⛔ Fast-Fail! 目标网格(1,0)非绿色高亮(绿像素:0)。取消拖拽。
[REWARD] 执行前血条数: 5 -> 执行后血条数: 5
[REWARD] ⛔ 非法区域/无费用，已被 CV 阻断。奖励 -1.0 (连续无作为: 4次)
[TemplateMatcher] pause_gear.png -> max conf: 0.908 (needs 0.5, optimal scale: 0.80x)

[STEP 45] 开始执行动作...
[ACTION] AI决定: 选卡 4 -> 放入网格(5,0) -> 朝向 3
         坐标映射: 拖拽从(655,650)至(700,190) -> 方向滑动至(850,190)
[ACTION] ✅ CV校验通过！网格(5,0)具有高亮绿色(像素:82)，准许拖拽。
[REWARD] 执行前血条数: 5 -> 执行后血条数: 3
[REWARD] 部署失败，计算前后帧 MSE (均方误差) = 3998.35
[REWARD] 动作无效，但游戏仍在进行(画面有变化)。奖励 -0.5 (已清空无作为计数器)
[TemplateMatcher] pause_gear.png -> max conf: 0.907 (needs 0.5, optimal scale: 0.80x)

[STEP 46] 开始执行动作...
[ACTION] AI决定: 选卡 4 -> 放入网格(7,3) -> 朝向 0
         坐标映射: 拖拽从(655,650)至(900,430) -> 方向滑动至(900,280)
[ACTION] ⛔ Fast-Fail! 目标网格(7,3)非绿色高亮(绿像素:0)。取消拖拽。
[REWARD] 执行前血条数: 1 -> 执行后血条数: 5
[REWARD] ⛔ 非法区域/无费用，已被 CV 阻断。奖励 -1.0 (连续无作为: 1次)
[TemplateMatcher] pause_gear.png -> max conf: 0.908 (needs 0.5, optimal scale: 0.80x)

[STEP 47] 开始执行动作...
[ACTION] AI决定: 选卡 9 -> 放入网格(6,4) -> 朝向 3
         坐标映射: 拖拽从(1105,650)至(800,510) -> 方向滑动至(950,510)
[ACTION] ⛔ Fast-Fail! 目标网格(6,4)非绿色高亮(绿像素:0)。取消拖拽。
[REWARD] 执行前血条数: 3 -> 执行后血条数: 2
[REWARD] ⛔ 非法区域/无费用，已被 CV 阻断。奖励 -1.0 (连续无作为: 2次)
[TemplateMatcher] pause_gear.png -> max conf: 0.908 (needs 0.5, optimal scale: 0.80x)

[STEP 48] 开始执行动作...
[ACTION] AI决定: 选卡 4 -> 放入网格(4,3) -> 朝向 3
         坐标映射: 拖拽从(655,650)至(600,430) -> 方向滑动至(750,430)
[ACTION] ✅ CV校验通过！网格(4,3)具有高亮绿色(像素:167)，准许拖拽。
[REWARD] 执行前血条数: 4 -> 执行后血条数: 5
[REWARD] 部署失败，计算前后帧 MSE (均方误差) = 2823.84
[REWARD] 动作无效，但游戏仍在进行(画面有变化)。奖励 -0.5 (已清空无作为计数器)
[TemplateMatcher] pause_gear.png -> max conf: 0.908 (needs 0.5, optimal scale: 0.80x)

[STEP 49] 开始执行动作...
[ACTION] AI决定: 选卡 0 -> 放入网格(1,3) -> 朝向 2
         坐标映射: 拖拽从(295,650)至(300,430) -> 方向滑动至(150,430)
[ACTION] ⛔ Fast-Fail! 目标网格(1,3)非绿色高亮(绿像素:0)。取消拖拽。
[REWARD] 执行前血条数: 5 -> 执行后血条数: 5
[REWARD] ⛔ 非法区域/无费用，已被 CV 阻断。奖励 -1.0 (连续无作为: 1次)
[TemplateMatcher] pause_gear.png -> max conf: 0.908 (needs 0.5, optimal scale: 0.80x)

[STEP 50] 开始执行动作...
[ACTION] AI决定: 选卡 7 -> 放入网格(1,1) -> 朝向 1
         坐标映射: 拖拽从(925,650)至(300,270) -> 方向滑动至(300,420)
[ACTION] ⛔ Fast-Fail! 目标网格(1,1)非绿色高亮(绿像素:0)。取消拖拽。
[REWARD] 执行前血条数: 5 -> 执行后血条数: 5
[REWARD] ⛔ 非法区域/无费用，已被 CV 阻断。奖励 -1.0 (连续无作为: 2次)
[TemplateMatcher] pause_gear.png -> max conf: 0.908 (needs 0.5, optimal scale: 0.80x)

[STEP 51] 开始执行动作...
[ACTION] AI决定: 选卡 6 -> 放入网格(2,1) -> 朝向 0
         坐标映射: 拖拽从(835,650)至(400,270) -> 方向滑动至(400,120)
[ACTION] ⛔ Fast-Fail! 目标网格(2,1)非绿色高亮(绿像素:0)。取消拖拽。
[REWARD] 执行前血条数: 5 -> 执行后血条数: 5
[REWARD] ⛔ 非法区域/无费用，已被 CV 阻断。奖励 -1.0 (连续无作为: 3次)
[TemplateMatcher] pause_gear.png -> max conf: 0.908 (needs 0.5, optimal scale: 0.80x)

[STEP 52] 开始执行动作...
[ACTION] AI决定: 选卡 4 -> 放入网格(5,3) -> 朝向 1
         坐标映射: 拖拽从(655,650)至(700,430) -> 方向滑动至(700,580)
[ACTION] ✅ CV校验通过！网格(5,3)具有高亮绿色(像素:900)，准许拖拽。
[REWARD] 执行前血条数: 5 -> 执行后血条数: 6
[REWARD] 恭喜！局部坐标校验成功，干员部署在目标区域。奖励 +10.0
[TemplateMatcher] pause_gear.png -> max conf: 0.908 (needs 0.5, optimal scale: 0.80x)

[STEP 53] 开始执行动作...
[ACTION] AI决定: 选卡 9 -> 放入网格(5,4) -> 朝向 0
         坐标映射: 拖拽从(1105,650)至(700,510) -> 方向滑动至(700,360)
[ACTION] ⛔ Fast-Fail! 目标网格(5,4)非绿色高亮(绿像素:0)。取消拖拽。
[REWARD] 执行前血条数: 6 -> 执行后血条数: 6
[REWARD] ⛔ 非法区域/无费用，已被 CV 阻断。奖励 -1.0 (连续无作为: 1次)
[TemplateMatcher] pause_gear.png -> max conf: 0.908 (needs 0.5, optimal scale: 0.80x)

[STEP 54] 开始执行动作...
[ACTION] AI决定: 选卡 6 -> 放入网格(2,3) -> 朝向 2
         坐标映射: 拖拽从(835,650)至(400,430) -> 方向滑动至(250,430)
[ACTION] ⛔ Fast-Fail! 目标网格(2,3)非绿色高亮(绿像素:4)。取消拖拽。
[REWARD] 执行前血条数: 6 -> 执行后血条数: 6
[REWARD] ⛔ 非法区域/无费用，已被 CV 阻断。奖励 -1.0 (连续无作为: 2次)
[TemplateMatcher] pause_gear.png -> max conf: 0.908 (needs 0.5, optimal scale: 0.80x)

[STEP 55] 开始执行动作...
[ACTION] AI决定: 选卡 3 -> 放入网格(4,0) -> 朝向 2
         坐标映射: 拖拽从(565,650)至(600,190) -> 方向滑动至(450,190)
[ACTION] ⛔ Fast-Fail! 目标网格(4,0)非绿色高亮(绿像素:0)。取消拖拽。
[REWARD] 执行前血条数: 6 -> 执行后血条数: 6
[REWARD] ⛔ 非法区域/无费用，已被 CV 阻断。奖励 -1.0 (连续无作为: 3次)
[TemplateMatcher] pause_gear.png -> max conf: 0.908 (needs 0.5, optimal scale: 0.80x)

[STEP 56] 开始执行动作...
[ACTION] AI决定: 选卡 0 -> 放入网格(6,1) -> 朝向 0
         坐标映射: 拖拽从(295,650)至(800,270) -> 方向滑动至(800,120)
[ACTION] ⛔ Fast-Fail! 目标网格(6,1)非绿色高亮(绿像素:5)。取消拖拽。
[REWARD] 执行前血条数: 6 -> 执行后血条数: 6
[REWARD] ⛔ 非法区域/无费用，已被 CV 阻断。奖励 -1.0 (连续无作为: 4次)
[TemplateMatcher] pause_gear.png -> max conf: 0.908 (needs 0.5, optimal scale: 0.80x)

[STEP 57] 开始执行动作...
[ACTION] AI决定: 选卡 8 -> 放入网格(7,3) -> 朝向 0
         坐标映射: 拖拽从(1015,650)至(900,430) -> 方向滑动至(900,280)
[ACTION] ⛔ Fast-Fail! 目标网格(7,3)非绿色高亮(绿像素:0)。取消拖拽。
[REWARD] 执行前血条数: 6 -> 执行后血条数: 6
[REWARD] ⛔ 非法区域/无费用，已被 CV 阻断。奖励 -1.0 (连续无作为: 5次)
[TemplateMatcher] pause_gear.png -> max conf: 0.908 (needs 0.5, optimal scale: 0.80x)

[STEP 58] 开始执行动作...
[ACTION] AI决定: 选卡 3 -> 放入网格(0,2) -> 朝向 0
         坐标映射: 拖拽从(565,650)至(200,350) -> 方向滑动至(200,200)
[ACTION] ⛔ Fast-Fail! 目标网格(0,2)非绿色高亮(绿像素:0)。取消拖拽。
[REWARD] 执行前血条数: 6 -> 执行后血条数: 6
[REWARD] ⛔ 非法区域/无费用，已被 CV 阻断。奖励 -1.0 (连续无作为: 6次)
[TemplateMatcher] pause_gear.png -> max conf: 0.908 (needs 0.5, optimal scale: 0.80x)

[STEP 59] 开始执行动作...
[ACTION] AI决定: 选卡 7 -> 放入网格(7,4) -> 朝向 2
         坐标映射: 拖拽从(925,650)至(900,510) -> 方向滑动至(750,510)
[ACTION] ✅ CV校验通过！网格(7,4)具有高亮绿色(像素:266)，准许拖拽。
[REWARD] 执行前血条数: 6 -> 执行后血条数: 6
[REWARD] 部署失败，计算前后帧 MSE (均方误差) = 3717.11
[REWARD] 动作无效，但游戏仍在进行(画面有变化)。奖励 -0.5 (已清空无作为计数器)
[TemplateMatcher] pause_gear.png -> max conf: 0.908 (needs 0.5, optimal scale: 0.80x)

[STEP 60] 开始执行动作...
[ACTION] AI决定: 选卡 0 -> 放入网格(1,2) -> 朝向 2
         坐标映射: 拖拽从(295,650)至(300,350) -> 方向滑动至(150,350)
[ACTION] ⛔ Fast-Fail! 目标网格(1,2)非绿色高亮(绿像素:0)。取消拖拽。
[REWARD] 执行前血条数: 6 -> 执行后血条数: 6
[REWARD] ⛔ 非法区域/无费用，已被 CV 阻断。奖励 -1.0 (连续无作为: 1次)
[TemplateMatcher] pause_gear.png -> max conf: 0.908 (needs 0.5, optimal scale: 0.80x)

[STEP 61] 开始执行动作...
[ACTION] AI决定: 选卡 4 -> 放入网格(3,4) -> 朝向 2
         坐标映射: 拖拽从(655,650)至(500,510) -> 方向滑动至(350,510)
[ACTION] ⛔ Fast-Fail! 目标网格(3,4)非绿色高亮(绿像素:0)。取消拖拽。
[REWARD] 执行前血条数: 6 -> 执行后血条数: 6
[REWARD] ⛔ 非法区域/无费用，已被 CV 阻断。奖励 -1.0 (连续无作为: 2次)
[TemplateMatcher] pause_gear.png -> max conf: 0.908 (needs 0.5, optimal scale: 0.80x)

[STEP 62] 开始执行动作...
[ACTION] AI决定: 选卡 6 -> 放入网格(6,2) -> 朝向 1
         坐标映射: 拖拽从(835,650)至(800,350) -> 方向滑动至(800,500)
[ACTION] ⛔ Fast-Fail! 目标网格(6,2)非绿色高亮(绿像素:0)。取消拖拽。
[REWARD] 执行前血条数: 6 -> 执行后血条数: 7
[REWARD] ⛔ 非法区域/无费用，已被 CV 阻断。奖励 -1.0 (连续无作为: 3次)
[TemplateMatcher] pause_gear.png -> max conf: 0.908 (needs 0.5, optimal scale: 0.80x)

[STEP 63] 开始执行动作...
[ACTION] AI决定: 选卡 1 -> 放入网格(1,3) -> 朝向 1
         坐标映射: 拖拽从(385,650)至(300,430) -> 方向滑动至(300,580)
[ACTION] ⛔ Fast-Fail! 目标网格(1,3)非绿色高亮(绿像素:0)。取消拖拽。
[REWARD] 执行前血条数: 7 -> 执行后血条数: 6
[REWARD] ⛔ 非法区域/无费用，已被 CV 阻断。奖励 -1.0 (连续无作为: 4次)
[TemplateMatcher] pause_gear.png -> max conf: 0.908 (needs 0.5, optimal scale: 0.80x)

[STEP 64] 开始执行动作...
[ACTION] AI决定: 选卡 7 -> 放入网格(6,3) -> 朝向 3
         坐标映射: 拖拽从(925,650)至(800,430) -> 方向滑动至(950,430)
[ACTION] ⛔ Fast-Fail! 目标网格(6,3)非绿色高亮(绿像素:0)。取消拖拽。
[REWARD] 执行前血条数: 6 -> 执行后血条数: 6
[REWARD] ⛔ 非法区域/无费用，已被 CV 阻断。奖励 -1.0 (连续无作为: 5次)
[TemplateMatcher] pause_gear.png -> max conf: 0.907 (needs 0.5, optimal scale: 0.80x)

[STEP 65] 开始执行动作...
[ACTION] AI决定: 选卡 3 -> 放入网格(6,2) -> 朝向 0
         坐标映射: 拖拽从(565,650)至(800,350) -> 方向滑动至(800,200)
[ACTION] ⛔ Fast-Fail! 目标网格(6,2)非绿色高亮(绿像素:0)。取消拖拽。
[REWARD] 执行前血条数: 6 -> 执行后血条数: 6
[REWARD] ⛔ 非法区域/无费用，已被 CV 阻断。奖励 -1.0 (连续无作为: 6次)
[TemplateMatcher] pause_gear.png -> max conf: 0.907 (needs 0.5, optimal scale: 0.80x)

[STEP 66] 开始执行动作...
[ACTION] AI决定: 选卡 9 -> 放入网格(4,2) -> 朝向 3
         坐标映射: 拖拽从(1105,650)至(600,350) -> 方向滑动至(750,350)
[ACTION] ⛔ Fast-Fail! 目标网格(4,2)非绿色高亮(绿像素:0)。取消拖拽。
[REWARD] 执行前血条数: 6 -> 执行后血条数: 6
[REWARD] ⛔ 非法区域/无费用，已被 CV 阻断。奖励 -1.0 (连续无作为: 7次)
[TemplateMatcher] pause_gear.png -> max conf: 0.908 (needs 0.5, optimal scale: 0.80x)

[STEP 67] 开始执行动作...
[ACTION] AI决定: 选卡 0 -> 放入网格(2,1) -> 朝向 1
         坐标映射: 拖拽从(295,650)至(400,270) -> 方向滑动至(400,420)
[ACTION] ⛔ Fast-Fail! 目标网格(2,1)非绿色高亮(绿像素:0)。取消拖拽。
[REWARD] 执行前血条数: 6 -> 执行后血条数: 6
[REWARD] ⛔ 非法区域/无费用，已被 CV 阻断。奖励 -1.0 (连续无作为: 8次)
[TemplateMatcher] pause_gear.png -> max conf: 0.908 (needs 0.5, optimal scale: 0.80x)

[STEP 68] 开始执行动作...
[ACTION] AI决定: 选卡 8 -> 放入网格(5,3) -> 朝向 2
         坐标映射: 拖拽从(1015,650)至(700,430) -> 方向滑动至(550,430)
[ACTION] ✅ CV校验通过！网格(5,3)具有高亮绿色(像素:26)，准许拖拽。
[REWARD] 执行前血条数: 6 -> 执行后血条数: 0
[REWARD] 部署失败，计算前后帧 MSE (均方误差) = 2521.31
[REWARD] 动作无效，但游戏仍在进行(画面有变化)。奖励 -0.5 (已清空无作为计数器)
[TemplateMatcher] pause_gear.png -> max conf: 0.614 (needs 0.5, optimal scale: 0.80x)

[STEP 69] 开始执行动作...
[ACTION] AI决定: 选卡 8 -> 放入网格(9,4) -> 朝向 0
         坐标映射: 拖拽从(1015,650)至(1100,510) -> 方向滑动至(1100,360)
[ACTION] ⛔ Fast-Fail! 目标网格(9,4)非绿色高亮(绿像素:0)。取消拖拽。
[REWARD] 执行前血条数: 0 -> 执行后血条数: 0
[REWARD] ⛔ 非法区域/无费用，已被 CV 阻断。奖励 -1.0 (连续无作为: 1次)
[TemplateMatcher] pause_gear.png -> max conf: 0.679 (needs 0.5, optimal scale: 0.80x)

[STEP 70] 开始执行动作...
[ACTION] AI决定: 选卡 4 -> 放入网格(2,1) -> 朝向 2
         坐标映射: 拖拽从(655,650)至(400,270) -> 方向滑动至(250,270)
[ACTION] ⛔ Fast-Fail! 目标网格(2,1)非绿色高亮(绿像素:0)。取消拖拽。
[REWARD] 执行前血条数: 0 -> 执行后血条数: 0
[REWARD] ⛔ 非法区域/无费用，已被 CV 阻断。奖励 -1.0 (连续无作为: 2次)
[TemplateMatcher] pause_gear.png -> max conf: 0.000 (needs 0.5, optimal scale: 0.80x)
[ENV] ⚠️ 警告：未检测到右上角齿轮图标！(连续 1/3 次)

[STEP 71] 开始执行动作...
[ACTION] AI决定: 选卡 0 -> 放入网格(1,2) -> 朝向 2
         坐标映射: 拖拽从(295,650)至(300,350) -> 方向滑动至(150,350)
[ACTION] ⛔ Fast-Fail! 目标网格(1,2)非绿色高亮(绿像素:0)。取消拖拽。
[REWARD] 执行前血条数: 0 -> 执行后血条数: 0
[REWARD] ⛔ 非法区域/无费用，已被 CV 阻断。奖励 -1.0 (连续无作为: 3次)
[TemplateMatcher] pause_gear.png -> max conf: 0.000 (needs 0.5, optimal scale: 0.80x)
[ENV] ⚠️ 警告：未检测到右上角齿轮图标！(连续 2/3 次)

[STEP 72] 开始执行动作...
[ACTION] AI决定: 选卡 7 -> 放入网格(0,4) -> 朝向 0
         坐标映射: 拖拽从(925,650)至(200,510) -> 方向滑动至(200,360)
[ACTION] ⛔ Fast-Fail! 目标网格(0,4)非绿色高亮(绿像素:0)。取消拖拽。
[REWARD] 执行前血条数: 0 -> 执行后血条数: 0
[REWARD] ⛔ 非法区域/无费用，已被 CV 阻断。奖励 -1.0 (连续无作为: 4次)
[TemplateMatcher] pause_gear.png -> max conf: 0.000 (needs 0.5, optimal scale: 0.80x)
[ENV] ⚠️ 警告：未检测到右上角齿轮图标！(连续 3/3 次)
[ENV] 🚨 优先级 2 触发：连续 3 次未检测到战斗界面UI元素，判定游戏已结束！

================= 回合结束，开始自动重启关卡 =================
[TemplateMatcher] pause_gear.png -> max conf: 0.000 (needs 0.7, optimal scale: 0.80x)
[DEBUG] 未匹配 [pause_gear] (要求阈值 0.7)
[TemplateMatcher] start_action.png -> max conf: 0.000 (needs 0.45, optimal scale: 0.80x)
[DEBUG] 未匹配 [start_action] (要求阈值 0.45)
[TemplateMatcher] practice.png -> max conf: 0.000 (needs 0.5, optimal scale: 0.80x)
[DEBUG] 未匹配 [practice] (要求阈值 0.5)
[TemplateMatcher] stage_1_7.png -> max conf: 0.000 (needs 0.5, optimal scale: 0.80x)
[DEBUG] 未匹配 [stage_1_7] (要求阈值 0.5)
[RESET] 尝试跳过动画/寻找入口... (尝试 1/100)
