[INFO] 正在查找 ADB 设备...
[SUCCESS] 连接到设备: MuMu安卓设备-MuMuPlayer12 v5 (127.0.0.1:16384)
[SUCCESS] 设备握手成功!
[INFO] 正在加载 YOLO 模型: D:\BiShe\MaAutomaton-main\MaAutomaton-main\models\yolo\best.pt
       使用设备: cpu
[SUCCESS] YOLO 模型加载完成!
[INFO] 正在加载模板匹配器...
[SUCCESS] 模板匹配器加载完成!
[INFO] 正在创建强化学习环境...
[SUCCESS] 环境创建完成!
[INFO] 正在创建 PPO 模型...
Using cpu device
[SUCCESS] PPO 模型创建完成!

================ 开始训练 ===================
总步数: 5000, 每次更新前收集步数: 128, 批次: 64
Logging to ./tensorboard_logs/PPO_30

[STEP 1] 开始执行动作...
[ACTION] AI决定: 选卡 7 -> 放入网格(7,3) -> 朝向 1
         坐标映射: 拖拽从(925,650)至(900,430) -> 方向滑动至(900,580)
[ACTION] ⛔ Fast-Fail! 目标网格(7,3)非绿色高亮(绿像素:0)。取消拖拽。
[REWARD] 执行前血条数: 0 -> 执行后血条数: 0
[REWARD] ⛔ 非法区域/无费用，已被 CV 阻断。奖励 -1.0 (连续无作为: 1次)
[TemplateMatcher] pause_gear.png -> max conf: 0.559 (needs 0.5, optimal scale: 1.00x)

[STEP 2] 开始执行动作...
[ACTION] AI决定: 选卡 6 -> 放入网格(3,2) -> 朝向 2
         坐标映射: 拖拽从(835,650)至(500,350) -> 方向滑动至(350,350)
[ACTION] ⛔ Fast-Fail! 目标网格(3,2)非绿色高亮(绿像素:0)。取消拖拽。
[REWARD] 执行前血条数: 0 -> 执行后血条数: 0
[REWARD] ⛔ 非法区域/无费用，已被 CV 阻断。奖励 -1.0 (连续无作为: 2次)
[TemplateMatcher] pause_gear.png -> max conf: 0.559 (needs 0.5, optimal scale: 1.00x)

[STEP 3] 开始执行动作...
[ACTION] AI决定: 选卡 3 -> 放入网格(7,3) -> 朝向 2
         坐标映射: 拖拽从(565,650)至(900,430) -> 方向滑动至(750,430)
[ACTION] ⛔ Fast-Fail! 目标网格(7,3)非绿色高亮(绿像素:0)。取消拖拽。
[REWARD] 执行前血条数: 0 -> 执行后血条数: 0
[REWARD] ⛔ 非法区域/无费用，已被 CV 阻断。奖励 -1.0 (连续无作为: 3次)
[TemplateMatcher] pause_gear.png -> max conf: 0.559 (needs 0.5, optimal scale: 1.00x)

[STEP 4] 开始执行动作...
[ACTION] AI决定: 选卡 5 -> 放入网格(8,2) -> 朝向 0
         坐标映射: 拖拽从(745,650)至(1000,350) -> 方向滑动至(1000,200)
[ACTION] ⛔ Fast-Fail! 目标网格(8,2)非绿色高亮(绿像素:0)。取消拖拽。
[REWARD] 执行前血条数: 0 -> 执行后血条数: 0
[REWARD] ⛔ 非法区域/无费用，已被 CV 阻断。奖励 -1.0 (连续无作为: 4次)
[TemplateMatcher] pause_gear.png -> max conf: 0.603 (needs 0.5, optimal scale: 0.80x)

[STEP 5] 开始执行动作...
[ACTION] AI决定: 选卡 7 -> 放入网格(6,3) -> 朝向 0
         坐标映射: 拖拽从(925,650)至(800,430) -> 方向滑动至(800,280)
[ACTION] ⛔ Fast-Fail! 目标网格(6,3)非绿色高亮(绿像素:0)。取消拖拽。
[REWARD] 执行前血条数: 0 -> 执行后血条数: 0
[REWARD] ⛔ 非法区域/无费用，已被 CV 阻断。奖励 -1.0 (连续无作为: 5次)
[TemplateMatcher] pause_gear.png -> max conf: 0.611 (needs 0.5, optimal scale: 0.85x)

[STEP 6] 开始执行动作...
[ACTION] AI决定: 选卡 5 -> 放入网格(0,3) -> 朝向 3
         坐标映射: 拖拽从(745,650)至(200,430) -> 方向滑动至(350,430)
[ACTION] ⛔ Fast-Fail! 目标网格(0,3)非绿色高亮(绿像素:0)。取消拖拽。
[REWARD] 执行前血条数: 0 -> 执行后血条数: 0
[REWARD] ⛔ 非法区域/无费用，已被 CV 阻断。奖励 -1.0 (连续无作为: 6次)
[TemplateMatcher] pause_gear.png -> max conf: 0.611 (needs 0.5, optimal scale: 0.85x)

[STEP 7] 开始执行动作...
[ACTION] AI决定: 选卡 0 -> 放入网格(1,3) -> 朝向 2
         坐标映射: 拖拽从(295,650)至(300,430) -> 方向滑动至(150,430)
[ACTION] ⛔ Fast-Fail! 目标网格(1,3)非绿色高亮(绿像素:0)。取消拖拽。
[REWARD] 执行前血条数: 0 -> 执行后血条数: 0
[REWARD] ⛔ 非法区域/无费用，已被 CV 阻断。奖励 -1.0 (连续无作为: 7次)
[ENV] 🚨 优先级 1 触发：检测到画面剧烈变化 (MSE=10888.06 > 8000)，判定为场景切换/结算，强制终止回合！

================= 回合结束，开始自动重启关卡 =================
[TemplateMatcher] pause_gear.png -> max conf: 0.478 (needs 0.7, optimal scale: 0.80x)
[DEBUG] 未匹配 [pause_gear] (要求阈值 0.7)
[TemplateMatcher] start_action.png -> max conf: 0.074 (needs 0.45, optimal scale: 0.85x)
[DEBUG] 未匹配 [start_action] (要求阈值 0.45)
[TemplateMatcher] practice.png -> max conf: 0.359 (needs 0.5, optimal scale: 1.00x)
[DEBUG] 未匹配 [practice] (要求阈值 0.5)
[TemplateMatcher] stage_1_7.png -> max conf: 0.341 (needs 0.5, optimal scale: 0.85x)
[DEBUG] 未匹配 [stage_1_7] (要求阈值 0.5)
[RESET] 尝试跳过动画/寻找入口... (尝试 1/100)
[TemplateMatcher] pause_gear.png -> max conf: 0.471 (needs 0.7, optimal scale: 0.90x)
[DEBUG] 未匹配 [pause_gear] (要求阈值 0.7)
[TemplateMatcher] start_action.png -> max conf: 0.033 (needs 0.45, optimal scale: 0.80x)
[DEBUG] 未匹配 [start_action] (要求阈值 0.45)
[TemplateMatcher] practice.png -> max conf: 0.481 (needs 0.5, optimal scale: 0.85x)
[DEBUG] 未匹配 [practice] (要求阈值 0.5)
[TemplateMatcher] stage_1_7.png -> max conf: 0.723 (needs 0.5, optimal scale: 0.80x)
[RESET] 找到 [stage_1_7] (置信度 0.72 >= 0.5)，点击 (555, 224)
[RESET] 点击关卡 1-7 图标
[TemplateMatcher] pause_gear.png -> max conf: 0.612 (needs 0.7, optimal scale: 1.10x)
[DEBUG] 未匹配 [pause_gear] (要求阈值 0.7)
[TemplateMatcher] start_action.png -> max conf: 0.100 (needs 0.45, optimal scale: 0.80x)
[DEBUG] 未匹配 [start_action] (要求阈值 0.45)
[TemplateMatcher] practice.png -> max conf: 0.687 (needs 0.5, optimal scale: 0.80x)
[RESET] 找到 [practice] (置信度 0.69 >= 0.5)，点击 (935, 660)
[RESET] 点击演习按钮
[TemplateMatcher] pause_gear.png -> max conf: 0.470 (needs 0.7, optimal scale: 1.05x)
[DEBUG] 未匹配 [pause_gear] (要求阈值 0.7)
[TemplateMatcher] start_action.png -> max conf: 0.451 (needs 0.45, optimal scale: 0.80x)
[RESET] 找到 [start_action] (置信度 0.45 >= 0.45)，点击 (1101, 513)
[RESET] 点击开始行动，进入加载...
[TemplateMatcher] pause_gear.png -> max conf: 0.000 (needs 0.7, optimal scale: 0.80x)
[DEBUG] 未匹配 [pause_gear] (要求阈值 0.7)
[TemplateMatcher] start_action.png -> max conf: 0.000 (needs 0.45, optimal scale: 0.80x)
[DEBUG] 未匹配 [start_action] (要求阈值 0.45)
[TemplateMatcher] practice.png -> max conf: 0.000 (needs 0.5, optimal scale: 0.80x)
[DEBUG] 未匹配 [practice] (要求阈值 0.5)
[TemplateMatcher] stage_1_7.png -> max conf: 0.000 (needs 0.5, optimal scale: 0.80x)
[DEBUG] 未匹配 [stage_1_7] (要求阈值 0.5)
[RESET] 尝试跳过动画/寻找入口... (尝试 5/100)
[TemplateMatcher] pause_gear.png -> max conf: 0.000 (needs 0.7, optimal scale: 0.80x)
[DEBUG] 未匹配 [pause_gear] (要求阈值 0.7)
[TemplateMatcher] start_action.png -> max conf: 0.000 (needs 0.45, optimal scale: 0.80x)
[DEBUG] 未匹配 [start_action] (要求阈值 0.45)
[TemplateMatcher] practice.png -> max conf: 0.000 (needs 0.5, optimal scale: 0.80x)
[DEBUG] 未匹配 [practice] (要求阈值 0.5)
[TemplateMatcher] stage_1_7.png -> max conf: 0.000 (needs 0.5, optimal scale: 0.80x)
[DEBUG] 未匹配 [stage_1_7] (要求阈值 0.5)
[RESET] 尝试跳过动画/寻找入口... (尝试 6/100)
[TemplateMatcher] pause_gear.png -> max conf: 0.000 (needs 0.7, optimal scale: 0.80x)
[DEBUG] 未匹配 [pause_gear] (要求阈值 0.7)
[TemplateMatcher] start_action.png -> max conf: 0.000 (needs 0.45, optimal scale: 0.80x)
[DEBUG] 未匹配 [start_action] (要求阈值 0.45)
[TemplateMatcher] practice.png -> max conf: 0.000 (needs 0.5, optimal scale: 0.80x)
[DEBUG] 未匹配 [practice] (要求阈值 0.5)
[TemplateMatcher] stage_1_7.png -> max conf: 0.000 (needs 0.5, optimal scale: 0.80x)
[DEBUG] 未匹配 [stage_1_7] (要求阈值 0.5)
[RESET] 尝试跳过动画/寻找入口... (尝试 7/100)
[TemplateMatcher] pause_gear.png -> max conf: 0.000 (needs 0.7, optimal scale: 0.80x)
[DEBUG] 未匹配 [pause_gear] (要求阈值 0.7)
[TemplateMatcher] start_action.png -> max conf: 0.000 (needs 0.45, optimal scale: 0.80x)
[DEBUG] 未匹配 [start_action] (要求阈值 0.45)
[TemplateMatcher] practice.png -> max conf: 0.000 (needs 0.5, optimal scale: 0.80x)
[DEBUG] 未匹配 [practice] (要求阈值 0.5)
[TemplateMatcher] stage_1_7.png -> max conf: 0.000 (needs 0.5, optimal scale: 0.80x)
[DEBUG] 未匹配 [stage_1_7] (要求阈值 0.5)
[RESET] 尝试跳过动画/寻找入口... (尝试 8/100)
[TemplateMatcher] pause_gear.png -> max conf: 0.511 (needs 0.7, optimal scale: 1.20x)
[DEBUG] 未匹配 [pause_gear] (要求阈值 0.7)
[TemplateMatcher] start_action.png -> max conf: -0.063 (needs 0.45, optimal scale: 0.80x)
[DEBUG] 未匹配 [start_action] (要求阈值 0.45)
[TemplateMatcher] practice.png -> max conf: 0.379 (needs 0.5, optimal scale: 0.90x)
[DEBUG] 未匹配 [practice] (要求阈值 0.5)
[TemplateMatcher] stage_1_7.png -> max conf: 0.411 (needs 0.5, optimal scale: 0.90x)
[DEBUG] 未匹配 [stage_1_7] (要求阈值 0.5)
[RESET] 尝试跳过动画/寻找入口... (尝试 9/100)
[TemplateMatcher] pause_gear.png -> max conf: 0.511 (needs 0.7, optimal scale: 1.20x)
[DEBUG] 未匹配 [pause_gear] (要求阈值 0.7)
[TemplateMatcher] start_action.png -> max conf: -0.063 (needs 0.45, optimal scale: 0.80x)
[DEBUG] 未匹配 [start_action] (要求阈值 0.45)
[TemplateMatcher] practice.png -> max conf: 0.379 (needs 0.5, optimal scale: 0.90x)
[DEBUG] 未匹配 [practice] (要求阈值 0.5)
[TemplateMatcher] stage_1_7.png -> max conf: 0.411 (needs 0.5, optimal scale: 0.90x)
[DEBUG] 未匹配 [stage_1_7] (要求阈值 0.5)
[RESET] 尝试跳过动画/寻找入口... (尝试 10/100)
[TemplateMatcher] pause_gear.png -> max conf: 0.215 (needs 0.7, optimal scale: 1.20x)
[DEBUG] 未匹配 [pause_gear] (要求阈值 0.7)
[TemplateMatcher] start_action.png -> max conf: 0.224 (needs 0.45, optimal scale: 0.80x)
[DEBUG] 未匹配 [start_action] (要求阈值 0.45)
[TemplateMatcher] practice.png -> max conf: 0.237 (needs 0.5, optimal scale: 0.80x)
[DEBUG] 未匹配 [practice] (要求阈值 0.5)
[TemplateMatcher] stage_1_7.png -> max conf: 0.271 (needs 0.5, optimal scale: 0.80x)
[DEBUG] 未匹配 [stage_1_7] (要求阈值 0.5)
[RESET] 尝试跳过动画/寻找入口... (尝试 11/100)
[TemplateMatcher] pause_gear.png -> max conf: 0.215 (needs 0.7, optimal scale: 1.20x)
[DEBUG] 未匹配 [pause_gear] (要求阈值 0.7)
[TemplateMatcher] start_action.png -> max conf: 0.224 (needs 0.45, optimal scale: 0.80x)
[DEBUG] 未匹配 [start_action] (要求阈值 0.45)
[TemplateMatcher] practice.png -> max conf: 0.237 (needs 0.5, optimal scale: 0.80x)
[DEBUG] 未匹配 [practice] (要求阈值 0.5)
[TemplateMatcher] stage_1_7.png -> max conf: 0.271 (needs 0.5, optimal scale: 0.80x)
[DEBUG] 未匹配 [stage_1_7] (要求阈值 0.5)
[RESET] 尝试跳过动画/寻找入口... (尝试 12/100)
[TemplateMatcher] pause_gear.png -> max conf: 0.215 (needs 0.7, optimal scale: 1.20x)
[DEBUG] 未匹配 [pause_gear] (要求阈值 0.7)
[TemplateMatcher] start_action.png -> max conf: 0.224 (needs 0.45, optimal scale: 0.80x)
[DEBUG] 未匹配 [start_action] (要求阈值 0.45)
[TemplateMatcher] practice.png -> max conf: 0.237 (needs 0.5, optimal scale: 0.80x)
[DEBUG] 未匹配 [practice] (要求阈值 0.5)
[TemplateMatcher] stage_1_7.png -> max conf: 0.271 (needs 0.5, optimal scale: 0.80x)
[DEBUG] 未匹配 [stage_1_7] (要求阈值 0.5)
[RESET] 尝试跳过动画/寻找入口... (尝试 13/100)
[TemplateMatcher] pause_gear.png -> max conf: 0.823 (needs 0.7, optimal scale: 0.80x)
[RESET] 找到 [pause_gear] (置信度 0.82 >= 0.7)，(仅检测，不点击)
[RESET] ✅ 检测到战斗画面右上角齿轮，重启成功！
================= 关卡重启流程结束 =================

--> [回合结束] 第 1 回合 | 奖励: -7.0 | 步数: 7

[STEP 1] 开始执行动作...
[ACTION] AI决定: 选卡 9 -> 放入网格(9,4) -> 朝向 2
         坐标映射: 拖拽从(1105,650)至(1100,510) -> 方向滑动至(950,510)
[ACTION] ✅ CV校验通过！网格(9,4)具有高亮绿色(像素:728)，准许拖拽。
[REWARD] 执行前血条数: 0 -> 执行后血条数: 0
[REWARD] 部署失败，计算前后帧 MSE (均方误差) = 109.29
[REWARD] 画面未发生明显变化(非法部署)。奖励 -1.0 (连续无作为: 8次)
[TemplateMatcher] pause_gear.png -> max conf: 0.908 (needs 0.5, optimal scale: 0.80x)

[STEP 2] 开始执行动作...
[ACTION] AI决定: 选卡 7 -> 放入网格(5,3) -> 朝向 2
         坐标映射: 拖拽从(925,650)至(700,430) -> 方向滑动至(550,430)
[ACTION] ⛔ Fast-Fail! 目标网格(5,3)非绿色高亮(绿像素:0)。取消拖拽。
[REWARD] 执行前血条数: 0 -> 执行后血条数: 0
[REWARD] ⛔ 非法区域/无费用，已被 CV 阻断。奖励 -1.0 (连续无作为: 9次)
[TemplateMatcher] pause_gear.png -> max conf: 0.908 (needs 0.5, optimal scale: 0.80x)

[STEP 3] 开始执行动作...
[ACTION] AI决定: 选卡 4 -> 放入网格(5,4) -> 朝向 0
         坐标映射: 拖拽从(655,650)至(700,510) -> 方向滑动至(700,360)
[ACTION] ⛔ Fast-Fail! 目标网格(5,4)非绿色高亮(绿像素:0)。取消拖拽。
[REWARD] 执行前血条数: 0 -> 执行后血条数: 0
[REWARD] ⛔ 非法区域/无费用，已被 CV 阻断。奖励 -1.0 (连续无作为: 10次)
[TemplateMatcher] pause_gear.png -> max conf: 0.908 (needs 0.5, optimal scale: 0.80x)

[STEP 4] 开始执行动作...
[ACTION] AI决定: 选卡 6 -> 放入网格(0,0) -> 朝向 1
         坐标映射: 拖拽从(835,650)至(200,190) -> 方向滑动至(200,340)
[ACTION] ⛔ Fast-Fail! 目标网格(0,0)非绿色高亮(绿像素:0)。取消拖拽。
[REWARD] 执行前血条数: 0 -> 执行后血条数: 0
[REWARD] ⛔ 非法区域/无费用，已被 CV 阻断。奖励 -1.0 (连续无作为: 11次)
[TemplateMatcher] pause_gear.png -> max conf: 0.908 (needs 0.5, optimal scale: 0.80x)

[STEP 5] 开始执行动作...
[ACTION] AI决定: 选卡 9 -> 放入网格(9,2) -> 朝向 1
         坐标映射: 拖拽从(1105,650)至(1100,350) -> 方向滑动至(1100,500)
[ACTION] ⛔ Fast-Fail! 目标网格(9,2)非绿色高亮(绿像素:0)。取消拖拽。
[REWARD] 执行前血条数: 0 -> 执行后血条数: 0
[REWARD] ⛔ 非法区域/无费用，已被 CV 阻断。奖励 -1.0 (连续无作为: 12次)
[TemplateMatcher] pause_gear.png -> max conf: 0.908 (needs 0.5, optimal scale: 0.80x)

[STEP 6] 开始执行动作...
[ACTION] AI决定: 选卡 0 -> 放入网格(9,2) -> 朝向 0
         坐标映射: 拖拽从(295,650)至(1100,350) -> 方向滑动至(1100,200)
[ACTION] ⛔ Fast-Fail! 目标网格(9,2)非绿色高亮(绿像素:0)。取消拖拽。
[REWARD] 执行前血条数: 0 -> 执行后血条数: 0
[REWARD] ⛔ 非法区域/无费用，已被 CV 阻断。奖励 -1.0 (连续无作为: 13次)
[TemplateMatcher] pause_gear.png -> max conf: 0.908 (needs 0.5, optimal scale: 0.80x)

[STEP 7] 开始执行动作...
[ACTION] AI决定: 选卡 8 -> 放入网格(0,3) -> 朝向 3
         坐标映射: 拖拽从(1015,650)至(200,430) -> 方向滑动至(350,430)
[ACTION] ⛔ Fast-Fail! 目标网格(0,3)非绿色高亮(绿像素:0)。取消拖拽。
[REWARD] 执行前血条数: 0 -> 执行后血条数: 0
[REWARD] ⛔ 非法区域/无费用，已被 CV 阻断。奖励 -1.0 (连续无作为: 14次)
[TemplateMatcher] pause_gear.png -> max conf: 0.908 (needs 0.5, optimal scale: 0.80x)

[STEP 8] 开始执行动作...
[ACTION] AI决定: 选卡 8 -> 放入网格(7,1) -> 朝向 2
         坐标映射: 拖拽从(1015,650)至(900,270) -> 方向滑动至(750,270)
[ACTION] ✅ CV校验通过！网格(7,1)具有高亮绿色(像素:617)，准许拖拽。
[REWARD] 执行前血条数: 0 -> 执行后血条数: 0
[REWARD] 部署失败，计算前后帧 MSE (均方误差) = 140.37
[REWARD] 画面未发生明显变化(非法部署)。奖励 -1.0 (连续无作为: 15次)
[TemplateMatcher] pause_gear.png -> max conf: 0.908 (needs 0.5, optimal scale: 0.80x)

[STEP 9] 开始执行动作...
[ACTION] AI决定: 选卡 6 -> 放入网格(6,2) -> 朝向 1
         坐标映射: 拖拽从(835,650)至(800,350) -> 方向滑动至(800,500)
[ACTION] ✅ CV校验通过！网格(6,2)具有高亮绿色(像素:553)，准许拖拽。
[REWARD] 执行前血条数: 0 -> 执行后血条数: 0
[REWARD] 部署失败，计算前后帧 MSE (均方误差) = 171.63
[REWARD] 画面未发生明显变化(非法部署)。奖励 -1.0 (连续无作为: 16次)
[TemplateMatcher] pause_gear.png -> max conf: 0.908 (needs 0.5, optimal scale: 0.80x)

[STEP 10] 开始执行动作...
[ACTION] AI决定: 选卡 6 -> 放入网格(5,2) -> 朝向 1
         坐标映射: 拖拽从(835,650)至(700,350) -> 方向滑动至(700,500)
[ACTION] ✅ CV校验通过！网格(5,2)具有高亮绿色(像素:813)，准许拖拽。
[REWARD] 执行前血条数: 0 -> 执行后血条数: 0
[REWARD] 部署失败，计算前后帧 MSE (均方误差) = 1296.48
[REWARD] 动作无效，但游戏仍在进行(画面有变化)。奖励 -0.5 (已清空无作为计数器)
[TemplateMatcher] pause_gear.png -> max conf: 0.908 (needs 0.5, optimal scale: 0.80x)

[STEP 11] 开始执行动作...
[ACTION] AI决定: 选卡 8 -> 放入网格(4,1) -> 朝向 1
         坐标映射: 拖拽从(1015,650)至(600,270) -> 方向滑动至(600,420)
[ACTION] ⛔ Fast-Fail! 目标网格(4,1)非绿色高亮(绿像素:0)。取消拖拽。
[REWARD] 执行前血条数: 0 -> 执行后血条数: 0
[REWARD] ⛔ 非法区域/无费用，已被 CV 阻断。奖励 -1.0 (连续无作为: 1次)
[TemplateMatcher] pause_gear.png -> max conf: 0.907 (needs 0.5, optimal scale: 0.80x)

[STEP 12] 开始执行动作...
[ACTION] AI决定: 选卡 0 -> 放入网格(7,1) -> 朝向 3
         坐标映射: 拖拽从(295,650)至(900,270) -> 方向滑动至(1050,270)
[ACTION] ✅ CV校验通过！网格(7,1)具有高亮绿色(像素:217)，准许拖拽。
[REWARD] 执行前血条数: 0 -> 执行后血条数: 0
[REWARD] 部署失败，计算前后帧 MSE (均方误差) = 125.89
[REWARD] 画面未发生明显变化(非法部署)。奖励 -1.0 (连续无作为: 2次)
[TemplateMatcher] pause_gear.png -> max conf: 0.909 (needs 0.5, optimal scale: 0.80x)

[STEP 13] 开始执行动作...
[ACTION] AI决定: 选卡 9 -> 放入网格(2,2) -> 朝向 0
         坐标映射: 拖拽从(1105,650)至(400,350) -> 方向滑动至(400,200)
[ACTION] ✅ CV校验通过！网格(2,2)具有高亮绿色(像素:142)，准许拖拽。
[REWARD] 执行前血条数: 0 -> 执行后血条数: 0
[REWARD] 部署失败，计算前后帧 MSE (均方误差) = 2819.03
[REWARD] 动作无效，但游戏仍在进行(画面有变化)。奖励 -0.5 (已清空无作为计数器)
[TemplateMatcher] pause_gear.png -> max conf: 0.907 (needs 0.5, optimal scale: 0.80x)

[STEP 14] 开始执行动作...
[ACTION] AI决定: 选卡 8 -> 放入网格(1,3) -> 朝向 2
         坐标映射: 拖拽从(1015,650)至(300,430) -> 方向滑动至(150,430)
[ACTION] ⛔ Fast-Fail! 目标网格(1,3)非绿色高亮(绿像素:0)。取消拖拽。
[REWARD] 执行前血条数: 0 -> 执行后血条数: 0
[REWARD] ⛔ 非法区域/无费用，已被 CV 阻断。奖励 -1.0 (连续无作为: 1次)
[TemplateMatcher] pause_gear.png -> max conf: 0.908 (needs 0.5, optimal scale: 0.80x)

[STEP 15] 开始执行动作...
[ACTION] AI决定: 选卡 0 -> 放入网格(2,0) -> 朝向 0
         坐标映射: 拖拽从(295,650)至(400,190) -> 方向滑动至(400,40)
[ACTION] ⛔ Fast-Fail! 目标网格(2,0)非绿色高亮(绿像素:0)。取消拖拽。
[REWARD] 执行前血条数: 0 -> 执行后血条数: 0
[REWARD] ⛔ 非法区域/无费用，已被 CV 阻断。奖励 -1.0 (连续无作为: 2次)
[TemplateMatcher] pause_gear.png -> max conf: 0.908 (needs 0.5, optimal scale: 0.80x)

[STEP 16] 开始执行动作...
[ACTION] AI决定: 选卡 4 -> 放入网格(1,4) -> 朝向 1
         坐标映射: 拖拽从(655,650)至(300,510) -> 方向滑动至(300,660)
[ACTION] ⛔ Fast-Fail! 目标网格(1,4)非绿色高亮(绿像素:0)。取消拖拽。
[REWARD] 执行前血条数: 0 -> 执行后血条数: 0
[REWARD] ⛔ 非法区域/无费用，已被 CV 阻断。奖励 -1.0 (连续无作为: 3次)
[TemplateMatcher] pause_gear.png -> max conf: 0.908 (needs 0.5, optimal scale: 0.80x)

[STEP 17] 开始执行动作...
[ACTION] AI决定: 选卡 9 -> 放入网格(0,3) -> 朝向 2
         坐标映射: 拖拽从(1105,650)至(200,430) -> 方向滑动至(50,430)
[ACTION] ⛔ Fast-Fail! 目标网格(0,3)非绿色高亮(绿像素:0)。取消拖拽。
[REWARD] 执行前血条数: 0 -> 执行后血条数: 0
[REWARD] ⛔ 非法区域/无费用，已被 CV 阻断。奖励 -1.0 (连续无作为: 4次)
[TemplateMatcher] pause_gear.png -> max conf: 0.908 (needs 0.5, optimal scale: 0.80x)

[STEP 18] 开始执行动作...
[ACTION] AI决定: 选卡 0 -> 放入网格(2,2) -> 朝向 3
         坐标映射: 拖拽从(295,650)至(400,350) -> 方向滑动至(550,350)
[ACTION] ✅ CV校验通过！网格(2,2)具有高亮绿色(像素:21)，准许拖拽。
[REWARD] 执行前血条数: 0 -> 执行后血条数: 0
[REWARD] 部署失败，计算前后帧 MSE (均方误差) = 720.75
[REWARD] 动作无效，但游戏仍在进行(画面有变化)。奖励 -0.5 (已清空无作为计数器)
[TemplateMatcher] pause_gear.png -> max conf: 0.908 (needs 0.5, optimal scale: 0.80x)

[STEP 19] 开始执行动作...
[ACTION] AI决定: 选卡 4 -> 放入网格(2,2) -> 朝向 0
         坐标映射: 拖拽从(655,650)至(400,350) -> 方向滑动至(400,200)
[ACTION] ⛔ Fast-Fail! 目标网格(2,2)非绿色高亮(绿像素:0)。取消拖拽。
[REWARD] 执行前血条数: 0 -> 执行后血条数: 0
[REWARD] ⛔ 非法区域/无费用，已被 CV 阻断。奖励 -1.0 (连续无作为: 1次)
[TemplateMatcher] pause_gear.png -> max conf: 0.908 (needs 0.5, optimal scale: 0.80x)

[STEP 20] 开始执行动作...
[ACTION] AI决定: 选卡 9 -> 放入网格(2,3) -> 朝向 0
         坐标映射: 拖拽从(1105,650)至(400,430) -> 方向滑动至(400,280)
[ACTION] ✅ CV校验通过！网格(2,3)具有高亮绿色(像素:27)，准许拖拽。
[REWARD] 执行前血条数: 0 -> 执行后血条数: 0
[REWARD] 部署失败，计算前后帧 MSE (均方误差) = 2613.02
[REWARD] 动作无效，但游戏仍在进行(画面有变化)。奖励 -0.5 (已清空无作为计数器)
[TemplateMatcher] pause_gear.png -> max conf: 0.908 (needs 0.5, optimal scale: 0.80x)

[STEP 21] 开始执行动作...
[ACTION] AI决定: 选卡 0 -> 放入网格(3,4) -> 朝向 3
         坐标映射: 拖拽从(295,650)至(500,510) -> 方向滑动至(650,510)
[ACTION] ⛔ Fast-Fail! 目标网格(3,4)非绿色高亮(绿像素:0)。取消拖拽。
[REWARD] 执行前血条数: 0 -> 执行后血条数: 0
[REWARD] ⛔ 非法区域/无费用，已被 CV 阻断。奖励 -1.0 (连续无作为: 1次)
[TemplateMatcher] pause_gear.png -> max conf: 0.908 (needs 0.5, optimal scale: 0.80x)

[STEP 22] 开始执行动作...
[ACTION] AI决定: 选卡 1 -> 放入网格(6,0) -> 朝向 1
         坐标映射: 拖拽从(385,650)至(800,190) -> 方向滑动至(800,340)
[ACTION] ✅ CV校验通过！网格(6,0)具有高亮绿色(像素:425)，准许拖拽。
[REWARD] 执行前血条数: 0 -> 执行后血条数: 0
[REWARD] 部署失败，计算前后帧 MSE (均方误差) = 252.27
[REWARD] 画面未发生明显变化(非法部署)。奖励 -1.0 (连续无作为: 2次)
[TemplateMatcher] pause_gear.png -> max conf: 0.908 (needs 0.5, optimal scale: 0.80x)

[STEP 23] 开始执行动作...
[ACTION] AI决定: 选卡 3 -> 放入网格(0,3) -> 朝向 0
         坐标映射: 拖拽从(565,650)至(200,430) -> 方向滑动至(200,280)
[ACTION] ⛔ Fast-Fail! 目标网格(0,3)非绿色高亮(绿像素:0)。取消拖拽。
[REWARD] 执行前血条数: 0 -> 执行后血条数: 0
[REWARD] ⛔ 非法区域/无费用，已被 CV 阻断。奖励 -1.0 (连续无作为: 3次)
[TemplateMatcher] pause_gear.png -> max conf: 0.907 (needs 0.5, optimal scale: 0.80x)

[STEP 24] 开始执行动作...
[ACTION] AI决定: 选卡 3 -> 放入网格(7,4) -> 朝向 0
         坐标映射: 拖拽从(565,650)至(900,510) -> 方向滑动至(900,360)
[ACTION] ⛔ Fast-Fail! 目标网格(7,4)非绿色高亮(绿像素:0)。取消拖拽。
[REWARD] 执行前血条数: 0 -> 执行后血条数: 0
[REWARD] ⛔ 非法区域/无费用，已被 CV 阻断。奖励 -1.0 (连续无作为: 4次)
[TemplateMatcher] pause_gear.png -> max conf: 0.908 (needs 0.5, optimal scale: 0.80x)

[STEP 25] 开始执行动作...
[ACTION] AI决定: 选卡 5 -> 放入网格(8,0) -> 朝向 1
         坐标映射: 拖拽从(745,650)至(1000,190) -> 方向滑动至(1000,340)
[ACTION] ✅ CV校验通过！网格(8,0)具有高亮绿色(像素:900)，准许拖拽。
[REWARD] 执行前血条数: 0 -> 执行后血条数: 0
[REWARD] 部署失败，计算前后帧 MSE (均方误差) = 231.20
[REWARD] 画面未发生明显变化(非法部署)。奖励 -1.0 (连续无作为: 5次)
[TemplateMatcher] pause_gear.png -> max conf: 0.908 (needs 0.5, optimal scale: 0.80x)

[STEP 26] 开始执行动作...
[ACTION] AI决定: 选卡 7 -> 放入网格(7,4) -> 朝向 2
         坐标映射: 拖拽从(925,650)至(900,510) -> 方向滑动至(750,510)
[ACTION] ⛔ Fast-Fail! 目标网格(7,4)非绿色高亮(绿像素:0)。取消拖拽。
[REWARD] 执行前血条数: 0 -> 执行后血条数: 0
[REWARD] ⛔ 非法区域/无费用，已被 CV 阻断。奖励 -1.0 (连续无作为: 6次)
[TemplateMatcher] pause_gear.png -> max conf: 0.908 (needs 0.5, optimal scale: 0.80x)

[STEP 27] 开始执行动作...
[ACTION] AI决定: 选卡 6 -> 放入网格(1,1) -> 朝向 3
         坐标映射: 拖拽从(835,650)至(300,270) -> 方向滑动至(450,270)
[ACTION] ⛔ Fast-Fail! 目标网格(1,1)非绿色高亮(绿像素:0)。取消拖拽。
[REWARD] 执行前血条数: 0 -> 执行后血条数: 0
[REWARD] ⛔ 非法区域/无费用，已被 CV 阻断。奖励 -1.0 (连续无作为: 7次)
[TemplateMatcher] pause_gear.png -> max conf: 0.908 (needs 0.5, optimal scale: 0.80x)

[STEP 28] 开始执行动作...
[ACTION] AI决定: 选卡 5 -> 放入网格(6,1) -> 朝向 2
         坐标映射: 拖拽从(745,650)至(800,270) -> 方向滑动至(650,270)
[ACTION] ✅ CV校验通过！网格(6,1)具有高亮绿色(像素:893)，准许拖拽。
[REWARD] 执行前血条数: 0 -> 执行后血条数: 0
[REWARD] 部署失败，计算前后帧 MSE (均方误差) = 357.97
[REWARD] 动作无效，但游戏仍在进行(画面有变化)。奖励 -0.5 (已清空无作为计数器)
[TemplateMatcher] pause_gear.png -> max conf: 0.908 (needs 0.5, optimal scale: 0.80x)

[STEP 29] 开始执行动作...
[ACTION] AI决定: 选卡 9 -> 放入网格(4,0) -> 朝向 1
         坐标映射: 拖拽从(1105,650)至(600,190) -> 方向滑动至(600,340)
[ACTION] ✅ CV校验通过！网格(4,0)具有高亮绿色(像素:705)，准许拖拽。
[REWARD] 执行前血条数: 0 -> 执行后血条数: 0
[REWARD] 部署失败，计算前后帧 MSE (均方误差) = 106.42
[REWARD] 画面未发生明显变化(非法部署)。奖励 -1.0 (连续无作为: 1次)
[TemplateMatcher] pause_gear.png -> max conf: 0.908 (needs 0.5, optimal scale: 0.80x)

[STEP 30] 开始执行动作...
[ACTION] AI决定: 选卡 6 -> 放入网格(9,3) -> 朝向 3
         坐标映射: 拖拽从(835,650)至(1100,430) -> 方向滑动至(1250,430)
[ACTION] ✅ CV校验通过！网格(9,3)具有高亮绿色(像素:95)，准许拖拽。
[REWARD] 执行前血条数: 0 -> 执行后血条数: 0
[REWARD] 部署失败，计算前后帧 MSE (均方误差) = 157.41
[REWARD] 画面未发生明显变化(非法部署)。奖励 -1.0 (连续无作为: 2次)
[TemplateMatcher] pause_gear.png -> max conf: 0.908 (needs 0.5, optimal scale: 0.80x)

[STEP 31] 开始执行动作...
[ACTION] AI决定: 选卡 0 -> 放入网格(9,0) -> 朝向 3
         坐标映射: 拖拽从(295,650)至(1100,190) -> 方向滑动至(1250,190)
[ACTION] ⛔ Fast-Fail! 目标网格(9,0)非绿色高亮(绿像素:0)。取消拖拽。
[REWARD] 执行前血条数: 0 -> 执行后血条数: 0
[REWARD] ⛔ 非法区域/无费用，已被 CV 阻断。奖励 -1.0 (连续无作为: 3次)
[TemplateMatcher] pause_gear.png -> max conf: 0.907 (needs 0.5, optimal scale: 0.80x)

[STEP 32] 开始执行动作...
[ACTION] AI决定: 选卡 1 -> 放入网格(1,3) -> 朝向 2
         坐标映射: 拖拽从(385,650)至(300,430) -> 方向滑动至(150,430)
[ACTION] ⛔ Fast-Fail! 目标网格(1,3)非绿色高亮(绿像素:0)。取消拖拽。
[REWARD] 执行前血条数: 0 -> 执行后血条数: 0
[REWARD] ⛔ 非法区域/无费用，已被 CV 阻断。奖励 -1.0 (连续无作为: 4次)
[TemplateMatcher] pause_gear.png -> max conf: 0.908 (needs 0.5, optimal scale: 0.80x)

[STEP 33] 开始执行动作...
[ACTION] AI决定: 选卡 0 -> 放入网格(8,2) -> 朝向 1
         坐标映射: 拖拽从(295,650)至(1000,350) -> 方向滑动至(1000,500)
[ACTION] ✅ CV校验通过！网格(8,2)具有高亮绿色(像素:76)，准许拖拽。
[REWARD] 执行前血条数: 0 -> 执行后血条数: 0
[REWARD] 部署失败，计算前后帧 MSE (均方误差) = 239.79
[REWARD] 画面未发生明显变化(非法部署)。奖励 -1.0 (连续无作为: 5次)
[TemplateMatcher] pause_gear.png -> max conf: 0.908 (needs 0.5, optimal scale: 0.80x)

[STEP 34] 开始执行动作...
[ACTION] AI决定: 选卡 1 -> 放入网格(2,4) -> 朝向 1
         坐标映射: 拖拽从(385,650)至(400,510) -> 方向滑动至(400,660)
[ACTION] ✅ CV校验通过！网格(2,4)具有高亮绿色(像素:107)，准许拖拽。
[REWARD] 执行前血条数: 0 -> 执行后血条数: 0
[REWARD] 部署失败，计算前后帧 MSE (均方误差) = 831.79
[REWARD] 动作无效，但游戏仍在进行(画面有变化)。奖励 -0.5 (已清空无作为计数器)
[TemplateMatcher] pause_gear.png -> max conf: 0.908 (needs 0.5, optimal scale: 0.80x)

[STEP 35] 开始执行动作...
[ACTION] AI决定: 选卡 5 -> 放入网格(9,4) -> 朝向 1
         坐标映射: 拖拽从(745,650)至(1100,510) -> 方向滑动至(1100,660)
[ACTION] ⛔ Fast-Fail! 目标网格(9,4)非绿色高亮(绿像素:0)。取消拖拽。
[REWARD] 执行前血条数: 0 -> 执行后血条数: 0
[REWARD] ⛔ 非法区域/无费用，已被 CV 阻断。奖励 -1.0 (连续无作为: 1次)
[TemplateMatcher] pause_gear.png -> max conf: 0.908 (needs 0.5, optimal scale: 0.80x)

[STEP 36] 开始执行动作...
[ACTION] AI决定: 选卡 4 -> 放入网格(0,4) -> 朝向 0
         坐标映射: 拖拽从(655,650)至(200,510) -> 方向滑动至(200,360)
[ACTION] ⛔ Fast-Fail! 目标网格(0,4)非绿色高亮(绿像素:0)。取消拖拽。
[REWARD] 执行前血条数: 0 -> 执行后血条数: 0
[REWARD] ⛔ 非法区域/无费用，已被 CV 阻断。奖励 -1.0 (连续无作为: 2次)
[TemplateMatcher] pause_gear.png -> max conf: 0.908 (needs 0.5, optimal scale: 0.80x)

[STEP 37] 开始执行动作...
[ACTION] AI决定: 选卡 4 -> 放入网格(7,1) -> 朝向 3
         坐标映射: 拖拽从(655,650)至(900,270) -> 方向滑动至(1050,270)
[ACTION] ✅ CV校验通过！网格(7,1)具有高亮绿色(像素:617)，准许拖拽。
[REWARD] 执行前血条数: 0 -> 执行后血条数: 0
[REWARD] 部署失败，计算前后帧 MSE (均方误差) = 279.87
[REWARD] 画面未发生明显变化(非法部署)。奖励 -1.0 (连续无作为: 3次)
[TemplateMatcher] pause_gear.png -> max conf: 0.908 (needs 0.5, optimal scale: 0.80x)

[STEP 38] 开始执行动作...
[ACTION] AI决定: 选卡 0 -> 放入网格(4,3) -> 朝向 2
         坐标映射: 拖拽从(295,650)至(600,430) -> 方向滑动至(450,430)
[ACTION] ✅ CV校验通过！网格(4,3)具有高亮绿色(像素:900)，准许拖拽。
[REWARD] 执行前血条数: 0 -> 执行后血条数: 0
[REWARD] 部署失败，计算前后帧 MSE (均方误差) = 686.47
[REWARD] 动作无效，但游戏仍在进行(画面有变化)。奖励 -0.5 (已清空无作为计数器)
[TemplateMatcher] pause_gear.png -> max conf: 0.908 (needs 0.5, optimal scale: 0.80x)

[STEP 39] 开始执行动作...
[ACTION] AI决定: 选卡 1 -> 放入网格(9,4) -> 朝向 0
         坐标映射: 拖拽从(385,650)至(1100,510) -> 方向滑动至(1100,360)
[ACTION] ✅ CV校验通过！网格(9,4)具有高亮绿色(像素:727)，准许拖拽。
[REWARD] 执行前血条数: 0 -> 执行后血条数: 0
[REWARD] 部署失败，计算前后帧 MSE (均方误差) = 559.52
[REWARD] 动作无效，但游戏仍在进行(画面有变化)。奖励 -0.5 (已清空无作为计数器)
[TemplateMatcher] pause_gear.png -> max conf: 0.908 (needs 0.5, optimal scale: 0.80x)

[STEP 40] 开始执行动作...
[ACTION] AI决定: 选卡 5 -> 放入网格(0,3) -> 朝向 2
         坐标映射: 拖拽从(745,650)至(200,430) -> 方向滑动至(50,430)
[ACTION] ⛔ Fast-Fail! 目标网格(0,3)非绿色高亮(绿像素:0)。取消拖拽。
[REWARD] 执行前血条数: 0 -> 执行后血条数: 0
[REWARD] ⛔ 非法区域/无费用，已被 CV 阻断。奖励 -1.0 (连续无作为: 1次)
[TemplateMatcher] pause_gear.png -> max conf: 0.908 (needs 0.5, optimal scale: 0.80x)

[STEP 41] 开始执行动作...
[ACTION] AI决定: 选卡 6 -> 放入网格(7,3) -> 朝向 0
         坐标映射: 拖拽从(835,650)至(900,430) -> 方向滑动至(900,280)
[ACTION] ⛔ Fast-Fail! 目标网格(7,3)非绿色高亮(绿像素:14)。取消拖拽。
[REWARD] 执行前血条数: 0 -> 执行后血条数: 0
[REWARD] ⛔ 非法区域/无费用，已被 CV 阻断。奖励 -1.0 (连续无作为: 2次)
[TemplateMatcher] pause_gear.png -> max conf: 0.908 (needs 0.5, optimal scale: 0.80x)

[STEP 42] 开始执行动作...
[ACTION] AI决定: 选卡 7 -> 放入网格(7,0) -> 朝向 0
         坐标映射: 拖拽从(925,650)至(900,190) -> 方向滑动至(900,40)
[ACTION] ✅ CV校验通过！网格(7,0)具有高亮绿色(像素:755)，准许拖拽。
[REWARD] 执行前血条数: 0 -> 执行后血条数: 0
[REWARD] 部署失败，计算前后帧 MSE (均方误差) = 3148.61
[REWARD] 动作无效，但游戏仍在进行(画面有变化)。奖励 -0.5 (已清空无作为计数器)
[TemplateMatcher] pause_gear.png -> max conf: 0.907 (needs 0.5, optimal scale: 0.80x)

[STEP 43] 开始执行动作...
[ACTION] AI决定: 选卡 8 -> 放入网格(3,3) -> 朝向 2
         坐标映射: 拖拽从(1015,650)至(500,430) -> 方向滑动至(350,430)
[ACTION] ⛔ Fast-Fail! 目标网格(3,3)非绿色高亮(绿像素:0)。取消拖拽。
[REWARD] 执行前血条数: 0 -> 执行后血条数: 0
[REWARD] ⛔ 非法区域/无费用，已被 CV 阻断。奖励 -1.0 (连续无作为: 1次)
[TemplateMatcher] pause_gear.png -> max conf: 0.906 (needs 0.5, optimal scale: 0.80x)

[STEP 44] 开始执行动作...
[ACTION] AI决定: 选卡 0 -> 放入网格(5,4) -> 朝向 1
         坐标映射: 拖拽从(295,650)至(700,510) -> 方向滑动至(700,660)
[ACTION] ⛔ Fast-Fail! 目标网格(5,4)非绿色高亮(绿像素:0)。取消拖拽。
[REWARD] 执行前血条数: 0 -> 执行后血条数: 0
[REWARD] ⛔ 非法区域/无费用，已被 CV 阻断。奖励 -1.0 (连续无作为: 2次)
[TemplateMatcher] pause_gear.png -> max conf: 0.907 (needs 0.5, optimal scale: 0.80x)

[STEP 45] 开始执行动作...
[ACTION] AI决定: 选卡 6 -> 放入网格(1,3) -> 朝向 0
         坐标映射: 拖拽从(835,650)至(300,430) -> 方向滑动至(300,280)
[ACTION] ⛔ Fast-Fail! 目标网格(1,3)非绿色高亮(绿像素:0)。取消拖拽。
[REWARD] 执行前血条数: 0 -> 执行后血条数: 0
[REWARD] ⛔ 非法区域/无费用，已被 CV 阻断。奖励 -1.0 (连续无作为: 3次)
[TemplateMatcher] pause_gear.png -> max conf: 0.907 (needs 0.5, optimal scale: 0.80x)

[STEP 46] 开始执行动作...
[ACTION] AI决定: 选卡 1 -> 放入网格(3,0) -> 朝向 1
         坐标映射: 拖拽从(385,650)至(500,190) -> 方向滑动至(500,340)
[ACTION] ⛔ Fast-Fail! 目标网格(3,0)非绿色高亮(绿像素:8)。取消拖拽。
[REWARD] 执行前血条数: 0 -> 执行后血条数: 0
[REWARD] ⛔ 非法区域/无费用，已被 CV 阻断。奖励 -1.0 (连续无作为: 4次)
[TemplateMatcher] pause_gear.png -> max conf: 0.908 (needs 0.5, optimal scale: 0.80x)

[STEP 47] 开始执行动作...
[ACTION] AI决定: 选卡 0 -> 放入网格(4,0) -> 朝向 3
         坐标映射: 拖拽从(295,650)至(600,190) -> 方向滑动至(750,190)
[ACTION] ⛔ Fast-Fail! 目标网格(4,0)非绿色高亮(绿像素:0)。取消拖拽。
[REWARD] 执行前血条数: 0 -> 执行后血条数: 0
[REWARD] ⛔ 非法区域/无费用，已被 CV 阻断。奖励 -1.0 (连续无作为: 5次)
[TemplateMatcher] pause_gear.png -> max conf: 0.908 (needs 0.5, optimal scale: 0.80x)

[STEP 48] 开始执行动作...
[ACTION] AI决定: 选卡 4 -> 放入网格(7,1) -> 朝向 3
         坐标映射: 拖拽从(655,650)至(900,270) -> 方向滑动至(1050,270)
[ACTION] ✅ CV校验通过！网格(7,1)具有高亮绿色(像素:616)，准许拖拽。
[REWARD] 执行前血条数: 0 -> 执行后血条数: 0
[REWARD] 部署失败，计算前后帧 MSE (均方误差) = 355.75
[REWARD] 动作无效，但游戏仍在进行(画面有变化)。奖励 -0.5 (已清空无作为计数器)
[TemplateMatcher] pause_gear.png -> max conf: 0.908 (needs 0.5, optimal scale: 0.80x)

[STEP 49] 开始执行动作...
[ACTION] AI决定: 选卡 4 -> 放入网格(4,2) -> 朝向 0
         坐标映射: 拖拽从(655,650)至(600,350) -> 方向滑动至(600,200)
[ACTION] ⛔ Fast-Fail! 目标网格(4,2)非绿色高亮(绿像素:0)。取消拖拽。
[REWARD] 执行前血条数: 0 -> 执行后血条数: 0
[REWARD] ⛔ 非法区域/无费用，已被 CV 阻断。奖励 -1.0 (连续无作为: 1次)
[TemplateMatcher] pause_gear.png -> max conf: 0.908 (needs 0.5, optimal scale: 0.80x)

[STEP 50] 开始执行动作...
[ACTION] AI决定: 选卡 9 -> 放入网格(5,0) -> 朝向 2
         坐标映射: 拖拽从(1105,650)至(700,190) -> 方向滑动至(550,190)
[ACTION] ✅ CV校验通过！网格(5,0)具有高亮绿色(像素:813)，准许拖拽。
[REWARD] 执行前血条数: 0 -> 执行后血条数: 0
[REWARD] 部署失败，计算前后帧 MSE (均方误差) = 345.07
[REWARD] 动作无效，但游戏仍在进行(画面有变化)。奖励 -0.5 (已清空无作为计数器)
[TemplateMatcher] pause_gear.png -> max conf: 0.908 (needs 0.5, optimal scale: 0.80x)

[STEP 51] 开始执行动作...
[ACTION] AI决定: 选卡 2 -> 放入网格(1,4) -> 朝向 1
         坐标映射: 拖拽从(475,650)至(300,510) -> 方向滑动至(300,660)
[ACTION] ⛔ Fast-Fail! 目标网格(1,4)非绿色高亮(绿像素:0)。取消拖拽。
[REWARD] 执行前血条数: 0 -> 执行后血条数: 0
[REWARD] ⛔ 非法区域/无费用，已被 CV 阻断。奖励 -1.0 (连续无作为: 1次)
[TemplateMatcher] pause_gear.png -> max conf: 0.907 (needs 0.5, optimal scale: 0.80x)

[STEP 52] 开始执行动作...
[ACTION] AI决定: 选卡 2 -> 放入网格(2,2) -> 朝向 1
         坐标映射: 拖拽从(475,650)至(400,350) -> 方向滑动至(400,500)
[ACTION] ⛔ Fast-Fail! 目标网格(2,2)非绿色高亮(绿像素:6)。取消拖拽。
[REWARD] 执行前血条数: 0 -> 执行后血条数: 0
[REWARD] ⛔ 非法区域/无费用，已被 CV 阻断。奖励 -1.0 (连续无作为: 2次)
[TemplateMatcher] pause_gear.png -> max conf: 0.908 (needs 0.5, optimal scale: 0.80x)

[STEP 53] 开始执行动作...
[ACTION] AI决定: 选卡 9 -> 放入网格(6,2) -> 朝向 0
         坐标映射: 拖拽从(1105,650)至(800,350) -> 方向滑动至(800,200)
[ACTION] ✅ CV校验通过！网格(6,2)具有高亮绿色(像素:535)，准许拖拽。
[REWARD] 执行前血条数: 0 -> 执行后血条数: 0
[REWARD] 部署失败，计算前后帧 MSE (均方误差) = 307.25
[REWARD] 动作无效，但游戏仍在进行(画面有变化)。奖励 -0.5 (已清空无作为计数器)
[TemplateMatcher] pause_gear.png -> max conf: 0.908 (needs 0.5, optimal scale: 0.80x)

[STEP 54] 开始执行动作...
[ACTION] AI决定: 选卡 0 -> 放入网格(5,0) -> 朝向 3
         坐标映射: 拖拽从(295,650)至(700,190) -> 方向滑动至(850,190)
[ACTION] ⛔ Fast-Fail! 目标网格(5,0)非绿色高亮(绿像素:0)。取消拖拽。
[REWARD] 执行前血条数: 0 -> 执行后血条数: 0
[REWARD] ⛔ 非法区域/无费用，已被 CV 阻断。奖励 -1.0 (连续无作为: 1次)
[TemplateMatcher] pause_gear.png -> max conf: 0.908 (needs 0.5, optimal scale: 0.80x)

[STEP 55] 开始执行动作...
[ACTION] AI决定: 选卡 9 -> 放入网格(2,2) -> 朝向 0
         坐标映射: 拖拽从(1105,650)至(400,350) -> 方向滑动至(400,200)
[ACTION] ✅ CV校验通过！网格(2,2)具有高亮绿色(像素:57)，准许拖拽。
[REWARD] 执行前血条数: 0 -> 执行后血条数: 0
[REWARD] 部署失败，计算前后帧 MSE (均方误差) = 2790.24
[REWARD] 动作无效，但游戏仍在进行(画面有变化)。奖励 -0.5 (已清空无作为计数器)
[TemplateMatcher] pause_gear.png -> max conf: 0.907 (needs 0.5, optimal scale: 0.80x)

[STEP 56] 开始执行动作...
[ACTION] AI决定: 选卡 2 -> 放入网格(0,1) -> 朝向 2
         坐标映射: 拖拽从(475,650)至(200,270) -> 方向滑动至(50,270)
[ACTION] ⛔ Fast-Fail! 目标网格(0,1)非绿色高亮(绿像素:0)。取消拖拽。
[REWARD] 执行前血条数: 0 -> 执行后血条数: 0
[REWARD] ⛔ 非法区域/无费用，已被 CV 阻断。奖励 -1.0 (连续无作为: 1次)
[TemplateMatcher] pause_gear.png -> max conf: 0.908 (needs 0.5, optimal scale: 0.80x)

[STEP 57] 开始执行动作...
[ACTION] AI决定: 选卡 6 -> 放入网格(3,2) -> 朝向 3
         坐标映射: 拖拽从(835,650)至(500,350) -> 方向滑动至(650,350)
[ACTION] ✅ CV校验通过！网格(3,2)具有高亮绿色(像素:360)，准许拖拽。
[REWARD] 执行前血条数: 0 -> 执行后血条数: 0
[REWARD] 部署失败，计算前后帧 MSE (均方误差) = 3183.82
[REWARD] 动作无效，但游戏仍在进行(画面有变化)。奖励 -0.5 (已清空无作为计数器)
[TemplateMatcher] pause_gear.png -> max conf: 0.908 (needs 0.5, optimal scale: 0.80x)

[STEP 58] 开始执行动作...
[ACTION] AI决定: 选卡 1 -> 放入网格(4,4) -> 朝向 0
         坐标映射: 拖拽从(385,650)至(600,510) -> 方向滑动至(600,360)
[ACTION] ⛔ Fast-Fail! 目标网格(4,4)非绿色高亮(绿像素:0)。取消拖拽。
[REWARD] 执行前血条数: 0 -> 执行后血条数: 0
[REWARD] ⛔ 非法区域/无费用，已被 CV 阻断。奖励 -1.0 (连续无作为: 1次)
[TemplateMatcher] pause_gear.png -> max conf: 0.908 (needs 0.5, optimal scale: 0.80x)

[STEP 59] 开始执行动作...
[ACTION] AI决定: 选卡 5 -> 放入网格(1,0) -> 朝向 3
         坐标映射: 拖拽从(745,650)至(300,190) -> 方向滑动至(450,190)
[ACTION] ⛔ Fast-Fail! 目标网格(1,0)非绿色高亮(绿像素:1)。取消拖拽。
[REWARD] 执行前血条数: 0 -> 执行后血条数: 0
[REWARD] ⛔ 非法区域/无费用，已被 CV 阻断。奖励 -1.0 (连续无作为: 2次)
[TemplateMatcher] pause_gear.png -> max conf: 0.908 (needs 0.5, optimal scale: 0.80x)

[STEP 60] 开始执行动作...
[ACTION] AI决定: 选卡 4 -> 放入网格(9,4) -> 朝向 3
         坐标映射: 拖拽从(655,650)至(1100,510) -> 方向滑动至(1250,510)
[ACTION] ⛔ Fast-Fail! 目标网格(9,4)非绿色高亮(绿像素:0)。取消拖拽。
[REWARD] 执行前血条数: 0 -> 执行后血条数: 0
[REWARD] ⛔ 非法区域/无费用，已被 CV 阻断。奖励 -1.0 (连续无作为: 3次)
[TemplateMatcher] pause_gear.png -> max conf: 0.908 (needs 0.5, optimal scale: 0.80x)

[STEP 61] 开始执行动作...
[ACTION] AI决定: 选卡 1 -> 放入网格(0,1) -> 朝向 2
         坐标映射: 拖拽从(385,650)至(200,270) -> 方向滑动至(50,270)
[ACTION] ⛔ Fast-Fail! 目标网格(0,1)非绿色高亮(绿像素:0)。取消拖拽。
[REWARD] 执行前血条数: 0 -> 执行后血条数: 0
[REWARD] ⛔ 非法区域/无费用，已被 CV 阻断。奖励 -1.0 (连续无作为: 4次)
[TemplateMatcher] pause_gear.png -> max conf: 0.908 (needs 0.5, optimal scale: 0.80x)

[STEP 62] 开始执行动作...
[ACTION] AI决定: 选卡 8 -> 放入网格(0,2) -> 朝向 3
         坐标映射: 拖拽从(1015,650)至(200,350) -> 方向滑动至(350,350)
[ACTION] ⛔ Fast-Fail! 目标网格(0,2)非绿色高亮(绿像素:0)。取消拖拽。
[REWARD] 执行前血条数: 0 -> 执行后血条数: 0
[REWARD] ⛔ 非法区域/无费用，已被 CV 阻断。奖励 -1.0 (连续无作为: 5次)
[TemplateMatcher] pause_gear.png -> max conf: 0.908 (needs 0.5, optimal scale: 0.80x)

[STEP 63] 开始执行动作...
[ACTION] AI决定: 选卡 8 -> 放入网格(5,0) -> 朝向 0
         坐标映射: 拖拽从(1015,650)至(700,190) -> 方向滑动至(700,40)
[ACTION] ⛔ Fast-Fail! 目标网格(5,0)非绿色高亮(绿像素:0)。取消拖拽。
[REWARD] 执行前血条数: 0 -> 执行后血条数: 0
[REWARD] ⛔ 非法区域/无费用，已被 CV 阻断。奖励 -1.0 (连续无作为: 6次)
[TemplateMatcher] pause_gear.png -> max conf: 0.908 (needs 0.5, optimal scale: 0.80x)

[STEP 64] 开始执行动作...
[ACTION] AI决定: 选卡 3 -> 放入网格(0,1) -> 朝向 1
         坐标映射: 拖拽从(565,650)至(200,270) -> 方向滑动至(200,420)
[ACTION] ⛔ Fast-Fail! 目标网格(0,1)非绿色高亮(绿像素:0)。取消拖拽。
[REWARD] 执行前血条数: 0 -> 执行后血条数: 0
[REWARD] ⛔ 非法区域/无费用，已被 CV 阻断。奖励 -1.0 (连续无作为: 7次)
[TemplateMatcher] pause_gear.png -> max conf: 0.908 (needs 0.5, optimal scale: 0.80x)

[STEP 65] 开始执行动作...
[ACTION] AI决定: 选卡 4 -> 放入网格(3,2) -> 朝向 1
         坐标映射: 拖拽从(655,650)至(500,350) -> 方向滑动至(500,500)
[ACTION] ⛔ Fast-Fail! 目标网格(3,2)非绿色高亮(绿像素:11)。取消拖拽。
[REWARD] 执行前血条数: 0 -> 执行后血条数: 0
[REWARD] ⛔ 非法区域/无费用，已被 CV 阻断。奖励 -1.0 (连续无作为: 8次)
[TemplateMatcher] pause_gear.png -> max conf: 0.908 (needs 0.5, optimal scale: 0.80x)

[STEP 66] 开始执行动作...
[ACTION] AI决定: 选卡 4 -> 放入网格(4,4) -> 朝向 1
         坐标映射: 拖拽从(655,650)至(600,510) -> 方向滑动至(600,660)
[ACTION] ⛔ Fast-Fail! 目标网格(4,4)非绿色高亮(绿像素:0)。取消拖拽。
[REWARD] 执行前血条数: 0 -> 执行后血条数: 0
[REWARD] ⛔ 非法区域/无费用，已被 CV 阻断。奖励 -1.0 (连续无作为: 9次)
[TemplateMatcher] pause_gear.png -> max conf: 0.908 (needs 0.5, optimal scale: 0.80x)

[STEP 67] 开始执行动作...
[ACTION] AI决定: 选卡 3 -> 放入网格(8,0) -> 朝向 0
         坐标映射: 拖拽从(565,650)至(1000,190) -> 方向滑动至(1000,40)
[ACTION] ⛔ Fast-Fail! 目标网格(8,0)非绿色高亮(绿像素:0)。取消拖拽。
[REWARD] 执行前血条数: 0 -> 执行后血条数: 0
[REWARD] ⛔ 非法区域/无费用，已被 CV 阻断。奖励 -1.0 (连续无作为: 10次)
[TemplateMatcher] pause_gear.png -> max conf: 0.908 (needs 0.5, optimal scale: 0.80x)

[STEP 68] 开始执行动作...
[ACTION] AI决定: 选卡 6 -> 放入网格(3,2) -> 朝向 2
         坐标映射: 拖拽从(835,650)至(500,350) -> 方向滑动至(350,350)
[ACTION] ⛔ Fast-Fail! 目标网格(3,2)非绿色高亮(绿像素:0)。取消拖拽。
[REWARD] 执行前血条数: 0 -> 执行后血条数: 0
[REWARD] ⛔ 非法区域/无费用，已被 CV 阻断。奖励 -1.0 (连续无作为: 11次)
[TemplateMatcher] pause_gear.png -> max conf: 0.908 (needs 0.5, optimal scale: 0.80x)

[STEP 69] 开始执行动作...
[ACTION] AI决定: 选卡 7 -> 放入网格(9,4) -> 朝向 0
         坐标映射: 拖拽从(925,650)至(1100,510) -> 方向滑动至(1100,360)
[ACTION] ⛔ Fast-Fail! 目标网格(9,4)非绿色高亮(绿像素:0)。取消拖拽。
[REWARD] 执行前血条数: 0 -> 执行后血条数: 0
[REWARD] ⛔ 非法区域/无费用，已被 CV 阻断。奖励 -1.0 (连续无作为: 12次)
[TemplateMatcher] pause_gear.png -> max conf: 0.908 (needs 0.5, optimal scale: 0.80x)

[STEP 70] 开始执行动作...
[ACTION] AI决定: 选卡 7 -> 放入网格(7,0) -> 朝向 2
         坐标映射: 拖拽从(925,650)至(900,190) -> 方向滑动至(750,190)
[ACTION] ⛔ Fast-Fail! 目标网格(7,0)非绿色高亮(绿像素:0)。取消拖拽。
[REWARD] 执行前血条数: 0 -> 执行后血条数: 0
[REWARD] ⛔ 非法区域/无费用，已被 CV 阻断。奖励 -1.0 (连续无作为: 13次)
[TemplateMatcher] pause_gear.png -> max conf: 0.908 (needs 0.5, optimal scale: 0.80x)

[STEP 71] 开始执行动作...
[ACTION] AI决定: 选卡 4 -> 放入网格(9,4) -> 朝向 1
         坐标映射: 拖拽从(655,650)至(1100,510) -> 方向滑动至(1100,660)
[ACTION] ⛔ Fast-Fail! 目标网格(9,4)非绿色高亮(绿像素:0)。取消拖拽。
[REWARD] 执行前血条数: 0 -> 执行后血条数: 0
[REWARD] ⛔ 非法区域/无费用，已被 CV 阻断。奖励 -1.0 (连续无作为: 14次)
[TemplateMatcher] pause_gear.png -> max conf: 0.908 (needs 0.5, optimal scale: 0.80x)

[STEP 72] 开始执行动作...
[ACTION] AI决定: 选卡 8 -> 放入网格(0,2) -> 朝向 3
         坐标映射: 拖拽从(1015,650)至(200,350) -> 方向滑动至(350,350)
[ACTION] ⛔ Fast-Fail! 目标网格(0,2)非绿色高亮(绿像素:0)。取消拖拽。
[REWARD] 执行前血条数: 0 -> 执行后血条数: 0
[REWARD] ⛔ 非法区域/无费用，已被 CV 阻断。奖励 -1.0 (连续无作为: 15次)
[TemplateMatcher] pause_gear.png -> max conf: 0.908 (needs 0.5, optimal scale: 0.80x)

[STEP 73] 开始执行动作...
[ACTION] AI决定: 选卡 2 -> 放入网格(7,3) -> 朝向 2
         坐标映射: 拖拽从(475,650)至(900,430) -> 方向滑动至(750,430)
[ACTION] ⛔ Fast-Fail! 目标网格(7,3)非绿色高亮(绿像素:3)。取消拖拽。
[REWARD] 执行前血条数: 0 -> 执行后血条数: 0
[REWARD] ⛔ 非法区域/无费用，已被 CV 阻断。奖励 -1.0 (连续无作为: 16次)
[TemplateMatcher] pause_gear.png -> max conf: 0.908 (needs 0.5, optimal scale: 0.80x)

[STEP 74] 开始执行动作...
[ACTION] AI决定: 选卡 9 -> 放入网格(1,1) -> 朝向 2
         坐标映射: 拖拽从(1105,650)至(300,270) -> 方向滑动至(150,270)
[ACTION] ✅ CV校验通过！网格(1,1)具有高亮绿色(像素:231)，准许拖拽。
[REWARD] 执行前血条数: 0 -> 执行后血条数: 0
[REWARD] 部署失败，计算前后帧 MSE (均方误差) = 826.92
[REWARD] 动作无效，但游戏仍在进行(画面有变化)。奖励 -0.5 (已清空无作为计数器)
[TemplateMatcher] pause_gear.png -> max conf: 0.908 (needs 0.5, optimal scale: 0.80x)

[STEP 75] 开始执行动作...
[ACTION] AI决定: 选卡 5 -> 放入网格(2,1) -> 朝向 3
         坐标映射: 拖拽从(745,650)至(400,270) -> 方向滑动至(550,270)
[ACTION] ✅ CV校验通过！网格(2,1)具有高亮绿色(像素:865)，准许拖拽。
[REWARD] 执行前血条数: 0 -> 执行后血条数: 0
[REWARD] 部署失败，计算前后帧 MSE (均方误差) = 309.02
[REWARD] 动作无效，但游戏仍在进行(画面有变化)。奖励 -0.5 (已清空无作为计数器)
[TemplateMatcher] pause_gear.png -> max conf: 0.908 (needs 0.5, optimal scale: 0.80x)

[STEP 76] 开始执行动作...
[ACTION] AI决定: 选卡 6 -> 放入网格(3,2) -> 朝向 3
         坐标映射: 拖拽从(835,650)至(500,350) -> 方向滑动至(650,350)
[ACTION] ✅ CV校验通过！网格(3,2)具有高亮绿色(像素:359)，准许拖拽。
[REWARD] 执行前血条数: 0 -> 执行后血条数: 0
[REWARD] 部署失败，计算前后帧 MSE (均方误差) = 3063.96
[REWARD] 动作无效，但游戏仍在进行(画面有变化)。奖励 -0.5 (已清空无作为计数器)
[TemplateMatcher] pause_gear.png -> max conf: 0.907 (needs 0.5, optimal scale: 0.80x)

[STEP 77] 开始执行动作...
[ACTION] AI决定: 选卡 1 -> 放入网格(5,0) -> 朝向 1
         坐标映射: 拖拽从(385,650)至(700,190) -> 方向滑动至(700,340)
[ACTION] ⛔ Fast-Fail! 目标网格(5,0)非绿色高亮(绿像素:0)。取消拖拽。
[REWARD] 执行前血条数: 0 -> 执行后血条数: 0
[REWARD] ⛔ 非法区域/无费用，已被 CV 阻断。奖励 -1.0 (连续无作为: 1次)
[TemplateMatcher] pause_gear.png -> max conf: 0.908 (needs 0.5, optimal scale: 0.80x)

[STEP 78] 开始执行动作...
[ACTION] AI决定: 选卡 9 -> 放入网格(7,3) -> 朝向 2
         坐标映射: 拖拽从(1105,650)至(900,430) -> 方向滑动至(750,430)
[ACTION] ⛔ Fast-Fail! 目标网格(7,3)非绿色高亮(绿像素:3)。取消拖拽。
[REWARD] 执行前血条数: 0 -> 执行后血条数: 0
[REWARD] ⛔ 非法区域/无费用，已被 CV 阻断。奖励 -1.0 (连续无作为: 2次)
[TemplateMatcher] pause_gear.png -> max conf: 0.908 (needs 0.5, optimal scale: 0.80x)

[STEP 79] 开始执行动作...
[ACTION] AI决定: 选卡 7 -> 放入网格(3,4) -> 朝向 1
         坐标映射: 拖拽从(925,650)至(500,510) -> 方向滑动至(500,660)
[ACTION] ⛔ Fast-Fail! 目标网格(3,4)非绿色高亮(绿像素:0)。取消拖拽。
[REWARD] 执行前血条数: 0 -> 执行后血条数: 0
[REWARD] ⛔ 非法区域/无费用，已被 CV 阻断。奖励 -1.0 (连续无作为: 3次)
[TemplateMatcher] pause_gear.png -> max conf: 0.908 (needs 0.5, optimal scale: 0.80x)

[STEP 80] 开始执行动作...
[ACTION] AI决定: 选卡 1 -> 放入网格(9,1) -> 朝向 1
         坐标映射: 拖拽从(385,650)至(1100,270) -> 方向滑动至(1100,420)
[ACTION] ⛔ Fast-Fail! 目标网格(9,1)非绿色高亮(绿像素:0)。取消拖拽。
[REWARD] 执行前血条数: 0 -> 执行后血条数: 0
[REWARD] ⛔ 非法区域/无费用，已被 CV 阻断。奖励 -1.0 (连续无作为: 4次)
[TemplateMatcher] pause_gear.png -> max conf: 0.908 (needs 0.5, optimal scale: 0.80x)

[STEP 81] 开始执行动作...
[ACTION] AI决定: 选卡 3 -> 放入网格(9,4) -> 朝向 2
         坐标映射: 拖拽从(565,650)至(1100,510) -> 方向滑动至(950,510)
[ACTION] ⛔ Fast-Fail! 目标网格(9,4)非绿色高亮(绿像素:0)。取消拖拽。
[REWARD] 执行前血条数: 0 -> 执行后血条数: 0
[REWARD] ⛔ 非法区域/无费用，已被 CV 阻断。奖励 -1.0 (连续无作为: 5次)
[TemplateMatcher] pause_gear.png -> max conf: 0.908 (needs 0.5, optimal scale: 0.80x)

[STEP 82] 开始执行动作...
[ACTION] AI决定: 选卡 2 -> 放入网格(4,0) -> 朝向 0
         坐标映射: 拖拽从(475,650)至(600,190) -> 方向滑动至(600,40)
[ACTION] ⛔ Fast-Fail! 目标网格(4,0)非绿色高亮(绿像素:0)。取消拖拽。
[REWARD] 执行前血条数: 0 -> 执行后血条数: 0
[REWARD] ⛔ 非法区域/无费用，已被 CV 阻断。奖励 -1.0 (连续无作为: 6次)
[TemplateMatcher] pause_gear.png -> max conf: 0.908 (needs 0.5, optimal scale: 0.80x)

[STEP 83] 开始执行动作...
[ACTION] AI决定: 选卡 9 -> 放入网格(1,4) -> 朝向 2
         坐标映射: 拖拽从(1105,650)至(300,510) -> 方向滑动至(150,510)
[ACTION] ⛔ Fast-Fail! 目标网格(1,4)非绿色高亮(绿像素:0)。取消拖拽。
[REWARD] 执行前血条数: 0 -> 执行后血条数: 0
[REWARD] ⛔ 非法区域/无费用，已被 CV 阻断。奖励 -1.0 (连续无作为: 7次)
[TemplateMatcher] pause_gear.png -> max conf: 0.908 (needs 0.5, optimal scale: 0.80x)

[STEP 84] 开始执行动作...
[ACTION] AI决定: 选卡 2 -> 放入网格(3,1) -> 朝向 3
         坐标映射: 拖拽从(475,650)至(500,270) -> 方向滑动至(650,270)
[ACTION] ⛔ Fast-Fail! 目标网格(3,1)非绿色高亮(绿像素:14)。取消拖拽。
[REWARD] 执行前血条数: 0 -> 执行后血条数: 0
[REWARD] ⛔ 非法区域/无费用，已被 CV 阻断。奖励 -1.0 (连续无作为: 8次)
[TemplateMatcher] pause_gear.png -> max conf: 0.908 (needs 0.5, optimal scale: 0.80x)

[STEP 85] 开始执行动作...
[ACTION] AI决定: 选卡 7 -> 放入网格(1,3) -> 朝向 1
         坐标映射: 拖拽从(925,650)至(300,430) -> 方向滑动至(300,580)
[ACTION] ⛔ Fast-Fail! 目标网格(1,3)非绿色高亮(绿像素:0)。取消拖拽。
[REWARD] 执行前血条数: 0 -> 执行后血条数: 0
[REWARD] ⛔ 非法区域/无费用，已被 CV 阻断。奖励 -1.0 (连续无作为: 9次)
[TemplateMatcher] pause_gear.png -> max conf: 0.908 (needs 0.5, optimal scale: 0.80x)

[STEP 86] 开始执行动作...
[ACTION] AI决定: 选卡 9 -> 放入网格(0,3) -> 朝向 3
         坐标映射: 拖拽从(1105,650)至(200,430) -> 方向滑动至(350,430)
[ACTION] ⛔ Fast-Fail! 目标网格(0,3)非绿色高亮(绿像素:0)。取消拖拽。
[REWARD] 执行前血条数: 0 -> 执行后血条数: 0
[REWARD] ⛔ 非法区域/无费用，已被 CV 阻断。奖励 -1.0 (连续无作为: 10次)
[TemplateMatcher] pause_gear.png -> max conf: 0.908 (needs 0.5, optimal scale: 0.80x)

[STEP 87] 开始执行动作...
[ACTION] AI决定: 选卡 1 -> 放入网格(0,2) -> 朝向 1
         坐标映射: 拖拽从(385,650)至(200,350) -> 方向滑动至(200,500)
[ACTION] ⛔ Fast-Fail! 目标网格(0,2)非绿色高亮(绿像素:0)。取消拖拽。
[REWARD] 执行前血条数: 0 -> 执行后血条数: 0
[REWARD] ⛔ 非法区域/无费用，已被 CV 阻断。奖励 -1.0 (连续无作为: 11次)
[TemplateMatcher] pause_gear.png -> max conf: 0.908 (needs 0.5, optimal scale: 0.80x)

[STEP 88] 开始执行动作...
[ACTION] AI决定: 选卡 3 -> 放入网格(4,4) -> 朝向 3
         坐标映射: 拖拽从(565,650)至(600,510) -> 方向滑动至(750,510)
[ACTION] ⛔ Fast-Fail! 目标网格(4,4)非绿色高亮(绿像素:0)。取消拖拽。
[REWARD] 执行前血条数: 0 -> 执行后血条数: 0
[REWARD] ⛔ 非法区域/无费用，已被 CV 阻断。奖励 -1.0 (连续无作为: 12次)
[TemplateMatcher] pause_gear.png -> max conf: 0.908 (needs 0.5, optimal scale: 0.80x)

[STEP 89] 开始执行动作...
[ACTION] AI决定: 选卡 7 -> 放入网格(0,4) -> 朝向 2
         坐标映射: 拖拽从(925,650)至(200,510) -> 方向滑动至(50,510)
[ACTION] ⛔ Fast-Fail! 目标网格(0,4)非绿色高亮(绿像素:0)。取消拖拽。
[REWARD] 执行前血条数: 0 -> 执行后血条数: 0
[REWARD] ⛔ 非法区域/无费用，已被 CV 阻断。奖励 -1.0 (连续无作为: 13次)
[TemplateMatcher] pause_gear.png -> max conf: 0.908 (needs 0.5, optimal scale: 0.80x)

[STEP 90] 开始执行动作...
[ACTION] AI决定: 选卡 7 -> 放入网格(8,2) -> 朝向 0
         坐标映射: 拖拽从(925,650)至(1000,350) -> 方向滑动至(1000,200)
[ACTION] ⛔ Fast-Fail! 目标网格(8,2)非绿色高亮(绿像素:0)。取消拖拽。
[REWARD] 执行前血条数: 0 -> 执行后血条数: 0
[REWARD] ⛔ 非法区域/无费用，已被 CV 阻断。奖励 -1.0 (连续无作为: 14次)
[TemplateMatcher] pause_gear.png -> max conf: 0.908 (needs 0.5, optimal scale: 0.80x)

[STEP 91] 开始执行动作...
[ACTION] AI决定: 选卡 9 -> 放入网格(4,0) -> 朝向 2
         坐标映射: 拖拽从(1105,650)至(600,190) -> 方向滑动至(450,190)
[ACTION] ⛔ Fast-Fail! 目标网格(4,0)非绿色高亮(绿像素:0)。取消拖拽。
[REWARD] 执行前血条数: 0 -> 执行后血条数: 0
[REWARD] ⛔ 非法区域/无费用，已被 CV 阻断。奖励 -1.0 (连续无作为: 15次)
[TemplateMatcher] pause_gear.png -> max conf: 0.908 (needs 0.5, optimal scale: 0.80x)

[STEP 92] 开始执行动作...
[ACTION] AI决定: 选卡 7 -> 放入网格(7,2) -> 朝向 3
         坐标映射: 拖拽从(925,650)至(900,350) -> 方向滑动至(1050,350)
[ACTION] ⛔ Fast-Fail! 目标网格(7,2)非绿色高亮(绿像素:0)。取消拖拽。
[REWARD] 执行前血条数: 0 -> 执行后血条数: 0
[REWARD] ⛔ 非法区域/无费用，已被 CV 阻断。奖励 -1.0 (连续无作为: 16次)
[TemplateMatcher] pause_gear.png -> max conf: 0.908 (needs 0.5, optimal scale: 0.80x)

[STEP 93] 开始执行动作...
[ACTION] AI决定: 选卡 0 -> 放入网格(9,4) -> 朝向 2
         坐标映射: 拖拽从(295,650)至(1100,510) -> 方向滑动至(950,510)
[ACTION] ⛔ Fast-Fail! 目标网格(9,4)非绿色高亮(绿像素:0)。取消拖拽。
[REWARD] 执行前血条数: 0 -> 执行后血条数: 0
[REWARD] ⛔ 非法区域/无费用，已被 CV 阻断。奖励 -1.0 (连续无作为: 17次)
[TemplateMatcher] pause_gear.png -> max conf: 0.908 (needs 0.5, optimal scale: 0.80x)

[STEP 94] 开始执行动作...
[ACTION] AI决定: 选卡 7 -> 放入网格(6,2) -> 朝向 3
         坐标映射: 拖拽从(925,650)至(800,350) -> 方向滑动至(950,350)
[ACTION] ✅ CV校验通过！网格(6,2)具有高亮绿色(像素:223)，准许拖拽。
[REWARD] 执行前血条数: 0 -> 执行后血条数: 0
[REWARD] 部署失败，计算前后帧 MSE (均方误差) = 368.73
[REWARD] 动作无效，但游戏仍在进行(画面有变化)。奖励 -0.5 (已清空无作为计数器)
[TemplateMatcher] pause_gear.png -> max conf: 0.908 (needs 0.5, optimal scale: 0.80x)

[STEP 95] 开始执行动作...
[ACTION] AI决定: 选卡 2 -> 放入网格(9,2) -> 朝向 3
         坐标映射: 拖拽从(475,650)至(1100,350) -> 方向滑动至(1250,350)
[ACTION] ✅ CV校验通过！网格(9,2)具有高亮绿色(像素:860)，准许拖拽。
[REWARD] 执行前血条数: 0 -> 执行后血条数: 0
[REWARD] 部署失败，计算前后帧 MSE (均方误差) = 489.12
[REWARD] 动作无效，但游戏仍在进行(画面有变化)。奖励 -0.5 (已清空无作为计数器)
[TemplateMatcher] pause_gear.png -> max conf: 0.908 (needs 0.5, optimal scale: 0.80x)

[STEP 96] 开始执行动作...
[ACTION] AI决定: 选卡 1 -> 放入网格(9,1) -> 朝向 3
         坐标映射: 拖拽从(385,650)至(1100,270) -> 方向滑动至(1250,270)
[ACTION] ⛔ Fast-Fail! 目标网格(9,1)非绿色高亮(绿像素:0)。取消拖拽。
[REWARD] 执行前血条数: 0 -> 执行后血条数: 0
[REWARD] ⛔ 非法区域/无费用，已被 CV 阻断。奖励 -1.0 (连续无作为: 1次)
[TemplateMatcher] pause_gear.png -> max conf: 0.908 (needs 0.5, optimal scale: 0.80x)

[STEP 97] 开始执行动作...
[ACTION] AI决定: 选卡 5 -> 放入网格(1,4) -> 朝向 3
         坐标映射: 拖拽从(745,650)至(300,510) -> 方向滑动至(450,510)
[ACTION] ⛔ Fast-Fail! 目标网格(1,4)非绿色高亮(绿像素:12)。取消拖拽。
[REWARD] 执行前血条数: 0 -> 执行后血条数: 0
[REWARD] ⛔ 非法区域/无费用，已被 CV 阻断。奖励 -1.0 (连续无作为: 2次)
[TemplateMatcher] pause_gear.png -> max conf: 0.907 (needs 0.5, optimal scale: 0.80x)

[STEP 98] 开始执行动作...
[ACTION] AI决定: 选卡 1 -> 放入网格(6,1) -> 朝向 3
         坐标映射: 拖拽从(385,650)至(800,270) -> 方向滑动至(950,270)
[ACTION] ⛔ Fast-Fail! 目标网格(6,1)非绿色高亮(绿像素:0)。取消拖拽。
[REWARD] 执行前血条数: 0 -> 执行后血条数: 0
[REWARD] ⛔ 非法区域/无费用，已被 CV 阻断。奖励 -1.0 (连续无作为: 3次)
[TemplateMatcher] pause_gear.png -> max conf: 0.908 (needs 0.5, optimal scale: 0.80x)

[STEP 99] 开始执行动作...
[ACTION] AI决定: 选卡 9 -> 放入网格(5,3) -> 朝向 3
         坐标映射: 拖拽从(1105,650)至(700,430) -> 方向滑动至(850,430)
[ACTION] ⛔ Fast-Fail! 目标网格(5,3)非绿色高亮(绿像素:0)。取消拖拽。
[REWARD] 执行前血条数: 0 -> 执行后血条数: 0
[REWARD] ⛔ 非法区域/无费用，已被 CV 阻断。奖励 -1.0 (连续无作为: 4次)
[TemplateMatcher] pause_gear.png -> max conf: 0.907 (needs 0.5, optimal scale: 0.80x)

[STEP 100] 开始执行动作...
[ACTION] AI决定: 选卡 7 -> 放入网格(5,1) -> 朝向 2
         坐标映射: 拖拽从(925,650)至(700,270) -> 方向滑动至(550,270)
[ACTION] ✅ CV校验通过！网格(5,1)具有高亮绿色(像素:360)，准许拖拽。
[REWARD] 执行前血条数: 0 -> 执行后血条数: 0
[REWARD] 部署失败，计算前后帧 MSE (均方误差) = 1005.63
[REWARD] 动作无效，但游戏仍在进行(画面有变化)。奖励 -0.5 (已清空无作为计数器)
[TemplateMatcher] pause_gear.png -> max conf: 0.908 (needs 0.5, optimal scale: 0.80x)

[STEP 101] 开始执行动作...
[ACTION] AI决定: 选卡 7 -> 放入网格(5,1) -> 朝向 3
         坐标映射: 拖拽从(925,650)至(700,270) -> 方向滑动至(850,270)
[ACTION] ⛔ Fast-Fail! 目标网格(5,1)非绿色高亮(绿像素:0)。取消拖拽。
[REWARD] 执行前血条数: 0 -> 执行后血条数: 0
[REWARD] ⛔ 非法区域/无费用，已被 CV 阻断。奖励 -1.0 (连续无作为: 1次)
[TemplateMatcher] pause_gear.png -> max conf: 0.908 (needs 0.5, optimal scale: 0.80x)

[STEP 102] 开始执行动作...
[ACTION] AI决定: 选卡 3 -> 放入网格(2,1) -> 朝向 2
         坐标映射: 拖拽从(565,650)至(400,270) -> 方向滑动至(250,270)
[ACTION] ⛔ Fast-Fail! 目标网格(2,1)非绿色高亮(绿像素:0)。取消拖拽。
[REWARD] 执行前血条数: 0 -> 执行后血条数: 0
[REWARD] ⛔ 非法区域/无费用，已被 CV 阻断。奖励 -1.0 (连续无作为: 2次)
[TemplateMatcher] pause_gear.png -> max conf: 0.908 (needs 0.5, optimal scale: 0.80x)

[STEP 103] 开始执行动作...
[ACTION] AI决定: 选卡 4 -> 放入网格(7,0) -> 朝向 2
         坐标映射: 拖拽从(655,650)至(900,190) -> 方向滑动至(750,190)
[ACTION] ⛔ Fast-Fail! 目标网格(7,0)非绿色高亮(绿像素:0)。取消拖拽。
[REWARD] 执行前血条数: 0 -> 执行后血条数: 0
[REWARD] ⛔ 非法区域/无费用，已被 CV 阻断。奖励 -1.0 (连续无作为: 3次)
[TemplateMatcher] pause_gear.png -> max conf: 0.908 (needs 0.5, optimal scale: 0.80x)

[STEP 104] 开始执行动作...
[ACTION] AI决定: 选卡 0 -> 放入网格(7,0) -> 朝向 0
         坐标映射: 拖拽从(295,650)至(900,190) -> 方向滑动至(900,40)
[ACTION] ⛔ Fast-Fail! 目标网格(7,0)非绿色高亮(绿像素:0)。取消拖拽。
[REWARD] 执行前血条数: 0 -> 执行后血条数: 0
[REWARD] ⛔ 非法区域/无费用，已被 CV 阻断。奖励 -1.0 (连续无作为: 4次)
[TemplateMatcher] pause_gear.png -> max conf: 0.908 (needs 0.5, optimal scale: 0.80x)

[STEP 105] 开始执行动作...
[ACTION] AI决定: 选卡 3 -> 放入网格(2,2) -> 朝向 2
         坐标映射: 拖拽从(565,650)至(400,350) -> 方向滑动至(250,350)
[ACTION] ✅ CV校验通过！网格(2,2)具有高亮绿色(像素:31)，准许拖拽。
[REWARD] 执行前血条数: 0 -> 执行后血条数: 0
[REWARD] 部署失败，计算前后帧 MSE (均方误差) = 303.45
[REWARD] 动作无效，但游戏仍在进行(画面有变化)。奖励 -0.5 (已清空无作为计数器)
[TemplateMatcher] pause_gear.png -> max conf: 0.908 (needs 0.5, optimal scale: 0.80x)

[STEP 106] 开始执行动作...
[ACTION] AI决定: 选卡 8 -> 放入网格(5,4) -> 朝向 0
         坐标映射: 拖拽从(1015,650)至(700,510) -> 方向滑动至(700,360)
[ACTION] ✅ CV校验通过！网格(5,4)具有高亮绿色(像素:900)，准许拖拽。
[REWARD] 执行前血条数: 0 -> 执行后血条数: 0
[REWARD] 部署失败，计算前后帧 MSE (均方误差) = 878.47
[REWARD] 动作无效，但游戏仍在进行(画面有变化)。奖励 -0.5 (已清空无作为计数器)
[TemplateMatcher] pause_gear.png -> max conf: 0.908 (needs 0.5, optimal scale: 0.80x)

[STEP 107] 开始执行动作...
[ACTION] AI决定: 选卡 6 -> 放入网格(9,3) -> 朝向 1
         坐标映射: 拖拽从(835,650)至(1100,430) -> 方向滑动至(1100,580)
[ACTION] ✅ CV校验通过！网格(9,3)具有高亮绿色(像素:103)，准许拖拽。
[REWARD] 执行前血条数: 0 -> 执行后血条数: 0
[REWARD] 部署失败，计算前后帧 MSE (均方误差) = 229.94
[REWARD] 画面未发生明显变化(非法部署)。奖励 -1.0 (连续无作为: 1次)
[TemplateMatcher] pause_gear.png -> max conf: 0.908 (needs 0.5, optimal scale: 0.80x)

[STEP 108] 开始执行动作...
[ACTION] AI决定: 选卡 9 -> 放入网格(3,2) -> 朝向 0
         坐标映射: 拖拽从(1105,650)至(500,350) -> 方向滑动至(500,200)
[ACTION] ✅ CV校验通过！网格(3,2)具有高亮绿色(像素:362)，准许拖拽。
[REWARD] 执行前血条数: 0 -> 执行后血条数: 0
[REWARD] 部署失败，计算前后帧 MSE (均方误差) = 293.56
[REWARD] 画面未发生明显变化(非法部署)。奖励 -1.0 (连续无作为: 2次)
[TemplateMatcher] pause_gear.png -> max conf: 0.908 (needs 0.5, optimal scale: 0.80x)

[STEP 109] 开始执行动作...
[ACTION] AI决定: 选卡 5 -> 放入网格(1,3) -> 朝向 3
         坐标映射: 拖拽从(745,650)至(300,430) -> 方向滑动至(450,430)
[ACTION] ⛔ Fast-Fail! 目标网格(1,3)非绿色高亮(绿像素:0)。取消拖拽。
[REWARD] 执行前血条数: 0 -> 执行后血条数: 0
[REWARD] ⛔ 非法区域/无费用，已被 CV 阻断。奖励 -1.0 (连续无作为: 3次)
[TemplateMatcher] pause_gear.png -> max conf: 0.908 (needs 0.5, optimal scale: 0.80x)

[STEP 110] 开始执行动作...
[ACTION] AI决定: 选卡 9 -> 放入网格(7,2) -> 朝向 0
         坐标映射: 拖拽从(1105,650)至(900,350) -> 方向滑动至(900,200)
[ACTION] ✅ CV校验通过！网格(7,2)具有高亮绿色(像素:332)，准许拖拽。
[REWARD] 执行前血条数: 0 -> 执行后血条数: 0
[REWARD] 部署失败，计算前后帧 MSE (均方误差) = 461.45
[REWARD] 动作无效，但游戏仍在进行(画面有变化)。奖励 -0.5 (已清空无作为计数器)
[TemplateMatcher] pause_gear.png -> max conf: 0.908 (needs 0.5, optimal scale: 0.80x)

[STEP 111] 开始执行动作...
[ACTION] AI决定: 选卡 2 -> 放入网格(4,0) -> 朝向 0
         坐标映射: 拖拽从(475,650)至(600,190) -> 方向滑动至(600,40)
[ACTION] ⛔ Fast-Fail! 目标网格(4,0)非绿色高亮(绿像素:0)。取消拖拽。
[REWARD] 执行前血条数: 0 -> 执行后血条数: 0
[REWARD] ⛔ 非法区域/无费用，已被 CV 阻断。奖励 -1.0 (连续无作为: 1次)
[TemplateMatcher] pause_gear.png -> max conf: 0.908 (needs 0.5, optimal scale: 0.80x)

[STEP 112] 开始执行动作...
[ACTION] AI决定: 选卡 4 -> 放入网格(0,2) -> 朝向 0
         坐标映射: 拖拽从(655,650)至(200,350) -> 方向滑动至(200,200)
[ACTION] ⛔ Fast-Fail! 目标网格(0,2)非绿色高亮(绿像素:0)。取消拖拽。
[REWARD] 执行前血条数: 0 -> 执行后血条数: 0
[REWARD] ⛔ 非法区域/无费用，已被 CV 阻断。奖励 -1.0 (连续无作为: 2次)
[TemplateMatcher] pause_gear.png -> max conf: 0.908 (needs 0.5, optimal scale: 0.80x)

[STEP 113] 开始执行动作...
[ACTION] AI决定: 选卡 6 -> 放入网格(8,4) -> 朝向 1
         坐标映射: 拖拽从(835,650)至(1000,510) -> 方向滑动至(1000,660)
[ACTION] ⛔ Fast-Fail! 目标网格(8,4)非绿色高亮(绿像素:0)。取消拖拽。
[REWARD] 执行前血条数: 0 -> 执行后血条数: 0
[REWARD] ⛔ 非法区域/无费用，已被 CV 阻断。奖励 -1.0 (连续无作为: 3次)
[TemplateMatcher] pause_gear.png -> max conf: 0.908 (needs 0.5, optimal scale: 0.80x)

[STEP 114] 开始执行动作...
[ACTION] AI决定: 选卡 4 -> 放入网格(0,3) -> 朝向 0
         坐标映射: 拖拽从(655,650)至(200,430) -> 方向滑动至(200,280)
[ACTION] ⛔ Fast-Fail! 目标网格(0,3)非绿色高亮(绿像素:1)。取消拖拽。
[REWARD] 执行前血条数: 0 -> 执行后血条数: 0
[REWARD] ⛔ 非法区域/无费用，已被 CV 阻断。奖励 -1.0 (连续无作为: 4次)
[TemplateMatcher] pause_gear.png -> max conf: 0.908 (needs 0.5, optimal scale: 0.80x)

[STEP 115] 开始执行动作...
[ACTION] AI决定: 选卡 7 -> 放入网格(2,3) -> 朝向 3
         坐标映射: 拖拽从(925,650)至(400,430) -> 方向滑动至(550,430)
[ACTION] ✅ CV校验通过！网格(2,3)具有高亮绿色(像素:104)，准许拖拽。
[REWARD] 执行前血条数: 0 -> 执行后血条数: 0
[REWARD] 部署失败，计算前后帧 MSE (均方误差) = 2655.53
[REWARD] 动作无效，但游戏仍在进行(画面有变化)。奖励 -0.5 (已清空无作为计数器)
[TemplateMatcher] pause_gear.png -> max conf: 0.907 (needs 0.5, optimal scale: 0.80x)

[STEP 116] 开始执行动作...
[ACTION] AI决定: 选卡 3 -> 放入网格(7,4) -> 朝向 3
         坐标映射: 拖拽从(565,650)至(900,510) -> 方向滑动至(1050,510)
[ACTION] ⛔ Fast-Fail! 目标网格(7,4)非绿色高亮(绿像素:0)。取消拖拽。
[REWARD] 执行前血条数: 0 -> 执行后血条数: 0
[REWARD] ⛔ 非法区域/无费用，已被 CV 阻断。奖励 -1.0 (连续无作为: 1次)
[TemplateMatcher] pause_gear.png -> max conf: 0.908 (needs 0.5, optimal scale: 0.80x)

[STEP 117] 开始执行动作...
[ACTION] AI决定: 选卡 6 -> 放入网格(2,0) -> 朝向 0
         坐标映射: 拖拽从(835,650)至(400,190) -> 方向滑动至(400,40)
[ACTION] ⛔ Fast-Fail! 目标网格(2,0)非绿色高亮(绿像素:4)。取消拖拽。
[REWARD] 执行前血条数: 0 -> 执行后血条数: 0
[REWARD] ⛔ 非法区域/无费用，已被 CV 阻断。奖励 -1.0 (连续无作为: 2次)
[TemplateMatcher] pause_gear.png -> max conf: 0.908 (needs 0.5, optimal scale: 0.80x)

[STEP 118] 开始执行动作...
[ACTION] AI决定: 选卡 3 -> 放入网格(7,4) -> 朝向 1
         坐标映射: 拖拽从(565,650)至(900,510) -> 方向滑动至(900,660)
[ACTION] ⛔ Fast-Fail! 目标网格(7,4)非绿色高亮(绿像素:0)。取消拖拽。
[REWARD] 执行前血条数: 0 -> 执行后血条数: 0
[REWARD] ⛔ 非法区域/无费用，已被 CV 阻断。奖励 -1.0 (连续无作为: 3次)
[TemplateMatcher] pause_gear.png -> max conf: 0.908 (needs 0.5, optimal scale: 0.80x)

[STEP 119] 开始执行动作...
[ACTION] AI决定: 选卡 6 -> 放入网格(0,0) -> 朝向 2
         坐标映射: 拖拽从(835,650)至(200,190) -> 方向滑动至(50,190)
[ACTION] ⛔ Fast-Fail! 目标网格(0,0)非绿色高亮(绿像素:0)。取消拖拽。
[REWARD] 执行前血条数: 0 -> 执行后血条数: 0
[REWARD] ⛔ 非法区域/无费用，已被 CV 阻断。奖励 -1.0 (连续无作为: 4次)
[TemplateMatcher] pause_gear.png -> max conf: 0.908 (needs 0.5, optimal scale: 0.80x)

[STEP 120] 开始执行动作...
[ACTION] AI决定: 选卡 8 -> 放入网格(7,4) -> 朝向 3
         坐标映射: 拖拽从(1015,650)至(900,510) -> 方向滑动至(1050,510)
[ACTION] ⛔ Fast-Fail! 目标网格(7,4)非绿色高亮(绿像素:0)。取消拖拽。
[REWARD] 执行前血条数: 0 -> 执行后血条数: 0
[REWARD] ⛔ 非法区域/无费用，已被 CV 阻断。奖励 -1.0 (连续无作为: 5次)
[TemplateMatcher] pause_gear.png -> max conf: 0.908 (needs 0.5, optimal scale: 0.80x)

[STEP 121] 开始执行动作...
[ACTION] AI决定: 选卡 9 -> 放入网格(5,2) -> 朝向 3
         坐标映射: 拖拽从(1105,650)至(700,350) -> 方向滑动至(850,350)
[ACTION] ⛔ Fast-Fail! 目标网格(5,2)非绿色高亮(绿像素:0)。取消拖拽。
[REWARD] 执行前血条数: 0 -> 执行后血条数: 0
[REWARD] ⛔ 非法区域/无费用，已被 CV 阻断。奖励 -1.0 (连续无作为: 6次)
[TemplateMatcher] pause_gear.png -> max conf: 0.908 (needs 0.5, optimal scale: 0.80x)
----------------------------
| time/              |     |
|    fps             | 0   |
|    iterations      | 1   |
|    time_elapsed    | 259 |
|    total_timesteps | 128 |
----------------------------

[STEP 122] 开始执行动作...
[ACTION] AI决定: 选卡 0 -> 放入网格(8,3) -> 朝向 3
         坐标映射: 拖拽从(295,650)至(1000,430) -> 方向滑动至(1150,430)
[ACTION] ⛔ Fast-Fail! 目标网格(8,3)非绿色高亮(绿像素:11)。取消拖拽。
[REWARD] 执行前血条数: 0 -> 执行后血条数: 0
[REWARD] ⛔ 非法区域/无费用，已被 CV 阻断。奖励 -1.0 (连续无作为: 7次)
[TemplateMatcher] pause_gear.png -> max conf: 0.908 (needs 0.5, optimal scale: 0.80x)

[STEP 123] 开始执行动作...
[ACTION] AI决定: 选卡 1 -> 放入网格(2,0) -> 朝向 2
         坐标映射: 拖拽从(385,650)至(400,190) -> 方向滑动至(250,190)
[ACTION] ⛔ Fast-Fail! 目标网格(2,0)非绿色高亮(绿像素:3)。取消拖拽。
[REWARD] 执行前血条数: 0 -> 执行后血条数: 0
[REWARD] ⛔ 非法区域/无费用，已被 CV 阻断。奖励 -1.0 (连续无作为: 8次)
[TemplateMatcher] pause_gear.png -> max conf: 0.908 (needs 0.5, optimal scale: 0.80x)

[STEP 124] 开始执行动作...
[ACTION] AI决定: 选卡 2 -> 放入网格(5,4) -> 朝向 3
         坐标映射: 拖拽从(475,650)至(700,510) -> 方向滑动至(850,510)
[ACTION] ⛔ Fast-Fail! 目标网格(5,4)非绿色高亮(绿像素:0)。取消拖拽。
[REWARD] 执行前血条数: 0 -> 执行后血条数: 0
[REWARD] ⛔ 非法区域/无费用，已被 CV 阻断。奖励 -1.0 (连续无作为: 9次)
[TemplateMatcher] pause_gear.png -> max conf: 0.908 (needs 0.5, optimal scale: 0.80x)

[STEP 125] 开始执行动作...
[ACTION] AI决定: 选卡 7 -> 放入网格(6,2) -> 朝向 0
         坐标映射: 拖拽从(925,650)至(800,350) -> 方向滑动至(800,200)
[ACTION] ✅ CV校验通过！网格(6,2)具有高亮绿色(像素:299)，准许拖拽。
[REWARD] 执行前血条数: 0 -> 执行后血条数: 0
[REWARD] 部署失败，计算前后帧 MSE (均方误差) = 3475.58
[REWARD] 动作无效，但游戏仍在进行(画面有变化)。奖励 -0.5 (已清空无作为计数器)
[TemplateMatcher] pause_gear.png -> max conf: 0.897 (needs 0.5, optimal scale: 0.80x)

[STEP 126] 开始执行动作...
[ACTION] AI决定: 选卡 1 -> 放入网格(0,4) -> 朝向 0
         坐标映射: 拖拽从(385,650)至(200,510) -> 方向滑动至(200,360)
[ACTION] ⛔ Fast-Fail! 目标网格(0,4)非绿色高亮(绿像素:0)。取消拖拽。
[REWARD] 执行前血条数: 0 -> 执行后血条数: 0
[REWARD] ⛔ 非法区域/无费用，已被 CV 阻断。奖励 -1.0 (连续无作为: 1次)
[TemplateMatcher] pause_gear.png -> max conf: 0.580 (needs 0.5, optimal scale: 0.90x)

[STEP 127] 开始执行动作...
[ACTION] AI决定: 选卡 9 -> 放入网格(1,1) -> 朝向 0
         坐标映射: 拖拽从(1105,650)至(300,270) -> 方向滑动至(300,120)
[ACTION] ⛔ Fast-Fail! 目标网格(1,1)非绿色高亮(绿像素:0)。取消拖拽。
[REWARD] 执行前血条数: 0 -> 执行后血条数: 0
[REWARD] ⛔ 非法区域/无费用，已被 CV 阻断。奖励 -1.0 (连续无作为: 2次)
[ENV] 🚨 优先级 1 触发：检测到画面剧烈变化 (MSE=8322.51 > 8000)，判定为场景切换/结算，强制终止回合！

================= 回合结束，开始自动重启关卡 =================
[TemplateMatcher] pause_gear.png -> max conf: 0.000 (needs 0.7, optimal scale: 0.80x)
[DEBUG] 未匹配 [pause_gear] (要求阈值 0.7)
[TemplateMatcher] start_action.png -> max conf: 0.000 (needs 0.45, optimal scale: 0.80x)
[DEBUG] 未匹配 [start_action] (要求阈值 0.45)
[TemplateMatcher] practice.png -> max conf: 0.000 (needs 0.5, optimal scale: 0.80x)
[DEBUG] 未匹配 [practice] (要求阈值 0.5)
[TemplateMatcher] stage_1_7.png -> max conf: 0.000 (needs 0.5, optimal scale: 0.80x)
[DEBUG] 未匹配 [stage_1_7] (要求阈值 0.5)
[RESET] 尝试跳过动画/寻找入口... (尝试 1/100)
[TemplateMatcher] pause_gear.png -> max conf: 0.000 (needs 0.7, optimal scale: 0.80x)
[DEBUG] 未匹配 [pause_gear] (要求阈值 0.7)
[TemplateMatcher] start_action.png -> max conf: 0.000 (needs 0.45, optimal scale: 0.80x)
[DEBUG] 未匹配 [start_action] (要求阈值 0.45)
[TemplateMatcher] practice.png -> max conf: 0.000 (needs 0.5, optimal scale: 0.80x)
[DEBUG] 未匹配 [practice] (要求阈值 0.5)
[TemplateMatcher] stage_1_7.png -> max conf: 0.000 (needs 0.5, optimal scale: 0.80x)
[DEBUG] 未匹配 [stage_1_7] (要求阈值 0.5)
[RESET] 尝试跳过动画/寻找入口... (尝试 2/100)
[TemplateMatcher] pause_gear.png -> max conf: 0.641 (needs 0.7, optimal scale: 0.80x)
[DEBUG] 未匹配 [pause_gear] (要求阈值 0.7)
[TemplateMatcher] start_action.png -> max conf: 0.042 (needs 0.45, optimal scale: 0.80x)
[DEBUG] 未匹配 [start_action] (要求阈值 0.45)
[TemplateMatcher] practice.png -> max conf: 0.575 (needs 0.5, optimal scale: 0.80x)
[RESET] 找到 [practice] (置信度 0.57 >= 0.5)，点击 (1156, 678)
[RESET] 点击演习按钮
[TemplateMatcher] pause_gear.png -> max conf: 0.641 (needs 0.7, optimal scale: 0.80x)
[DEBUG] 未匹配 [pause_gear] (要求阈值 0.7)
[TemplateMatcher] start_action.png -> max conf: 0.042 (needs 0.45, optimal scale: 0.80x)
[DEBUG] 未匹配 [start_action] (要求阈值 0.45)
[TemplateMatcher] practice.png -> max conf: 0.575 (needs 0.5, optimal scale: 0.80x)
[RESET] 找到 [practice] (置信度 0.57 >= 0.5)，点击 (1156, 678)
[RESET] 点击演习按钮
[TemplateMatcher] pause_gear.png -> max conf: 0.490 (needs 0.7, optimal scale: 0.80x)
[DEBUG] 未匹配 [pause_gear] (要求阈值 0.7)
[TemplateMatcher] start_action.png -> max conf: -0.034 (needs 0.45, optimal scale: 0.80x)
[DEBUG] 未匹配 [start_action] (要求阈值 0.45)
[TemplateMatcher] practice.png -> max conf: 0.522 (needs 0.5, optimal scale: 0.80x)
[RESET] 找到 [practice] (置信度 0.52 >= 0.5)，点击 (533, 603)
[RESET] 点击演习按钮
[TemplateMatcher] pause_gear.png -> max conf: 0.490 (needs 0.7, optimal scale: 0.80x)
[DEBUG] 未匹配 [pause_gear] (要求阈值 0.7)
[TemplateMatcher] start_action.png -> max conf: -0.034 (needs 0.45, optimal scale: 0.80x)
[DEBUG] 未匹配 [start_action] (要求阈值 0.45)
[TemplateMatcher] practice.png -> max conf: 0.522 (needs 0.5, optimal scale: 0.80x)
[RESET] 找到 [practice] (置信度 0.52 >= 0.5)，点击 (533, 603)
[RESET] 点击演习按钮
[TemplateMatcher] pause_gear.png -> max conf: 0.462 (needs 0.7, optimal scale: 0.90x)
[DEBUG] 未匹配 [pause_gear] (要求阈值 0.7)
[TemplateMatcher] start_action.png -> max conf: 0.036 (needs 0.45, optimal scale: 0.80x)
[DEBUG] 未匹配 [start_action] (要求阈值 0.45)
[TemplateMatcher] practice.png -> max conf: 0.489 (needs 0.5, optimal scale: 0.85x)
[DEBUG] 未匹配 [practice] (要求阈值 0.5)
[TemplateMatcher] stage_1_7.png -> max conf: 0.712 (needs 0.5, optimal scale: 0.80x)
[RESET] 找到 [stage_1_7] (置信度 0.71 >= 0.5)，点击 (638, 224)
[RESET] 点击关卡 1-7 图标
[TemplateMatcher] pause_gear.png -> max conf: 0.612 (needs 0.7, optimal scale: 1.10x)
[DEBUG] 未匹配 [pause_gear] (要求阈值 0.7)
[TemplateMatcher] start_action.png -> max conf: 0.100 (needs 0.45, optimal scale: 0.80x)
[DEBUG] 未匹配 [start_action] (要求阈值 0.45)
[TemplateMatcher] practice.png -> max conf: 0.687 (needs 0.5, optimal scale: 0.80x)
[RESET] 找到 [practice] (置信度 0.69 >= 0.5)，点击 (935, 660)
[RESET] 点击演习按钮
[TemplateMatcher] pause_gear.png -> max conf: 0.470 (needs 0.7, optimal scale: 1.05x)
[DEBUG] 未匹配 [pause_gear] (要求阈值 0.7)
[TemplateMatcher] start_action.png -> max conf: 0.451 (needs 0.45, optimal scale: 0.80x)
[RESET] 找到 [start_action] (置信度 0.45 >= 0.45)，点击 (1101, 513)
[RESET] 点击开始行动，进入加载...
[TemplateMatcher] pause_gear.png -> max conf: 0.000 (needs 0.7, optimal scale: 0.80x)
[DEBUG] 未匹配 [pause_gear] (要求阈值 0.7)
[TemplateMatcher] start_action.png -> max conf: 0.000 (needs 0.45, optimal scale: 0.80x)
[DEBUG] 未匹配 [start_action] (要求阈值 0.45)
[TemplateMatcher] practice.png -> max conf: 0.000 (needs 0.5, optimal scale: 0.80x)
[DEBUG] 未匹配 [practice] (要求阈值 0.5)
[TemplateMatcher] stage_1_7.png -> max conf: 0.000 (needs 0.5, optimal scale: 0.80x)
[DEBUG] 未匹配 [stage_1_7] (要求阈值 0.5)
[RESET] 尝试跳过动画/寻找入口... (尝试 10/100)
[TemplateMatcher] pause_gear.png -> max conf: 0.511 (needs 0.7, optimal scale: 1.20x)
[DEBUG] 未匹配 [pause_gear] (要求阈值 0.7)
[TemplateMatcher] start_action.png -> max conf: -0.063 (needs 0.45, optimal scale: 0.80x)
[DEBUG] 未匹配 [start_action] (要求阈值 0.45)
[TemplateMatcher] practice.png -> max conf: 0.379 (needs 0.5, optimal scale: 0.90x)
[DEBUG] 未匹配 [practice] (要求阈值 0.5)
[TemplateMatcher] stage_1_7.png -> max conf: 0.411 (needs 0.5, optimal scale: 0.90x)
[DEBUG] 未匹配 [stage_1_7] (要求阈值 0.5)
[RESET] 尝试跳过动画/寻找入口... (尝试 11/100)
[TemplateMatcher] pause_gear.png -> max conf: 0.215 (needs 0.7, optimal scale: 1.20x)
[DEBUG] 未匹配 [pause_gear] (要求阈值 0.7)
[TemplateMatcher] start_action.png -> max conf: 0.224 (needs 0.45, optimal scale: 0.80x)
[DEBUG] 未匹配 [start_action] (要求阈值 0.45)
[TemplateMatcher] practice.png -> max conf: 0.315 (needs 0.5, optimal scale: 0.80x)
[DEBUG] 未匹配 [practice] (要求阈值 0.5)
[TemplateMatcher] stage_1_7.png -> max conf: 0.271 (needs 0.5, optimal scale: 0.80x)
[DEBUG] 未匹配 [stage_1_7] (要求阈值 0.5)
[RESET] 尝试跳过动画/寻找入口... (尝试 12/100)
[TemplateMatcher] pause_gear.png -> max conf: 0.211 (needs 0.7, optimal scale: 1.05x)
[DEBUG] 未匹配 [pause_gear] (要求阈值 0.7)
[TemplateMatcher] start_action.png -> max conf: 0.202 (needs 0.45, optimal scale: 0.80x)
[DEBUG] 未匹配 [start_action] (要求阈值 0.45)
[TemplateMatcher] practice.png -> max conf: 0.297 (needs 0.5, optimal scale: 0.80x)
[DEBUG] 未匹配 [practice] (要求阈值 0.5)
[TemplateMatcher] stage_1_7.png -> max conf: 0.277 (needs 0.5, optimal scale: 0.85x)
[DEBUG] 未匹配 [stage_1_7] (要求阈值 0.5)
[RESET] 尝试跳过动画/寻找入口... (尝试 13/100)
[TemplateMatcher] pause_gear.png -> max conf: 0.828 (needs 0.7, optimal scale: 0.80x)
[RESET] 找到 [pause_gear] (置信度 0.83 >= 0.7)，(仅检测，不点击)
[RESET] ✅ 检测到战斗画面右上角齿轮，重启成功！
================= 关卡重启流程结束 =================

--> [回合结束] 第 2 回合 | 奖励: -114.5 | 步数: 127

[STEP 1] 开始执行动作...
[ACTION] AI决定: 选卡 8 -> 放入网格(0,3) -> 朝向 0
         坐标映射: 拖拽从(1015,650)至(200,430) -> 方向滑动至(200,280)
[ACTION] ⛔ Fast-Fail! 目标网格(0,3)非绿色高亮(绿像素:0)。取消拖拽。
[REWARD] 执行前血条数: 0 -> 执行后血条数: 0
[REWARD] ⛔ 非法区域/无费用，已被 CV 阻断。奖励 -1.0 (连续无作为: 3次)
[TemplateMatcher] pause_gear.png -> max conf: 0.908 (needs 0.5, optimal scale: 0.80x)

[STEP 2] 开始执行动作...
[ACTION] AI决定: 选卡 6 -> 放入网格(8,1) -> 朝向 0
         坐标映射: 拖拽从(835,650)至(1000,270) -> 方向滑动至(1000,120)
[ACTION] ✅ CV校验通过！网格(8,1)具有高亮绿色(像素:582)，准许拖拽。
[REWARD] 执行前血条数: 0 -> 执行后血条数: 0
[REWARD] 部署失败，计算前后帧 MSE (均方误差) = 53.59
[REWARD] 画面未发生明显变化(非法部署)。奖励 -1.0 (连续无作为: 4次)
[TemplateMatcher] pause_gear.png -> max conf: 0.908 (needs 0.5, optimal scale: 0.80x)

[STEP 3] 开始执行动作...
[ACTION] AI决定: 选卡 1 -> 放入网格(5,1) -> 朝向 1
         坐标映射: 拖拽从(385,650)至(700,270) -> 方向滑动至(700,420)
[ACTION] ✅ CV校验通过！网格(5,1)具有高亮绿色(像素:900)，准许拖拽。
[REWARD] 执行前血条数: 0 -> 执行后血条数: 0
[REWARD] 部署失败，计算前后帧 MSE (均方误差) = 614.11
[REWARD] 动作无效，但游戏仍在进行(画面有变化)。奖励 -0.5 (已清空无作为计数器)
[TemplateMatcher] pause_gear.png -> max conf: 0.908 (needs 0.5, optimal scale: 0.80x)

[STEP 4] 开始执行动作...
[ACTION] AI决定: 选卡 6 -> 放入网格(9,2) -> 朝向 0
         坐标映射: 拖拽从(835,650)至(1100,350) -> 方向滑动至(1100,200)
[ACTION] ⛔ Fast-Fail! 目标网格(9,2)非绿色高亮(绿像素:0)。取消拖拽。
[REWARD] 执行前血条数: 0 -> 执行后血条数: 0
[REWARD] ⛔ 非法区域/无费用，已被 CV 阻断。奖励 -1.0 (连续无作为: 1次)
[TemplateMatcher] pause_gear.png -> max conf: 0.907 (needs 0.5, optimal scale: 0.80x)

[STEP 5] 开始执行动作...
[ACTION] AI决定: 选卡 1 -> 放入网格(3,3) -> 朝向 1
         坐标映射: 拖拽从(385,650)至(500,430) -> 方向滑动至(500,580)
[ACTION] ⛔ Fast-Fail! 目标网格(3,3)非绿色高亮(绿像素:0)。取消拖拽。
[REWARD] 执行前血条数: 0 -> 执行后血条数: 0
[REWARD] ⛔ 非法区域/无费用，已被 CV 阻断。奖励 -1.0 (连续无作为: 2次)
[TemplateMatcher] pause_gear.png -> max conf: 0.907 (needs 0.5, optimal scale: 0.80x)

[STEP 6] 开始执行动作...
[ACTION] AI决定: 选卡 3 -> 放入网格(5,3) -> 朝向 0
         坐标映射: 拖拽从(565,650)至(700,430) -> 方向滑动至(700,280)
[ACTION] ✅ CV校验通过！网格(5,3)具有高亮绿色(像素:900)，准许拖拽。
[REWARD] 执行前血条数: 0 -> 执行后血条数: 0
[REWARD] 部署失败，计算前后帧 MSE (均方误差) = 3671.31
[REWARD] 动作无效，但游戏仍在进行(画面有变化)。奖励 -0.5 (已清空无作为计数器)
[TemplateMatcher] pause_gear.png -> max conf: 0.909 (needs 0.5, optimal scale: 0.80x)

[STEP 7] 开始执行动作...
[ACTION] AI决定: 选卡 2 -> 放入网格(4,4) -> 朝向 3
         坐标映射: 拖拽从(475,650)至(600,510) -> 方向滑动至(750,510)
[ACTION] ⛔ Fast-Fail! 目标网格(4,4)非绿色高亮(绿像素:0)。取消拖拽。
[REWARD] 执行前血条数: 0 -> 执行后血条数: 0
[REWARD] ⛔ 非法区域/无费用，已被 CV 阻断。奖励 -1.0 (连续无作为: 1次)
[TemplateMatcher] pause_gear.png -> max conf: 0.908 (needs 0.5, optimal scale: 0.80x)

[STEP 8] 开始执行动作...
[ACTION] AI决定: 选卡 1 -> 放入网格(8,4) -> 朝向 0
         坐标映射: 拖拽从(385,650)至(1000,510) -> 方向滑动至(1000,360)
[ACTION] ⛔ Fast-Fail! 目标网格(8,4)非绿色高亮(绿像素:0)。取消拖拽。
[REWARD] 执行前血条数: 0 -> 执行后血条数: 0
[REWARD] ⛔ 非法区域/无费用，已被 CV 阻断。奖励 -1.0 (连续无作为: 2次)
[TemplateMatcher] pause_gear.png -> max conf: 0.908 (needs 0.5, optimal scale: 0.80x)

[STEP 9] 开始执行动作...
[ACTION] AI决定: 选卡 3 -> 放入网格(3,2) -> 朝向 2
         坐标映射: 拖拽从(565,650)至(500,350) -> 方向滑动至(350,350)
[ACTION] ⛔ Fast-Fail! 目标网格(3,2)非绿色高亮(绿像素:0)。取消拖拽。
[REWARD] 执行前血条数: 0 -> 执行后血条数: 0
[REWARD] ⛔ 非法区域/无费用，已被 CV 阻断。奖励 -1.0 (连续无作为: 3次)
[TemplateMatcher] pause_gear.png -> max conf: 0.908 (needs 0.5, optimal scale: 0.80x)

[STEP 10] 开始执行动作...
[ACTION] AI决定: 选卡 1 -> 放入网格(2,4) -> 朝向 0
         坐标映射: 拖拽从(385,650)至(400,510) -> 方向滑动至(400,360)
[ACTION] ⛔ Fast-Fail! 目标网格(2,4)非绿色高亮(绿像素:0)。取消拖拽。
[REWARD] 执行前血条数: 0 -> 执行后血条数: 0
[REWARD] ⛔ 非法区域/无费用，已被 CV 阻断。奖励 -1.0 (连续无作为: 4次)
[TemplateMatcher] pause_gear.png -> max conf: 0.908 (needs 0.5, optimal scale: 0.80x)

[STEP 11] 开始执行动作...
[ACTION] AI决定: 选卡 1 -> 放入网格(3,3) -> 朝向 3
         坐标映射: 拖拽从(385,650)至(500,430) -> 方向滑动至(650,430)
[ACTION] ⛔ Fast-Fail! 目标网格(3,3)非绿色高亮(绿像素:12)。取消拖拽。
[REWARD] 执行前血条数: 0 -> 执行后血条数: 0
[REWARD] ⛔ 非法区域/无费用，已被 CV 阻断。奖励 -1.0 (连续无作为: 5次)
[TemplateMatcher] pause_gear.png -> max conf: 0.908 (needs 0.5, optimal scale: 0.80x)

[STEP 12] 开始执行动作...
[ACTION] AI决定: 选卡 1 -> 放入网格(9,4) -> 朝向 1
         坐标映射: 拖拽从(385,650)至(1100,510) -> 方向滑动至(1100,660)
[ACTION] ⛔ Fast-Fail! 目标网格(9,4)非绿色高亮(绿像素:0)。取消拖拽。
[REWARD] 执行前血条数: 0 -> 执行后血条数: 0
[REWARD] ⛔ 非法区域/无费用，已被 CV 阻断。奖励 -1.0 (连续无作为: 6次)
[TemplateMatcher] pause_gear.png -> max conf: 0.908 (needs 0.5, optimal scale: 0.80x)

[STEP 13] 开始执行动作...
[ACTION] AI决定: 选卡 6 -> 放入网格(8,4) -> 朝向 2
         坐标映射: 拖拽从(835,650)至(1000,510) -> 方向滑动至(850,510)
[ACTION] ⛔ Fast-Fail! 目标网格(8,4)非绿色高亮(绿像素:0)。取消拖拽。
[REWARD] 执行前血条数: 0 -> 执行后血条数: 0
[REWARD] ⛔ 非法区域/无费用，已被 CV 阻断。奖励 -1.0 (连续无作为: 7次)
[TemplateMatcher] pause_gear.png -> max conf: 0.909 (needs 0.5, optimal scale: 0.80x)

[STEP 14] 开始执行动作...
[ACTION] AI决定: 选卡 5 -> 放入网格(5,3) -> 朝向 0
         坐标映射: 拖拽从(745,650)至(700,430) -> 方向滑动至(700,280)
[ACTION] ⛔ Fast-Fail! 目标网格(5,3)非绿色高亮(绿像素:0)。取消拖拽。
[REWARD] 执行前血条数: 0 -> 执行后血条数: 0
[REWARD] ⛔ 非法区域/无费用，已被 CV 阻断。奖励 -1.0 (连续无作为: 8次)
[TemplateMatcher] pause_gear.png -> max conf: 0.908 (needs 0.5, optimal scale: 0.80x)

[STEP 15] 开始执行动作...
[ACTION] AI决定: 选卡 6 -> 放入网格(9,1) -> 朝向 2
         坐标映射: 拖拽从(835,650)至(1100,270) -> 方向滑动至(950,270)
[ACTION] ⛔ Fast-Fail! 目标网格(9,1)非绿色高亮(绿像素:0)。取消拖拽。
[REWARD] 执行前血条数: 0 -> 执行后血条数: 0
[REWARD] ⛔ 非法区域/无费用，已被 CV 阻断。奖励 -1.0 (连续无作为: 9次)
[TemplateMatcher] pause_gear.png -> max conf: 0.909 (needs 0.5, optimal scale: 0.80x)

[STEP 16] 开始执行动作...
[ACTION] AI决定: 选卡 1 -> 放入网格(2,2) -> 朝向 2
         坐标映射: 拖拽从(385,650)至(400,350) -> 方向滑动至(250,350)
[ACTION] ⛔ Fast-Fail! 目标网格(2,2)非绿色高亮(绿像素:1)。取消拖拽。
[REWARD] 执行前血条数: 0 -> 执行后血条数: 0
[REWARD] ⛔ 非法区域/无费用，已被 CV 阻断。奖励 -1.0 (连续无作为: 10次)
[TemplateMatcher] pause_gear.png -> max conf: 0.909 (needs 0.5, optimal scale: 0.80x)

[STEP 17] 开始执行动作...
[ACTION] AI决定: 选卡 8 -> 放入网格(7,2) -> 朝向 0
         坐标映射: 拖拽从(1015,650)至(900,350) -> 方向滑动至(900,200)
[ACTION] ✅ CV校验通过！网格(7,2)具有高亮绿色(像素:65)，准许拖拽。
[REWARD] 执行前血条数: 0 -> 执行后血条数: 0
[REWARD] 部署失败，计算前后帧 MSE (均方误差) = 1834.59
[REWARD] 动作无效，但游戏仍在进行(画面有变化)。奖励 -0.5 (已清空无作为计数器)
[TemplateMatcher] pause_gear.png -> max conf: 0.909 (needs 0.5, optimal scale: 0.80x)

[STEP 18] 开始执行动作...
[ACTION] AI决定: 选卡 4 -> 放入网格(4,0) -> 朝向 2
         坐标映射: 拖拽从(655,650)至(600,190) -> 方向滑动至(450,190)
[ACTION] ⛔ Fast-Fail! 目标网格(4,0)非绿色高亮(绿像素:0)。取消拖拽。
[REWARD] 执行前血条数: 0 -> 执行后血条数: 0
[REWARD] ⛔ 非法区域/无费用，已被 CV 阻断。奖励 -1.0 (连续无作为: 1次)
[TemplateMatcher] pause_gear.png -> max conf: 0.908 (needs 0.5, optimal scale: 0.80x)

[STEP 19] 开始执行动作...
[ACTION] AI决定: 选卡 0 -> 放入网格(2,0) -> 朝向 1
         坐标映射: 拖拽从(295,650)至(400,190) -> 方向滑动至(400,340)
[ACTION] ⛔ Fast-Fail! 目标网格(2,0)非绿色高亮(绿像素:5)。取消拖拽。
[REWARD] 执行前血条数: 0 -> 执行后血条数: 0
[REWARD] ⛔ 非法区域/无费用，已被 CV 阻断。奖励 -1.0 (连续无作为: 2次)
[TemplateMatcher] pause_gear.png -> max conf: 0.908 (needs 0.5, optimal scale: 0.80x)

[STEP 20] 开始执行动作...
[ACTION] AI决定: 选卡 8 -> 放入网格(8,2) -> 朝向 3
         坐标映射: 拖拽从(1015,650)至(1000,350) -> 方向滑动至(1150,350)
[ACTION] ⛔ Fast-Fail! 目标网格(8,2)非绿色高亮(绿像素:0)。取消拖拽。
[REWARD] 执行前血条数: 0 -> 执行后血条数: 0
[REWARD] ⛔ 非法区域/无费用，已被 CV 阻断。奖励 -1.0 (连续无作为: 3次)
[TemplateMatcher] pause_gear.png -> max conf: 0.908 (needs 0.5, optimal scale: 0.80x)

[STEP 21] 开始执行动作...
[ACTION] AI决定: 选卡 7 -> 放入网格(5,1) -> 朝向 2
         坐标映射: 拖拽从(925,650)至(700,270) -> 方向滑动至(550,270)
[ACTION] ⛔ Fast-Fail! 目标网格(5,1)非绿色高亮(绿像素:0)。取消拖拽。
[REWARD] 执行前血条数: 0 -> 执行后血条数: 0
[REWARD] ⛔ 非法区域/无费用，已被 CV 阻断。奖励 -1.0 (连续无作为: 4次)
[TemplateMatcher] pause_gear.png -> max conf: 0.908 (needs 0.5, optimal scale: 0.80x)

[STEP 22] 开始执行动作...
[ACTION] AI决定: 选卡 7 -> 放入网格(5,2) -> 朝向 0
         坐标映射: 拖拽从(925,650)至(700,350) -> 方向滑动至(700,200)
[ACTION] ⛔ Fast-Fail! 目标网格(5,2)非绿色高亮(绿像素:5)。取消拖拽。
[REWARD] 执行前血条数: 0 -> 执行后血条数: 0
[REWARD] ⛔ 非法区域/无费用，已被 CV 阻断。奖励 -1.0 (连续无作为: 5次)
[TemplateMatcher] pause_gear.png -> max conf: 0.908 (needs 0.5, optimal scale: 0.80x)

[STEP 23] 开始执行动作...
[ACTION] AI决定: 选卡 4 -> 放入网格(9,0) -> 朝向 3
         坐标映射: 拖拽从(655,650)至(1100,190) -> 方向滑动至(1250,190)
[ACTION] ⛔ Fast-Fail! 目标网格(9,0)非绿色高亮(绿像素:0)。取消拖拽。
[REWARD] 执行前血条数: 0 -> 执行后血条数: 0
[REWARD] ⛔ 非法区域/无费用，已被 CV 阻断。奖励 -1.0 (连续无作为: 6次)
[TemplateMatcher] pause_gear.png -> max conf: 0.908 (needs 0.5, optimal scale: 0.80x)

[STEP 24] 开始执行动作...
[ACTION] AI决定: 选卡 2 -> 放入网格(0,0) -> 朝向 3
         坐标映射: 拖拽从(475,650)至(200,190) -> 方向滑动至(350,190)
[ACTION] ⛔ Fast-Fail! 目标网格(0,0)非绿色高亮(绿像素:0)。取消拖拽。
[REWARD] 执行前血条数: 0 -> 执行后血条数: 0
[REWARD] ⛔ 非法区域/无费用，已被 CV 阻断。奖励 -1.0 (连续无作为: 7次)
[TemplateMatcher] pause_gear.png -> max conf: 0.908 (needs 0.5, optimal scale: 0.80x)

[STEP 25] 开始执行动作...
[ACTION] AI决定: 选卡 6 -> 放入网格(6,3) -> 朝向 3
         坐标映射: 拖拽从(835,650)至(800,430) -> 方向滑动至(950,430)
[ACTION] ⛔ Fast-Fail! 目标网格(6,3)非绿色高亮(绿像素:9)。取消拖拽。
[REWARD] 执行前血条数: 0 -> 执行后血条数: 0
[REWARD] ⛔ 非法区域/无费用，已被 CV 阻断。奖励 -1.0 (连续无作为: 8次)
[TemplateMatcher] pause_gear.png -> max conf: 0.909 (needs 0.5, optimal scale: 0.80x)

[STEP 26] 开始执行动作...
[ACTION] AI决定: 选卡 9 -> 放入网格(2,4) -> 朝向 3
         坐标映射: 拖拽从(1105,650)至(400,510) -> 方向滑动至(550,510)
[ACTION] ⛔ Fast-Fail! 目标网格(2,4)非绿色高亮(绿像素:0)。取消拖拽。
[REWARD] 执行前血条数: 0 -> 执行后血条数: 0
[REWARD] ⛔ 非法区域/无费用，已被 CV 阻断。奖励 -1.0 (连续无作为: 9次)
[TemplateMatcher] pause_gear.png -> max conf: 0.908 (needs 0.5, optimal scale: 0.80x)

[STEP 27] 开始执行动作...
[ACTION] AI决定: 选卡 4 -> 放入网格(4,3) -> 朝向 2
         坐标映射: 拖拽从(655,650)至(600,430) -> 方向滑动至(450,430)
[ACTION] ⛔ Fast-Fail! 目标网格(4,3)非绿色高亮(绿像素:0)。取消拖拽。
[REWARD] 执行前血条数: 0 -> 执行后血条数: 0
[REWARD] ⛔ 非法区域/无费用，已被 CV 阻断。奖励 -1.0 (连续无作为: 10次)
[TemplateMatcher] pause_gear.png -> max conf: 0.908 (needs 0.5, optimal scale: 0.80x)

[STEP 28] 开始执行动作...
[ACTION] AI决定: 选卡 4 -> 放入网格(4,3) -> 朝向 2
         坐标映射: 拖拽从(655,650)至(600,430) -> 方向滑动至(450,430)
[ACTION] ⛔ Fast-Fail! 目标网格(4,3)非绿色高亮(绿像素:0)。取消拖拽。
[REWARD] 执行前血条数: 0 -> 执行后血条数: 0
[REWARD] ⛔ 非法区域/无费用，已被 CV 阻断。奖励 -1.0 (连续无作为: 11次)
[TemplateMatcher] pause_gear.png -> max conf: 0.908 (needs 0.5, optimal scale: 0.80x)

[STEP 29] 开始执行动作...
[ACTION] AI决定: 选卡 2 -> 放入网格(8,1) -> 朝向 3
         坐标映射: 拖拽从(475,650)至(1000,270) -> 方向滑动至(1150,270)
[ACTION] ⛔ Fast-Fail! 目标网格(8,1)非绿色高亮(绿像素:0)。取消拖拽。
[REWARD] 执行前血条数: 0 -> 执行后血条数: 0
[REWARD] ⛔ 非法区域/无费用，已被 CV 阻断。奖励 -1.0 (连续无作为: 12次)
[TemplateMatcher] pause_gear.png -> max conf: 0.908 (needs 0.5, optimal scale: 0.80x)

[STEP 30] 开始执行动作...
[ACTION] AI决定: 选卡 6 -> 放入网格(5,1) -> 朝向 0
         坐标映射: 拖拽从(835,650)至(700,270) -> 方向滑动至(700,120)
[ACTION] ⛔ Fast-Fail! 目标网格(5,1)非绿色高亮(绿像素:0)。取消拖拽。
[REWARD] 执行前血条数: 0 -> 执行后血条数: 0
[REWARD] ⛔ 非法区域/无费用，已被 CV 阻断。奖励 -1.0 (连续无作为: 13次)
[TemplateMatcher] pause_gear.png -> max conf: 0.908 (needs 0.5, optimal scale: 0.80x)

[STEP 31] 开始执行动作...
[ACTION] AI决定: 选卡 3 -> 放入网格(5,2) -> 朝向 3
         坐标映射: 拖拽从(565,650)至(700,350) -> 方向滑动至(850,350)
[ACTION] ⛔ Fast-Fail! 目标网格(5,2)非绿色高亮(绿像素:6)。取消拖拽。
[REWARD] 执行前血条数: 0 -> 执行后血条数: 0
[REWARD] ⛔ 非法区域/无费用，已被 CV 阻断。奖励 -1.0 (连续无作为: 14次)
[TemplateMatcher] pause_gear.png -> max conf: 0.908 (needs 0.5, optimal scale: 0.80x)

[STEP 32] 开始执行动作...
[ACTION] AI决定: 选卡 1 -> 放入网格(6,3) -> 朝向 0
         坐标映射: 拖拽从(385,650)至(800,430) -> 方向滑动至(800,280)
[ACTION] ⛔ Fast-Fail! 目标网格(6,3)非绿色高亮(绿像素:14)。取消拖拽。
[REWARD] 执行前血条数: 0 -> 执行后血条数: 0
[REWARD] ⛔ 非法区域/无费用，已被 CV 阻断。奖励 -1.0 (连续无作为: 15次)
[TemplateMatcher] pause_gear.png -> max conf: 0.908 (needs 0.5, optimal scale: 0.80x)

[STEP 33] 开始执行动作...
[ACTION] AI决定: 选卡 7 -> 放入网格(0,1) -> 朝向 2
         坐标映射: 拖拽从(925,650)至(200,270) -> 方向滑动至(50,270)
[ACTION] ⛔ Fast-Fail! 目标网格(0,1)非绿色高亮(绿像素:0)。取消拖拽。
[REWARD] 执行前血条数: 0 -> 执行后血条数: 0
[REWARD] ⛔ 非法区域/无费用，已被 CV 阻断。奖励 -1.0 (连续无作为: 16次)
[TemplateMatcher] pause_gear.png -> max conf: 0.907 (needs 0.5, optimal scale: 0.80x)

[STEP 34] 开始执行动作...
[ACTION] AI决定: 选卡 3 -> 放入网格(7,1) -> 朝向 1
         坐标映射: 拖拽从(565,650)至(900,270) -> 方向滑动至(900,420)
[ACTION] ⛔ Fast-Fail! 目标网格(7,1)非绿色高亮(绿像素:0)。取消拖拽。
[REWARD] 执行前血条数: 0 -> 执行后血条数: 0
[REWARD] ⛔ 非法区域/无费用，已被 CV 阻断。奖励 -1.0 (连续无作为: 17次)
[TemplateMatcher] pause_gear.png -> max conf: 0.907 (needs 0.5, optimal scale: 0.80x)

[STEP 35] 开始执行动作...
[ACTION] AI决定: 选卡 3 -> 放入网格(9,2) -> 朝向 2
         坐标映射: 拖拽从(565,650)至(1100,350) -> 方向滑动至(950,350)
[ACTION] ⛔ Fast-Fail! 目标网格(9,2)非绿色高亮(绿像素:0)。取消拖拽。
[REWARD] 执行前血条数: 0 -> 执行后血条数: 0
[REWARD] ⛔ 非法区域/无费用，已被 CV 阻断。奖励 -1.0 (连续无作为: 18次)
[TemplateMatcher] pause_gear.png -> max conf: 0.907 (needs 0.5, optimal scale: 0.80x)

[STEP 36] 开始执行动作...
[ACTION] AI决定: 选卡 6 -> 放入网格(3,2) -> 朝向 1
         坐标映射: 拖拽从(835,650)至(500,350) -> 方向滑动至(500,500)
[ACTION] ⛔ Fast-Fail! 目标网格(3,2)非绿色高亮(绿像素:0)。取消拖拽。
[REWARD] 执行前血条数: 0 -> 执行后血条数: 0
[REWARD] ⛔ 非法区域/无费用，已被 CV 阻断。奖励 -1.0 (连续无作为: 19次)
[TemplateMatcher] pause_gear.png -> max conf: 0.908 (needs 0.5, optimal scale: 0.80x)

[STEP 37] 开始执行动作...
[ACTION] AI决定: 选卡 9 -> 放入网格(7,2) -> 朝向 2
         坐标映射: 拖拽从(1105,650)至(900,350) -> 方向滑动至(750,350)
[ACTION] ✅ CV校验通过！网格(7,2)具有高亮绿色(像素:65)，准许拖拽。
[REWARD] 执行前血条数: 0 -> 执行后血条数: 0
[REWARD] 部署失败，计算前后帧 MSE (均方误差) = 1236.57
[REWARD] 动作无效，但游戏仍在进行(画面有变化)。奖励 -0.5 (已清空无作为计数器)
[TemplateMatcher] pause_gear.png -> max conf: 0.909 (needs 0.5, optimal scale: 0.80x)

[STEP 38] 开始执行动作...
[ACTION] AI决定: 选卡 1 -> 放入网格(3,2) -> 朝向 2
         坐标映射: 拖拽从(385,650)至(500,350) -> 方向滑动至(350,350)
[ACTION] ⛔ Fast-Fail! 目标网格(3,2)非绿色高亮(绿像素:0)。取消拖拽。
[REWARD] 执行前血条数: 0 -> 执行后血条数: 0
[REWARD] ⛔ 非法区域/无费用，已被 CV 阻断。奖励 -1.0 (连续无作为: 1次)
[TemplateMatcher] pause_gear.png -> max conf: 0.908 (needs 0.5, optimal scale: 0.80x)

[STEP 39] 开始执行动作...
[ACTION] AI决定: 选卡 0 -> 放入网格(8,3) -> 朝向 2
         坐标映射: 拖拽从(295,650)至(1000,430) -> 方向滑动至(850,430)
[ACTION] ⛔ Fast-Fail! 目标网格(8,3)非绿色高亮(绿像素:0)。取消拖拽。
[REWARD] 执行前血条数: 0 -> 执行后血条数: 0
[REWARD] ⛔ 非法区域/无费用，已被 CV 阻断。奖励 -1.0 (连续无作为: 2次)
[TemplateMatcher] pause_gear.png -> max conf: 0.908 (needs 0.5, optimal scale: 0.80x)

[STEP 40] 开始执行动作...
[ACTION] AI决定: 选卡 1 -> 放入网格(2,1) -> 朝向 3
         坐标映射: 拖拽从(385,650)至(400,270) -> 方向滑动至(550,270)
[ACTION] ✅ CV校验通过！网格(2,1)具有高亮绿色(像素:86)，准许拖拽。
[REWARD] 执行前血条数: 0 -> 执行后血条数: 0
[REWARD] 部署失败，计算前后帧 MSE (均方误差) = 2734.07
[REWARD] 动作无效，但游戏仍在进行(画面有变化)。奖励 -0.5 (已清空无作为计数器)
[TemplateMatcher] pause_gear.png -> max conf: 0.908 (needs 0.5, optimal scale: 0.80x)

[STEP 41] 开始执行动作...
[ACTION] AI决定: 选卡 3 -> 放入网格(8,4) -> 朝向 2
         坐标映射: 拖拽从(565,650)至(1000,510) -> 方向滑动至(850,510)
[ACTION] ⛔ Fast-Fail! 目标网格(8,4)非绿色高亮(绿像素:0)。取消拖拽。
[REWARD] 执行前血条数: 0 -> 执行后血条数: 0
[REWARD] ⛔ 非法区域/无费用，已被 CV 阻断。奖励 -1.0 (连续无作为: 1次)
[TemplateMatcher] pause_gear.png -> max conf: 0.908 (needs 0.5, optimal scale: 0.80x)

[STEP 42] 开始执行动作...
[ACTION] AI决定: 选卡 6 -> 放入网格(4,3) -> 朝向 0
         坐标映射: 拖拽从(835,650)至(600,430) -> 方向滑动至(600,280)
[ACTION] ✅ CV校验通过！网格(4,3)具有高亮绿色(像素:900)，准许拖拽。
[REWARD] 执行前血条数: 0 -> 执行后血条数: 0
[REWARD] 部署失败，计算前后帧 MSE (均方误差) = 277.93
[REWARD] 画面未发生明显变化(非法部署)。奖励 -1.0 (连续无作为: 2次)
[TemplateMatcher] pause_gear.png -> max conf: 0.908 (needs 0.5, optimal scale: 0.80x)

[STEP 43] 开始执行动作...
[ACTION] AI决定: 选卡 1 -> 放入网格(6,1) -> 朝向 0
         坐标映射: 拖拽从(385,650)至(800,270) -> 方向滑动至(800,120)
[ACTION] ⛔ Fast-Fail! 目标网格(6,1)非绿色高亮(绿像素:8)。取消拖拽。
[REWARD] 执行前血条数: 0 -> 执行后血条数: 0
[REWARD] ⛔ 非法区域/无费用，已被 CV 阻断。奖励 -1.0 (连续无作为: 3次)
[TemplateMatcher] pause_gear.png -> max conf: 0.908 (needs 0.5, optimal scale: 0.80x)

[STEP 44] 开始执行动作...
[ACTION] AI决定: 选卡 1 -> 放入网格(6,2) -> 朝向 3
         坐标映射: 拖拽从(385,650)至(800,350) -> 方向滑动至(950,350)
[ACTION] ✅ CV校验通过！网格(6,2)具有高亮绿色(像素:553)，准许拖拽。
[REWARD] 执行前血条数: 0 -> 执行后血条数: 0
[REWARD] 部署失败，计算前后帧 MSE (均方误差) = 1378.16
[REWARD] 动作无效，但游戏仍在进行(画面有变化)。奖励 -0.5 (已清空无作为计数器)
[TemplateMatcher] pause_gear.png -> max conf: 0.908 (needs 0.5, optimal scale: 0.80x)

[STEP 45] 开始执行动作...
[ACTION] AI决定: 选卡 3 -> 放入网格(7,2) -> 朝向 2
         坐标映射: 拖拽从(565,650)至(900,350) -> 方向滑动至(750,350)
[ACTION] ✅ CV校验通过！网格(7,2)具有高亮绿色(像素:542)，准许拖拽。
[REWARD] 执行前血条数: 0 -> 执行后血条数: 0
[REWARD] 部署失败，计算前后帧 MSE (均方误差) = 586.49
[REWARD] 动作无效，但游戏仍在进行(画面有变化)。奖励 -0.5 (已清空无作为计数器)
[TemplateMatcher] pause_gear.png -> max conf: 0.908 (needs 0.5, optimal scale: 0.80x)

[STEP 46] 开始执行动作...
[ACTION] AI决定: 选卡 9 -> 放入网格(4,3) -> 朝向 0
         坐标映射: 拖拽从(1105,650)至(600,430) -> 方向滑动至(600,280)
[ACTION] ✅ CV校验通过！网格(4,3)具有高亮绿色(像素:876)，准许拖拽。
[REWARD] 执行前血条数: 0 -> 执行后血条数: 0
[REWARD] 部署失败，计算前后帧 MSE (均方误差) = 267.71
[REWARD] 画面未发生明显变化(非法部署)。奖励 -1.0 (连续无作为: 1次)
[TemplateMatcher] pause_gear.png -> max conf: 0.908 (needs 0.5, optimal scale: 0.80x)

[STEP 47] 开始执行动作...
[ACTION] AI决定: 选卡 9 -> 放入网格(5,4) -> 朝向 0
         坐标映射: 拖拽从(1105,650)至(700,510) -> 方向滑动至(700,360)
[ACTION] ✅ CV校验通过！网格(5,4)具有高亮绿色(像素:900)，准许拖拽。
[REWARD] 执行前血条数: 0 -> 执行后血条数: 0
[REWARD] 部署失败，计算前后帧 MSE (均方误差) = 230.13
[REWARD] 画面未发生明显变化(非法部署)。奖励 -1.0 (连续无作为: 2次)
[TemplateMatcher] pause_gear.png -> max conf: 0.908 (needs 0.5, optimal scale: 0.80x)

[STEP 48] 开始执行动作...
[ACTION] AI决定: 选卡 9 -> 放入网格(2,3) -> 朝向 3
         坐标映射: 拖拽从(1105,650)至(400,430) -> 方向滑动至(550,430)
[ACTION] ✅ CV校验通过！网格(2,3)具有高亮绿色(像素:21)，准许拖拽。
[REWARD] 执行前血条数: 0 -> 执行后血条数: 0
[REWARD] 部署失败，计算前后帧 MSE (均方误差) = 3090.84
[REWARD] 动作无效，但游戏仍在进行(画面有变化)。奖励 -0.5 (已清空无作为计数器)
[TemplateMatcher] pause_gear.png -> max conf: 0.907 (needs 0.5, optimal scale: 0.80x)

[STEP 49] 开始执行动作...
[ACTION] AI决定: 选卡 4 -> 放入网格(0,0) -> 朝向 0
         坐标映射: 拖拽从(655,650)至(200,190) -> 方向滑动至(200,40)
[ACTION] ⛔ Fast-Fail! 目标网格(0,0)非绿色高亮(绿像素:0)。取消拖拽。
[REWARD] 执行前血条数: 0 -> 执行后血条数: 0
[REWARD] ⛔ 非法区域/无费用，已被 CV 阻断。奖励 -1.0 (连续无作为: 1次)
[TemplateMatcher] pause_gear.png -> max conf: 0.907 (needs 0.5, optimal scale: 0.80x)

[STEP 50] 开始执行动作...
[ACTION] AI决定: 选卡 3 -> 放入网格(0,1) -> 朝向 0
         坐标映射: 拖拽从(565,650)至(200,270) -> 方向滑动至(200,120)
[ACTION] ⛔ Fast-Fail! 目标网格(0,1)非绿色高亮(绿像素:0)。取消拖拽。
[REWARD] 执行前血条数: 0 -> 执行后血条数: 0
[REWARD] ⛔ 非法区域/无费用，已被 CV 阻断。奖励 -1.0 (连续无作为: 2次)
[TemplateMatcher] pause_gear.png -> max conf: 0.908 (needs 0.5, optimal scale: 0.80x)

[STEP 51] 开始执行动作...
[ACTION] AI决定: 选卡 9 -> 放入网格(5,2) -> 朝向 0
         坐标映射: 拖拽从(1105,650)至(700,350) -> 方向滑动至(700,200)
[ACTION] ✅ CV校验通过！网格(5,2)具有高亮绿色(像素:816)，准许拖拽。
[REWARD] 执行前血条数: 0 -> 执行后血条数: 0
[REWARD] 部署失败，计算前后帧 MSE (均方误差) = 3357.38
[REWARD] 动作无效，但游戏仍在进行(画面有变化)。奖励 -0.5 (已清空无作为计数器)
[TemplateMatcher] pause_gear.png -> max conf: 0.909 (needs 0.5, optimal scale: 0.80x)

[STEP 52] 开始执行动作...
[ACTION] AI决定: 选卡 6 -> 放入网格(4,4) -> 朝向 0
         坐标映射: 拖拽从(835,650)至(600,510) -> 方向滑动至(600,360)
[ACTION] ⛔ Fast-Fail! 目标网格(4,4)非绿色高亮(绿像素:0)。取消拖拽。
[REWARD] 执行前血条数: 0 -> 执行后血条数: 0
[REWARD] ⛔ 非法区域/无费用，已被 CV 阻断。奖励 -1.0 (连续无作为: 1次)
[TemplateMatcher] pause_gear.png -> max conf: 0.908 (needs 0.5, optimal scale: 0.80x)

[STEP 53] 开始执行动作...
[ACTION] AI决定: 选卡 3 -> 放入网格(4,3) -> 朝向 2
         坐标映射: 拖拽从(565,650)至(600,430) -> 方向滑动至(450,430)
[ACTION] ⛔ Fast-Fail! 目标网格(4,3)非绿色高亮(绿像素:0)。取消拖拽。
[REWARD] 执行前血条数: 0 -> 执行后血条数: 0
[REWARD] ⛔ 非法区域/无费用，已被 CV 阻断。奖励 -1.0 (连续无作为: 2次)
[TemplateMatcher] pause_gear.png -> max conf: 0.908 (needs 0.5, optimal scale: 0.80x)

[STEP 54] 开始执行动作...
[ACTION] AI决定: 选卡 2 -> 放入网格(1,2) -> 朝向 0
         坐标映射: 拖拽从(475,650)至(300,350) -> 方向滑动至(300,200)
[ACTION] ⛔ Fast-Fail! 目标网格(1,2)非绿色高亮(绿像素:0)。取消拖拽。
[REWARD] 执行前血条数: 0 -> 执行后血条数: 0
[REWARD] ⛔ 非法区域/无费用，已被 CV 阻断。奖励 -1.0 (连续无作为: 3次)
[TemplateMatcher] pause_gear.png -> max conf: 0.908 (needs 0.5, optimal scale: 0.80x)

[STEP 55] 开始执行动作...
[ACTION] AI决定: 选卡 2 -> 放入网格(4,1) -> 朝向 3
         坐标映射: 拖拽从(475,650)至(600,270) -> 方向滑动至(750,270)
[ACTION] ⛔ Fast-Fail! 目标网格(4,1)非绿色高亮(绿像素:0)。取消拖拽。
[REWARD] 执行前血条数: 0 -> 执行后血条数: 0
[REWARD] ⛔ 非法区域/无费用，已被 CV 阻断。奖励 -1.0 (连续无作为: 4次)
[TemplateMatcher] pause_gear.png -> max conf: 0.908 (needs 0.5, optimal scale: 0.80x)

[STEP 56] 开始执行动作...
[ACTION] AI决定: 选卡 4 -> 放入网格(2,1) -> 朝向 1
         坐标映射: 拖拽从(655,650)至(400,270) -> 方向滑动至(400,420)
[ACTION] ✅ CV校验通过！网格(2,1)具有高亮绿色(像素:110)，准许拖拽。
[REWARD] 执行前血条数: 0 -> 执行后血条数: 0
[REWARD] 部署失败，计算前后帧 MSE (均方误差) = 2952.52
[REWARD] 动作无效，但游戏仍在进行(画面有变化)。奖励 -0.5 (已清空无作为计数器)
[TemplateMatcher] pause_gear.png -> max conf: 0.908 (needs 0.5, optimal scale: 0.80x)

[STEP 57] 开始执行动作...
[ACTION] AI决定: 选卡 4 -> 放入网格(6,1) -> 朝向 3
         坐标映射: 拖拽从(655,650)至(800,270) -> 方向滑动至(950,270)
[ACTION] ✅ CV校验通过！网格(6,1)具有高亮绿色(像素:658)，准许拖拽。
[REWARD] 执行前血条数: 0 -> 执行后血条数: 0
[REWARD] 部署失败，计算前后帧 MSE (均方误差) = 1299.22
[REWARD] 动作无效，但游戏仍在进行(画面有变化)。奖励 -0.5 (已清空无作为计数器)
[TemplateMatcher] pause_gear.png -> max conf: 0.908 (needs 0.5, optimal scale: 0.80x)

[STEP 58] 开始执行动作...
[ACTION] AI决定: 选卡 8 -> 放入网格(7,2) -> 朝向 0
         坐标映射: 拖拽从(1015,650)至(900,350) -> 方向滑动至(900,200)
[ACTION] ✅ CV校验通过！网格(7,2)具有高亮绿色(像素:562)，准许拖拽。
[REWARD] 执行前血条数: 0 -> 执行后血条数: 0
[REWARD] 部署失败，计算前后帧 MSE (均方误差) = 190.40
[REWARD] 画面未发生明显变化(非法部署)。奖励 -1.0 (连续无作为: 1次)
[TemplateMatcher] pause_gear.png -> max conf: 0.908 (needs 0.5, optimal scale: 0.80x)

[STEP 59] 开始执行动作...
[ACTION] AI决定: 选卡 1 -> 放入网格(1,2) -> 朝向 0
         坐标映射: 拖拽从(385,650)至(300,350) -> 方向滑动至(300,200)
[ACTION] ⛔ Fast-Fail! 目标网格(1,2)非绿色高亮(绿像素:1)。取消拖拽。
[REWARD] 执行前血条数: 0 -> 执行后血条数: 0
[REWARD] ⛔ 非法区域/无费用，已被 CV 阻断。奖励 -1.0 (连续无作为: 2次)
[TemplateMatcher] pause_gear.png -> max conf: 0.908 (needs 0.5, optimal scale: 0.80x)

[STEP 60] 开始执行动作...
[ACTION] AI决定: 选卡 0 -> 放入网格(8,1) -> 朝向 2
         坐标映射: 拖拽从(295,650)至(1000,270) -> 方向滑动至(850,270)
[ACTION] ✅ CV校验通过！网格(8,1)具有高亮绿色(像素:582)，准许拖拽。
[REWARD] 执行前血条数: 0 -> 执行后血条数: 0
[REWARD] 部署失败，计算前后帧 MSE (均方误差) = 408.84
[REWARD] 动作无效，但游戏仍在进行(画面有变化)。奖励 -0.5 (已清空无作为计数器)
[TemplateMatcher] pause_gear.png -> max conf: 0.908 (needs 0.5, optimal scale: 0.80x)

[STEP 61] 开始执行动作...
[ACTION] AI决定: 选卡 6 -> 放入网格(6,2) -> 朝向 2
         坐标映射: 拖拽从(835,650)至(800,350) -> 方向滑动至(650,350)
[ACTION] ✅ CV校验通过！网格(6,2)具有高亮绿色(像素:134)，准许拖拽。
[REWARD] 执行前血条数: 0 -> 执行后血条数: 0
[REWARD] 部署失败，计算前后帧 MSE (均方误差) = 211.38
[REWARD] 画面未发生明显变化(非法部署)。奖励 -1.0 (连续无作为: 1次)
[TemplateMatcher] pause_gear.png -> max conf: 0.908 (needs 0.5, optimal scale: 0.80x)

[STEP 62] 开始执行动作...
[ACTION] AI决定: 选卡 4 -> 放入网格(4,0) -> 朝向 3
         坐标映射: 拖拽从(655,650)至(600,190) -> 方向滑动至(750,190)
[ACTION] ✅ CV校验通过！网格(4,0)具有高亮绿色(像素:189)，准许拖拽。
[REWARD] 执行前血条数: 0 -> 执行后血条数: 0
[REWARD] 部署失败，计算前后帧 MSE (均方误差) = 3353.76
[REWARD] 动作无效，但游戏仍在进行(画面有变化)。奖励 -0.5 (已清空无作为计数器)
[TemplateMatcher] pause_gear.png -> max conf: 0.908 (needs 0.5, optimal scale: 0.80x)

[STEP 63] 开始执行动作...
[ACTION] AI决定: 选卡 7 -> 放入网格(2,0) -> 朝向 2
         坐标映射: 拖拽从(925,650)至(400,190) -> 方向滑动至(250,190)
[ACTION] ⛔ Fast-Fail! 目标网格(2,0)非绿色高亮(绿像素:0)。取消拖拽。
[REWARD] 执行前血条数: 0 -> 执行后血条数: 0
[REWARD] ⛔ 非法区域/无费用，已被 CV 阻断。奖励 -1.0 (连续无作为: 1次)
[TemplateMatcher] pause_gear.png -> max conf: 0.908 (needs 0.5, optimal scale: 0.80x)

[STEP 64] 开始执行动作...
[ACTION] AI决定: 选卡 1 -> 放入网格(7,0) -> 朝向 3
         坐标映射: 拖拽从(385,650)至(900,190) -> 方向滑动至(1050,190)
[ACTION] ⛔ Fast-Fail! 目标网格(7,0)非绿色高亮(绿像素:0)。取消拖拽。
[REWARD] 执行前血条数: 0 -> 执行后血条数: 0
[REWARD] ⛔ 非法区域/无费用，已被 CV 阻断。奖励 -1.0 (连续无作为: 2次)
[TemplateMatcher] pause_gear.png -> max conf: 0.908 (needs 0.5, optimal scale: 0.80x)

[STEP 65] 开始执行动作...
[ACTION] AI决定: 选卡 7 -> 放入网格(3,4) -> 朝向 1
         坐标映射: 拖拽从(925,650)至(500,510) -> 方向滑动至(500,660)
[ACTION] ⛔ Fast-Fail! 目标网格(3,4)非绿色高亮(绿像素:0)。取消拖拽。
[REWARD] 执行前血条数: 0 -> 执行后血条数: 0
[REWARD] ⛔ 非法区域/无费用，已被 CV 阻断。奖励 -1.0 (连续无作为: 3次)
[TemplateMatcher] pause_gear.png -> max conf: 0.907 (needs 0.5, optimal scale: 0.80x)

[STEP 66] 开始执行动作...
[ACTION] AI决定: 选卡 9 -> 放入网格(7,1) -> 朝向 2
         坐标映射: 拖拽从(1105,650)至(900,270) -> 方向滑动至(750,270)
[ACTION] ⛔ Fast-Fail! 目标网格(7,1)非绿色高亮(绿像素:0)。取消拖拽。
[REWARD] 执行前血条数: 0 -> 执行后血条数: 0
[REWARD] ⛔ 非法区域/无费用，已被 CV 阻断。奖励 -1.0 (连续无作为: 4次)
[TemplateMatcher] pause_gear.png -> max conf: 0.908 (needs 0.5, optimal scale: 0.80x)

[STEP 67] 开始执行动作...
[ACTION] AI决定: 选卡 7 -> 放入网格(1,4) -> 朝向 3
         坐标映射: 拖拽从(925,650)至(300,510) -> 方向滑动至(450,510)
[ACTION] ⛔ Fast-Fail! 目标网格(1,4)非绿色高亮(绿像素:0)。取消拖拽。
[REWARD] 执行前血条数: 0 -> 执行后血条数: 0
[REWARD] ⛔ 非法区域/无费用，已被 CV 阻断。奖励 -1.0 (连续无作为: 5次)
[TemplateMatcher] pause_gear.png -> max conf: 0.908 (needs 0.5, optimal scale: 0.80x)

[STEP 68] 开始执行动作...
[ACTION] AI决定: 选卡 5 -> 放入网格(5,2) -> 朝向 3
         坐标映射: 拖拽从(745,650)至(700,350) -> 方向滑动至(850,350)
[ACTION] ⛔ Fast-Fail! 目标网格(5,2)非绿色高亮(绿像素:15)。取消拖拽。
[REWARD] 执行前血条数: 0 -> 执行后血条数: 0
[REWARD] ⛔ 非法区域/无费用，已被 CV 阻断。奖励 -1.0 (连续无作为: 6次)
[TemplateMatcher] pause_gear.png -> max conf: 0.907 (needs 0.5, optimal scale: 0.80x)

[STEP 69] 开始执行动作...
[ACTION] AI决定: 选卡 2 -> 放入网格(2,2) -> 朝向 0
         坐标映射: 拖拽从(475,650)至(400,350) -> 方向滑动至(400,200)
[ACTION] ⛔ Fast-Fail! 目标网格(2,2)非绿色高亮(绿像素:7)。取消拖拽。
[REWARD] 执行前血条数: 0 -> 执行后血条数: 0
[REWARD] ⛔ 非法区域/无费用，已被 CV 阻断。奖励 -1.0 (连续无作为: 7次)
[TemplateMatcher] pause_gear.png -> max conf: 0.907 (needs 0.5, optimal scale: 0.80x)

[STEP 70] 开始执行动作...
[ACTION] AI决定: 选卡 2 -> 放入网格(8,0) -> 朝向 3
         坐标映射: 拖拽从(475,650)至(1000,190) -> 方向滑动至(1150,190)
[ACTION] ⛔ Fast-Fail! 目标网格(8,0)非绿色高亮(绿像素:12)。取消拖拽。
[REWARD] 执行前血条数: 0 -> 执行后血条数: 0
[REWARD] ⛔ 非法区域/无费用，已被 CV 阻断。奖励 -1.0 (连续无作为: 8次)
[TemplateMatcher] pause_gear.png -> max conf: 0.907 (needs 0.5, optimal scale: 0.80x)

[STEP 71] 开始执行动作...
[ACTION] AI决定: 选卡 2 -> 放入网格(2,4) -> 朝向 2
         坐标映射: 拖拽从(475,650)至(400,510) -> 方向滑动至(250,510)
[ACTION] ⛔ Fast-Fail! 目标网格(2,4)非绿色高亮(绿像素:0)。取消拖拽。
[REWARD] 执行前血条数: 0 -> 执行后血条数: 0
[REWARD] ⛔ 非法区域/无费用，已被 CV 阻断。奖励 -1.0 (连续无作为: 9次)
[TemplateMatcher] pause_gear.png -> max conf: 0.907 (needs 0.5, optimal scale: 0.80x)

[STEP 72] 开始执行动作...
[ACTION] AI决定: 选卡 3 -> 放入网格(4,2) -> 朝向 3
         坐标映射: 拖拽从(565,650)至(600,350) -> 方向滑动至(750,350)
[ACTION] ✅ CV校验通过！网格(4,2)具有高亮绿色(像素:29)，准许拖拽。
[REWARD] 执行前血条数: 0 -> 执行后血条数: 0
[REWARD] 部署失败，计算前后帧 MSE (均方误差) = 3652.96
[REWARD] 动作无效，但游戏仍在进行(画面有变化)。奖励 -0.5 (已清空无作为计数器)
[TemplateMatcher] pause_gear.png -> max conf: 0.908 (needs 0.5, optimal scale: 0.80x)

[STEP 73] 开始执行动作...
[ACTION] AI决定: 选卡 6 -> 放入网格(1,2) -> 朝向 1
         坐标映射: 拖拽从(835,650)至(300,350) -> 方向滑动至(300,500)
[ACTION] ⛔ Fast-Fail! 目标网格(1,2)非绿色高亮(绿像素:0)。取消拖拽。
[REWARD] 执行前血条数: 0 -> 执行后血条数: 0
[REWARD] ⛔ 非法区域/无费用，已被 CV 阻断。奖励 -1.0 (连续无作为: 1次)
[TemplateMatcher] pause_gear.png -> max conf: 0.908 (needs 0.5, optimal scale: 0.80x)

[STEP 74] 开始执行动作...
[ACTION] AI决定: 选卡 4 -> 放入网格(7,1) -> 朝向 0
         坐标映射: 拖拽从(655,650)至(900,270) -> 方向滑动至(900,120)
[ACTION] ⛔ Fast-Fail! 目标网格(7,1)非绿色高亮(绿像素:0)。取消拖拽。
[REWARD] 执行前血条数: 0 -> 执行后血条数: 0
[REWARD] ⛔ 非法区域/无费用，已被 CV 阻断。奖励 -1.0 (连续无作为: 2次)
[TemplateMatcher] pause_gear.png -> max conf: 0.908 (needs 0.5, optimal scale: 0.80x)

[STEP 75] 开始执行动作...
[ACTION] AI决定: 选卡 7 -> 放入网格(2,4) -> 朝向 0
         坐标映射: 拖拽从(925,650)至(400,510) -> 方向滑动至(400,360)
[ACTION] ⛔ Fast-Fail! 目标网格(2,4)非绿色高亮(绿像素:0)。取消拖拽。
[REWARD] 执行前血条数: 0 -> 执行后血条数: 0
[REWARD] ⛔ 非法区域/无费用，已被 CV 阻断。奖励 -1.0 (连续无作为: 3次)
[TemplateMatcher] pause_gear.png -> max conf: 0.908 (needs 0.5, optimal scale: 0.80x)

[STEP 76] 开始执行动作...
[ACTION] AI决定: 选卡 5 -> 放入网格(2,1) -> 朝向 2
         坐标映射: 拖拽从(745,650)至(400,270) -> 方向滑动至(250,270)
[ACTION] ⛔ Fast-Fail! 目标网格(2,1)非绿色高亮(绿像素:6)。取消拖拽。
[REWARD] 执行前血条数: 0 -> 执行后血条数: 0
[REWARD] ⛔ 非法区域/无费用，已被 CV 阻断。奖励 -1.0 (连续无作为: 4次)
[TemplateMatcher] pause_gear.png -> max conf: 0.908 (needs 0.5, optimal scale: 0.80x)

[STEP 77] 开始执行动作...
[ACTION] AI决定: 选卡 9 -> 放入网格(4,1) -> 朝向 2
         坐标映射: 拖拽从(1105,650)至(600,270) -> 方向滑动至(450,270)
[ACTION] ⛔ Fast-Fail! 目标网格(4,1)非绿色高亮(绿像素:0)。取消拖拽。
[REWARD] 执行前血条数: 0 -> 执行后血条数: 0
[REWARD] ⛔ 非法区域/无费用，已被 CV 阻断。奖励 -1.0 (连续无作为: 5次)
[TemplateMatcher] pause_gear.png -> max conf: 0.908 (needs 0.5, optimal scale: 0.80x)

[STEP 78] 开始执行动作...
[ACTION] AI决定: 选卡 8 -> 放入网格(9,1) -> 朝向 2
         坐标映射: 拖拽从(1015,650)至(1100,270) -> 方向滑动至(950,270)
[ACTION] ⛔ Fast-Fail! 目标网格(9,1)非绿色高亮(绿像素:0)。取消拖拽。
[REWARD] 执行前血条数: 0 -> 执行后血条数: 0
[REWARD] ⛔ 非法区域/无费用，已被 CV 阻断。奖励 -1.0 (连续无作为: 6次)
[TemplateMatcher] pause_gear.png -> max conf: 0.908 (needs 0.5, optimal scale: 0.80x)

[STEP 79] 开始执行动作...
[ACTION] AI决定: 选卡 5 -> 放入网格(4,4) -> 朝向 1
         坐标映射: 拖拽从(745,650)至(600,510) -> 方向滑动至(600,660)
[ACTION] ⛔ Fast-Fail! 目标网格(4,4)非绿色高亮(绿像素:0)。取消拖拽。
[REWARD] 执行前血条数: 0 -> 执行后血条数: 0
[REWARD] ⛔ 非法区域/无费用，已被 CV 阻断。奖励 -1.0 (连续无作为: 7次)
[TemplateMatcher] pause_gear.png -> max conf: 0.908 (needs 0.5, optimal scale: 0.80x)

[STEP 80] 开始执行动作...
[ACTION] AI决定: 选卡 2 -> 放入网格(5,1) -> 朝向 1
         坐标映射: 拖拽从(475,650)至(700,270) -> 方向滑动至(700,420)
[ACTION] ⛔ Fast-Fail! 目标网格(5,1)非绿色高亮(绿像素:1)。取消拖拽。
[REWARD] 执行前血条数: 0 -> 执行后血条数: 0
[REWARD] ⛔ 非法区域/无费用，已被 CV 阻断。奖励 -1.0 (连续无作为: 8次)
[TemplateMatcher] pause_gear.png -> max conf: 0.908 (needs 0.5, optimal scale: 0.80x)

[STEP 81] 开始执行动作...
[ACTION] AI决定: 选卡 2 -> 放入网格(5,0) -> 朝向 0
         坐标映射: 拖拽从(475,650)至(700,190) -> 方向滑动至(700,40)
[ACTION] ⛔ Fast-Fail! 目标网格(5,0)非绿色高亮(绿像素:0)。取消拖拽。
[REWARD] 执行前血条数: 0 -> 执行后血条数: 0
[REWARD] ⛔ 非法区域/无费用，已被 CV 阻断。奖励 -1.0 (连续无作为: 9次)
[TemplateMatcher] pause_gear.png -> max conf: 0.908 (needs 0.5, optimal scale: 0.80x)

[STEP 82] 开始执行动作...
[ACTION] AI决定: 选卡 4 -> 放入网格(4,3) -> 朝向 2
         坐标映射: 拖拽从(655,650)至(600,430) -> 方向滑动至(450,430)
[ACTION] ⛔ Fast-Fail! 目标网格(4,3)非绿色高亮(绿像素:0)。取消拖拽。
[REWARD] 执行前血条数: 0 -> 执行后血条数: 0
[REWARD] ⛔ 非法区域/无费用，已被 CV 阻断。奖励 -1.0 (连续无作为: 10次)
[TemplateMatcher] pause_gear.png -> max conf: 0.908 (needs 0.5, optimal scale: 0.80x)

[STEP 83] 开始执行动作...
[ACTION] AI决定: 选卡 4 -> 放入网格(3,3) -> 朝向 0
         坐标映射: 拖拽从(655,650)至(500,430) -> 方向滑动至(500,280)
[ACTION] ⛔ Fast-Fail! 目标网格(3,3)非绿色高亮(绿像素:0)。取消拖拽。
[REWARD] 执行前血条数: 0 -> 执行后血条数: 0
[REWARD] ⛔ 非法区域/无费用，已被 CV 阻断。奖励 -1.0 (连续无作为: 11次)
[TemplateMatcher] pause_gear.png -> max conf: 0.908 (needs 0.5, optimal scale: 0.80x)

[STEP 84] 开始执行动作...
[ACTION] AI决定: 选卡 3 -> 放入网格(5,4) -> 朝向 3
         坐标映射: 拖拽从(565,650)至(700,510) -> 方向滑动至(850,510)
[ACTION] ⛔ Fast-Fail! 目标网格(5,4)非绿色高亮(绿像素:0)。取消拖拽。
[REWARD] 执行前血条数: 0 -> 执行后血条数: 0
[REWARD] ⛔ 非法区域/无费用，已被 CV 阻断。奖励 -1.0 (连续无作为: 12次)
[TemplateMatcher] pause_gear.png -> max conf: 0.908 (needs 0.5, optimal scale: 0.80x)

[STEP 85] 开始执行动作...
[ACTION] AI决定: 选卡 6 -> 放入网格(8,4) -> 朝向 3
         坐标映射: 拖拽从(835,650)至(1000,510) -> 方向滑动至(1150,510)
[ACTION] ⛔ Fast-Fail! 目标网格(8,4)非绿色高亮(绿像素:0)。取消拖拽。
[REWARD] 执行前血条数: 0 -> 执行后血条数: 0
[REWARD] ⛔ 非法区域/无费用，已被 CV 阻断。奖励 -1.0 (连续无作为: 13次)
[TemplateMatcher] pause_gear.png -> max conf: 0.907 (needs 0.5, optimal scale: 0.80x)

[STEP 86] 开始执行动作...
[ACTION] AI决定: 选卡 2 -> 放入网格(6,2) -> 朝向 0
         坐标映射: 拖拽从(475,650)至(800,350) -> 方向滑动至(800,200)
[ACTION] ⛔ Fast-Fail! 目标网格(6,2)非绿色高亮(绿像素:0)。取消拖拽。
[REWARD] 执行前血条数: 0 -> 执行后血条数: 0
[REWARD] ⛔ 非法区域/无费用，已被 CV 阻断。奖励 -1.0 (连续无作为: 14次)
[TemplateMatcher] pause_gear.png -> max conf: 0.908 (needs 0.5, optimal scale: 0.80x)

[STEP 87] 开始执行动作...
[ACTION] AI决定: 选卡 6 -> 放入网格(2,0) -> 朝向 0
         坐标映射: 拖拽从(835,650)至(400,190) -> 方向滑动至(400,40)
[ACTION] ⛔ Fast-Fail! 目标网格(2,0)非绿色高亮(绿像素:0)。取消拖拽。
[REWARD] 执行前血条数: 0 -> 执行后血条数: 0
[REWARD] ⛔ 非法区域/无费用，已被 CV 阻断。奖励 -1.0 (连续无作为: 15次)
[TemplateMatcher] pause_gear.png -> max conf: 0.907 (needs 0.5, optimal scale: 0.80x)

[STEP 88] 开始执行动作...
[ACTION] AI决定: 选卡 9 -> 放入网格(4,4) -> 朝向 0
         坐标映射: 拖拽从(1105,650)至(600,510) -> 方向滑动至(600,360)
[ACTION] ⛔ Fast-Fail! 目标网格(4,4)非绿色高亮(绿像素:0)。取消拖拽。
[REWARD] 执行前血条数: 0 -> 执行后血条数: 0
[REWARD] ⛔ 非法区域/无费用，已被 CV 阻断。奖励 -1.0 (连续无作为: 16次)
[TemplateMatcher] pause_gear.png -> max conf: 0.908 (needs 0.5, optimal scale: 0.80x)

[STEP 89] 开始执行动作...
[ACTION] AI决定: 选卡 8 -> 放入网格(6,2) -> 朝向 0
         坐标映射: 拖拽从(1015,650)至(800,350) -> 方向滑动至(800,200)
[ACTION] ⛔ Fast-Fail! 目标网格(6,2)非绿色高亮(绿像素:0)。取消拖拽。
[REWARD] 执行前血条数: 0 -> 执行后血条数: 0
[REWARD] ⛔ 非法区域/无费用，已被 CV 阻断。奖励 -1.0 (连续无作为: 17次)
[TemplateMatcher] pause_gear.png -> max conf: 0.908 (needs 0.5, optimal scale: 0.80x)

[STEP 90] 开始执行动作...
[ACTION] AI决定: 选卡 6 -> 放入网格(6,1) -> 朝向 3
         坐标映射: 拖拽从(835,650)至(800,270) -> 方向滑动至(950,270)
[ACTION] ⛔ Fast-Fail! 目标网格(6,1)非绿色高亮(绿像素:0)。取消拖拽。
[REWARD] 执行前血条数: 0 -> 执行后血条数: 0
[REWARD] ⛔ 非法区域/无费用，已被 CV 阻断。奖励 -1.0 (连续无作为: 18次)
[TemplateMatcher] pause_gear.png -> max conf: 0.907 (needs 0.5, optimal scale: 0.80x)

[STEP 91] 开始执行动作...
[ACTION] AI决定: 选卡 1 -> 放入网格(6,0) -> 朝向 2
         坐标映射: 拖拽从(385,650)至(800,190) -> 方向滑动至(650,190)
[ACTION] ⛔ Fast-Fail! 目标网格(6,0)非绿色高亮(绿像素:0)。取消拖拽。
[REWARD] 执行前血条数: 0 -> 执行后血条数: 0
[REWARD] ⛔ 非法区域/无费用，已被 CV 阻断。奖励 -1.0 (连续无作为: 19次)
[TemplateMatcher] pause_gear.png -> max conf: 0.908 (needs 0.5, optimal scale: 0.80x)

[STEP 92] 开始执行动作...
[ACTION] AI决定: 选卡 6 -> 放入网格(7,3) -> 朝向 1
         坐标映射: 拖拽从(835,650)至(900,430) -> 方向滑动至(900,580)
[ACTION] ⛔ Fast-Fail! 目标网格(7,3)非绿色高亮(绿像素:0)。取消拖拽。
[REWARD] 执行前血条数: 0 -> 执行后血条数: 0
[REWARD] ⛔ 非法区域/无费用，已被 CV 阻断。奖励 -1.0 (连续无作为: 20次)
[TemplateMatcher] pause_gear.png -> max conf: 0.907 (needs 0.5, optimal scale: 0.80x)

[STEP 93] 开始执行动作...
[ACTION] AI决定: 选卡 4 -> 放入网格(4,0) -> 朝向 0
         坐标映射: 拖拽从(655,650)至(600,190) -> 方向滑动至(600,40)
[ACTION] ⛔ Fast-Fail! 目标网格(4,0)非绿色高亮(绿像素:0)。取消拖拽。
[REWARD] 执行前血条数: 0 -> 执行后血条数: 0
[REWARD] ⛔ 非法区域/无费用，已被 CV 阻断。奖励 -1.0 (连续无作为: 21次)
[TemplateMatcher] pause_gear.png -> max conf: 0.907 (needs 0.5, optimal scale: 0.80x)

[STEP 94] 开始执行动作...
[ACTION] AI决定: 选卡 2 -> 放入网格(3,2) -> 朝向 2
         坐标映射: 拖拽从(475,650)至(500,350) -> 方向滑动至(350,350)
[ACTION] ⛔ Fast-Fail! 目标网格(3,2)非绿色高亮(绿像素:0)。取消拖拽。
[REWARD] 执行前血条数: 0 -> 执行后血条数: 0
[REWARD] ⛔ 非法区域/无费用，已被 CV 阻断。奖励 -1.0 (连续无作为: 22次)
[TemplateMatcher] pause_gear.png -> max conf: 0.908 (needs 0.5, optimal scale: 0.80x)

[STEP 95] 开始执行动作...
[ACTION] AI决定: 选卡 3 -> 放入网格(0,3) -> 朝向 0
         坐标映射: 拖拽从(565,650)至(200,430) -> 方向滑动至(200,280)
[ACTION] ⛔ Fast-Fail! 目标网格(0,3)非绿色高亮(绿像素:0)。取消拖拽。
[REWARD] 执行前血条数: 0 -> 执行后血条数: 0
[REWARD] ⛔ 非法区域/无费用，已被 CV 阻断。奖励 -1.0 (连续无作为: 23次)
[TemplateMatcher] pause_gear.png -> max conf: 0.908 (needs 0.5, optimal scale: 0.80x)

[STEP 96] 开始执行动作...
[ACTION] AI决定: 选卡 2 -> 放入网格(7,4) -> 朝向 0
         坐标映射: 拖拽从(475,650)至(900,510) -> 方向滑动至(900,360)
[ACTION] ✅ CV校验通过！网格(7,4)具有高亮绿色(像素:669)，准许拖拽。
[REWARD] 执行前血条数: 0 -> 执行后血条数: 0
[REWARD] 部署失败，计算前后帧 MSE (均方误差) = 2008.09
[REWARD] 动作无效，但游戏仍在进行(画面有变化)。奖励 -0.5 (已清空无作为计数器)
[TemplateMatcher] pause_gear.png -> max conf: 0.908 (needs 0.5, optimal scale: 0.80x)

[STEP 97] 开始执行动作...
[ACTION] AI决定: 选卡 3 -> 放入网格(2,3) -> 朝向 3
         坐标映射: 拖拽从(565,650)至(400,430) -> 方向滑动至(550,430)
[ACTION] ⛔ Fast-Fail! 目标网格(2,3)非绿色高亮(绿像素:0)。取消拖拽。
[REWARD] 执行前血条数: 0 -> 执行后血条数: 0
[REWARD] ⛔ 非法区域/无费用，已被 CV 阻断。奖励 -1.0 (连续无作为: 1次)
[TemplateMatcher] pause_gear.png -> max conf: 0.908 (needs 0.5, optimal scale: 0.80x)

[STEP 98] 开始执行动作...
[ACTION] AI决定: 选卡 6 -> 放入网格(8,2) -> 朝向 1
         坐标映射: 拖拽从(835,650)至(1000,350) -> 方向滑动至(1000,500)
[ACTION] ✅ CV校验通过！网格(8,2)具有高亮绿色(像素:78)，准许拖拽。
[REWARD] 执行前血条数: 0 -> 执行后血条数: 0
[REWARD] 部署失败，计算前后帧 MSE (均方误差) = 129.65
[REWARD] 画面未发生明显变化(非法部署)。奖励 -1.0 (连续无作为: 2次)
[TemplateMatcher] pause_gear.png -> max conf: 0.908 (needs 0.5, optimal scale: 0.80x)

[STEP 99] 开始执行动作...
[ACTION] AI决定: 选卡 7 -> 放入网格(8,0) -> 朝向 3
         坐标映射: 拖拽从(925,650)至(1000,190) -> 方向滑动至(1150,190)
[ACTION] ✅ CV校验通过！网格(8,0)具有高亮绿色(像素:900)，准许拖拽。
[REWARD] 执行前血条数: 0 -> 执行后血条数: 0
[REWARD] 部署失败，计算前后帧 MSE (均方误差) = 1070.23
[REWARD] 动作无效，但游戏仍在进行(画面有变化)。奖励 -0.5 (已清空无作为计数器)
[TemplateMatcher] pause_gear.png -> max conf: 0.908 (needs 0.5, optimal scale: 0.80x)

[STEP 100] 开始执行动作...
[ACTION] AI决定: 选卡 0 -> 放入网格(3,3) -> 朝向 3
         坐标映射: 拖拽从(295,650)至(500,430) -> 方向滑动至(650,430)
[ACTION] ⛔ Fast-Fail! 目标网格(3,3)非绿色高亮(绿像素:0)。取消拖拽。
[REWARD] 执行前血条数: 0 -> 执行后血条数: 0
[REWARD] ⛔ 非法区域/无费用，已被 CV 阻断。奖励 -1.0 (连续无作为: 1次)
[TemplateMatcher] pause_gear.png -> max conf: 0.908 (needs 0.5, optimal scale: 0.80x)

[STEP 101] 开始执行动作...
[ACTION] AI决定: 选卡 0 -> 放入网格(2,2) -> 朝向 0
         坐标映射: 拖拽从(295,650)至(400,350) -> 方向滑动至(400,200)
[ACTION] ⛔ Fast-Fail! 目标网格(2,2)非绿色高亮(绿像素:0)。取消拖拽。
[REWARD] 执行前血条数: 0 -> 执行后血条数: 0
[REWARD] ⛔ 非法区域/无费用，已被 CV 阻断。奖励 -1.0 (连续无作为: 2次)
[TemplateMatcher] pause_gear.png -> max conf: 0.908 (needs 0.5, optimal scale: 0.80x)

[STEP 102] 开始执行动作...
[ACTION] AI决定: 选卡 9 -> 放入网格(4,0) -> 朝向 2
         坐标映射: 拖拽从(1105,650)至(600,190) -> 方向滑动至(450,190)
[ACTION] ✅ CV校验通过！网格(4,0)具有高亮绿色(像素:705)，准许拖拽。
[REWARD] 执行前血条数: 0 -> 执行后血条数: 0
[REWARD] 部署失败，计算前后帧 MSE (均方误差) = 171.28
[REWARD] 画面未发生明显变化(非法部署)。奖励 -1.0 (连续无作为: 3次)
[TemplateMatcher] pause_gear.png -> max conf: 0.908 (needs 0.5, optimal scale: 0.80x)

[STEP 103] 开始执行动作...
[ACTION] AI决定: 选卡 8 -> 放入网格(6,3) -> 朝向 3
         坐标映射: 拖拽从(1015,650)至(800,430) -> 方向滑动至(950,430)
[ACTION] ⛔ Fast-Fail! 目标网格(6,3)非绿色高亮(绿像素:0)。取消拖拽。
[REWARD] 执行前血条数: 0 -> 执行后血条数: 0
[REWARD] ⛔ 非法区域/无费用，已被 CV 阻断。奖励 -1.0 (连续无作为: 4次)
[TemplateMatcher] pause_gear.png -> max conf: 0.908 (needs 0.5, optimal scale: 0.80x)

[STEP 104] 开始执行动作...
[ACTION] AI决定: 选卡 6 -> 放入网格(8,4) -> 朝向 3
         坐标映射: 拖拽从(835,650)至(1000,510) -> 方向滑动至(1150,510)
[ACTION] ✅ CV校验通过！网格(8,4)具有高亮绿色(像素:900)，准许拖拽。
[REWARD] 执行前血条数: 0 -> 执行后血条数: 0
[REWARD] 部署失败，计算前后帧 MSE (均方误差) = 928.45
[REWARD] 动作无效，但游戏仍在进行(画面有变化)。奖励 -0.5 (已清空无作为计数器)
[TemplateMatcher] pause_gear.png -> max conf: 0.908 (needs 0.5, optimal scale: 0.80x)

[STEP 105] 开始执行动作...
[ACTION] AI决定: 选卡 9 -> 放入网格(8,1) -> 朝向 0
         坐标映射: 拖拽从(1105,650)至(1000,270) -> 方向滑动至(1000,120)
[ACTION] ✅ CV校验通过！网格(8,1)具有高亮绿色(像素:573)，准许拖拽。
[REWARD] 执行前血条数: 0 -> 执行后血条数: 0
[REWARD] 部署失败，计算前后帧 MSE (均方误差) = 223.75
[REWARD] 画面未发生明显变化(非法部署)。奖励 -1.0 (连续无作为: 1次)
[TemplateMatcher] pause_gear.png -> max conf: 0.908 (needs 0.5, optimal scale: 0.80x)

[STEP 106] 开始执行动作...
[ACTION] AI决定: 选卡 1 -> 放入网格(2,0) -> 朝向 1
         坐标映射: 拖拽从(385,650)至(400,190) -> 方向滑动至(400,340)
[ACTION] ✅ CV校验通过！网格(2,0)具有高亮绿色(像素:31)，准许拖拽。
[REWARD] 执行前血条数: 0 -> 执行后血条数: 0
[REWARD] 部署失败，计算前后帧 MSE (均方误差) = 2958.93
[REWARD] 动作无效，但游戏仍在进行(画面有变化)。奖励 -0.5 (已清空无作为计数器)
[TemplateMatcher] pause_gear.png -> max conf: 0.907 (needs 0.5, optimal scale: 0.80x)

[STEP 107] 开始执行动作...
[ACTION] AI决定: 选卡 6 -> 放入网格(6,3) -> 朝向 3
         坐标映射: 拖拽从(835,650)至(800,430) -> 方向滑动至(950,430)
[ACTION] ⛔ Fast-Fail! 目标网格(6,3)非绿色高亮(绿像素:0)。取消拖拽。
[REWARD] 执行前血条数: 0 -> 执行后血条数: 0
[REWARD] ⛔ 非法区域/无费用，已被 CV 阻断。奖励 -1.0 (连续无作为: 1次)
[TemplateMatcher] pause_gear.png -> max conf: 0.907 (needs 0.5, optimal scale: 0.80x)

[STEP 108] 开始执行动作...
[ACTION] AI决定: 选卡 5 -> 放入网格(1,2) -> 朝向 2
         坐标映射: 拖拽从(745,650)至(300,350) -> 方向滑动至(150,350)
[ACTION] ⛔ Fast-Fail! 目标网格(1,2)非绿色高亮(绿像素:0)。取消拖拽。
[REWARD] 执行前血条数: 0 -> 执行后血条数: 0
[REWARD] ⛔ 非法区域/无费用，已被 CV 阻断。奖励 -1.0 (连续无作为: 2次)
[TemplateMatcher] pause_gear.png -> max conf: 0.907 (needs 0.5, optimal scale: 0.80x)

[STEP 109] 开始执行动作...
[ACTION] AI决定: 选卡 0 -> 放入网格(2,0) -> 朝向 2
         坐标映射: 拖拽从(295,650)至(400,190) -> 方向滑动至(250,190)
[ACTION] ⛔ Fast-Fail! 目标网格(2,0)非绿色高亮(绿像素:4)。取消拖拽。
[REWARD] 执行前血条数: 0 -> 执行后血条数: 0
[REWARD] ⛔ 非法区域/无费用，已被 CV 阻断。奖励 -1.0 (连续无作为: 3次)
[TemplateMatcher] pause_gear.png -> max conf: 0.908 (needs 0.5, optimal scale: 0.80x)

[STEP 110] 开始执行动作...
[ACTION] AI决定: 选卡 1 -> 放入网格(6,0) -> 朝向 1
         坐标映射: 拖拽从(385,650)至(800,190) -> 方向滑动至(800,340)
[ACTION] ⛔ Fast-Fail! 目标网格(6,0)非绿色高亮(绿像素:0)。取消拖拽。
[REWARD] 执行前血条数: 0 -> 执行后血条数: 0
[REWARD] ⛔ 非法区域/无费用，已被 CV 阻断。奖励 -1.0 (连续无作为: 4次)
[TemplateMatcher] pause_gear.png -> max conf: 0.908 (needs 0.5, optimal scale: 0.80x)

[STEP 111] 开始执行动作...
[ACTION] AI决定: 选卡 2 -> 放入网格(7,1) -> 朝向 1
         坐标映射: 拖拽从(475,650)至(900,270) -> 方向滑动至(900,420)
[ACTION] ✅ CV校验通过！网格(7,1)具有高亮绿色(像素:287)，准许拖拽。
[REWARD] 执行前血条数: 0 -> 执行后血条数: 0
[REWARD] 部署失败，计算前后帧 MSE (均方误差) = 316.23
[REWARD] 动作无效，但游戏仍在进行(画面有变化)。奖励 -0.5 (已清空无作为计数器)
[TemplateMatcher] pause_gear.png -> max conf: 0.908 (needs 0.5, optimal scale: 0.80x)

[STEP 112] 开始执行动作...
[ACTION] AI决定: 选卡 1 -> 放入网格(6,4) -> 朝向 0
         坐标映射: 拖拽从(385,650)至(800,510) -> 方向滑动至(800,360)
[ACTION] ✅ CV校验通过！网格(6,4)具有高亮绿色(像素:900)，准许拖拽。
[REWARD] 执行前血条数: 0 -> 执行后血条数: 0
[REWARD] 部署失败，计算前后帧 MSE (均方误差) = 508.70
[REWARD] 动作无效，但游戏仍在进行(画面有变化)。奖励 -0.5 (已清空无作为计数器)
[TemplateMatcher] pause_gear.png -> max conf: 0.908 (needs 0.5, optimal scale: 0.80x)

[STEP 113] 开始执行动作...
[ACTION] AI决定: 选卡 2 -> 放入网格(8,3) -> 朝向 2
         坐标映射: 拖拽从(475,650)至(1000,430) -> 方向滑动至(850,430)
[ACTION] ⛔ Fast-Fail! 目标网格(8,3)非绿色高亮(绿像素:0)。取消拖拽。
[REWARD] 执行前血条数: 0 -> 执行后血条数: 0
[REWARD] ⛔ 非法区域/无费用，已被 CV 阻断。奖励 -1.0 (连续无作为: 1次)
[TemplateMatcher] pause_gear.png -> max conf: 0.908 (needs 0.5, optimal scale: 0.80x)

[STEP 114] 开始执行动作...
[ACTION] AI决定: 选卡 7 -> 放入网格(6,2) -> 朝向 1
         坐标映射: 拖拽从(925,650)至(800,350) -> 方向滑动至(800,500)
[ACTION] ✅ CV校验通过！网格(6,2)具有高亮绿色(像素:137)，准许拖拽。
[REWARD] 执行前血条数: 0 -> 执行后血条数: 0
[REWARD] 部署失败，计算前后帧 MSE (均方误差) = 267.90
[REWARD] 画面未发生明显变化(非法部署)。奖励 -1.0 (连续无作为: 2次)
[TemplateMatcher] pause_gear.png -> max conf: 0.908 (needs 0.5, optimal scale: 0.80x)

[STEP 115] 开始执行动作...
[ACTION] AI决定: 选卡 5 -> 放入网格(5,2) -> 朝向 2
         坐标映射: 拖拽从(745,650)至(700,350) -> 方向滑动至(550,350)
[ACTION] ✅ CV校验通过！网格(5,2)具有高亮绿色(像素:84)，准许拖拽。
[REWARD] 执行前血条数: 0 -> 执行后血条数: 0
[REWARD] 部署失败，计算前后帧 MSE (均方误差) = 369.41
[REWARD] 动作无效，但游戏仍在进行(画面有变化)。奖励 -0.5 (已清空无作为计数器)
[TemplateMatcher] pause_gear.png -> max conf: 0.908 (needs 0.5, optimal scale: 0.80x)

[STEP 116] 开始执行动作...
[ACTION] AI决定: 选卡 3 -> 放入网格(4,1) -> 朝向 3
         坐标映射: 拖拽从(565,650)至(600,270) -> 方向滑动至(750,270)
[ACTION] ✅ CV校验通过！网格(4,1)具有高亮绿色(像素:900)，准许拖拽。
[REWARD] 执行前血条数: 0 -> 执行后血条数: 0
[REWARD] 部署失败，计算前后帧 MSE (均方误差) = 3464.26
[REWARD] 动作无效，但游戏仍在进行(画面有变化)。奖励 -0.5 (已清空无作为计数器)
[TemplateMatcher] pause_gear.png -> max conf: 0.908 (needs 0.5, optimal scale: 0.80x)

[STEP 117] 开始执行动作...
[ACTION] AI决定: 选卡 2 -> 放入网格(2,0) -> 朝向 3
         坐标映射: 拖拽从(475,650)至(400,190) -> 方向滑动至(550,190)
[ACTION] ⛔ Fast-Fail! 目标网格(2,0)非绿色高亮(绿像素:0)。取消拖拽。
[REWARD] 执行前血条数: 0 -> 执行后血条数: 0
[REWARD] ⛔ 非法区域/无费用，已被 CV 阻断。奖励 -1.0 (连续无作为: 1次)
[TemplateMatcher] pause_gear.png -> max conf: 0.908 (needs 0.5, optimal scale: 0.80x)

[STEP 118] 开始执行动作...
[ACTION] AI决定: 选卡 1 -> 放入网格(3,0) -> 朝向 0
         坐标映射: 拖拽从(385,650)至(500,190) -> 方向滑动至(500,40)
[ACTION] ⛔ Fast-Fail! 目标网格(3,0)非绿色高亮(绿像素:0)。取消拖拽。
[REWARD] 执行前血条数: 0 -> 执行后血条数: 0
[REWARD] ⛔ 非法区域/无费用，已被 CV 阻断。奖励 -1.0 (连续无作为: 2次)
[TemplateMatcher] pause_gear.png -> max conf: 0.908 (needs 0.5, optimal scale: 0.80x)

[STEP 119] 开始执行动作...
[ACTION] AI决定: 选卡 1 -> 放入网格(2,0) -> 朝向 3
         坐标映射: 拖拽从(385,650)至(400,190) -> 方向滑动至(550,190)
[ACTION] ⛔ Fast-Fail! 目标网格(2,0)非绿色高亮(绿像素:0)。取消拖拽。
[REWARD] 执行前血条数: 0 -> 执行后血条数: 0
[REWARD] ⛔ 非法区域/无费用，已被 CV 阻断。奖励 -1.0 (连续无作为: 3次)
[TemplateMatcher] pause_gear.png -> max conf: 0.908 (needs 0.5, optimal scale: 0.80x)

[STEP 120] 开始执行动作...
[ACTION] AI决定: 选卡 6 -> 放入网格(5,0) -> 朝向 3
         坐标映射: 拖拽从(835,650)至(700,190) -> 方向滑动至(850,190)
[ACTION] ⛔ Fast-Fail! 目标网格(5,0)非绿色高亮(绿像素:0)。取消拖拽。
[REWARD] 执行前血条数: 0 -> 执行后血条数: 0
[REWARD] ⛔ 非法区域/无费用，已被 CV 阻断。奖励 -1.0 (连续无作为: 4次)
[TemplateMatcher] pause_gear.png -> max conf: 0.908 (needs 0.5, optimal scale: 0.80x)

[STEP 121] 开始执行动作...
[ACTION] AI决定: 选卡 3 -> 放入网格(7,0) -> 朝向 2
         坐标映射: 拖拽从(565,650)至(900,190) -> 方向滑动至(750,190)
[ACTION] ✅ CV校验通过！网格(7,0)具有高亮绿色(像素:137)，准许拖拽。
[REWARD] 执行前血条数: 0 -> 执行后血条数: 0
[REWARD] 部署失败，计算前后帧 MSE (均方误差) = 665.20
[REWARD] 动作无效，但游戏仍在进行(画面有变化)。奖励 -0.5 (已清空无作为计数器)
[TemplateMatcher] pause_gear.png -> max conf: 0.908 (needs 0.5, optimal scale: 0.80x)

[STEP 122] 开始执行动作...
[ACTION] AI决定: 选卡 8 -> 放入网格(5,3) -> 朝向 3
         坐标映射: 拖拽从(1015,650)至(700,430) -> 方向滑动至(850,430)
[ACTION] ⛔ Fast-Fail! 目标网格(5,3)非绿色高亮(绿像素:0)。取消拖拽。
[REWARD] 执行前血条数: 0 -> 执行后血条数: 0
[REWARD] ⛔ 非法区域/无费用，已被 CV 阻断。奖励 -1.0 (连续无作为: 1次)
[TemplateMatcher] pause_gear.png -> max conf: 0.908 (needs 0.5, optimal scale: 0.80x)
-----------------------------------------
| time/                   |             |
|    fps                  | 0           |
|    iterations           | 2           |
|    time_elapsed         | 516         |
|    total_timesteps      | 256         |
| train/                  |             |
|    approx_kl            | 0.033498194 |
|    clip_fraction        | 0.535       |
|    clip_range           | 0.2         |
|    entropy_loss         | -7.52       |
|    explained_variance   | 0.000697    |
|    learning_rate        | 0.0003      |
|    loss                 | 13.1        |
|    n_updates            | 10          |
|    policy_gradient_loss | -0.00138    |
|    value_loss           | 57.3        |
-----------------------------------------

[STEP 123] 开始执行动作...
[ACTION] AI决定: 选卡 7 -> 放入网格(5,3) -> 朝向 2
         坐标映射: 拖拽从(925,650)至(700,430) -> 方向滑动至(550,430)
[ACTION] ⛔ Fast-Fail! 目标网格(5,3)非绿色高亮(绿像素:0)。取消拖拽。
[REWARD] 执行前血条数: 0 -> 执行后血条数: 0
[REWARD] ⛔ 非法区域/无费用，已被 CV 阻断。奖励 -1.0 (连续无作为: 2次)
[TemplateMatcher] pause_gear.png -> max conf: 0.908 (needs 0.5, optimal scale: 0.80x)

[STEP 124] 开始执行动作...
[ACTION] AI决定: 选卡 8 -> 放入网格(9,4) -> 朝向 1
         坐标映射: 拖拽从(1015,650)至(1100,510) -> 方向滑动至(1100,660)
[ACTION] ✅ CV校验通过！网格(9,4)具有高亮绿色(像素:660)，准许拖拽。
[REWARD] 执行前血条数: 0 -> 执行后血条数: 0
[REWARD] 部署失败，计算前后帧 MSE (均方误差) = 764.70
[REWARD] 动作无效，但游戏仍在进行(画面有变化)。奖励 -0.5 (已清空无作为计数器)
[TemplateMatcher] pause_gear.png -> max conf: 0.908 (needs 0.5, optimal scale: 0.80x)

[STEP 125] 开始执行动作...
[ACTION] AI决定: 选卡 3 -> 放入网格(7,3) -> 朝向 2
         坐标映射: 拖拽从(565,650)至(900,430) -> 方向滑动至(750,430)
[ACTION] ⛔ Fast-Fail! 目标网格(7,3)非绿色高亮(绿像素:0)。取消拖拽。
[REWARD] 执行前血条数: 0 -> 执行后血条数: 0
[REWARD] ⛔ 非法区域/无费用，已被 CV 阻断。奖励 -1.0 (连续无作为: 1次)
[TemplateMatcher] pause_gear.png -> max conf: 0.908 (needs 0.5, optimal scale: 0.80x)

[STEP 126] 开始执行动作...
[ACTION] AI决定: 选卡 2 -> 放入网格(5,0) -> 朝向 1
         坐标映射: 拖拽从(475,650)至(700,190) -> 方向滑动至(700,340)
[ACTION] ⛔ Fast-Fail! 目标网格(5,0)非绿色高亮(绿像素:0)。取消拖拽。
[REWARD] 执行前血条数: 0 -> 执行后血条数: 0
[REWARD] ⛔ 非法区域/无费用，已被 CV 阻断。奖励 -1.0 (连续无作为: 2次)
[TemplateMatcher] pause_gear.png -> max conf: 0.908 (needs 0.5, optimal scale: 0.80x)

[STEP 127] 开始执行动作...
[ACTION] AI决定: 选卡 1 -> 放入网格(1,0) -> 朝向 3
         坐标映射: 拖拽从(385,650)至(300,190) -> 方向滑动至(450,190)
[ACTION] ⛔ Fast-Fail! 目标网格(1,0)非绿色高亮(绿像素:0)。取消拖拽。
[REWARD] 执行前血条数: 0 -> 执行后血条数: 0
[REWARD] ⛔ 非法区域/无费用，已被 CV 阻断。奖励 -1.0 (连续无作为: 3次)
[TemplateMatcher] pause_gear.png -> max conf: 0.908 (needs 0.5, optimal scale: 0.80x)

[STEP 128] 开始执行动作...
[ACTION] AI决定: 选卡 8 -> 放入网格(9,3) -> 朝向 0
         坐标映射: 拖拽从(1015,650)至(1100,430) -> 方向滑动至(1100,280)
[ACTION] ✅ CV校验通过！网格(9,3)具有高亮绿色(像素:628)，准许拖拽。
[REWARD] 执行前血条数: 0 -> 执行后血条数: 0
[REWARD] 部署失败，计算前后帧 MSE (均方误差) = 257.94
[REWARD] 画面未发生明显变化(非法部署)。奖励 -1.0 (连续无作为: 4次)
[TemplateMatcher] pause_gear.png -> max conf: 0.908 (needs 0.5, optimal scale: 0.80x)

[STEP 129] 开始执行动作...
[ACTION] AI决定: 选卡 2 -> 放入网格(3,1) -> 朝向 3
         坐标映射: 拖拽从(475,650)至(500,270) -> 方向滑动至(650,270)
[ACTION] ⛔ Fast-Fail! 目标网格(3,1)非绿色高亮(绿像素:0)。取消拖拽。
[REWARD] 执行前血条数: 0 -> 执行后血条数: 0
[REWARD] ⛔ 非法区域/无费用，已被 CV 阻断。奖励 -1.0 (连续无作为: 5次)
[TemplateMatcher] pause_gear.png -> max conf: 0.908 (needs 0.5, optimal scale: 0.80x)

[STEP 130] 开始执行动作...
[ACTION] AI决定: 选卡 4 -> 放入网格(9,1) -> 朝向 2
         坐标映射: 拖拽从(655,650)至(1100,270) -> 方向滑动至(950,270)
[ACTION] ⛔ Fast-Fail! 目标网格(9,1)非绿色高亮(绿像素:0)。取消拖拽。
[REWARD] 执行前血条数: 0 -> 执行后血条数: 0
[REWARD] ⛔ 非法区域/无费用，已被 CV 阻断。奖励 -1.0 (连续无作为: 6次)
[TemplateMatcher] pause_gear.png -> max conf: 0.908 (needs 0.5, optimal scale: 0.80x)

[STEP 131] 开始执行动作...
[ACTION] AI决定: 选卡 8 -> 放入网格(1,3) -> 朝向 0
         坐标映射: 拖拽从(1015,650)至(300,430) -> 方向滑动至(300,280)
[ACTION] ⛔ Fast-Fail! 目标网格(1,3)非绿色高亮(绿像素:0)。取消拖拽。
[REWARD] 执行前血条数: 0 -> 执行后血条数: 0
[REWARD] ⛔ 非法区域/无费用，已被 CV 阻断。奖励 -1.0 (连续无作为: 7次)
[TemplateMatcher] pause_gear.png -> max conf: 0.908 (needs 0.5, optimal scale: 0.80x)

[STEP 132] 开始执行动作...
[ACTION] AI决定: 选卡 1 -> 放入网格(7,4) -> 朝向 2
         坐标映射: 拖拽从(385,650)至(900,510) -> 方向滑动至(750,510)
[ACTION] ⛔ Fast-Fail! 目标网格(7,4)非绿色高亮(绿像素:9)。取消拖拽。
[REWARD] 执行前血条数: 0 -> 执行后血条数: 0
[REWARD] ⛔ 非法区域/无费用，已被 CV 阻断。奖励 -1.0 (连续无作为: 8次)
[TemplateMatcher] pause_gear.png -> max conf: 0.908 (needs 0.5, optimal scale: 0.80x)

[STEP 133] 开始执行动作...
[ACTION] AI决定: 选卡 9 -> 放入网格(7,2) -> 朝向 2
         坐标映射: 拖拽从(1105,650)至(900,350) -> 方向滑动至(750,350)
[ACTION] ✅ CV校验通过！网格(7,2)具有高亮绿色(像素:333)，准许拖拽。
[REWARD] 执行前血条数: 0 -> 执行后血条数: 0
[REWARD] 部署失败，计算前后帧 MSE (均方误差) = 318.73
[REWARD] 动作无效，但游戏仍在进行(画面有变化)。奖励 -0.5 (已清空无作为计数器)
[TemplateMatcher] pause_gear.png -> max conf: 0.908 (needs 0.5, optimal scale: 0.80x)

[STEP 134] 开始执行动作...
[ACTION] AI决定: 选卡 3 -> 放入网格(9,2) -> 朝向 0
         坐标映射: 拖拽从(565,650)至(1100,350) -> 方向滑动至(1100,200)
[ACTION] ⛔ Fast-Fail! 目标网格(9,2)非绿色高亮(绿像素:0)。取消拖拽。
[REWARD] 执行前血条数: 0 -> 执行后血条数: 0
[REWARD] ⛔ 非法区域/无费用，已被 CV 阻断。奖励 -1.0 (连续无作为: 1次)
[TemplateMatcher] pause_gear.png -> max conf: 0.908 (needs 0.5, optimal scale: 0.80x)

[STEP 135] 开始执行动作...
[ACTION] AI决定: 选卡 9 -> 放入网格(4,3) -> 朝向 0
         坐标映射: 拖拽从(1105,650)至(600,430) -> 方向滑动至(600,280)
[ACTION] ✅ CV校验通过！网格(4,3)具有高亮绿色(像素:900)，准许拖拽。
[REWARD] 执行前血条数: 0 -> 执行后血条数: 0
[REWARD] 部署失败，计算前后帧 MSE (均方误差) = 269.73
[REWARD] 画面未发生明显变化(非法部署)。奖励 -1.0 (连续无作为: 2次)
[TemplateMatcher] pause_gear.png -> max conf: 0.908 (needs 0.5, optimal scale: 0.80x)

[STEP 136] 开始执行动作...
[ACTION] AI决定: 选卡 0 -> 放入网格(7,0) -> 朝向 0
         坐标映射: 拖拽从(295,650)至(900,190) -> 方向滑动至(900,40)
[ACTION] ⛔ Fast-Fail! 目标网格(7,0)非绿色高亮(绿像素:0)。取消拖拽。
[REWARD] 执行前血条数: 0 -> 执行后血条数: 0
[REWARD] ⛔ 非法区域/无费用，已被 CV 阻断。奖励 -1.0 (连续无作为: 3次)
[TemplateMatcher] pause_gear.png -> max conf: 0.908 (needs 0.5, optimal scale: 0.80x)

[STEP 137] 开始执行动作...
[ACTION] AI决定: 选卡 8 -> 放入网格(8,0) -> 朝向 1
         坐标映射: 拖拽从(1015,650)至(1000,190) -> 方向滑动至(1000,340)
[ACTION] ⛔ Fast-Fail! 目标网格(8,0)非绿色高亮(绿像素:0)。取消拖拽。
[REWARD] 执行前血条数: 0 -> 执行后血条数: 0
[REWARD] ⛔ 非法区域/无费用，已被 CV 阻断。奖励 -1.0 (连续无作为: 4次)
[TemplateMatcher] pause_gear.png -> max conf: 0.907 (needs 0.5, optimal scale: 0.80x)

[STEP 138] 开始执行动作...
[ACTION] AI决定: 选卡 9 -> 放入网格(7,4) -> 朝向 3
         坐标映射: 拖拽从(1105,650)至(900,510) -> 方向滑动至(1050,510)
[ACTION] ✅ CV校验通过！网格(7,4)具有高亮绿色(像素:642)，准许拖拽。
[REWARD] 执行前血条数: 0 -> 执行后血条数: 0
[REWARD] 部署失败，计算前后帧 MSE (均方误差) = 3249.95
[REWARD] 动作无效，但游戏仍在进行(画面有变化)。奖励 -0.5 (已清空无作为计数器)
[TemplateMatcher] pause_gear.png -> max conf: 0.908 (needs 0.5, optimal scale: 0.80x)

[STEP 139] 开始执行动作...
[ACTION] AI决定: 选卡 3 -> 放入网格(4,4) -> 朝向 2
         坐标映射: 拖拽从(565,650)至(600,510) -> 方向滑动至(450,510)
[ACTION] ⛔ Fast-Fail! 目标网格(4,4)非绿色高亮(绿像素:0)。取消拖拽。
[REWARD] 执行前血条数: 0 -> 执行后血条数: 0
[REWARD] ⛔ 非法区域/无费用，已被 CV 阻断。奖励 -1.0 (连续无作为: 1次)
[TemplateMatcher] pause_gear.png -> max conf: 0.908 (needs 0.5, optimal scale: 0.80x)

[STEP 140] 开始执行动作...
[ACTION] AI决定: 选卡 4 -> 放入网格(9,1) -> 朝向 2
         坐标映射: 拖拽从(655,650)至(1100,270) -> 方向滑动至(950,270)
[ACTION] ⛔ Fast-Fail! 目标网格(9,1)非绿色高亮(绿像素:0)。取消拖拽。
[REWARD] 执行前血条数: 0 -> 执行后血条数: 0
[REWARD] ⛔ 非法区域/无费用，已被 CV 阻断。奖励 -1.0 (连续无作为: 2次)
[TemplateMatcher] pause_gear.png -> max conf: 0.908 (needs 0.5, optimal scale: 0.80x)

[STEP 141] 开始执行动作...
[ACTION] AI决定: 选卡 1 -> 放入网格(5,3) -> 朝向 0
         坐标映射: 拖拽从(385,650)至(700,430) -> 方向滑动至(700,280)
[ACTION] ⛔ Fast-Fail! 目标网格(5,3)非绿色高亮(绿像素:0)。取消拖拽。
[REWARD] 执行前血条数: 0 -> 执行后血条数: 0
[REWARD] ⛔ 非法区域/无费用，已被 CV 阻断。奖励 -1.0 (连续无作为: 3次)
[TemplateMatcher] pause_gear.png -> max conf: 0.881 (needs 0.5, optimal scale: 0.80x)

[STEP 142] 开始执行动作...
[ACTION] AI决定: 选卡 1 -> 放入网格(5,1) -> 朝向 0
         坐标映射: 拖拽从(385,650)至(700,270) -> 方向滑动至(700,120)
[ACTION] ⛔ Fast-Fail! 目标网格(5,1)非绿色高亮(绿像素:11)。取消拖拽。
[REWARD] 执行前血条数: 0 -> 执行后血条数: 0
[REWARD] ⛔ 非法区域/无费用，已被 CV 阻断。奖励 -1.0 (连续无作为: 4次)
[TemplateMatcher] pause_gear.png -> max conf: 0.881 (needs 0.5, optimal scale: 0.80x)

[STEP 143] 开始执行动作...
[ACTION] AI决定: 选卡 9 -> 放入网格(5,3) -> 朝向 1
         坐标映射: 拖拽从(1105,650)至(700,430) -> 方向滑动至(700,580)
[ACTION] ⛔ Fast-Fail! 目标网格(5,3)非绿色高亮(绿像素:0)。取消拖拽。
[REWARD] 执行前血条数: 0 -> 执行后血条数: 0
[REWARD] ⛔ 非法区域/无费用，已被 CV 阻断。奖励 -1.0 (连续无作为: 5次)
[TemplateMatcher] pause_gear.png -> max conf: 0.881 (needs 0.5, optimal scale: 0.80x)

[STEP 144] 开始执行动作...
[ACTION] AI决定: 选卡 8 -> 放入网格(4,4) -> 朝向 2
         坐标映射: 拖拽从(1015,650)至(600,510) -> 方向滑动至(450,510)
[ACTION] ⛔ Fast-Fail! 目标网格(4,4)非绿色高亮(绿像素:0)。取消拖拽。
[REWARD] 执行前血条数: 0 -> 执行后血条数: 0
[REWARD] ⛔ 非法区域/无费用，已被 CV 阻断。奖励 -1.0 (连续无作为: 6次)
[TemplateMatcher] pause_gear.png -> max conf: 0.000 (needs 0.5, optimal scale: 0.80x)
[ENV] ⚠️ 警告：未检测到右上角齿轮图标！(连续 1/3 次)

[STEP 145] 开始执行动作...
[ACTION] AI决定: 选卡 0 -> 放入网格(6,1) -> 朝向 3
         坐标映射: 拖拽从(295,650)至(800,270) -> 方向滑动至(950,270)
[ACTION] ⛔ Fast-Fail! 目标网格(6,1)非绿色高亮(绿像素:0)。取消拖拽。
[REWARD] 执行前血条数: 0 -> 执行后血条数: 0
[REWARD] ⛔ 非法区域/无费用，已被 CV 阻断。奖励 -1.0 (连续无作为: 7次)
[TemplateMatcher] pause_gear.png -> max conf: 0.000 (needs 0.5, optimal scale: 0.80x)
[ENV] ⚠️ 警告：未检测到右上角齿轮图标！(连续 2/3 次)

[STEP 146] 开始执行动作...
[ACTION] AI决定: 选卡 6 -> 放入网格(3,3) -> 朝向 1
         坐标映射: 拖拽从(835,650)至(500,430) -> 方向滑动至(500,580)
[ACTION] ⛔ Fast-Fail! 目标网格(3,3)非绿色高亮(绿像素:0)。取消拖拽。
[REWARD] 执行前血条数: 0 -> 执行后血条数: 0
[REWARD] ⛔ 非法区域/无费用，已被 CV 阻断。奖励 -1.0 (连续无作为: 8次)
[TemplateMatcher] pause_gear.png -> max conf: 0.000 (needs 0.5, optimal scale: 0.80x)
[ENV] ⚠️ 警告：未检测到右上角齿轮图标！(连续 3/3 次)
[ENV] 🚨 优先级 2 触发：连续 3 次未检测到战斗界面UI元素，判定游戏已结束！

================= 回合结束，开始自动重启关卡 =================
[TemplateMatcher] pause_gear.png -> max conf: 0.000 (needs 0.7, optimal scale: 0.80x)
[DEBUG] 未匹配 [pause_gear] (要求阈值 0.7)
[TemplateMatcher] start_action.png -> max conf: 0.000 (needs 0.45, optimal scale: 0.80x)
[DEBUG] 未匹配 [start_action] (要求阈值 0.45)
[TemplateMatcher] practice.png -> max conf: 0.000 (needs 0.5, optimal scale: 0.80x)
[DEBUG] 未匹配 [practice] (要求阈值 0.5)
[TemplateMatcher] stage_1_7.png -> max conf: 0.000 (needs 0.5, optimal scale: 0.80x)
[DEBUG] 未匹配 [stage_1_7] (要求阈值 0.5)
[RESET] 尝试跳过动画/寻找入口... (尝试 1/100)
[TemplateMatcher] pause_gear.png -> max conf: 0.618 (needs 0.7, optimal scale: 0.80x)
[DEBUG] 未匹配 [pause_gear] (要求阈值 0.7)
[TemplateMatcher] start_action.png -> max conf: 0.055 (needs 0.45, optimal scale: 0.80x)
[DEBUG] 未匹配 [start_action] (要求阈值 0.45)
[TemplateMatcher] practice.png -> max conf: 0.585 (needs 0.5, optimal scale: 0.80x)
[RESET] 找到 [practice] (置信度 0.58 >= 0.5)，点击 (915, 652)
[RESET] 点击演习按钮
[TemplateMatcher] pause_gear.png -> max conf: 0.618 (needs 0.7, optimal scale: 0.80x)
[DEBUG] 未匹配 [pause_gear] (要求阈值 0.7)
[TemplateMatcher] start_action.png -> max conf: 0.055 (needs 0.45, optimal scale: 0.80x)
[DEBUG] 未匹配 [start_action] (要求阈值 0.45)
[TemplateMatcher] practice.png -> max conf: 0.585 (needs 0.5, optimal scale: 0.80x)
[RESET] 找到 [practice] (置信度 0.58 >= 0.5)，点击 (915, 652)
[RESET] 点击演习按钮
[TemplateMatcher] pause_gear.png -> max conf: 0.490 (needs 0.7, optimal scale: 0.80x)
[DEBUG] 未匹配 [pause_gear] (要求阈值 0.7)
[TemplateMatcher] start_action.png -> max conf: -0.034 (needs 0.45, optimal scale: 0.80x)
[DEBUG] 未匹配 [start_action] (要求阈值 0.45)
[TemplateMatcher] practice.png -> max conf: 0.522 (needs 0.5, optimal scale: 0.80x)
[RESET] 找到 [practice] (置信度 0.52 >= 0.5)，点击 (533, 603)
[RESET] 点击演习按钮
[TemplateMatcher] pause_gear.png -> max conf: 0.490 (needs 0.7, optimal scale: 0.80x)
[DEBUG] 未匹配 [pause_gear] (要求阈值 0.7)
[TemplateMatcher] start_action.png -> max conf: -0.034 (needs 0.45, optimal scale: 0.80x)
[DEBUG] 未匹配 [start_action] (要求阈值 0.45)
[TemplateMatcher] practice.png -> max conf: 0.522 (needs 0.5, optimal scale: 0.80x)
[RESET] 找到 [practice] (置信度 0.52 >= 0.5)，点击 (533, 603)
[RESET] 点击演习按钮
[TemplateMatcher] pause_gear.png -> max conf: 0.473 (needs 0.7, optimal scale: 0.90x)
[DEBUG] 未匹配 [pause_gear] (要求阈值 0.7)
[TemplateMatcher] start_action.png -> max conf: 0.037 (needs 0.45, optimal scale: 0.80x)
[DEBUG] 未匹配 [start_action] (要求阈值 0.45)
[TemplateMatcher] practice.png -> max conf: 0.489 (needs 0.5, optimal scale: 0.85x)
[DEBUG] 未匹配 [practice] (要求阈值 0.5)
[TemplateMatcher] stage_1_7.png -> max conf: 0.712 (needs 0.5, optimal scale: 0.80x)
[RESET] 找到 [stage_1_7] (置信度 0.71 >= 0.5)，点击 (638, 224)
[RESET] 点击关卡 1-7 图标
[TemplateMatcher] pause_gear.png -> max conf: 0.612 (needs 0.7, optimal scale: 1.10x)
[DEBUG] 未匹配 [pause_gear] (要求阈值 0.7)
[TemplateMatcher] start_action.png -> max conf: 0.100 (needs 0.45, optimal scale: 0.80x)
[DEBUG] 未匹配 [start_action] (要求阈值 0.45)
[TemplateMatcher] practice.png -> max conf: 0.687 (needs 0.5, optimal scale: 0.80x)
[RESET] 找到 [practice] (置信度 0.69 >= 0.5)，点击 (935, 660)
[RESET] 点击演习按钮
[TemplateMatcher] pause_gear.png -> max conf: 0.470 (needs 0.7, optimal scale: 1.05x)
[DEBUG] 未匹配 [pause_gear] (要求阈值 0.7)
[TemplateMatcher] start_action.png -> max conf: 0.451 (needs 0.45, optimal scale: 0.80x)
[RESET] 找到 [start_action] (置信度 0.45 >= 0.45)，点击 (1101, 513)
[RESET] 点击开始行动，进入加载...
[TemplateMatcher] pause_gear.png -> max conf: 0.000 (needs 0.7, optimal scale: 0.80x)
[DEBUG] 未匹配 [pause_gear] (要求阈值 0.7)
[TemplateMatcher] start_action.png -> max conf: 0.000 (needs 0.45, optimal scale: 0.80x)
[DEBUG] 未匹配 [start_action] (要求阈值 0.45)
[TemplateMatcher] practice.png -> max conf: 0.000 (needs 0.5, optimal scale: 0.80x)
[DEBUG] 未匹配 [practice] (要求阈值 0.5)
[TemplateMatcher] stage_1_7.png -> max conf: 0.000 (needs 0.5, optimal scale: 0.80x)
[DEBUG] 未匹配 [stage_1_7] (要求阈值 0.5)
[RESET] 尝试跳过动画/寻找入口... (尝试 9/100)
[TemplateMatcher] pause_gear.png -> max conf: 0.511 (needs 0.7, optimal scale: 1.20x)
[DEBUG] 未匹配 [pause_gear] (要求阈值 0.7)
[TemplateMatcher] start_action.png -> max conf: -0.063 (needs 0.45, optimal scale: 0.80x)
[DEBUG] 未匹配 [start_action] (要求阈值 0.45)
[TemplateMatcher] practice.png -> max conf: 0.379 (needs 0.5, optimal scale: 0.90x)
[DEBUG] 未匹配 [practice] (要求阈值 0.5)
[TemplateMatcher] stage_1_7.png -> max conf: 0.411 (needs 0.5, optimal scale: 0.90x)
[DEBUG] 未匹配 [stage_1_7] (要求阈值 0.5)
[RESET] 尝试跳过动画/寻找入口... (尝试 10/100)
[TemplateMatcher] pause_gear.png -> max conf: 0.215 (needs 0.7, optimal scale: 1.20x)
[DEBUG] 未匹配 [pause_gear] (要求阈值 0.7)
[TemplateMatcher] start_action.png -> max conf: 0.224 (needs 0.45, optimal scale: 0.80x)
[DEBUG] 未匹配 [start_action] (要求阈值 0.45)
[TemplateMatcher] practice.png -> max conf: 0.191 (needs 0.5, optimal scale: 0.80x)
[DEBUG] 未匹配 [practice] (要求阈值 0.5)
[TemplateMatcher] stage_1_7.png -> max conf: 0.271 (needs 0.5, optimal scale: 0.80x)
[DEBUG] 未匹配 [stage_1_7] (要求阈值 0.5)
[RESET] 尝试跳过动画/寻找入口... (尝试 11/100)
[TemplateMatcher] pause_gear.png -> max conf: 0.211 (needs 0.7, optimal scale: 1.05x)
[DEBUG] 未匹配 [pause_gear] (要求阈值 0.7)
[TemplateMatcher] start_action.png -> max conf: 0.202 (needs 0.45, optimal scale: 0.80x)
[DEBUG] 未匹配 [start_action] (要求阈值 0.45)
[TemplateMatcher] practice.png -> max conf: 0.297 (needs 0.5, optimal scale: 0.80x)
[DEBUG] 未匹配 [practice] (要求阈值 0.5)
[TemplateMatcher] stage_1_7.png -> max conf: 0.277 (needs 0.5, optimal scale: 0.85x)
[DEBUG] 未匹配 [stage_1_7] (要求阈值 0.5)
[RESET] 尝试跳过动画/寻找入口... (尝试 12/100)
[TemplateMatcher] pause_gear.png -> max conf: 0.872 (needs 0.7, optimal scale: 0.80x)
[RESET] 找到 [pause_gear] (置信度 0.87 >= 0.7)，(仅检测，不点击)
[RESET] ✅ 检测到战斗画面右上角齿轮，重启成功！
================= 关卡重启流程结束 =================

--> [回合结束] 第 3 回合 | 奖励: -133.0 | 步数: 146

[STEP 1] 开始执行动作...
[ACTION] AI决定: 选卡 1 -> 放入网格(5,0) -> 朝向 0
         坐标映射: 拖拽从(385,650)至(700,190) -> 方向滑动至(700,40)
[ACTION] ✅ CV校验通过！网格(5,0)具有高亮绿色(像素:82)，准许拖拽。
[REWARD] 执行前血条数: 0 -> 执行后血条数: 0
[REWARD] 部署失败，计算前后帧 MSE (均方误差) = 158.34
[REWARD] 画面未发生明显变化(非法部署)。奖励 -1.0 (连续无作为: 9次)
[TemplateMatcher] pause_gear.png -> max conf: 0.908 (needs 0.5, optimal scale: 0.80x)

[STEP 2] 开始执行动作...
[ACTION] AI决定: 选卡 5 -> 放入网格(7,4) -> 朝向 2
         坐标映射: 拖拽从(745,650)至(900,510) -> 方向滑动至(750,510)
[ACTION] ⛔ Fast-Fail! 目标网格(7,4)非绿色高亮(绿像素:0)。取消拖拽。
[REWARD] 执行前血条数: 0 -> 执行后血条数: 0
[REWARD] ⛔ 非法区域/无费用，已被 CV 阻断。奖励 -1.0 (连续无作为: 10次)
[TemplateMatcher] pause_gear.png -> max conf: 0.907 (needs 0.5, optimal scale: 0.80x)

[STEP 3] 开始执行动作...
[ACTION] AI决定: 选卡 3 -> 放入网格(1,0) -> 朝向 1
         坐标映射: 拖拽从(565,650)至(300,190) -> 方向滑动至(300,340)
[ACTION] ⛔ Fast-Fail! 目标网格(1,0)非绿色高亮(绿像素:0)。取消拖拽。
[REWARD] 执行前血条数: 0 -> 执行后血条数: 0
[REWARD] ⛔ 非法区域/无费用，已被 CV 阻断。奖励 -1.0 (连续无作为: 11次)
[TemplateMatcher] pause_gear.png -> max conf: 0.908 (needs 0.5, optimal scale: 0.80x)

[STEP 4] 开始执行动作...
[ACTION] AI决定: 选卡 3 -> 放入网格(9,3) -> 朝向 0
         坐标映射: 拖拽从(565,650)至(1100,430) -> 方向滑动至(1100,280)
[ACTION] ✅ CV校验通过！网格(9,3)具有高亮绿色(像素:808)，准许拖拽。
[REWARD] 执行前血条数: 0 -> 执行后血条数: 0
[REWARD] 部署失败，计算前后帧 MSE (均方误差) = 941.36
[REWARD] 动作无效，但游戏仍在进行(画面有变化)。奖励 -0.5 (已清空无作为计数器)
[TemplateMatcher] pause_gear.png -> max conf: 0.908 (needs 0.5, optimal scale: 0.80x)

[STEP 5] 开始执行动作...
[ACTION] AI决定: 选卡 0 -> 放入网格(7,3) -> 朝向 1
         坐标映射: 拖拽从(295,650)至(900,430) -> 方向滑动至(900,580)
[ACTION] ⛔ Fast-Fail! 目标网格(7,3)非绿色高亮(绿像素:16)。取消拖拽。
[REWARD] 执行前血条数: 0 -> 执行后血条数: 0
[REWARD] ⛔ 非法区域/无费用，已被 CV 阻断。奖励 -1.0 (连续无作为: 1次)
[TemplateMatcher] pause_gear.png -> max conf: 0.908 (needs 0.5, optimal scale: 0.80x)

[STEP 6] 开始执行动作...
[ACTION] AI决定: 选卡 8 -> 放入网格(7,4) -> 朝向 0
         坐标映射: 拖拽从(1015,650)至(900,510) -> 方向滑动至(900,360)
[ACTION] ⛔ Fast-Fail! 目标网格(7,4)非绿色高亮(绿像素:0)。取消拖拽。
[REWARD] 执行前血条数: 0 -> 执行后血条数: 0
[REWARD] ⛔ 非法区域/无费用，已被 CV 阻断。奖励 -1.0 (连续无作为: 2次)
[TemplateMatcher] pause_gear.png -> max conf: 0.908 (needs 0.5, optimal scale: 0.80x)

[STEP 7] 开始执行动作...
[ACTION] AI决定: 选卡 1 -> 放入网格(5,3) -> 朝向 3
         坐标映射: 拖拽从(385,650)至(700,430) -> 方向滑动至(850,430)
[ACTION] ✅ CV校验通过！网格(5,3)具有高亮绿色(像素:900)，准许拖拽。
[REWARD] 执行前血条数: 0 -> 执行后血条数: 0
[REWARD] 部署失败，计算前后帧 MSE (均方误差) = 49.34
[REWARD] 画面未发生明显变化(非法部署)。奖励 -1.0 (连续无作为: 3次)
[TemplateMatcher] pause_gear.png -> max conf: 0.908 (needs 0.5, optimal scale: 0.80x)

[STEP 8] 开始执行动作...
[ACTION] AI决定: 选卡 7 -> 放入网格(0,3) -> 朝向 1
         坐标映射: 拖拽从(925,650)至(200,430) -> 方向滑动至(200,580)
[ACTION] ⛔ Fast-Fail! 目标网格(0,3)非绿色高亮(绿像素:0)。取消拖拽。
[REWARD] 执行前血条数: 0 -> 执行后血条数: 0
[REWARD] ⛔ 非法区域/无费用，已被 CV 阻断。奖励 -1.0 (连续无作为: 4次)
[TemplateMatcher] pause_gear.png -> max conf: 0.908 (needs 0.5, optimal scale: 0.80x)

[STEP 9] 开始执行动作...
[ACTION] AI决定: 选卡 8 -> 放入网格(2,1) -> 朝向 3
         坐标映射: 拖拽从(1015,650)至(400,270) -> 方向滑动至(550,270)
[ACTION] ⛔ Fast-Fail! 目标网格(2,1)非绿色高亮(绿像素:0)。取消拖拽。
[REWARD] 执行前血条数: 0 -> 执行后血条数: 0
[REWARD] ⛔ 非法区域/无费用，已被 CV 阻断。奖励 -1.0 (连续无作为: 5次)
[TemplateMatcher] pause_gear.png -> max conf: 0.908 (needs 0.5, optimal scale: 0.80x)

[STEP 10] 开始执行动作...
[ACTION] AI决定: 选卡 5 -> 放入网格(0,3) -> 朝向 2
         坐标映射: 拖拽从(745,650)至(200,430) -> 方向滑动至(50,430)
[ACTION] ⛔ Fast-Fail! 目标网格(0,3)非绿色高亮(绿像素:0)。取消拖拽。
[REWARD] 执行前血条数: 0 -> 执行后血条数: 0
[REWARD] ⛔ 非法区域/无费用，已被 CV 阻断。奖励 -1.0 (连续无作为: 6次)
[TemplateMatcher] pause_gear.png -> max conf: 0.908 (needs 0.5, optimal scale: 0.80x)

[STEP 11] 开始执行动作...
[ACTION] AI决定: 选卡 7 -> 放入网格(1,4) -> 朝向 1
         坐标映射: 拖拽从(925,650)至(300,510) -> 方向滑动至(300,660)
[ACTION] ⛔ Fast-Fail! 目标网格(1,4)非绿色高亮(绿像素:0)。取消拖拽。
[REWARD] 执行前血条数: 0 -> 执行后血条数: 0
[REWARD] ⛔ 非法区域/无费用，已被 CV 阻断。奖励 -1.0 (连续无作为: 7次)
[TemplateMatcher] pause_gear.png -> max conf: 0.907 (needs 0.5, optimal scale: 0.80x)

[STEP 12] 开始执行动作...
[ACTION] AI决定: 选卡 2 -> 放入网格(9,4) -> 朝向 0
         坐标映射: 拖拽从(475,650)至(1100,510) -> 方向滑动至(1100,360)
[ACTION] ⛔ Fast-Fail! 目标网格(9,4)非绿色高亮(绿像素:0)。取消拖拽。
[REWARD] 执行前血条数: 0 -> 执行后血条数: 0
[REWARD] ⛔ 非法区域/无费用，已被 CV 阻断。奖励 -1.0 (连续无作为: 8次)
[TemplateMatcher] pause_gear.png -> max conf: 0.907 (needs 0.5, optimal scale: 0.80x)

[STEP 13] 开始执行动作...
[ACTION] AI决定: 选卡 2 -> 放入网格(3,1) -> 朝向 2
         坐标映射: 拖拽从(475,650)至(500,270) -> 方向滑动至(350,270)
[ACTION] ⛔ Fast-Fail! 目标网格(3,1)非绿色高亮(绿像素:2)。取消拖拽。
[REWARD] 执行前血条数: 0 -> 执行后血条数: 0
[REWARD] ⛔ 非法区域/无费用，已被 CV 阻断。奖励 -1.0 (连续无作为: 9次)
[TemplateMatcher] pause_gear.png -> max conf: 0.908 (needs 0.5, optimal scale: 0.80x)

[STEP 14] 开始执行动作...
[ACTION] AI决定: 选卡 8 -> 放入网格(2,0) -> 朝向 1
         坐标映射: 拖拽从(1015,650)至(400,190) -> 方向滑动至(400,340)
[ACTION] ⛔ Fast-Fail! 目标网格(2,0)非绿色高亮(绿像素:0)。取消拖拽。
[REWARD] 执行前血条数: 0 -> 执行后血条数: 0
[REWARD] ⛔ 非法区域/无费用，已被 CV 阻断。奖励 -1.0 (连续无作为: 10次)
[TemplateMatcher] pause_gear.png -> max conf: 0.908 (needs 0.5, optimal scale: 0.80x)

[STEP 15] 开始执行动作...
[ACTION] AI决定: 选卡 3 -> 放入网格(1,3) -> 朝向 2
         坐标映射: 拖拽从(565,650)至(300,430) -> 方向滑动至(150,430)
[ACTION] ⛔ Fast-Fail! 目标网格(1,3)非绿色高亮(绿像素:0)。取消拖拽。
[REWARD] 执行前血条数: 0 -> 执行后血条数: 0
[REWARD] ⛔ 非法区域/无费用，已被 CV 阻断。奖励 -1.0 (连续无作为: 11次)
[TemplateMatcher] pause_gear.png -> max conf: 0.908 (needs 0.5, optimal scale: 0.80x)

[STEP 16] 开始执行动作...
[ACTION] AI决定: 选卡 7 -> 放入网格(0,0) -> 朝向 3
         坐标映射: 拖拽从(925,650)至(200,190) -> 方向滑动至(350,190)
[ACTION] ⛔ Fast-Fail! 目标网格(0,0)非绿色高亮(绿像素:0)。取消拖拽。
[REWARD] 执行前血条数: 0 -> 执行后血条数: 0
[REWARD] ⛔ 非法区域/无费用，已被 CV 阻断。奖励 -1.0 (连续无作为: 12次)
[TemplateMatcher] pause_gear.png -> max conf: 0.908 (needs 0.5, optimal scale: 0.80x)

[STEP 17] 开始执行动作...
[ACTION] AI决定: 选卡 4 -> 放入网格(1,0) -> 朝向 0
         坐标映射: 拖拽从(655,650)至(300,190) -> 方向滑动至(300,40)
[ACTION] ⛔ Fast-Fail! 目标网格(1,0)非绿色高亮(绿像素:1)。取消拖拽。
[REWARD] 执行前血条数: 0 -> 执行后血条数: 0
[REWARD] ⛔ 非法区域/无费用，已被 CV 阻断。奖励 -1.0 (连续无作为: 13次)
[TemplateMatcher] pause_gear.png -> max conf: 0.908 (needs 0.5, optimal scale: 0.80x)

[STEP 18] 开始执行动作...
[ACTION] AI决定: 选卡 2 -> 放入网格(2,3) -> 朝向 3
         坐标映射: 拖拽从(475,650)至(400,430) -> 方向滑动至(550,430)
[ACTION] ⛔ Fast-Fail! 目标网格(2,3)非绿色高亮(绿像素:0)。取消拖拽。
[REWARD] 执行前血条数: 0 -> 执行后血条数: 0
[REWARD] ⛔ 非法区域/无费用，已被 CV 阻断。奖励 -1.0 (连续无作为: 14次)
[TemplateMatcher] pause_gear.png -> max conf: 0.907 (needs 0.5, optimal scale: 0.80x)

[STEP 19] 开始执行动作...
[ACTION] AI决定: 选卡 9 -> 放入网格(2,2) -> 朝向 1
         坐标映射: 拖拽从(1105,650)至(400,350) -> 方向滑动至(400,500)
[ACTION] ✅ CV校验通过！网格(2,2)具有高亮绿色(像素:117)，准许拖拽。
[REWARD] 执行前血条数: 0 -> 执行后血条数: 0
[REWARD] 部署失败，计算前后帧 MSE (均方误差) = 2885.23
[REWARD] 动作无效，但游戏仍在进行(画面有变化)。奖励 -0.5 (已清空无作为计数器)
[TemplateMatcher] pause_gear.png -> max conf: 0.907 (needs 0.5, optimal scale: 0.80x)

[STEP 20] 开始执行动作...
[ACTION] AI决定: 选卡 3 -> 放入网格(7,1) -> 朝向 1
         坐标映射: 拖拽从(565,650)至(900,270) -> 方向滑动至(900,420)
[ACTION] ✅ CV校验通过！网格(7,1)具有高亮绿色(像素:617)，准许拖拽。
[REWARD] 执行前血条数: 0 -> 执行后血条数: 0
[REWARD] 部署失败，计算前后帧 MSE (均方误差) = 3176.08
[REWARD] 动作无效，但游戏仍在进行(画面有变化)。奖励 -0.5 (已清空无作为计数器)
[TemplateMatcher] pause_gear.png -> max conf: 0.908 (needs 0.5, optimal scale: 0.80x)

[STEP 21] 开始执行动作...
[ACTION] AI决定: 选卡 0 -> 放入网格(1,0) -> 朝向 0
         坐标映射: 拖拽从(295,650)至(300,190) -> 方向滑动至(300,40)
[ACTION] ⛔ Fast-Fail! 目标网格(1,0)非绿色高亮(绿像素:0)。取消拖拽。
[REWARD] 执行前血条数: 0 -> 执行后血条数: 0
[REWARD] ⛔ 非法区域/无费用，已被 CV 阻断。奖励 -1.0 (连续无作为: 1次)
[TemplateMatcher] pause_gear.png -> max conf: 0.908 (needs 0.5, optimal scale: 0.80x)

[STEP 22] 开始执行动作...
[ACTION] AI决定: 选卡 7 -> 放入网格(2,0) -> 朝向 0
         坐标映射: 拖拽从(925,650)至(400,190) -> 方向滑动至(400,40)
[ACTION] ⛔ Fast-Fail! 目标网格(2,0)非绿色高亮(绿像素:0)。取消拖拽。
[REWARD] 执行前血条数: 0 -> 执行后血条数: 0
[REWARD] ⛔ 非法区域/无费用，已被 CV 阻断。奖励 -1.0 (连续无作为: 2次)
[TemplateMatcher] pause_gear.png -> max conf: 0.908 (needs 0.5, optimal scale: 0.80x)

[STEP 23] 开始执行动作...
[ACTION] AI决定: 选卡 2 -> 放入网格(7,1) -> 朝向 2
         坐标映射: 拖拽从(475,650)至(900,270) -> 方向滑动至(750,270)
[ACTION] ⛔ Fast-Fail! 目标网格(7,1)非绿色高亮(绿像素:0)。取消拖拽。
[REWARD] 执行前血条数: 0 -> 执行后血条数: 0
[REWARD] ⛔ 非法区域/无费用，已被 CV 阻断。奖励 -1.0 (连续无作为: 3次)
[TemplateMatcher] pause_gear.png -> max conf: 0.908 (needs 0.5, optimal scale: 0.80x)

[STEP 24] 开始执行动作...
[ACTION] AI决定: 选卡 2 -> 放入网格(5,0) -> 朝向 1
         坐标映射: 拖拽从(475,650)至(700,190) -> 方向滑动至(700,340)
[ACTION] ✅ CV校验通过！网格(5,0)具有高亮绿色(像素:82)，准许拖拽。
[REWARD] 执行前血条数: 0 -> 执行后血条数: 0
[REWARD] 部署失败，计算前后帧 MSE (均方误差) = 244.96
[REWARD] 画面未发生明显变化(非法部署)。奖励 -1.0 (连续无作为: 4次)
[TemplateMatcher] pause_gear.png -> max conf: 0.908 (needs 0.5, optimal scale: 0.80x)

[STEP 25] 开始执行动作...
[ACTION] AI决定: 选卡 5 -> 放入网格(0,0) -> 朝向 1
         坐标映射: 拖拽从(745,650)至(200,190) -> 方向滑动至(200,340)
[ACTION] ⛔ Fast-Fail! 目标网格(0,0)非绿色高亮(绿像素:0)。取消拖拽。
[REWARD] 执行前血条数: 0 -> 执行后血条数: 0
[REWARD] ⛔ 非法区域/无费用，已被 CV 阻断。奖励 -1.0 (连续无作为: 5次)
[TemplateMatcher] pause_gear.png -> max conf: 0.908 (needs 0.5, optimal scale: 0.80x)

[STEP 26] 开始执行动作...
[ACTION] AI决定: 选卡 1 -> 放入网格(7,0) -> 朝向 0
         坐标映射: 拖拽从(385,650)至(900,190) -> 方向滑动至(900,40)
[ACTION] ⛔ Fast-Fail! 目标网格(7,0)非绿色高亮(绿像素:0)。取消拖拽。
[REWARD] 执行前血条数: 0 -> 执行后血条数: 0
[REWARD] ⛔ 非法区域/无费用，已被 CV 阻断。奖励 -1.0 (连续无作为: 6次)
[TemplateMatcher] pause_gear.png -> max conf: 0.907 (needs 0.5, optimal scale: 0.80x)

[STEP 27] 开始执行动作...
[ACTION] AI决定: 选卡 9 -> 放入网格(6,3) -> 朝向 1
         坐标映射: 拖拽从(1105,650)至(800,430) -> 方向滑动至(800,580)
[ACTION] ⛔ Fast-Fail! 目标网格(6,3)非绿色高亮(绿像素:0)。取消拖拽。
[REWARD] 执行前血条数: 0 -> 执行后血条数: 0
[REWARD] ⛔ 非法区域/无费用，已被 CV 阻断。奖励 -1.0 (连续无作为: 7次)
[TemplateMatcher] pause_gear.png -> max conf: 0.908 (needs 0.5, optimal scale: 0.80x)

[STEP 28] 开始执行动作...
[ACTION] AI决定: 选卡 1 -> 放入网格(0,3) -> 朝向 0
         坐标映射: 拖拽从(385,650)至(200,430) -> 方向滑动至(200,280)
[ACTION] ⛔ Fast-Fail! 目标网格(0,3)非绿色高亮(绿像素:0)。取消拖拽。
[REWARD] 执行前血条数: 0 -> 执行后血条数: 0
[REWARD] ⛔ 非法区域/无费用，已被 CV 阻断。奖励 -1.0 (连续无作为: 8次)
[TemplateMatcher] pause_gear.png -> max conf: 0.908 (needs 0.5, optimal scale: 0.80x)

[STEP 29] 开始执行动作...
[ACTION] AI决定: 选卡 7 -> 放入网格(1,1) -> 朝向 0
         坐标映射: 拖拽从(925,650)至(300,270) -> 方向滑动至(300,120)
[ACTION] ⛔ Fast-Fail! 目标网格(1,1)非绿色高亮(绿像素:0)。取消拖拽。
[REWARD] 执行前血条数: 0 -> 执行后血条数: 0
[REWARD] ⛔ 非法区域/无费用，已被 CV 阻断。奖励 -1.0 (连续无作为: 9次)
[TemplateMatcher] pause_gear.png -> max conf: 0.908 (needs 0.5, optimal scale: 0.80x)

[STEP 30] 开始执行动作...
[ACTION] AI决定: 选卡 1 -> 放入网格(0,0) -> 朝向 3
         坐标映射: 拖拽从(385,650)至(200,190) -> 方向滑动至(350,190)
[ACTION] ⛔ Fast-Fail! 目标网格(0,0)非绿色高亮(绿像素:6)。取消拖拽。
[REWARD] 执行前血条数: 0 -> 执行后血条数: 0
[REWARD] ⛔ 非法区域/无费用，已被 CV 阻断。奖励 -1.0 (连续无作为: 10次)
[TemplateMatcher] pause_gear.png -> max conf: 0.908 (needs 0.5, optimal scale: 0.80x)

[STEP 31] 开始执行动作...
[ACTION] AI决定: 选卡 7 -> 放入网格(7,3) -> 朝向 0
         坐标映射: 拖拽从(925,650)至(900,430) -> 方向滑动至(900,280)
[ACTION] ✅ CV校验通过！网格(7,3)具有高亮绿色(像素:900)，准许拖拽。
[REWARD] 执行前血条数: 0 -> 执行后血条数: 0
[REWARD] 部署失败，计算前后帧 MSE (均方误差) = 289.80
[REWARD] 画面未发生明显变化(非法部署)。奖励 -1.0 (连续无作为: 11次)
[TemplateMatcher] pause_gear.png -> max conf: 0.908 (needs 0.5, optimal scale: 0.80x)

[STEP 32] 开始执行动作...
[ACTION] AI决定: 选卡 1 -> 放入网格(5,3) -> 朝向 2
         坐标映射: 拖拽从(385,650)至(700,430) -> 方向滑动至(550,430)
[ACTION] ⛔ Fast-Fail! 目标网格(5,3)非绿色高亮(绿像素:0)。取消拖拽。
[REWARD] 执行前血条数: 0 -> 执行后血条数: 0
[REWARD] ⛔ 非法区域/无费用，已被 CV 阻断。奖励 -1.0 (连续无作为: 12次)
[TemplateMatcher] pause_gear.png -> max conf: 0.908 (needs 0.5, optimal scale: 0.80x)

[STEP 33] 开始执行动作...
[ACTION] AI决定: 选卡 3 -> 放入网格(8,2) -> 朝向 0
         坐标映射: 拖拽从(565,650)至(1000,350) -> 方向滑动至(1000,200)
[ACTION] ✅ CV校验通过！网格(8,2)具有高亮绿色(像素:361)，准许拖拽。
[REWARD] 执行前血条数: 0 -> 执行后血条数: 0
[REWARD] 部署失败，计算前后帧 MSE (均方误差) = 264.67
[REWARD] 画面未发生明显变化(非法部署)。奖励 -1.0 (连续无作为: 13次)
[TemplateMatcher] pause_gear.png -> max conf: 0.908 (needs 0.5, optimal scale: 0.80x)

[STEP 34] 开始执行动作...
[ACTION] AI决定: 选卡 3 -> 放入网格(5,3) -> 朝向 0
         坐标映射: 拖拽从(565,650)至(700,430) -> 方向滑动至(700,280)
[ACTION] ✅ CV校验通过！网格(5,3)具有高亮绿色(像素:900)，准许拖拽。
[REWARD] 执行前血条数: 0 -> 执行后血条数: 0
[REWARD] 部署失败，计算前后帧 MSE (均方误差) = 725.87
[REWARD] 动作无效，但游戏仍在进行(画面有变化)。奖励 -0.5 (已清空无作为计数器)
[TemplateMatcher] pause_gear.png -> max conf: 0.908 (needs 0.5, optimal scale: 0.80x)

[STEP 35] 开始执行动作...
[ACTION] AI决定: 选卡 3 -> 放入网格(9,3) -> 朝向 0
         坐标映射: 拖拽从(565,650)至(1100,430) -> 方向滑动至(1100,280)
[ACTION] ✅ CV校验通过！网格(9,3)具有高亮绿色(像素:31)，准许拖拽。
[REWARD] 执行前血条数: 0 -> 执行后血条数: 0
[REWARD] 部署失败，计算前后帧 MSE (均方误差) = 295.05
[REWARD] 画面未发生明显变化(非法部署)。奖励 -1.0 (连续无作为: 1次)
[TemplateMatcher] pause_gear.png -> max conf: 0.908 (needs 0.5, optimal scale: 0.80x)

[STEP 36] 开始执行动作...
[ACTION] AI决定: 选卡 1 -> 放入网格(0,2) -> 朝向 2
         坐标映射: 拖拽从(385,650)至(200,350) -> 方向滑动至(50,350)
[ACTION] ⛔ Fast-Fail! 目标网格(0,2)非绿色高亮(绿像素:0)。取消拖拽。
[REWARD] 执行前血条数: 0 -> 执行后血条数: 0
[REWARD] ⛔ 非法区域/无费用，已被 CV 阻断。奖励 -1.0 (连续无作为: 2次)
[TemplateMatcher] pause_gear.png -> max conf: 0.908 (needs 0.5, optimal scale: 0.80x)

[STEP 37] 开始执行动作...
[ACTION] AI决定: 选卡 2 -> 放入网格(1,3) -> 朝向 2
         坐标映射: 拖拽从(475,650)至(300,430) -> 方向滑动至(150,430)
[ACTION] ⛔ Fast-Fail! 目标网格(1,3)非绿色高亮(绿像素:0)。取消拖拽。
[REWARD] 执行前血条数: 0 -> 执行后血条数: 0
[REWARD] ⛔ 非法区域/无费用，已被 CV 阻断。奖励 -1.0 (连续无作为: 3次)
[TemplateMatcher] pause_gear.png -> max conf: 0.908 (needs 0.5, optimal scale: 0.80x)

[STEP 38] 开始执行动作...
[ACTION] AI决定: 选卡 7 -> 放入网格(4,1) -> 朝向 2
         坐标映射: 拖拽从(925,650)至(600,270) -> 方向滑动至(450,270)
[ACTION] ⛔ Fast-Fail! 目标网格(4,1)非绿色高亮(绿像素:0)。取消拖拽。
[REWARD] 执行前血条数: 0 -> 执行后血条数: 0
[REWARD] ⛔ 非法区域/无费用，已被 CV 阻断。奖励 -1.0 (连续无作为: 4次)
[TemplateMatcher] pause_gear.png -> max conf: 0.908 (needs 0.5, optimal scale: 0.80x)

[STEP 39] 开始执行动作...
[ACTION] AI决定: 选卡 6 -> 放入网格(6,3) -> 朝向 0
         坐标映射: 拖拽从(835,650)至(800,430) -> 方向滑动至(800,280)
[ACTION] ⛔ Fast-Fail! 目标网格(6,3)非绿色高亮(绿像素:0)。取消拖拽。
[REWARD] 执行前血条数: 0 -> 执行后血条数: 0
[REWARD] ⛔ 非法区域/无费用，已被 CV 阻断。奖励 -1.0 (连续无作为: 5次)
[TemplateMatcher] pause_gear.png -> max conf: 0.908 (needs 0.5, optimal scale: 0.80x)

[STEP 40] 开始执行动作...
[ACTION] AI决定: 选卡 5 -> 放入网格(8,0) -> 朝向 3
         坐标映射: 拖拽从(745,650)至(1000,190) -> 方向滑动至(1150,190)
[ACTION] ⛔ Fast-Fail! 目标网格(8,0)非绿色高亮(绿像素:0)。取消拖拽。
[REWARD] 执行前血条数: 0 -> 执行后血条数: 0
[REWARD] ⛔ 非法区域/无费用，已被 CV 阻断。奖励 -1.0 (连续无作为: 6次)
[TemplateMatcher] pause_gear.png -> max conf: 0.908 (needs 0.5, optimal scale: 0.80x)

[STEP 41] 开始执行动作...
[ACTION] AI决定: 选卡 5 -> 放入网格(1,2) -> 朝向 3
         坐标映射: 拖拽从(745,650)至(300,350) -> 方向滑动至(450,350)
[ACTION] ⛔ Fast-Fail! 目标网格(1,2)非绿色高亮(绿像素:0)。取消拖拽。
[REWARD] 执行前血条数: 0 -> 执行后血条数: 0
[REWARD] ⛔ 非法区域/无费用，已被 CV 阻断。奖励 -1.0 (连续无作为: 7次)
[TemplateMatcher] pause_gear.png -> max conf: 0.908 (needs 0.5, optimal scale: 0.80x)

[STEP 42] 开始执行动作...
[ACTION] AI决定: 选卡 8 -> 放入网格(7,0) -> 朝向 0
         坐标映射: 拖拽从(1015,650)至(900,190) -> 方向滑动至(900,40)
[ACTION] ⛔ Fast-Fail! 目标网格(7,0)非绿色高亮(绿像素:0)。取消拖拽。
[REWARD] 执行前血条数: 0 -> 执行后血条数: 0
[REWARD] ⛔ 非法区域/无费用，已被 CV 阻断。奖励 -1.0 (连续无作为: 8次)
[TemplateMatcher] pause_gear.png -> max conf: 0.907 (needs 0.5, optimal scale: 0.80x)

[STEP 43] 开始执行动作...
[ACTION] AI决定: 选卡 0 -> 放入网格(5,3) -> 朝向 2
         坐标映射: 拖拽从(295,650)至(700,430) -> 方向滑动至(550,430)
[ACTION] ✅ CV校验通过！网格(5,3)具有高亮绿色(像素:26)，准许拖拽。
[REWARD] 执行前血条数: 0 -> 执行后血条数: 0
[REWARD] 部署失败，计算前后帧 MSE (均方误差) = 621.06
[REWARD] 动作无效，但游戏仍在进行(画面有变化)。奖励 -0.5 (已清空无作为计数器)
[TemplateMatcher] pause_gear.png -> max conf: 0.908 (needs 0.5, optimal scale: 0.80x)

[STEP 44] 开始执行动作...
[ACTION] AI决定: 选卡 7 -> 放入网格(1,0) -> 朝向 2
         坐标映射: 拖拽从(925,650)至(300,190) -> 方向滑动至(150,190)
[ACTION] ⛔ Fast-Fail! 目标网格(1,0)非绿色高亮(绿像素:0)。取消拖拽。
[REWARD] 执行前血条数: 0 -> 执行后血条数: 0
[REWARD] ⛔ 非法区域/无费用，已被 CV 阻断。奖励 -1.0 (连续无作为: 1次)
[TemplateMatcher] pause_gear.png -> max conf: 0.908 (needs 0.5, optimal scale: 0.80x)

[STEP 45] 开始执行动作...
[ACTION] AI决定: 选卡 7 -> 放入网格(7,1) -> 朝向 1
         坐标映射: 拖拽从(925,650)至(900,270) -> 方向滑动至(900,420)
[ACTION] ⛔ Fast-Fail! 目标网格(7,1)非绿色高亮(绿像素:0)。取消拖拽。
[REWARD] 执行前血条数: 0 -> 执行后血条数: 0
[REWARD] ⛔ 非法区域/无费用，已被 CV 阻断。奖励 -1.0 (连续无作为: 2次)
[TemplateMatcher] pause_gear.png -> max conf: 0.908 (needs 0.5, optimal scale: 0.80x)

[STEP 46] 开始执行动作...
[ACTION] AI决定: 选卡 0 -> 放入网格(7,3) -> 朝向 3
         坐标映射: 拖拽从(295,650)至(900,430) -> 方向滑动至(1050,430)
[ACTION] ✅ CV校验通过！网格(7,3)具有高亮绿色(像素:404)，准许拖拽。
[REWARD] 执行前血条数: 0 -> 执行后血条数: 0
[REWARD] 部署失败，计算前后帧 MSE (均方误差) = 4141.05
[REWARD] 动作无效，但游戏仍在进行(画面有变化)。奖励 -0.5 (已清空无作为计数器)
[TemplateMatcher] pause_gear.png -> max conf: 0.907 (needs 0.5, optimal scale: 0.80x)

[STEP 47] 开始执行动作...
[ACTION] AI决定: 选卡 1 -> 放入网格(8,4) -> 朝向 3
         坐标映射: 拖拽从(385,650)至(1000,510) -> 方向滑动至(1150,510)
[ACTION] ⛔ Fast-Fail! 目标网格(8,4)非绿色高亮(绿像素:0)。取消拖拽。
[REWARD] 执行前血条数: 0 -> 执行后血条数: 0
[REWARD] ⛔ 非法区域/无费用，已被 CV 阻断。奖励 -1.0 (连续无作为: 1次)
[TemplateMatcher] pause_gear.png -> max conf: 0.908 (needs 0.5, optimal scale: 0.80x)

[STEP 48] 开始执行动作...
[ACTION] AI决定: 选卡 3 -> 放入网格(7,3) -> 朝向 3
         坐标映射: 拖拽从(565,650)至(900,430) -> 方向滑动至(1050,430)
[ACTION] ✅ CV校验通过！网格(7,3)具有高亮绿色(像素:836)，准许拖拽。
[REWARD] 执行前血条数: 0 -> 执行后血条数: 0
[REWARD] 部署失败，计算前后帧 MSE (均方误差) = 3237.94
[REWARD] 动作无效，但游戏仍在进行(画面有变化)。奖励 -0.5 (已清空无作为计数器)
[TemplateMatcher] pause_gear.png -> max conf: 0.907 (needs 0.5, optimal scale: 0.80x)

[STEP 49] 开始执行动作...
[ACTION] AI决定: 选卡 1 -> 放入网格(9,2) -> 朝向 2
         坐标映射: 拖拽从(385,650)至(1100,350) -> 方向滑动至(950,350)
[ACTION] ⛔ Fast-Fail! 目标网格(9,2)非绿色高亮(绿像素:0)。取消拖拽。
[REWARD] 执行前血条数: 0 -> 执行后血条数: 0
[REWARD] ⛔ 非法区域/无费用，已被 CV 阻断。奖励 -1.0 (连续无作为: 1次)
[TemplateMatcher] pause_gear.png -> max conf: 0.907 (needs 0.5, optimal scale: 0.80x)

[STEP 50] 开始执行动作...
[ACTION] AI决定: 选卡 2 -> 放入网格(5,4) -> 朝向 1
         坐标映射: 拖拽从(475,650)至(700,510) -> 方向滑动至(700,660)
[ACTION] ⛔ Fast-Fail! 目标网格(5,4)非绿色高亮(绿像素:0)。取消拖拽。
[REWARD] 执行前血条数: 0 -> 执行后血条数: 0
[REWARD] ⛔ 非法区域/无费用，已被 CV 阻断。奖励 -1.0 (连续无作为: 2次)
[TemplateMatcher] pause_gear.png -> max conf: 0.908 (needs 0.5, optimal scale: 0.80x)

[STEP 51] 开始执行动作...
[ACTION] AI决定: 选卡 2 -> 放入网格(6,4) -> 朝向 1
         坐标映射: 拖拽从(475,650)至(800,510) -> 方向滑动至(800,660)
[ACTION] ⛔ Fast-Fail! 目标网格(6,4)非绿色高亮(绿像素:0)。取消拖拽。
[REWARD] 执行前血条数: 0 -> 执行后血条数: 0
[REWARD] ⛔ 非法区域/无费用，已被 CV 阻断。奖励 -1.0 (连续无作为: 3次)
[TemplateMatcher] pause_gear.png -> max conf: 0.908 (needs 0.5, optimal scale: 0.80x)

[STEP 52] 开始执行动作...
[ACTION] AI决定: 选卡 0 -> 放入网格(3,3) -> 朝向 2
         坐标映射: 拖拽从(295,650)至(500,430) -> 方向滑动至(350,430)
[ACTION] ⛔ Fast-Fail! 目标网格(3,3)非绿色高亮(绿像素:0)。取消拖拽。
[REWARD] 执行前血条数: 0 -> 执行后血条数: 0
[REWARD] ⛔ 非法区域/无费用，已被 CV 阻断。奖励 -1.0 (连续无作为: 4次)
[TemplateMatcher] pause_gear.png -> max conf: 0.908 (needs 0.5, optimal scale: 0.80x)

[STEP 53] 开始执行动作...
[ACTION] AI决定: 选卡 6 -> 放入网格(6,2) -> 朝向 2
         坐标映射: 拖拽从(835,650)至(800,350) -> 方向滑动至(650,350)
[ACTION] ✅ CV校验通过！网格(6,2)具有高亮绿色(像素:546)，准许拖拽。
[REWARD] 执行前血条数: 0 -> 执行后血条数: 0
[REWARD] 部署失败，计算前后帧 MSE (均方误差) = 319.42
[REWARD] 动作无效，但游戏仍在进行(画面有变化)。奖励 -0.5 (已清空无作为计数器)
[TemplateMatcher] pause_gear.png -> max conf: 0.908 (needs 0.5, optimal scale: 0.80x)

[STEP 54] 开始执行动作...
[ACTION] AI决定: 选卡 9 -> 放入网格(6,3) -> 朝向 2
         坐标映射: 拖拽从(1105,650)至(800,430) -> 方向滑动至(650,430)
[ACTION] ⛔ Fast-Fail! 目标网格(6,3)非绿色高亮(绿像素:18)。取消拖拽。
[REWARD] 执行前血条数: 0 -> 执行后血条数: 0
[REWARD] ⛔ 非法区域/无费用，已被 CV 阻断。奖励 -1.0 (连续无作为: 1次)
[TemplateMatcher] pause_gear.png -> max conf: 0.908 (needs 0.5, optimal scale: 0.80x)

[STEP 55] 开始执行动作...
[ACTION] AI决定: 选卡 2 -> 放入网格(5,3) -> 朝向 1
         坐标映射: 拖拽从(475,650)至(700,430) -> 方向滑动至(700,580)
[ACTION] ✅ CV校验通过！网格(5,3)具有高亮绿色(像素:26)，准许拖拽。
[REWARD] 执行前血条数: 0 -> 执行后血条数: 0
[REWARD] 部署失败，计算前后帧 MSE (均方误差) = 476.31
[REWARD] 动作无效，但游戏仍在进行(画面有变化)。奖励 -0.5 (已清空无作为计数器)
[TemplateMatcher] pause_gear.png -> max conf: 0.908 (needs 0.5, optimal scale: 0.80x)

[STEP 56] 开始执行动作...
[ACTION] AI决定: 选卡 2 -> 放入网格(7,1) -> 朝向 0
         坐标映射: 拖拽从(475,650)至(900,270) -> 方向滑动至(900,120)
[ACTION] ✅ CV校验通过！网格(7,1)具有高亮绿色(像素:304)，准许拖拽。
[REWARD] 执行前血条数: 0 -> 执行后血条数: 0
[REWARD] 部署失败，计算前后帧 MSE (均方误差) = 403.48
[REWARD] 动作无效，但游戏仍在进行(画面有变化)。奖励 -0.5 (已清空无作为计数器)
[TemplateMatcher] pause_gear.png -> max conf: 0.908 (needs 0.5, optimal scale: 0.80x)

[STEP 57] 开始执行动作...
[ACTION] AI决定: 选卡 2 -> 放入网格(8,3) -> 朝向 3
         坐标映射: 拖拽从(475,650)至(1000,430) -> 方向滑动至(1150,430)
[ACTION] ⛔ Fast-Fail! 目标网格(8,3)非绿色高亮(绿像素:0)。取消拖拽。
[REWARD] 执行前血条数: 0 -> 执行后血条数: 0
[REWARD] ⛔ 非法区域/无费用，已被 CV 阻断。奖励 -1.0 (连续无作为: 1次)
[TemplateMatcher] pause_gear.png -> max conf: 0.908 (needs 0.5, optimal scale: 0.80x)

[STEP 58] 开始执行动作...
[ACTION] AI决定: 选卡 0 -> 放入网格(7,3) -> 朝向 2
         坐标映射: 拖拽从(295,650)至(900,430) -> 方向滑动至(750,430)
[ACTION] ⛔ Fast-Fail! 目标网格(7,3)非绿色高亮(绿像素:0)。取消拖拽。
[REWARD] 执行前血条数: 0 -> 执行后血条数: 0
[REWARD] ⛔ 非法区域/无费用，已被 CV 阻断。奖励 -1.0 (连续无作为: 2次)
[TemplateMatcher] pause_gear.png -> max conf: 0.908 (needs 0.5, optimal scale: 0.80x)

[STEP 59] 开始执行动作...
[ACTION] AI决定: 选卡 7 -> 放入网格(0,0) -> 朝向 0
         坐标映射: 拖拽从(925,650)至(200,190) -> 方向滑动至(200,40)
[ACTION] ⛔ Fast-Fail! 目标网格(0,0)非绿色高亮(绿像素:0)。取消拖拽。
[REWARD] 执行前血条数: 0 -> 执行后血条数: 0
[REWARD] ⛔ 非法区域/无费用，已被 CV 阻断。奖励 -1.0 (连续无作为: 3次)
[TemplateMatcher] pause_gear.png -> max conf: 0.907 (needs 0.5, optimal scale: 0.80x)

[STEP 60] 开始执行动作...
[ACTION] AI决定: 选卡 1 -> 放入网格(7,2) -> 朝向 0
         坐标映射: 拖拽从(385,650)至(900,350) -> 方向滑动至(900,200)
[ACTION] ✅ CV校验通过！网格(7,2)具有高亮绿色(像素:337)，准许拖拽。
[REWARD] 执行前血条数: 0 -> 执行后血条数: 0
[REWARD] 部署失败，计算前后帧 MSE (均方误差) = 753.09
[REWARD] 动作无效，但游戏仍在进行(画面有变化)。奖励 -0.5 (已清空无作为计数器)
[TemplateMatcher] pause_gear.png -> max conf: 0.908 (needs 0.5, optimal scale: 0.80x)

[STEP 61] 开始执行动作...
[ACTION] AI决定: 选卡 7 -> 放入网格(1,4) -> 朝向 0
         坐标映射: 拖拽从(925,650)至(300,510) -> 方向滑动至(300,360)
[ACTION] ⛔ Fast-Fail! 目标网格(1,4)非绿色高亮(绿像素:0)。取消拖拽。
[REWARD] 执行前血条数: 0 -> 执行后血条数: 0
[REWARD] ⛔ 非法区域/无费用，已被 CV 阻断。奖励 -1.0 (连续无作为: 1次)
[TemplateMatcher] pause_gear.png -> max conf: 0.908 (needs 0.5, optimal scale: 0.80x)

[STEP 62] 开始执行动作...
[ACTION] AI决定: 选卡 8 -> 放入网格(3,3) -> 朝向 0
         坐标映射: 拖拽从(1015,650)至(500,430) -> 方向滑动至(500,280)
[ACTION] ⛔ Fast-Fail! 目标网格(3,3)非绿色高亮(绿像素:0)。取消拖拽。
[REWARD] 执行前血条数: 0 -> 执行后血条数: 0
[REWARD] ⛔ 非法区域/无费用，已被 CV 阻断。奖励 -1.0 (连续无作为: 2次)
[TemplateMatcher] pause_gear.png -> max conf: 0.908 (needs 0.5, optimal scale: 0.80x)

[STEP 63] 开始执行动作...
[ACTION] AI决定: 选卡 1 -> 放入网格(2,3) -> 朝向 1
         坐标映射: 拖拽从(385,650)至(400,430) -> 方向滑动至(400,580)
[ACTION] ⛔ Fast-Fail! 目标网格(2,3)非绿色高亮(绿像素:0)。取消拖拽。
[REWARD] 执行前血条数: 0 -> 执行后血条数: 0
[REWARD] ⛔ 非法区域/无费用，已被 CV 阻断。奖励 -1.0 (连续无作为: 3次)
[TemplateMatcher] pause_gear.png -> max conf: 0.908 (needs 0.5, optimal scale: 0.80x)

[STEP 64] 开始执行动作...
[ACTION] AI决定: 选卡 5 -> 放入网格(2,3) -> 朝向 3
         坐标映射: 拖拽从(745,650)至(400,430) -> 方向滑动至(550,430)
[ACTION] ⛔ Fast-Fail! 目标网格(2,3)非绿色高亮(绿像素:1)。取消拖拽。
[REWARD] 执行前血条数: 0 -> 执行后血条数: 0
[REWARD] ⛔ 非法区域/无费用，已被 CV 阻断。奖励 -1.0 (连续无作为: 4次)
[TemplateMatcher] pause_gear.png -> max conf: 0.908 (needs 0.5, optimal scale: 0.80x)

[STEP 65] 开始执行动作...
[ACTION] AI决定: 选卡 4 -> 放入网格(1,2) -> 朝向 0
         坐标映射: 拖拽从(655,650)至(300,350) -> 方向滑动至(300,200)
[ACTION] ⛔ Fast-Fail! 目标网格(1,2)非绿色高亮(绿像素:0)。取消拖拽。
[REWARD] 执行前血条数: 0 -> 执行后血条数: 0
[REWARD] ⛔ 非法区域/无费用，已被 CV 阻断。奖励 -1.0 (连续无作为: 5次)
[TemplateMatcher] pause_gear.png -> max conf: 0.908 (needs 0.5, optimal scale: 0.80x)

[STEP 66] 开始执行动作...
[ACTION] AI决定: 选卡 4 -> 放入网格(7,4) -> 朝向 0
         坐标映射: 拖拽从(655,650)至(900,510) -> 方向滑动至(900,360)
[ACTION] ⛔ Fast-Fail! 目标网格(7,4)非绿色高亮(绿像素:0)。取消拖拽。
[REWARD] 执行前血条数: 0 -> 执行后血条数: 0
[REWARD] ⛔ 非法区域/无费用，已被 CV 阻断。奖励 -1.0 (连续无作为: 6次)
[TemplateMatcher] pause_gear.png -> max conf: 0.908 (needs 0.5, optimal scale: 0.80x)

[STEP 67] 开始执行动作...
[ACTION] AI决定: 选卡 9 -> 放入网格(9,4) -> 朝向 1
         坐标映射: 拖拽从(1105,650)至(1100,510) -> 方向滑动至(1100,660)
[ACTION] ✅ CV校验通过！网格(9,4)具有高亮绿色(像素:365)，准许拖拽。
[REWARD] 执行前血条数: 0 -> 执行后血条数: 0
[REWARD] 部署失败，计算前后帧 MSE (均方误差) = 1067.66
[REWARD] 动作无效，但游戏仍在进行(画面有变化)。奖励 -0.5 (已清空无作为计数器)
[TemplateMatcher] pause_gear.png -> max conf: 0.908 (needs 0.5, optimal scale: 0.80x)

[STEP 68] 开始执行动作...
[ACTION] AI决定: 选卡 4 -> 放入网格(9,0) -> 朝向 3
         坐标映射: 拖拽从(655,650)至(1100,190) -> 方向滑动至(1250,190)
[ACTION] ⛔ Fast-Fail! 目标网格(9,0)非绿色高亮(绿像素:0)。取消拖拽。
[REWARD] 执行前血条数: 0 -> 执行后血条数: 0
[REWARD] ⛔ 非法区域/无费用，已被 CV 阻断。奖励 -1.0 (连续无作为: 1次)
[TemplateMatcher] pause_gear.png -> max conf: 0.908 (needs 0.5, optimal scale: 0.80x)

[STEP 69] 开始执行动作...
[ACTION] AI决定: 选卡 6 -> 放入网格(5,2) -> 朝向 0
         坐标映射: 拖拽从(835,650)至(700,350) -> 方向滑动至(700,200)
[ACTION] ⛔ Fast-Fail! 目标网格(5,2)非绿色高亮(绿像素:0)。取消拖拽。
[REWARD] 执行前血条数: 0 -> 执行后血条数: 0
[REWARD] ⛔ 非法区域/无费用，已被 CV 阻断。奖励 -1.0 (连续无作为: 2次)
[TemplateMatcher] pause_gear.png -> max conf: 0.908 (needs 0.5, optimal scale: 0.80x)

[STEP 70] 开始执行动作...
[ACTION] AI决定: 选卡 1 -> 放入网格(8,3) -> 朝向 2
         坐标映射: 拖拽从(385,650)至(1000,430) -> 方向滑动至(850,430)
[ACTION] ⛔ Fast-Fail! 目标网格(8,3)非绿色高亮(绿像素:1)。取消拖拽。
[REWARD] 执行前血条数: 0 -> 执行后血条数: 0
[REWARD] ⛔ 非法区域/无费用，已被 CV 阻断。奖励 -1.0 (连续无作为: 3次)
[TemplateMatcher] pause_gear.png -> max conf: 0.908 (needs 0.5, optimal scale: 0.80x)

[STEP 71] 开始执行动作...
[ACTION] AI决定: 选卡 2 -> 放入网格(2,0) -> 朝向 1
         坐标映射: 拖拽从(475,650)至(400,190) -> 方向滑动至(400,340)
[ACTION] ⛔ Fast-Fail! 目标网格(2,0)非绿色高亮(绿像素:4)。取消拖拽。
[REWARD] 执行前血条数: 0 -> 执行后血条数: 0
[REWARD] ⛔ 非法区域/无费用，已被 CV 阻断。奖励 -1.0 (连续无作为: 4次)
[TemplateMatcher] pause_gear.png -> max conf: 0.908 (needs 0.5, optimal scale: 0.80x)

[STEP 72] 开始执行动作...
[ACTION] AI决定: 选卡 3 -> 放入网格(0,4) -> 朝向 2
         坐标映射: 拖拽从(565,650)至(200,510) -> 方向滑动至(50,510)
[ACTION] ⛔ Fast-Fail! 目标网格(0,4)非绿色高亮(绿像素:0)。取消拖拽。
[REWARD] 执行前血条数: 0 -> 执行后血条数: 0
[REWARD] ⛔ 非法区域/无费用，已被 CV 阻断。奖励 -1.0 (连续无作为: 5次)
[TemplateMatcher] pause_gear.png -> max conf: 0.908 (needs 0.5, optimal scale: 0.80x)

[STEP 73] 开始执行动作...
[ACTION] AI决定: 选卡 6 -> 放入网格(9,3) -> 朝向 1
         坐标映射: 拖拽从(835,650)至(1100,430) -> 方向滑动至(1100,580)
[ACTION] ✅ CV校验通过！网格(9,3)具有高亮绿色(像素:154)，准许拖拽。
[REWARD] 执行前血条数: 0 -> 执行后血条数: 0
[REWARD] 部署失败，计算前后帧 MSE (均方误差) = 333.83
[REWARD] 动作无效，但游戏仍在进行(画面有变化)。奖励 -0.5 (已清空无作为计数器)
[TemplateMatcher] pause_gear.png -> max conf: 0.908 (needs 0.5, optimal scale: 0.80x)

[STEP 74] 开始执行动作...
[ACTION] AI决定: 选卡 5 -> 放入网格(3,3) -> 朝向 2
         坐标映射: 拖拽从(745,650)至(500,430) -> 方向滑动至(350,430)
[ACTION] ⛔ Fast-Fail! 目标网格(3,3)非绿色高亮(绿像素:0)。取消拖拽。
[REWARD] 执行前血条数: 0 -> 执行后血条数: 0
[REWARD] ⛔ 非法区域/无费用，已被 CV 阻断。奖励 -1.0 (连续无作为: 1次)
[TemplateMatcher] pause_gear.png -> max conf: 0.907 (needs 0.5, optimal scale: 0.80x)

[STEP 75] 开始执行动作...
[ACTION] AI决定: 选卡 3 -> 放入网格(5,3) -> 朝向 0
         坐标映射: 拖拽从(565,650)至(700,430) -> 方向滑动至(700,280)
[ACTION] ⛔ Fast-Fail! 目标网格(5,3)非绿色高亮(绿像素:0)。取消拖拽。
[REWARD] 执行前血条数: 0 -> 执行后血条数: 0
[REWARD] ⛔ 非法区域/无费用，已被 CV 阻断。奖励 -1.0 (连续无作为: 2次)
[TemplateMatcher] pause_gear.png -> max conf: 0.908 (needs 0.5, optimal scale: 0.80x)

[STEP 76] 开始执行动作...
[ACTION] AI决定: 选卡 1 -> 放入网格(1,3) -> 朝向 1
         坐标映射: 拖拽从(385,650)至(300,430) -> 方向滑动至(300,580)
[ACTION] ⛔ Fast-Fail! 目标网格(1,3)非绿色高亮(绿像素:0)。取消拖拽。
[REWARD] 执行前血条数: 0 -> 执行后血条数: 0
[REWARD] ⛔ 非法区域/无费用，已被 CV 阻断。奖励 -1.0 (连续无作为: 3次)
[TemplateMatcher] pause_gear.png -> max conf: 0.908 (needs 0.5, optimal scale: 0.80x)

[STEP 77] 开始执行动作...
[ACTION] AI决定: 选卡 1 -> 放入网格(5,1) -> 朝向 2
         坐标映射: 拖拽从(385,650)至(700,270) -> 方向滑动至(550,270)
[ACTION] ⛔ Fast-Fail! 目标网格(5,1)非绿色高亮(绿像素:0)。取消拖拽。
[REWARD] 执行前血条数: 0 -> 执行后血条数: 0
[REWARD] ⛔ 非法区域/无费用，已被 CV 阻断。奖励 -1.0 (连续无作为: 4次)
[TemplateMatcher] pause_gear.png -> max conf: 0.908 (needs 0.5, optimal scale: 0.80x)

[STEP 78] 开始执行动作...
[ACTION] AI决定: 选卡 5 -> 放入网格(7,2) -> 朝向 1
         坐标映射: 拖拽从(745,650)至(900,350) -> 方向滑动至(900,500)
[ACTION] ✅ CV校验通过！网格(7,2)具有高亮绿色(像素:442)，准许拖拽。
[REWARD] 执行前血条数: 0 -> 执行后血条数: 0
[REWARD] 部署失败，计算前后帧 MSE (均方误差) = 626.90
[REWARD] 动作无效，但游戏仍在进行(画面有变化)。奖励 -0.5 (已清空无作为计数器)
[TemplateMatcher] pause_gear.png -> max conf: 0.908 (needs 0.5, optimal scale: 0.80x)

[STEP 79] 开始执行动作...
[ACTION] AI决定: 选卡 3 -> 放入网格(5,3) -> 朝向 3
         坐标映射: 拖拽从(565,650)至(700,430) -> 方向滑动至(850,430)
[ACTION] ⛔ Fast-Fail! 目标网格(5,3)非绿色高亮(绿像素:0)。取消拖拽。
[REWARD] 执行前血条数: 0 -> 执行后血条数: 0
[REWARD] ⛔ 非法区域/无费用，已被 CV 阻断。奖励 -1.0 (连续无作为: 1次)
[TemplateMatcher] pause_gear.png -> max conf: 0.908 (needs 0.5, optimal scale: 0.80x)

[STEP 80] 开始执行动作...
[ACTION] AI决定: 选卡 1 -> 放入网格(4,0) -> 朝向 3
         坐标映射: 拖拽从(385,650)至(600,190) -> 方向滑动至(750,190)
[ACTION] ⛔ Fast-Fail! 目标网格(4,0)非绿色高亮(绿像素:1)。取消拖拽。
[REWARD] 执行前血条数: 0 -> 执行后血条数: 0
[REWARD] ⛔ 非法区域/无费用，已被 CV 阻断。奖励 -1.0 (连续无作为: 2次)
[TemplateMatcher] pause_gear.png -> max conf: 0.908 (needs 0.5, optimal scale: 0.80x)

[STEP 81] 开始执行动作...
[ACTION] AI决定: 选卡 4 -> 放入网格(0,3) -> 朝向 0
         坐标映射: 拖拽从(655,650)至(200,430) -> 方向滑动至(200,280)
[ACTION] ⛔ Fast-Fail! 目标网格(0,3)非绿色高亮(绿像素:0)。取消拖拽。
[REWARD] 执行前血条数: 0 -> 执行后血条数: 0
[REWARD] ⛔ 非法区域/无费用，已被 CV 阻断。奖励 -1.0 (连续无作为: 3次)
[TemplateMatcher] pause_gear.png -> max conf: 0.908 (needs 0.5, optimal scale: 0.80x)

[STEP 82] 开始执行动作...
[ACTION] AI决定: 选卡 2 -> 放入网格(6,3) -> 朝向 3
         坐标映射: 拖拽从(475,650)至(800,430) -> 方向滑动至(950,430)
[ACTION] ⛔ Fast-Fail! 目标网格(6,3)非绿色高亮(绿像素:19)。取消拖拽。
[REWARD] 执行前血条数: 0 -> 执行后血条数: 0
[REWARD] ⛔ 非法区域/无费用，已被 CV 阻断。奖励 -1.0 (连续无作为: 4次)
[TemplateMatcher] pause_gear.png -> max conf: 0.908 (needs 0.5, optimal scale: 0.80x)

[STEP 83] 开始执行动作...
[ACTION] AI决定: 选卡 1 -> 放入网格(7,2) -> 朝向 2
         坐标映射: 拖拽从(385,650)至(900,350) -> 方向滑动至(750,350)
[ACTION] ⛔ Fast-Fail! 目标网格(7,2)非绿色高亮(绿像素:0)。取消拖拽。
[REWARD] 执行前血条数: 0 -> 执行后血条数: 0
[REWARD] ⛔ 非法区域/无费用，已被 CV 阻断。奖励 -1.0 (连续无作为: 5次)
[TemplateMatcher] pause_gear.png -> max conf: 0.908 (needs 0.5, optimal scale: 0.80x)

[STEP 84] 开始执行动作...
[ACTION] AI决定: 选卡 1 -> 放入网格(8,3) -> 朝向 3
         坐标映射: 拖拽从(385,650)至(1000,430) -> 方向滑动至(1150,430)
[ACTION] ✅ CV校验通过！网格(8,3)具有高亮绿色(像素:74)，准许拖拽。
[REWARD] 执行前血条数: 0 -> 执行后血条数: 0
[REWARD] 部署失败，计算前后帧 MSE (均方误差) = 424.07
[REWARD] 动作无效，但游戏仍在进行(画面有变化)。奖励 -0.5 (已清空无作为计数器)
[TemplateMatcher] pause_gear.png -> max conf: 0.908 (needs 0.5, optimal scale: 0.80x)

[STEP 85] 开始执行动作...
[ACTION] AI决定: 选卡 5 -> 放入网格(6,0) -> 朝向 0
         坐标映射: 拖拽从(745,650)至(800,190) -> 方向滑动至(800,40)
[ACTION] ✅ CV校验通过！网格(6,0)具有高亮绿色(像素:425)，准许拖拽。
[REWARD] 执行前血条数: 0 -> 执行后血条数: 0
[REWARD] 部署失败，计算前后帧 MSE (均方误差) = 313.98
[REWARD] 动作无效，但游戏仍在进行(画面有变化)。奖励 -0.5 (已清空无作为计数器)
[TemplateMatcher] pause_gear.png -> max conf: 0.908 (needs 0.5, optimal scale: 0.80x)

[STEP 86] 开始执行动作...
[ACTION] AI决定: 选卡 7 -> 放入网格(3,0) -> 朝向 0
         坐标映射: 拖拽从(925,650)至(500,190) -> 方向滑动至(500,40)
[ACTION] ⛔ Fast-Fail! 目标网格(3,0)非绿色高亮(绿像素:0)。取消拖拽。
[REWARD] 执行前血条数: 0 -> 执行后血条数: 0
[REWARD] ⛔ 非法区域/无费用，已被 CV 阻断。奖励 -1.0 (连续无作为: 1次)
[TemplateMatcher] pause_gear.png -> max conf: 0.908 (needs 0.5, optimal scale: 0.80x)

[STEP 87] 开始执行动作...
[ACTION] AI决定: 选卡 2 -> 放入网格(4,3) -> 朝向 3
         坐标映射: 拖拽从(475,650)至(600,430) -> 方向滑动至(750,430)
[ACTION] ⛔ Fast-Fail! 目标网格(4,3)非绿色高亮(绿像素:0)。取消拖拽。
[REWARD] 执行前血条数: 0 -> 执行后血条数: 0
[REWARD] ⛔ 非法区域/无费用，已被 CV 阻断。奖励 -1.0 (连续无作为: 2次)
[TemplateMatcher] pause_gear.png -> max conf: 0.908 (needs 0.5, optimal scale: 0.80x)

[STEP 88] 开始执行动作...
[ACTION] AI决定: 选卡 7 -> 放入网格(9,4) -> 朝向 3
         坐标映射: 拖拽从(925,650)至(1100,510) -> 方向滑动至(1250,510)
[ACTION] ⛔ Fast-Fail! 目标网格(9,4)非绿色高亮(绿像素:0)。取消拖拽。
[REWARD] 执行前血条数: 0 -> 执行后血条数: 0
[REWARD] ⛔ 非法区域/无费用，已被 CV 阻断。奖励 -1.0 (连续无作为: 3次)
[TemplateMatcher] pause_gear.png -> max conf: 0.908 (needs 0.5, optimal scale: 0.80x)

[STEP 89] 开始执行动作...
[ACTION] AI决定: 选卡 7 -> 放入网格(8,2) -> 朝向 0
         坐标映射: 拖拽从(925,650)至(1000,350) -> 方向滑动至(1000,200)
[ACTION] ✅ CV校验通过！网格(8,2)具有高亮绿色(像素:68)，准许拖拽。
[REWARD] 执行前血条数: 0 -> 执行后血条数: 0
[REWARD] 部署失败，计算前后帧 MSE (均方误差) = 383.62
[REWARD] 动作无效，但游戏仍在进行(画面有变化)。奖励 -0.5 (已清空无作为计数器)
[TemplateMatcher] pause_gear.png -> max conf: 0.908 (needs 0.5, optimal scale: 0.80x)

[STEP 90] 开始执行动作...
[ACTION] AI决定: 选卡 9 -> 放入网格(3,3) -> 朝向 3
         坐标映射: 拖拽从(1105,650)至(500,430) -> 方向滑动至(650,430)
[ACTION] ⛔ Fast-Fail! 目标网格(3,3)非绿色高亮(绿像素:0)。取消拖拽。
[REWARD] 执行前血条数: 0 -> 执行后血条数: 0
[REWARD] ⛔ 非法区域/无费用，已被 CV 阻断。奖励 -1.0 (连续无作为: 1次)
[TemplateMatcher] pause_gear.png -> max conf: 0.908 (needs 0.5, optimal scale: 0.80x)

[STEP 91] 开始执行动作...
[ACTION] AI决定: 选卡 1 -> 放入网格(4,2) -> 朝向 2
         坐标映射: 拖拽从(385,650)至(600,350) -> 方向滑动至(450,350)
[ACTION] ⛔ Fast-Fail! 目标网格(4,2)非绿色高亮(绿像素:0)。取消拖拽。
[REWARD] 执行前血条数: 0 -> 执行后血条数: 0
[REWARD] ⛔ 非法区域/无费用，已被 CV 阻断。奖励 -1.0 (连续无作为: 2次)
[TemplateMatcher] pause_gear.png -> max conf: 0.908 (needs 0.5, optimal scale: 0.80x)

[STEP 92] 开始执行动作...
[ACTION] AI决定: 选卡 7 -> 放入网格(5,0) -> 朝向 0
         坐标映射: 拖拽从(925,650)至(700,190) -> 方向滑动至(700,40)
[ACTION] ✅ CV校验通过！网格(5,0)具有高亮绿色(像素:811)，准许拖拽。
[REWARD] 执行前血条数: 0 -> 执行后血条数: 0
[REWARD] 部署失败，计算前后帧 MSE (均方误差) = 557.07
[REWARD] 动作无效，但游戏仍在进行(画面有变化)。奖励 -0.5 (已清空无作为计数器)
[TemplateMatcher] pause_gear.png -> max conf: 0.908 (needs 0.5, optimal scale: 0.80x)

[STEP 93] 开始执行动作...
[ACTION] AI决定: 选卡 4 -> 放入网格(4,2) -> 朝向 0
         坐标映射: 拖拽从(655,650)至(600,350) -> 方向滑动至(600,200)
[ACTION] ⛔ Fast-Fail! 目标网格(4,2)非绿色高亮(绿像素:0)。取消拖拽。
[REWARD] 执行前血条数: 0 -> 执行后血条数: 0
[REWARD] ⛔ 非法区域/无费用，已被 CV 阻断。奖励 -1.0 (连续无作为: 1次)
[TemplateMatcher] pause_gear.png -> max conf: 0.908 (needs 0.5, optimal scale: 0.80x)

[STEP 94] 开始执行动作...
[ACTION] AI决定: 选卡 7 -> 放入网格(7,3) -> 朝向 3
         坐标映射: 拖拽从(925,650)至(900,430) -> 方向滑动至(1050,430)
[ACTION] ⛔ Fast-Fail! 目标网格(7,3)非绿色高亮(绿像素:11)。取消拖拽。
[REWARD] 执行前血条数: 0 -> 执行后血条数: 0
[REWARD] ⛔ 非法区域/无费用，已被 CV 阻断。奖励 -1.0 (连续无作为: 2次)
[TemplateMatcher] pause_gear.png -> max conf: 0.908 (needs 0.5, optimal scale: 0.80x)

[STEP 95] 开始执行动作...
[ACTION] AI决定: 选卡 1 -> 放入网格(7,4) -> 朝向 3
         坐标映射: 拖拽从(385,650)至(900,510) -> 方向滑动至(1050,510)
[ACTION] ⛔ Fast-Fail! 目标网格(7,4)非绿色高亮(绿像素:0)。取消拖拽。
[REWARD] 执行前血条数: 0 -> 执行后血条数: 0
[REWARD] ⛔ 非法区域/无费用，已被 CV 阻断。奖励 -1.0 (连续无作为: 3次)
[TemplateMatcher] pause_gear.png -> max conf: 0.908 (needs 0.5, optimal scale: 0.80x)

[STEP 96] 开始执行动作...
[ACTION] AI决定: 选卡 5 -> 放入网格(6,0) -> 朝向 3
         坐标映射: 拖拽从(745,650)至(800,190) -> 方向滑动至(950,190)
[ACTION] ✅ CV校验通过！网格(6,0)具有高亮绿色(像素:476)，准许拖拽。
[REWARD] 执行前血条数: 0 -> 执行后血条数: 0
[REWARD] 部署失败，计算前后帧 MSE (均方误差) = 753.01
[REWARD] 动作无效，但游戏仍在进行(画面有变化)。奖励 -0.5 (已清空无作为计数器)
[TemplateMatcher] pause_gear.png -> max conf: 0.908 (needs 0.5, optimal scale: 0.80x)

[STEP 97] 开始执行动作...
[ACTION] AI决定: 选卡 2 -> 放入网格(2,3) -> 朝向 3
         坐标映射: 拖拽从(475,650)至(400,430) -> 方向滑动至(550,430)
[ACTION] ⛔ Fast-Fail! 目标网格(2,3)非绿色高亮(绿像素:0)。取消拖拽。
[REWARD] 执行前血条数: 0 -> 执行后血条数: 0
[REWARD] ⛔ 非法区域/无费用，已被 CV 阻断。奖励 -1.0 (连续无作为: 1次)
[TemplateMatcher] pause_gear.png -> max conf: 0.908 (needs 0.5, optimal scale: 0.80x)

[STEP 98] 开始执行动作...
[ACTION] AI决定: 选卡 9 -> 放入网格(7,3) -> 朝向 2
         坐标映射: 拖拽从(1105,650)至(900,430) -> 方向滑动至(750,430)
[ACTION] ✅ CV校验通过！网格(7,3)具有高亮绿色(像素:523)，准许拖拽。
[REWARD] 执行前血条数: 0 -> 执行后血条数: 0
[REWARD] 部署失败，计算前后帧 MSE (均方误差) = 3701.99
[REWARD] 动作无效，但游戏仍在进行(画面有变化)。奖励 -0.5 (已清空无作为计数器)
[TemplateMatcher] pause_gear.png -> max conf: 0.907 (needs 0.5, optimal scale: 0.80x)

[STEP 99] 开始执行动作...
[ACTION] AI决定: 选卡 3 -> 放入网格(6,3) -> 朝向 1
         坐标映射: 拖拽从(565,650)至(800,430) -> 方向滑动至(800,580)
[ACTION] ⛔ Fast-Fail! 目标网格(6,3)非绿色高亮(绿像素:8)。取消拖拽。
[REWARD] 执行前血条数: 0 -> 执行后血条数: 0
[REWARD] ⛔ 非法区域/无费用，已被 CV 阻断。奖励 -1.0 (连续无作为: 1次)
[TemplateMatcher] pause_gear.png -> max conf: 0.908 (needs 0.5, optimal scale: 0.80x)

[STEP 100] 开始执行动作...
[ACTION] AI决定: 选卡 1 -> 放入网格(7,3) -> 朝向 3
         坐标映射: 拖拽从(385,650)至(900,430) -> 方向滑动至(1050,430)
[ACTION] ⛔ Fast-Fail! 目标网格(7,3)非绿色高亮(绿像素:0)。取消拖拽。
[REWARD] 执行前血条数: 0 -> 执行后血条数: 0
[REWARD] ⛔ 非法区域/无费用，已被 CV 阻断。奖励 -1.0 (连续无作为: 2次)
[TemplateMatcher] pause_gear.png -> max conf: 0.909 (needs 0.5, optimal scale: 0.80x)

[STEP 101] 开始执行动作...
[ACTION] AI决定: 选卡 5 -> 放入网格(5,1) -> 朝向 3
         坐标映射: 拖拽从(745,650)至(700,270) -> 方向滑动至(850,270)
[ACTION] ⛔ Fast-Fail! 目标网格(5,1)非绿色高亮(绿像素:0)。取消拖拽。
[REWARD] 执行前血条数: 0 -> 执行后血条数: 0
[REWARD] ⛔ 非法区域/无费用，已被 CV 阻断。奖励 -1.0 (连续无作为: 3次)
[TemplateMatcher] pause_gear.png -> max conf: 0.908 (needs 0.5, optimal scale: 0.80x)

[STEP 102] 开始执行动作...
[ACTION] AI决定: 选卡 0 -> 放入网格(8,0) -> 朝向 0
         坐标映射: 拖拽从(295,650)至(1000,190) -> 方向滑动至(1000,40)
[ACTION] ⛔ Fast-Fail! 目标网格(8,0)非绿色高亮(绿像素:0)。取消拖拽。
[REWARD] 执行前血条数: 0 -> 执行后血条数: 0
[REWARD] ⛔ 非法区域/无费用，已被 CV 阻断。奖励 -1.0 (连续无作为: 4次)
[TemplateMatcher] pause_gear.png -> max conf: 0.908 (needs 0.5, optimal scale: 0.80x)

[STEP 103] 开始执行动作...
[ACTION] AI决定: 选卡 1 -> 放入网格(9,3) -> 朝向 2
         坐标映射: 拖拽从(385,650)至(1100,430) -> 方向滑动至(950,430)
[ACTION] ⛔ Fast-Fail! 目标网格(9,3)非绿色高亮(绿像素:0)。取消拖拽。
[REWARD] 执行前血条数: 0 -> 执行后血条数: 0
[REWARD] ⛔ 非法区域/无费用，已被 CV 阻断。奖励 -1.0 (连续无作为: 5次)
[TemplateMatcher] pause_gear.png -> max conf: 0.908 (needs 0.5, optimal scale: 0.80x)

[STEP 104] 开始执行动作...
[ACTION] AI决定: 选卡 4 -> 放入网格(8,3) -> 朝向 2
         坐标映射: 拖拽从(655,650)至(1000,430) -> 方向滑动至(850,430)
[ACTION] ✅ CV校验通过！网格(8,3)具有高亮绿色(像素:55)，准许拖拽。
[REWARD] 执行前血条数: 0 -> 执行后血条数: 0
[REWARD] 部署失败，计算前后帧 MSE (均方误差) = 4386.00
[REWARD] 动作无效，但游戏仍在进行(画面有变化)。奖励 -0.5 (已清空无作为计数器)
[TemplateMatcher] pause_gear.png -> max conf: 0.908 (needs 0.5, optimal scale: 0.80x)
---------------------------------------
| time/                   |           |
|    fps                  | 0         |
|    iterations           | 3         |
|    time_elapsed         | 766       |
|    total_timesteps      | 384       |
| train/                  |           |
|    approx_kl            | 0.2720284 |
|    clip_fraction        | 0.605     |
|    clip_range           | 0.2       |
|    entropy_loss         | -7.32     |
|    explained_variance   | -0.0761   |
|    learning_rate        | 0.0003    |
|    loss                 | 13        |
|    n_updates            | 20        |
|    policy_gradient_loss | 0.0471    |
|    value_loss           | 76.4      |
---------------------------------------

[STEP 105] 开始执行动作...
[ACTION] AI决定: 选卡 0 -> 放入网格(8,4) -> 朝向 3
         坐标映射: 拖拽从(295,650)至(1000,510) -> 方向滑动至(1150,510)
[ACTION] ⛔ Fast-Fail! 目标网格(8,4)非绿色高亮(绿像素:0)。取消拖拽。
[REWARD] 执行前血条数: 0 -> 执行后血条数: 0
[REWARD] ⛔ 非法区域/无费用，已被 CV 阻断。奖励 -1.0 (连续无作为: 1次)
[TemplateMatcher] pause_gear.png -> max conf: 0.908 (needs 0.5, optimal scale: 0.80x)

[STEP 106] 开始执行动作...
[ACTION] AI决定: 选卡 3 -> 放入网格(4,4) -> 朝向 1
         坐标映射: 拖拽从(565,650)至(600,510) -> 方向滑动至(600,660)
[ACTION] ⛔ Fast-Fail! 目标网格(4,4)非绿色高亮(绿像素:0)。取消拖拽。
[REWARD] 执行前血条数: 0 -> 执行后血条数: 0
[REWARD] ⛔ 非法区域/无费用，已被 CV 阻断。奖励 -1.0 (连续无作为: 2次)
[TemplateMatcher] pause_gear.png -> max conf: 0.908 (needs 0.5, optimal scale: 0.80x)

[STEP 107] 开始执行动作...
[ACTION] AI决定: 选卡 1 -> 放入网格(9,2) -> 朝向 0
         坐标映射: 拖拽从(385,650)至(1100,350) -> 方向滑动至(1100,200)
[ACTION] ⛔ Fast-Fail! 目标网格(9,2)非绿色高亮(绿像素:0)。取消拖拽。
[REWARD] 执行前血条数: 0 -> 执行后血条数: 0
[REWARD] ⛔ 非法区域/无费用，已被 CV 阻断。奖励 -1.0 (连续无作为: 3次)
[TemplateMatcher] pause_gear.png -> max conf: 0.908 (needs 0.5, optimal scale: 0.80x)

[STEP 108] 开始执行动作...
[ACTION] AI决定: 选卡 6 -> 放入网格(8,0) -> 朝向 3
         坐标映射: 拖拽从(835,650)至(1000,190) -> 方向滑动至(1150,190)
[ACTION] ✅ CV校验通过！网格(8,0)具有高亮绿色(像素:900)，准许拖拽。
[REWARD] 执行前血条数: 0 -> 执行后血条数: 0
[REWARD] 部署失败，计算前后帧 MSE (均方误差) = 3595.11
[REWARD] 动作无效，但游戏仍在进行(画面有变化)。奖励 -0.5 (已清空无作为计数器)
[TemplateMatcher] pause_gear.png -> max conf: 0.888 (needs 0.5, optimal scale: 0.80x)

[STEP 109] 开始执行动作...
[ACTION] AI决定: 选卡 9 -> 放入网格(6,3) -> 朝向 0
         坐标映射: 拖拽从(1105,650)至(800,430) -> 方向滑动至(800,280)
[ACTION] ⛔ Fast-Fail! 目标网格(6,3)非绿色高亮(绿像素:18)。取消拖拽。
[REWARD] 执行前血条数: 0 -> 执行后血条数: 0
[REWARD] ⛔ 非法区域/无费用，已被 CV 阻断。奖励 -1.0 (连续无作为: 1次)
[TemplateMatcher] pause_gear.png -> max conf: 0.570 (needs 0.5, optimal scale: 0.85x)

[STEP 110] 开始执行动作...
[ACTION] AI决定: 选卡 7 -> 放入网格(6,2) -> 朝向 3
         坐标映射: 拖拽从(925,650)至(800,350) -> 方向滑动至(950,350)
[ACTION] ⛔ Fast-Fail! 目标网格(6,2)非绿色高亮(绿像素:0)。取消拖拽。
[REWARD] 执行前血条数: 0 -> 执行后血条数: 0
[REWARD] ⛔ 非法区域/无费用，已被 CV 阻断。奖励 -1.0 (连续无作为: 2次)
[ENV] 🚨 优先级 1 触发：检测到画面剧烈变化 (MSE=9827.76 > 8000)，判定为场景切换/结算，强制终止回合！

================= 回合结束，开始自动重启关卡 =================
[TemplateMatcher] pause_gear.png -> max conf: 0.000 (needs 0.7, optimal scale: 0.80x)
[DEBUG] 未匹配 [pause_gear] (要求阈值 0.7)
[TemplateMatcher] start_action.png -> max conf: 0.000 (needs 0.45, optimal scale: 0.80x)
[DEBUG] 未匹配 [start_action] (要求阈值 0.45)
[TemplateMatcher] practice.png -> max conf: 0.000 (needs 0.5, optimal scale: 0.80x)
[DEBUG] 未匹配 [practice] (要求阈值 0.5)
[TemplateMatcher] stage_1_7.png -> max conf: 0.000 (needs 0.5, optimal scale: 0.80x)
[DEBUG] 未匹配 [stage_1_7] (要求阈值 0.5)
[RESET] 尝试跳过动画/寻找入口... (尝试 1/100)
[TemplateMatcher] pause_gear.png -> max conf: 0.000 (needs 0.7, optimal scale: 0.80x)
[DEBUG] 未匹配 [pause_gear] (要求阈值 0.7)
[TemplateMatcher] start_action.png -> max conf: 0.000 (needs 0.45, optimal scale: 0.80x)
[DEBUG] 未匹配 [start_action] (要求阈值 0.45)
[TemplateMatcher] practice.png -> max conf: 0.000 (needs 0.5, optimal scale: 0.80x)
[DEBUG] 未匹配 [practice] (要求阈值 0.5)
[TemplateMatcher] stage_1_7.png -> max conf: 0.000 (needs 0.5, optimal scale: 0.80x)
[DEBUG] 未匹配 [stage_1_7] (要求阈值 0.5)
[RESET] 尝试跳过动画/寻找入口... (尝试 2/100)
[TemplateMatcher] pause_gear.png -> max conf: 0.669 (needs 0.7, optimal scale: 0.80x)
[DEBUG] 未匹配 [pause_gear] (要求阈值 0.7)
[TemplateMatcher] start_action.png -> max conf: -0.064 (needs 0.45, optimal scale: 0.85x)
[DEBUG] 未匹配 [start_action] (要求阈值 0.45)
[TemplateMatcher] practice.png -> max conf: 0.490 (needs 0.5, optimal scale: 0.80x)
[DEBUG] 未匹配 [practice] (要求阈值 0.5)
[TemplateMatcher] stage_1_7.png -> max conf: 0.373 (needs 0.5, optimal scale: 0.95x)
[DEBUG] 未匹配 [stage_1_7] (要求阈值 0.5)
[RESET] 尝试跳过动画/寻找入口... (尝试 3/100)
[TemplateMatcher] pause_gear.png -> max conf: 0.669 (needs 0.7, optimal scale: 0.80x)
[DEBUG] 未匹配 [pause_gear] (要求阈值 0.7)
[TemplateMatcher] start_action.png -> max conf: -0.064 (needs 0.45, optimal scale: 0.85x)
[DEBUG] 未匹配 [start_action] (要求阈值 0.45)
[TemplateMatcher] practice.png -> max conf: 0.490 (needs 0.5, optimal scale: 0.80x)
[DEBUG] 未匹配 [practice] (要求阈值 0.5)
[TemplateMatcher] stage_1_7.png -> max conf: 0.373 (needs 0.5, optimal scale: 0.95x)
[DEBUG] 未匹配 [stage_1_7] (要求阈值 0.5)
[RESET] 尝试跳过动画/寻找入口... (尝试 4/100)
[TemplateMatcher] pause_gear.png -> max conf: 0.490 (needs 0.7, optimal scale: 0.80x)
[DEBUG] 未匹配 [pause_gear] (要求阈值 0.7)
[TemplateMatcher] start_action.png -> max conf: -0.034 (needs 0.45, optimal scale: 0.80x)
[DEBUG] 未匹配 [start_action] (要求阈值 0.45)
[TemplateMatcher] practice.png -> max conf: 0.522 (needs 0.5, optimal scale: 0.80x)
[RESET] 找到 [practice] (置信度 0.52 >= 0.5)，点击 (533, 603)
[RESET] 点击演习按钮
[TemplateMatcher] pause_gear.png -> max conf: 0.490 (needs 0.7, optimal scale: 0.80x)
[DEBUG] 未匹配 [pause_gear] (要求阈值 0.7)
[TemplateMatcher] start_action.png -> max conf: -0.034 (needs 0.45, optimal scale: 0.80x)
[DEBUG] 未匹配 [start_action] (要求阈值 0.45)
[TemplateMatcher] practice.png -> max conf: 0.522 (needs 0.5, optimal scale: 0.80x)
[RESET] 找到 [practice] (置信度 0.52 >= 0.5)，点击 (533, 603)
[RESET] 点击演习按钮
[TemplateMatcher] pause_gear.png -> max conf: 0.473 (needs 0.7, optimal scale: 0.90x)
[DEBUG] 未匹配 [pause_gear] (要求阈值 0.7)
[TemplateMatcher] start_action.png -> max conf: 0.037 (needs 0.45, optimal scale: 0.80x)
[DEBUG] 未匹配 [start_action] (要求阈值 0.45)
[TemplateMatcher] practice.png -> max conf: 0.489 (needs 0.5, optimal scale: 0.85x)
[DEBUG] 未匹配 [practice] (要求阈值 0.5)
[TemplateMatcher] stage_1_7.png -> max conf: 0.712 (needs 0.5, optimal scale: 0.80x)
[RESET] 找到 [stage_1_7] (置信度 0.71 >= 0.5)，点击 (638, 224)
[RESET] 点击关卡 1-7 图标
[TemplateMatcher] pause_gear.png -> max conf: 0.612 (needs 0.7, optimal scale: 1.10x)
[DEBUG] 未匹配 [pause_gear] (要求阈值 0.7)
[TemplateMatcher] start_action.png -> max conf: 0.100 (needs 0.45, optimal scale: 0.80x)
[DEBUG] 未匹配 [start_action] (要求阈值 0.45)
[TemplateMatcher] practice.png -> max conf: 0.687 (needs 0.5, optimal scale: 0.80x)
[RESET] 找到 [practice] (置信度 0.69 >= 0.5)，点击 (935, 660)
[RESET] 点击演习按钮
[TemplateMatcher] pause_gear.png -> max conf: 0.470 (needs 0.7, optimal scale: 1.05x)
[DEBUG] 未匹配 [pause_gear] (要求阈值 0.7)
[TemplateMatcher] start_action.png -> max conf: 0.451 (needs 0.45, optimal scale: 0.80x)
[RESET] 找到 [start_action] (置信度 0.45 >= 0.45)，点击 (1101, 513)
[RESET] 点击开始行动，进入加载...
[TemplateMatcher] pause_gear.png -> max conf: 0.000 (needs 0.7, optimal scale: 0.80x)
[DEBUG] 未匹配 [pause_gear] (要求阈值 0.7)
[TemplateMatcher] start_action.png -> max conf: 0.000 (needs 0.45, optimal scale: 0.80x)
[DEBUG] 未匹配 [start_action] (要求阈值 0.45)
[TemplateMatcher] practice.png -> max conf: 0.000 (needs 0.5, optimal scale: 0.80x)
[DEBUG] 未匹配 [practice] (要求阈值 0.5)
[TemplateMatcher] stage_1_7.png -> max conf: 0.000 (needs 0.5, optimal scale: 0.80x)
[DEBUG] 未匹配 [stage_1_7] (要求阈值 0.5)
[RESET] 尝试跳过动画/寻找入口... (尝试 10/100)
[TemplateMatcher] pause_gear.png -> max conf: 0.000 (needs 0.7, optimal scale: 0.80x)
[DEBUG] 未匹配 [pause_gear] (要求阈值 0.7)
[TemplateMatcher] start_action.png -> max conf: 0.000 (needs 0.45, optimal scale: 0.80x)
[DEBUG] 未匹配 [start_action] (要求阈值 0.45)
[TemplateMatcher] practice.png -> max conf: 0.000 (needs 0.5, optimal scale: 0.80x)
[DEBUG] 未匹配 [practice] (要求阈值 0.5)
[TemplateMatcher] stage_1_7.png -> max conf: 0.000 (needs 0.5, optimal scale: 0.80x)
[DEBUG] 未匹配 [stage_1_7] (要求阈值 0.5)
[RESET] 尝试跳过动画/寻找入口... (尝试 11/100)
[TemplateMatcher] pause_gear.png -> max conf: 0.511 (needs 0.7, optimal scale: 1.20x)
[DEBUG] 未匹配 [pause_gear] (要求阈值 0.7)
[TemplateMatcher] start_action.png -> max conf: -0.063 (needs 0.45, optimal scale: 0.80x)
[DEBUG] 未匹配 [start_action] (要求阈值 0.45)
[TemplateMatcher] practice.png -> max conf: 0.379 (needs 0.5, optimal scale: 0.90x)
[DEBUG] 未匹配 [practice] (要求阈值 0.5)
[TemplateMatcher] stage_1_7.png -> max conf: 0.411 (needs 0.5, optimal scale: 0.90x)
[DEBUG] 未匹配 [stage_1_7] (要求阈值 0.5)
[RESET] 尝试跳过动画/寻找入口... (尝试 12/100)
[TemplateMatcher] pause_gear.png -> max conf: 0.221 (needs 0.7, optimal scale: 1.20x)
[DEBUG] 未匹配 [pause_gear] (要求阈值 0.7)
[TemplateMatcher] start_action.png -> max conf: 0.223 (needs 0.45, optimal scale: 0.80x)
[DEBUG] 未匹配 [start_action] (要求阈值 0.45)
[TemplateMatcher] practice.png -> max conf: 0.314 (needs 0.5, optimal scale: 0.80x)
[DEBUG] 未匹配 [practice] (要求阈值 0.5)
[TemplateMatcher] stage_1_7.png -> max conf: 0.272 (needs 0.5, optimal scale: 0.80x)
[DEBUG] 未匹配 [stage_1_7] (要求阈值 0.5)
[RESET] 尝试跳过动画/寻找入口... (尝试 13/100)
[TemplateMatcher] pause_gear.png -> max conf: 0.215 (needs 0.7, optimal scale: 1.20x)
[DEBUG] 未匹配 [pause_gear] (要求阈值 0.7)
[TemplateMatcher] start_action.png -> max conf: 0.224 (needs 0.45, optimal scale: 0.80x)
[DEBUG] 未匹配 [start_action] (要求阈值 0.45)
[TemplateMatcher] practice.png -> max conf: 0.315 (needs 0.5, optimal scale: 0.80x)
[DEBUG] 未匹配 [practice] (要求阈值 0.5)
[TemplateMatcher] stage_1_7.png -> max conf: 0.271 (needs 0.5, optimal scale: 0.80x)
[DEBUG] 未匹配 [stage_1_7] (要求阈值 0.5)
[RESET] 尝试跳过动画/寻找入口... (尝试 14/100)
[TemplateMatcher] pause_gear.png -> max conf: 0.827 (needs 0.7, optimal scale: 0.80x)
[RESET] 找到 [pause_gear] (置信度 0.83 >= 0.7)，(仅检测，不点击)
[RESET] ✅ 检测到战斗画面右上角齿轮，重启成功！
================= 关卡重启流程结束 =================

--> [回合结束] 第 4 回合 | 奖励: -99.0 | 步数: 110

[STEP 1] 开始执行动作...
[ACTION] AI决定: 选卡 7 -> 放入网格(4,0) -> 朝向 2
         坐标映射: 拖拽从(925,650)至(600,190) -> 方向滑动至(450,190)
[ACTION] ✅ CV校验通过！网格(4,0)具有高亮绿色(像素:702)，准许拖拽。
[REWARD] 执行前血条数: 0 -> 执行后血条数: 0
[REWARD] 部署失败，计算前后帧 MSE (均方误差) = 115.26
[REWARD] 画面未发生明显变化(非法部署)。奖励 -1.0 (连续无作为: 3次)
[TemplateMatcher] pause_gear.png -> max conf: 0.908 (needs 0.5, optimal scale: 0.80x)

[STEP 2] 开始执行动作...
[ACTION] AI决定: 选卡 4 -> 放入网格(9,1) -> 朝向 3
         坐标映射: 拖拽从(655,650)至(1100,270) -> 方向滑动至(1250,270)
[ACTION] ⛔ Fast-Fail! 目标网格(9,1)非绿色高亮(绿像素:0)。取消拖拽。
[REWARD] 执行前血条数: 0 -> 执行后血条数: 0
[REWARD] ⛔ 非法区域/无费用，已被 CV 阻断。奖励 -1.0 (连续无作为: 4次)
[TemplateMatcher] pause_gear.png -> max conf: 0.908 (needs 0.5, optimal scale: 0.80x)

[STEP 3] 开始执行动作...
