[INFO] 正在查找 ADB 设备...
[SUCCESS] 连接到设备: MuMu安卓设备-MuMuPlayer12 v5 (127.0.0.1:16384)
[SUCCESS] 设备握手成功!
[INFO] 正在加载 YOLO 模型: D:\BiShe\MaAutomaton-main\MaAutomaton-main\models\yolo\best.pt
       使用设备: cpu
[SUCCESS] YOLO 模型加载完成!
[INFO] 正在加载模板匹配器...
[SUCCESS] 模板匹配器加载完成!
[INFO] 正在创建强化学习环境...
[SUCCESS] 环境创建完成!
[INFO] 正在创建 PPO 模型...
[SUCCESS] 发现已有模型存档，从 D:\BiShe\MaAutomaton-main\MaAutomaton-main\models\rl\policy_latest.zip 恢复记忆继续训练！
[SILENT_LOG] [TemplateMatcher] battle_3star.png -> max conf: 0.161 (needs 0.5, optimal scale: 1.00x)
[SILENT_LOG] [TemplateMatcher] battle_2star.png -> max conf: 0.179 (needs 0.5, optimal scale: 1.00x)
[SILENT_LOG] [TemplateMatcher] battle_0star.png -> max conf: 0.083 (needs 0.5, optimal scale: 1.00x)
[SILENT_LOG] [TemplateMatcher] battle_0star.png -> max conf: 0.083 (needs 0.5, optimal scale: 1.00x)
[SUCCESS] PPO 模型创建完成!

================ 开始训练 ===================
总步数: 5000, 每次更新前收集步数: 128, 批次: 64
Logging to ./tensorboard_logs/PPO_7

[STEP 1] 开始执行动作...
[SILENT_LOG] [TemplateMatcher] battle_3star.png -> max conf: 0.168 (needs 0.5, optimal scale: 1.00x)
[SILENT_LOG] [TemplateMatcher] battle_2star.png -> max conf: 0.159 (needs 0.5, optimal scale: 1.00x)
[SILENT_LOG] [TemplateMatcher] battle_0star.png -> max conf: 0.085 (needs 0.5, optimal scale: 1.00x)
[SILENT_LOG] [TemplateMatcher] battle_0star.png -> max conf: 0.085 (needs 0.5, optimal scale: 1.00x)
[ACTION] AI决定: 💤 挂机 (Skip / Wait for Cost) - 屏幕中上部防误触点击
[SILENT_LOG] [TemplateMatcher] battle_3star.png -> max conf: 0.165 (needs 0.5, optimal scale: 1.00x)
[SILENT_LOG] [TemplateMatcher] battle_2star.png -> max conf: 0.144 (needs 0.5, optimal scale: 1.00x)
[SILENT_LOG] [TemplateMatcher] battle_0star.png -> max conf: 0.109 (needs 0.5, optimal scale: 1.00x)
[SILENT_LOG] [TemplateMatcher] battle_0star.png -> max conf: 0.109 (needs 0.5, optimal scale: 1.00x)
[SILENT_LOG] [TemplateMatcher] battle_3star.png -> max conf: 0.148 (needs 0.5, optimal scale: 1.00x)
[SILENT_LOG] [TemplateMatcher] battle_2star.png -> max conf: 0.205 (needs 0.5, optimal scale: 1.00x)
[SILENT_LOG] [TemplateMatcher] battle_0star.png -> max conf: 0.059 (needs 0.5, optimal scale: 1.00x)
[SILENT_LOG] [TemplateMatcher] battle_0star.png -> max conf: 0.059 (needs 0.5, optimal scale: 1.00x)
[SILENT_LOG] [TemplateMatcher] battle_3star.png -> max conf: 0.156 (needs 0.5, optimal scale: 1.00x)
[SILENT_LOG] [TemplateMatcher] battle_2star.png -> max conf: 0.187 (needs 0.5, optimal scale: 1.00x)
[SILENT_LOG] [TemplateMatcher] battle_0star.png -> max conf: 0.069 (needs 0.5, optimal scale: 1.00x)
[SILENT_LOG] [TemplateMatcher] battle_0star.png -> max conf: 0.069 (needs 0.5, optimal scale: 1.00x)
[SILENT_LOG] [TemplateMatcher] battle_3star.png -> max conf: 0.158 (needs 0.5, optimal scale: 1.00x)
[SILENT_LOG] [TemplateMatcher] battle_2star.png -> max conf: 0.174 (needs 0.5, optimal scale: 1.00x)
[SILENT_LOG] [TemplateMatcher] battle_0star.png -> max conf: 0.075 (needs 0.5, optimal scale: 1.00x)
[SILENT_LOG] [TemplateMatcher] battle_0star.png -> max conf: 0.075 (needs 0.5, optimal scale: 1.00x)
[REWARD] 执行前血条数: 0 -> 最终确认血条数: 0
[REWARD] 💤 AI 主动挂机等费用，只扣除微小时间惩罚 -0.01
[SILENT_LOG] [TemplateMatcher] battle_3star.png -> max conf: 0.152 (needs 0.5, optimal scale: 1.00x)
[SILENT_LOG] [TemplateMatcher] battle_2star.png -> max conf: 0.215 (needs 0.5, optimal scale: 1.00x)
[SILENT_LOG] [TemplateMatcher] battle_0star.png -> max conf: 0.060 (needs 0.5, optimal scale: 1.00x)
[SILENT_LOG] [TemplateMatcher] battle_0star.png -> max conf: 0.060 (needs 0.5, optimal scale: 1.00x)
[TemplateMatcher] pause_gear.png -> max conf: 0.908 (needs 0.5, optimal scale: 0.80x)

[STEP 2] 开始执行动作...
[ACTION] AI决定: 选卡 7 -> 放入网格(9,2) -> 朝向 0
         坐标映射: 拖拽从(925,650)至(1100,350) -> 方向滑动至(1100,200)
[SILENT_LOG] [TemplateMatcher] battle_3star.png -> max conf: 0.183 (needs 0.5, optimal scale: 1.00x)
[SILENT_LOG] [TemplateMatcher] battle_2star.png -> max conf: 0.112 (needs 0.5, optimal scale: 1.00x)
[SILENT_LOG] [TemplateMatcher] battle_0star.png -> max conf: 0.196 (needs 0.5, optimal scale: 1.00x)
[SILENT_LOG] [TemplateMatcher] battle_0star.png -> max conf: 0.196 (needs 0.5, optimal scale: 1.00x)
[ACTION] ⛔ Fast-Fail! 目标网格(9,2)非绿色高亮(绿像素:0)。取消拖拽。
[REWARD] 执行前血条数: 0 -> 最终确认血条数: 0
[REWARD] ⛔ 非法区域/无费用，已被 CV 阻断。奖励 -0.5 (连续无作为: 1次)
[SILENT_LOG] [TemplateMatcher] battle_3star.png -> max conf: 0.152 (needs 0.5, optimal scale: 1.00x)
[SILENT_LOG] [TemplateMatcher] battle_2star.png -> max conf: 0.196 (needs 0.5, optimal scale: 1.00x)
[SILENT_LOG] [TemplateMatcher] battle_0star.png -> max conf: 0.059 (needs 0.5, optimal scale: 1.00x)
[SILENT_LOG] [TemplateMatcher] battle_0star.png -> max conf: 0.059 (needs 0.5, optimal scale: 1.00x)
[TemplateMatcher] pause_gear.png -> max conf: 0.906 (needs 0.5, optimal scale: 0.80x)

[STEP 3] 开始执行动作...
[ACTION] AI决定: 💤 挂机 (Skip / Wait for Cost) - 屏幕中上部防误触点击
[SILENT_LOG] [TemplateMatcher] battle_3star.png -> max conf: 0.157 (needs 0.5, optimal scale: 1.00x)
[SILENT_LOG] [TemplateMatcher] battle_2star.png -> max conf: 0.174 (needs 0.5, optimal scale: 1.00x)
[SILENT_LOG] [TemplateMatcher] battle_0star.png -> max conf: 0.074 (needs 0.5, optimal scale: 1.00x)
[SILENT_LOG] [TemplateMatcher] battle_0star.png -> max conf: 0.074 (needs 0.5, optimal scale: 1.00x)
[SILENT_LOG] [TemplateMatcher] battle_3star.png -> max conf: 0.134 (needs 0.5, optimal scale: 1.00x)
[SILENT_LOG] [TemplateMatcher] battle_2star.png -> max conf: 0.175 (needs 0.5, optimal scale: 1.00x)
[SILENT_LOG] [TemplateMatcher] battle_0star.png -> max conf: 0.040 (needs 0.5, optimal scale: 1.00x)
[SILENT_LOG] [TemplateMatcher] battle_0star.png -> max conf: 0.040 (needs 0.5, optimal scale: 1.00x)
[SILENT_LOG] [TemplateMatcher] battle_3star.png -> max conf: 0.148 (needs 0.5, optimal scale: 1.00x)
[SILENT_LOG] [TemplateMatcher] battle_2star.png -> max conf: 0.173 (needs 0.5, optimal scale: 1.00x)
[SILENT_LOG] [TemplateMatcher] battle_0star.png -> max conf: 0.073 (needs 0.5, optimal scale: 1.00x)
[SILENT_LOG] [TemplateMatcher] battle_0star.png -> max conf: 0.073 (needs 0.5, optimal scale: 1.00x)
[SILENT_LOG] [TemplateMatcher] battle_3star.png -> max conf: 0.156 (needs 0.5, optimal scale: 1.00x)
[SILENT_LOG] [TemplateMatcher] battle_2star.png -> max conf: 0.188 (needs 0.5, optimal scale: 1.00x)
[SILENT_LOG] [TemplateMatcher] battle_0star.png -> max conf: 0.074 (needs 0.5, optimal scale: 1.00x)
[SILENT_LOG] [TemplateMatcher] battle_0star.png -> max conf: 0.074 (needs 0.5, optimal scale: 1.00x)
[REWARD] 执行前血条数: 0 -> 最终确认血条数: 0
[REWARD] 💤 AI 主动挂机等费用，只扣除微小时间惩罚 -0.01
[SILENT_LOG] [TemplateMatcher] battle_3star.png -> max conf: 0.150 (needs 0.5, optimal scale: 1.00x)
[SILENT_LOG] [TemplateMatcher] battle_2star.png -> max conf: 0.196 (needs 0.5, optimal scale: 1.00x)
[SILENT_LOG] [TemplateMatcher] battle_0star.png -> max conf: 0.065 (needs 0.5, optimal scale: 1.00x)
[SILENT_LOG] [TemplateMatcher] battle_0star.png -> max conf: 0.065 (needs 0.5, optimal scale: 1.00x)
[TemplateMatcher] pause_gear.png -> max conf: 0.908 (needs 0.5, optimal scale: 0.80x)

[STEP 4] 开始执行动作...
[ACTION] AI决定: 选卡 6 -> 放入网格(6,0) -> 朝向 2
         坐标映射: 拖拽从(835,650)至(800,190) -> 方向滑动至(650,190)
[SILENT_LOG] [TemplateMatcher] battle_3star.png -> max conf: 0.156 (needs 0.5, optimal scale: 1.00x)
[SILENT_LOG] [TemplateMatcher] battle_2star.png -> max conf: 0.178 (needs 0.5, optimal scale: 1.00x)
[SILENT_LOG] [TemplateMatcher] battle_0star.png -> max conf: 0.071 (needs 0.5, optimal scale: 1.00x)
[SILENT_LOG] [TemplateMatcher] battle_0star.png -> max conf: 0.071 (needs 0.5, optimal scale: 1.00x)
[ACTION] ✅ CV校验通过！网格(6,0)具有高亮绿色(像素:476)，准许拖拽。
[SILENT_LOG] [TemplateMatcher] battle_3star.png -> max conf: 0.174 (needs 0.5, optimal scale: 1.00x)
[SILENT_LOG] [TemplateMatcher] battle_2star.png -> max conf: 0.004 (needs 0.5, optimal scale: 1.00x)
[SILENT_LOG] [TemplateMatcher] battle_0star.png -> max conf: 0.171 (needs 0.5, optimal scale: 1.00x)
[SILENT_LOG] [TemplateMatcher] battle_0star.png -> max conf: 0.171 (needs 0.5, optimal scale: 1.00x)
[REWARD] 动作已执行，开始 3 次心跳检测 (间隔 0.2s)...
[SILENT_LOG] [TemplateMatcher] battle_3star.png -> max conf: 0.174 (needs 0.5, optimal scale: 1.00x)
[SILENT_LOG] [TemplateMatcher] battle_2star.png -> max conf: 0.005 (needs 0.5, optimal scale: 1.00x)
[SILENT_LOG] [TemplateMatcher] battle_0star.png -> max conf: 0.172 (needs 0.5, optimal scale: 1.00x)
[SILENT_LOG] [TemplateMatcher] battle_0star.png -> max conf: 0.172 (needs 0.5, optimal scale: 1.00x)
[REWARD] ❌ 第 1 次未检测到目标血条...
[SILENT_LOG] [TemplateMatcher] battle_3star.png -> max conf: 0.156 (needs 0.5, optimal scale: 1.00x)
[SILENT_LOG] [TemplateMatcher] battle_2star.png -> max conf: 0.172 (needs 0.5, optimal scale: 1.00x)
[SILENT_LOG] [TemplateMatcher] battle_0star.png -> max conf: 0.074 (needs 0.5, optimal scale: 1.00x)
[SILENT_LOG] [TemplateMatcher] battle_0star.png -> max conf: 0.074 (needs 0.5, optimal scale: 1.00x)
[REWARD] ❌ 第 2 次未检测到目标血条...
[SILENT_LOG] [TemplateMatcher] battle_3star.png -> max conf: 0.158 (needs 0.5, optimal scale: 1.00x)
[SILENT_LOG] [TemplateMatcher] battle_2star.png -> max conf: 0.171 (needs 0.5, optimal scale: 1.00x)
[SILENT_LOG] [TemplateMatcher] battle_0star.png -> max conf: 0.076 (needs 0.5, optimal scale: 1.00x)
[SILENT_LOG] [TemplateMatcher] battle_0star.png -> max conf: 0.076 (needs 0.5, optimal scale: 1.00x)
[REWARD] ❌ 第 3 次未检测到目标血条...
[REWARD] 执行前血条数: 0 -> 最终确认血条数: 0
[REWARD] 部署失败，计算前后帧 MSE (均方误差) = 105.23
[REWARD] 画面未发生明显变化(非法部署)。奖励 -0.5 (连续无作为: 1次)
[SILENT_LOG] [TemplateMatcher] battle_3star.png -> max conf: 0.173 (needs 0.5, optimal scale: 1.00x)
[SILENT_LOG] [TemplateMatcher] battle_2star.png -> max conf: 0.117 (needs 0.5, optimal scale: 1.00x)
[SILENT_LOG] [TemplateMatcher] battle_0star.png -> max conf: 0.119 (needs 0.5, optimal scale: 1.00x)
[SILENT_LOG] [TemplateMatcher] battle_0star.png -> max conf: 0.119 (needs 0.5, optimal scale: 1.00x)
[TemplateMatcher] pause_gear.png -> max conf: 0.908 (needs 0.5, optimal scale: 0.80x)

[STEP 5] 开始执行动作...
[ACTION] AI决定: 选卡 4 -> 放入网格(5,2) -> 朝向 1
         坐标映射: 拖拽从(655,650)至(700,350) -> 方向滑动至(700,500)
[SILENT_LOG] [TemplateMatcher] battle_3star.png -> max conf: 0.228 (needs 0.5, optimal scale: 1.00x)
[SILENT_LOG] [TemplateMatcher] battle_2star.png -> max conf: 0.024 (needs 0.5, optimal scale: 1.00x)
[SILENT_LOG] [TemplateMatcher] battle_0star.png -> max conf: 0.214 (needs 0.5, optimal scale: 1.00x)
[SILENT_LOG] [TemplateMatcher] battle_0star.png -> max conf: 0.214 (needs 0.5, optimal scale: 1.00x)
[ACTION] ✅ CV校验通过！网格(5,2)具有高亮绿色(像素:83)，准许拖拽。
[SILENT_LOG] [TemplateMatcher] battle_3star.png -> max conf: 0.213 (needs 0.5, optimal scale: 1.00x)
[SILENT_LOG] [TemplateMatcher] battle_2star.png -> max conf: 0.003 (needs 0.5, optimal scale: 1.00x)
[SILENT_LOG] [TemplateMatcher] battle_0star.png -> max conf: 0.198 (needs 0.5, optimal scale: 1.00x)
[SILENT_LOG] [TemplateMatcher] battle_0star.png -> max conf: 0.198 (needs 0.5, optimal scale: 1.00x)
[REWARD] 动作已执行，开始 3 次心跳检测 (间隔 0.2s)...
[SILENT_LOG] [TemplateMatcher] battle_3star.png -> max conf: 0.155 (needs 0.5, optimal scale: 1.00x)
[SILENT_LOG] [TemplateMatcher] battle_2star.png -> max conf: 0.168 (needs 0.5, optimal scale: 1.00x)
[SILENT_LOG] [TemplateMatcher] battle_0star.png -> max conf: 0.074 (needs 0.5, optimal scale: 1.00x)
[SILENT_LOG] [TemplateMatcher] battle_0star.png -> max conf: 0.074 (needs 0.5, optimal scale: 1.00x)
[SILENT_LOG] [TemplateMatcher] battle_3star.png -> max conf: 0.156 (needs 0.5, optimal scale: 1.00x)
[SILENT_LOG] [TemplateMatcher] battle_2star.png -> max conf: 0.173 (needs 0.5, optimal scale: 1.00x)
[SILENT_LOG] [TemplateMatcher] battle_0star.png -> max conf: 0.049 (needs 0.5, optimal scale: 1.00x)
[SILENT_LOG] [TemplateMatcher] battle_0star.png -> max conf: 0.049 (needs 0.5, optimal scale: 1.00x)
[REWARD] ❌ 第 1 次未检测到目标血条...
[SILENT_LOG] [TemplateMatcher] battle_3star.png -> max conf: 0.152 (needs 0.5, optimal scale: 1.00x)
[SILENT_LOG] [TemplateMatcher] battle_2star.png -> max conf: 0.190 (needs 0.5, optimal scale: 1.00x)
[SILENT_LOG] [TemplateMatcher] battle_0star.png -> max conf: 0.063 (needs 0.5, optimal scale: 1.00x)
[SILENT_LOG] [TemplateMatcher] battle_0star.png -> max conf: 0.063 (needs 0.5, optimal scale: 1.00x)
[REWARD] ❌ 第 2 次未检测到目标血条...
[REWARD] ❌ 第 3 次未检测到目标血条...
[REWARD] 执行前血条数: 0 -> 最终确认血条数: 0
[REWARD] 部署失败，计算前后帧 MSE (均方误差) = 176.80
[REWARD] 画面未发生明显变化(非法部署)。奖励 -0.5 (连续无作为: 2次)
[SILENT_LOG] [TemplateMatcher] battle_3star.png -> max conf: 0.157 (needs 0.5, optimal scale: 1.00x)
[SILENT_LOG] [TemplateMatcher] battle_2star.png -> max conf: 0.174 (needs 0.5, optimal scale: 1.00x)
[SILENT_LOG] [TemplateMatcher] battle_0star.png -> max conf: 0.074 (needs 0.5, optimal scale: 1.00x)
[SILENT_LOG] [TemplateMatcher] battle_0star.png -> max conf: 0.074 (needs 0.5, optimal scale: 1.00x)
[TemplateMatcher] pause_gear.png -> max conf: 0.908 (needs 0.5, optimal scale: 0.80x)

[STEP 6] 开始执行动作...
[SILENT_LOG] [TemplateMatcher] battle_3star.png -> max conf: 0.157 (needs 0.5, optimal scale: 1.00x)
[SILENT_LOG] [TemplateMatcher] battle_2star.png -> max conf: 0.173 (needs 0.5, optimal scale: 1.00x)
[SILENT_LOG] [TemplateMatcher] battle_0star.png -> max conf: 0.074 (needs 0.5, optimal scale: 1.00x)
[SILENT_LOG] [TemplateMatcher] battle_0star.png -> max conf: 0.074 (needs 0.5, optimal scale: 1.00x)
[ACTION] AI决定: 选卡 5 -> 放入网格(6,4) -> 朝向 3
         坐标映射: 拖拽从(745,650)至(800,510) -> 方向滑动至(950,510)
[ACTION] ⛔ Fast-Fail! 目标网格(6,4)非绿色高亮(绿像素:0)。取消拖拽。
[SILENT_LOG] [TemplateMatcher] battle_3star.png -> max conf: 0.229 (needs 0.5, optimal scale: 1.00x)
[SILENT_LOG] [TemplateMatcher] battle_2star.png -> max conf: 0.021 (needs 0.5, optimal scale: 1.00x)
[SILENT_LOG] [TemplateMatcher] battle_0star.png -> max conf: 0.214 (needs 0.5, optimal scale: 1.00x)
[SILENT_LOG] [TemplateMatcher] battle_0star.png -> max conf: 0.214 (needs 0.5, optimal scale: 1.00x)
[REWARD] 执行前血条数: 0 -> 最终确认血条数: 0
[REWARD] ⛔ 非法区域/无费用，已被 CV 阻断。奖励 -0.5 (连续无作为: 3次)
[SILENT_LOG] [TemplateMatcher] battle_3star.png -> max conf: 0.175 (needs 0.5, optimal scale: 1.00x)
[SILENT_LOG] [TemplateMatcher] battle_2star.png -> max conf: 0.004 (needs 0.5, optimal scale: 1.00x)
[TemplateMatcher] pause_gear.png -> max conf: 0.908 (needs 0.5, optimal scale: 0.80x)
[SILENT_LOG] [TemplateMatcher] battle_0star.png -> max conf: 0.172 (needs 0.5, optimal scale: 1.00x)

[STEP 7] 开始执行动作...
[SILENT_LOG] [TemplateMatcher] battle_0star.png -> max conf: 0.172 (needs 0.5, optimal scale: 1.00x)
[ACTION] AI决定: 选卡 2 -> 放入网格(7,1) -> 朝向 3
         坐标映射: 拖拽从(475,650)至(900,270) -> 方向滑动至(1050,270)
[SILENT_LOG] [TemplateMatcher] battle_3star.png -> max conf: 0.171 (needs 0.5, optimal scale: 1.00x)
[SILENT_LOG] [TemplateMatcher] battle_2star.png -> max conf: 0.027 (needs 0.5, optimal scale: 1.00x)
[SILENT_LOG] [TemplateMatcher] battle_0star.png -> max conf: 0.170 (needs 0.5, optimal scale: 1.00x)
[SILENT_LOG] [TemplateMatcher] battle_0star.png -> max conf: 0.170 (needs 0.5, optimal scale: 1.00x)
[ACTION] ✅ CV校验通过！网格(7,1)具有高亮绿色(像素:616)，准许拖拽。
[SILENT_LOG] [TemplateMatcher] battle_3star.png -> max conf: 0.177 (needs 0.5, optimal scale: 1.00x)
[SILENT_LOG] [TemplateMatcher] battle_2star.png -> max conf: 0.061 (needs 0.5, optimal scale: 1.00x)
[SILENT_LOG] [TemplateMatcher] battle_0star.png -> max conf: 0.161 (needs 0.5, optimal scale: 1.00x)
[SILENT_LOG] [TemplateMatcher] battle_0star.png -> max conf: 0.161 (needs 0.5, optimal scale: 1.00x)
[REWARD] 动作已执行，开始 3 次心跳检测 (间隔 0.2s)...
[SILENT_LOG] [TemplateMatcher] battle_3star.png -> max conf: 0.150 (needs 0.5, optimal scale: 1.00x)
[SILENT_LOG] [TemplateMatcher] battle_2star.png -> max conf: 0.224 (needs 0.5, optimal scale: 1.00x)
[SILENT_LOG] [TemplateMatcher] battle_0star.png -> max conf: 0.075 (needs 0.5, optimal scale: 1.00x)
[SILENT_LOG] [TemplateMatcher] battle_0star.png -> max conf: 0.075 (needs 0.5, optimal scale: 1.00x)
[REWARD] ❌ 第 1 次未检测到目标血条...
[SILENT_LOG] [TemplateMatcher] battle_3star.png -> max conf: 0.154 (needs 0.5, optimal scale: 1.00x)
[SILENT_LOG] [TemplateMatcher] battle_2star.png -> max conf: 0.177 (needs 0.5, optimal scale: 1.00x)
[SILENT_LOG] [TemplateMatcher] battle_0star.png -> max conf: 0.067 (needs 0.5, optimal scale: 1.00x)
[SILENT_LOG] [TemplateMatcher] battle_0star.png -> max conf: 0.067 (needs 0.5, optimal scale: 1.00x)
[REWARD] ❌ 第 2 次未检测到目标血条...
[SILENT_LOG] [TemplateMatcher] battle_3star.png -> max conf: 0.166 (needs 0.5, optimal scale: 1.00x)
[SILENT_LOG] [TemplateMatcher] battle_2star.png -> max conf: 0.195 (needs 0.5, optimal scale: 1.00x)
[SILENT_LOG] [TemplateMatcher] battle_0star.png -> max conf: 0.071 (needs 0.5, optimal scale: 1.00x)
[SILENT_LOG] [TemplateMatcher] battle_0star.png -> max conf: 0.071 (needs 0.5, optimal scale: 1.00x)
[REWARD] ❌ 第 3 次未检测到目标血条...
[REWARD] 执行前血条数: 0 -> 最终确认血条数: 0
[REWARD] 部署失败，计算前后帧 MSE (均方误差) = 3600.60
[REWARD] 动作无效，但游戏仍在进行(画面有变化)。奖励 -0.2 (已清空无作为计数器)
[SILENT_LOG] [TemplateMatcher] battle_3star.png -> max conf: 0.153 (needs 0.5, optimal scale: 1.00x)
[SILENT_LOG] [TemplateMatcher] battle_2star.png -> max conf: 0.157 (needs 0.5, optimal scale: 1.00x)
[SILENT_LOG] [TemplateMatcher] battle_0star.png -> max conf: 0.075 (needs 0.5, optimal scale: 1.00x)
[SILENT_LOG] [TemplateMatcher] battle_0star.png -> max conf: 0.075 (needs 0.5, optimal scale: 1.00x)
[TemplateMatcher] pause_gear.png -> max conf: 0.908 (needs 0.5, optimal scale: 0.80x)

[STEP 8] 开始执行动作...
[ACTION] AI决定: 选卡 3 -> 放入网格(5,2) -> 朝向 0
         坐标映射: 拖拽从(565,650)至(700,350) -> 方向滑动至(700,200)
[SILENT_LOG] [TemplateMatcher] battle_3star.png -> max conf: 0.148 (needs 0.5, optimal scale: 1.00x)
[SILENT_LOG] [TemplateMatcher] battle_2star.png -> max conf: 0.117 (needs 0.5, optimal scale: 1.00x)
[SILENT_LOG] [TemplateMatcher] battle_0star.png -> max conf: 0.100 (needs 0.5, optimal scale: 1.00x)
[SILENT_LOG] [TemplateMatcher] battle_0star.png -> max conf: 0.100 (needs 0.5, optimal scale: 1.00x)
[ACTION] ✅ CV校验通过！网格(5,2)具有高亮绿色(像素:84)，准许拖拽。
[SILENT_LOG] [TemplateMatcher] battle_3star.png -> max conf: 0.208 (needs 0.5, optimal scale: 1.00x)
[SILENT_LOG] [TemplateMatcher] battle_2star.png -> max conf: -0.028 (needs 0.5, optimal scale: 1.00x)
[SILENT_LOG] [TemplateMatcher] battle_0star.png -> max conf: 0.229 (needs 0.5, optimal scale: 1.00x)
[SILENT_LOG] [TemplateMatcher] battle_0star.png -> max conf: 0.229 (needs 0.5, optimal scale: 1.00x)
[REWARD] 动作已执行，开始 3 次心跳检测 (间隔 0.2s)...
[SILENT_LOG] [TemplateMatcher] battle_3star.png -> max conf: 0.136 (needs 0.5, optimal scale: 1.00x)
[SILENT_LOG] [TemplateMatcher] battle_2star.png -> max conf: 0.167 (needs 0.5, optimal scale: 1.00x)
[SILENT_LOG] [TemplateMatcher] battle_0star.png -> max conf: 0.042 (needs 0.5, optimal scale: 1.00x)
[SILENT_LOG] [TemplateMatcher] battle_0star.png -> max conf: 0.042 (needs 0.5, optimal scale: 1.00x)
[REWARD] ❌ 第 1 次未检测到目标血条...
[SILENT_LOG] [TemplateMatcher] battle_3star.png -> max conf: 0.157 (needs 0.5, optimal scale: 1.00x)
[SILENT_LOG] [TemplateMatcher] battle_2star.png -> max conf: 0.173 (needs 0.5, optimal scale: 1.00x)
[SILENT_LOG] [TemplateMatcher] battle_0star.png -> max conf: 0.074 (needs 0.5, optimal scale: 1.00x)
[SILENT_LOG] [TemplateMatcher] battle_0star.png -> max conf: 0.074 (needs 0.5, optimal scale: 1.00x)
[REWARD] ❌ 第 2 次未检测到目标血条...
[SILENT_LOG] [TemplateMatcher] battle_3star.png -> max conf: 0.162 (needs 0.5, optimal scale: 1.00x)
[SILENT_LOG] [TemplateMatcher] battle_2star.png -> max conf: 0.207 (needs 0.5, optimal scale: 1.00x)
[SILENT_LOG] [TemplateMatcher] battle_0star.png -> max conf: 0.058 (needs 0.5, optimal scale: 1.00x)
[SILENT_LOG] [TemplateMatcher] battle_0star.png -> max conf: 0.058 (needs 0.5, optimal scale: 1.00x)
[REWARD] ❌ 第 3 次未检测到目标血条...
[REWARD] 执行前血条数: 0 -> 最终确认血条数: 0
[REWARD] 部署失败，计算前后帧 MSE (均方误差) = 182.89
[REWARD] 画面未发生明显变化(非法部署)。奖励 -0.5 (连续无作为: 1次)
[SILENT_LOG] [TemplateMatcher] battle_3star.png -> max conf: 0.155 (needs 0.5, optimal scale: 1.00x)
[SILENT_LOG] [TemplateMatcher] battle_2star.png -> max conf: 0.197 (needs 0.5, optimal scale: 1.00x)
[SILENT_LOG] [TemplateMatcher] battle_0star.png -> max conf: 0.062 (needs 0.5, optimal scale: 1.00x)
[SILENT_LOG] [TemplateMatcher] battle_0star.png -> max conf: 0.062 (needs 0.5, optimal scale: 1.00x)
[TemplateMatcher] pause_gear.png -> max conf: 0.908 (needs 0.5, optimal scale: 0.80x)

[STEP 9] 开始执行动作...
[ACTION] AI决定: 选卡 5 -> 放入网格(3,1) -> 朝向 0
         坐标映射: 拖拽从(745,650)至(500,270) -> 方向滑动至(500,120)
[SILENT_LOG] [TemplateMatcher] battle_3star.png -> max conf: 0.105 (needs 0.5, optimal scale: 1.00x)
[SILENT_LOG] [TemplateMatcher] battle_2star.png -> max conf: 0.169 (needs 0.5, optimal scale: 1.00x)
[SILENT_LOG] [TemplateMatcher] battle_0star.png -> max conf: 0.053 (needs 0.5, optimal scale: 1.00x)
[SILENT_LOG] [TemplateMatcher] battle_0star.png -> max conf: 0.053 (needs 0.5, optimal scale: 1.00x)
[ACTION] ⛔ Fast-Fail! 目标网格(3,1)非绿色高亮(绿像素:0)。取消拖拽。
[REWARD] 执行前血条数: 0 -> 最终确认血条数: 0
[REWARD] ⛔ 非法区域/无费用，已被 CV 阻断。奖励 -0.5 (连续无作为: 2次)
[SILENT_LOG] [TemplateMatcher] battle_3star.png -> max conf: 0.174 (needs 0.5, optimal scale: 1.00x)
[SILENT_LOG] [TemplateMatcher] battle_2star.png -> max conf: 0.005 (needs 0.5, optimal scale: 1.00x)
[SILENT_LOG] [TemplateMatcher] battle_0star.png -> max conf: 0.172 (needs 0.5, optimal scale: 1.00x)
[SILENT_LOG] [TemplateMatcher] battle_0star.png -> max conf: 0.172 (needs 0.5, optimal scale: 1.00x)
[TemplateMatcher] pause_gear.png -> max conf: 0.907 (needs 0.5, optimal scale: 0.80x)

[STEP 10] 开始执行动作...
[ACTION] AI决定: 选卡 6 -> 放入网格(0,2) -> 朝向 0
         坐标映射: 拖拽从(835,650)至(200,350) -> 方向滑动至(200,200)
[SILENT_LOG] [TemplateMatcher] battle_3star.png -> max conf: 0.174 (needs 0.5, optimal scale: 1.00x)
[SILENT_LOG] [TemplateMatcher] battle_2star.png -> max conf: 0.004 (needs 0.5, optimal scale: 1.00x)
[SILENT_LOG] [TemplateMatcher] battle_0star.png -> max conf: 0.171 (needs 0.5, optimal scale: 1.00x)
[SILENT_LOG] [TemplateMatcher] battle_0star.png -> max conf: 0.171 (needs 0.5, optimal scale: 1.00x)
[ACTION] ⛔ Fast-Fail! 目标网格(0,2)非绿色高亮(绿像素:0)。取消拖拽。
[SILENT_LOG] [TemplateMatcher] battle_3star.png -> max conf: 0.182 (needs 0.5, optimal scale: 1.00x)
[SILENT_LOG] [TemplateMatcher] battle_2star.png -> max conf: 0.112 (needs 0.5, optimal scale: 1.00x)
[SILENT_LOG] [TemplateMatcher] battle_0star.png -> max conf: 0.199 (needs 0.5, optimal scale: 1.00x)
[SILENT_LOG] [TemplateMatcher] battle_0star.png -> max conf: 0.199 (needs 0.5, optimal scale: 1.00x)
[REWARD] 执行前血条数: 0 -> 最终确认血条数: 0
[REWARD] ⛔ 非法区域/无费用，已被 CV 阻断。奖励 -0.5 (连续无作为: 3次)
[TemplateMatcher] pause_gear.png -> max conf: 0.907 (needs 0.5, optimal scale: 0.80x)

[STEP 11] 开始执行动作...
[SILENT_LOG] [TemplateMatcher] battle_3star.png -> max conf: 0.156 (needs 0.5, optimal scale: 1.00x)
[SILENT_LOG] [TemplateMatcher] battle_2star.png -> max conf: 0.147 (needs 0.5, optimal scale: 1.00x)
[SILENT_LOG] [TemplateMatcher] battle_0star.png -> max conf: 0.083 (needs 0.5, optimal scale: 1.00x)
[SILENT_LOG] [TemplateMatcher] battle_0star.png -> max conf: 0.083 (needs 0.5, optimal scale: 1.00x)
[ACTION] AI决定: 选卡 6 -> 放入网格(8,3) -> 朝向 0
         坐标映射: 拖拽从(835,650)至(1000,430) -> 方向滑动至(1000,280)
[SILENT_LOG] [TemplateMatcher] battle_3star.png -> max conf: 0.175 (needs 0.5, optimal scale: 1.00x)
[SILENT_LOG] [TemplateMatcher] battle_2star.png -> max conf: 0.004 (needs 0.5, optimal scale: 1.00x)
[SILENT_LOG] [TemplateMatcher] battle_0star.png -> max conf: 0.172 (needs 0.5, optimal scale: 1.00x)
[SILENT_LOG] [TemplateMatcher] battle_0star.png -> max conf: 0.172 (needs 0.5, optimal scale: 1.00x)
[ACTION] ⛔ Fast-Fail! 目标网格(8,3)非绿色高亮(绿像素:0)。取消拖拽。
[REWARD] 执行前血条数: 0 -> 最终确认血条数: 0
[REWARD] ⛔ 非法区域/无费用，已被 CV 阻断。奖励 -0.5 (连续无作为: 4次)
[SILENT_LOG] [TemplateMatcher] battle_3star.png -> max conf: 0.183 (needs 0.5, optimal scale: 1.00x)
[SILENT_LOG] [TemplateMatcher] battle_2star.png -> max conf: 0.112 (needs 0.5, optimal scale: 1.00x)
[SILENT_LOG] [TemplateMatcher] battle_0star.png -> max conf: 0.197 (needs 0.5, optimal scale: 1.00x)
[SILENT_LOG] [TemplateMatcher] battle_0star.png -> max conf: 0.197 (needs 0.5, optimal scale: 1.00x)
[TemplateMatcher] pause_gear.png -> max conf: 0.907 (needs 0.5, optimal scale: 0.80x)

[STEP 12] 开始执行动作...
[ACTION] AI决定: 选卡 5 -> 放入网格(6,2) -> 朝向 1
         坐标映射: 拖拽从(745,650)至(800,350) -> 方向滑动至(800,500)
[SILENT_LOG] [TemplateMatcher] battle_3star.png -> max conf: 0.174 (needs 0.5, optimal scale: 1.00x)
[SILENT_LOG] [TemplateMatcher] battle_2star.png -> max conf: 0.004 (needs 0.5, optimal scale: 1.00x)
[SILENT_LOG] [TemplateMatcher] battle_0star.png -> max conf: 0.172 (needs 0.5, optimal scale: 1.00x)
[SILENT_LOG] [TemplateMatcher] battle_0star.png -> max conf: 0.172 (needs 0.5, optimal scale: 1.00x)
[ACTION] ✅ CV校验通过！网格(6,2)具有高亮绿色(像素:553)，准许拖拽。
[SILENT_LOG] [TemplateMatcher] battle_3star.png -> max conf: 0.160 (needs 0.5, optimal scale: 1.00x)
[SILENT_LOG] [TemplateMatcher] battle_2star.png -> max conf: 0.007 (needs 0.5, optimal scale: 1.00x)
[SILENT_LOG] [TemplateMatcher] battle_0star.png -> max conf: 0.160 (needs 0.5, optimal scale: 1.00x)
[SILENT_LOG] [TemplateMatcher] battle_0star.png -> max conf: 0.160 (needs 0.5, optimal scale: 1.00x)
[REWARD] 动作已执行，开始 3 次心跳检测 (间隔 0.2s)...
[SILENT_LOG] [TemplateMatcher] battle_3star.png -> max conf: 0.160 (needs 0.5, optimal scale: 1.00x)
[SILENT_LOG] [TemplateMatcher] battle_2star.png -> max conf: 0.007 (needs 0.5, optimal scale: 1.00x)
[SILENT_LOG] [TemplateMatcher] battle_0star.png -> max conf: 0.160 (needs 0.5, optimal scale: 1.00x)
[SILENT_LOG] [TemplateMatcher] battle_0star.png -> max conf: 0.160 (needs 0.5, optimal scale: 1.00x)
[REWARD] ✅ 第 1 次检测命中目标干员血条！
[REWARD] 执行前血条数: 0 -> 最终确认血条数: 1
[REWARD] 🎯 完美落子！部署点靠近敌人 (距离: 232.4)，奖励 +2.0
[REWARD] 🛡️ 背对敌人！(角度: 206.2°)，严厉惩罚 -1.0
[SILENT_LOG] [TemplateMatcher] battle_3star.png -> max conf: 0.156 (needs 0.5, optimal scale: 1.00x)
[SILENT_LOG] [TemplateMatcher] battle_2star.png -> max conf: 0.172 (needs 0.5, optimal scale: 1.00x)
[SILENT_LOG] [TemplateMatcher] battle_0star.png -> max conf: 0.075 (needs 0.5, optimal scale: 1.00x)
[SILENT_LOG] [TemplateMatcher] battle_0star.png -> max conf: 0.075 (needs 0.5, optimal scale: 1.00x)
[TemplateMatcher] pause_gear.png -> max conf: 0.908 (needs 0.5, optimal scale: 0.80x)

[STEP 13] 开始执行动作...
[ACTION] AI决定: 选卡 9 -> 放入网格(5,4) -> 朝向 2
         坐标映射: 拖拽从(1105,650)至(700,510) -> 方向滑动至(550,510)
[SILENT_LOG] [TemplateMatcher] battle_3star.png -> max conf: 0.156 (needs 0.5, optimal scale: 1.00x)
[SILENT_LOG] [TemplateMatcher] battle_2star.png -> max conf: 0.172 (needs 0.5, optimal scale: 1.00x)
[SILENT_LOG] [TemplateMatcher] battle_0star.png -> max conf: 0.075 (needs 0.5, optimal scale: 1.00x)
[SILENT_LOG] [TemplateMatcher] battle_0star.png -> max conf: 0.075 (needs 0.5, optimal scale: 1.00x)
[ACTION] ✅ CV校验通过！网格(5,4)具有高亮绿色(像素:169)，准许拖拽。
[SILENT_LOG] [TemplateMatcher] battle_3star.png -> max conf: 0.221 (needs 0.5, optimal scale: 1.00x)
[SILENT_LOG] [TemplateMatcher] battle_2star.png -> max conf: 0.022 (needs 0.5, optimal scale: 1.00x)
[SILENT_LOG] [TemplateMatcher] battle_0star.png -> max conf: 0.174 (needs 0.5, optimal scale: 1.00x)
[SILENT_LOG] [TemplateMatcher] battle_0star.png -> max conf: 0.174 (needs 0.5, optimal scale: 1.00x)
[REWARD] 动作已执行，开始 3 次心跳检测 (间隔 0.2s)...
[SILENT_LOG] [TemplateMatcher] battle_3star.png -> max conf: 0.221 (needs 0.5, optimal scale: 1.00x)
[SILENT_LOG] [TemplateMatcher] battle_2star.png -> max conf: 0.022 (needs 0.5, optimal scale: 1.00x)
[SILENT_LOG] [TemplateMatcher] battle_0star.png -> max conf: 0.174 (needs 0.5, optimal scale: 1.00x)
[SILENT_LOG] [TemplateMatcher] battle_0star.png -> max conf: 0.174 (needs 0.5, optimal scale: 1.00x)
[REWARD] ❌ 第 1 次未检测到目标血条...
[SILENT_LOG] [TemplateMatcher] battle_3star.png -> max conf: 0.143 (needs 0.5, optimal scale: 1.00x)
[SILENT_LOG] [TemplateMatcher] battle_2star.png -> max conf: 0.222 (needs 0.5, optimal scale: 1.00x)
[SILENT_LOG] [TemplateMatcher] battle_0star.png -> max conf: 0.064 (needs 0.5, optimal scale: 1.00x)
[SILENT_LOG] [TemplateMatcher] battle_0star.png -> max conf: 0.064 (needs 0.5, optimal scale: 1.00x)
[REWARD] ❌ 第 2 次未检测到目标血条...
[SILENT_LOG] [TemplateMatcher] battle_3star.png -> max conf: 0.151 (needs 0.5, optimal scale: 1.00x)
[SILENT_LOG] [TemplateMatcher] battle_2star.png -> max conf: 0.188 (needs 0.5, optimal scale: 1.00x)
[SILENT_LOG] [TemplateMatcher] battle_0star.png -> max conf: 0.061 (needs 0.5, optimal scale: 1.00x)
[SILENT_LOG] [TemplateMatcher] battle_0star.png -> max conf: 0.061 (needs 0.5, optimal scale: 1.00x)
[REWARD] ❌ 第 3 次未检测到目标血条...
[REWARD] 执行前血条数: 1 -> 最终确认血条数: 1
[REWARD] 部署失败，计算前后帧 MSE (均方误差) = 245.42
[REWARD] 画面未发生明显变化(非法部署)。奖励 -0.5 (连续无作为: 1次)
[TemplateMatcher] pause_gear.png -> max conf: 0.908 (needs 0.5, optimal scale: 0.80x)

[STEP 14] 开始执行动作...
[SILENT_LOG] [TemplateMatcher] battle_3star.png -> max conf: 0.163 (needs 0.5, optimal scale: 1.00x)
[SILENT_LOG] [TemplateMatcher] battle_2star.png -> max conf: 0.174 (needs 0.5, optimal scale: 1.00x)
[SILENT_LOG] [TemplateMatcher] battle_0star.png -> max conf: 0.073 (needs 0.5, optimal scale: 1.00x)
[SILENT_LOG] [TemplateMatcher] battle_0star.png -> max conf: 0.073 (needs 0.5, optimal scale: 1.00x)
[ACTION] AI决定: 选卡 7 -> 放入网格(6,4) -> 朝向 0
         坐标映射: 拖拽从(925,650)至(800,510) -> 方向滑动至(800,360)
[SILENT_LOG] [TemplateMatcher] battle_3star.png -> max conf: 0.182 (needs 0.5, optimal scale: 1.00x)
[SILENT_LOG] [TemplateMatcher] battle_2star.png -> max conf: 0.112 (needs 0.5, optimal scale: 1.00x)
[SILENT_LOG] [TemplateMatcher] battle_0star.png -> max conf: 0.199 (needs 0.5, optimal scale: 1.00x)
[SILENT_LOG] [TemplateMatcher] battle_0star.png -> max conf: 0.199 (needs 0.5, optimal scale: 1.00x)
[ACTION] ✅ CV校验通过！网格(6,4)具有高亮绿色(像素:900)，准许拖拽。
[SILENT_LOG] [TemplateMatcher] battle_3star.png -> max conf: 0.182 (needs 0.5, optimal scale: 1.00x)
[SILENT_LOG] [TemplateMatcher] battle_2star.png -> max conf: 0.112 (needs 0.5, optimal scale: 1.00x)
[SILENT_LOG] [TemplateMatcher] battle_0star.png -> max conf: 0.199 (needs 0.5, optimal scale: 1.00x)
[SILENT_LOG] [TemplateMatcher] battle_0star.png -> max conf: 0.199 (needs 0.5, optimal scale: 1.00x)
[REWARD] 动作已执行，开始 3 次心跳检测 (间隔 0.2s)...
[SILENT_LOG] [TemplateMatcher] battle_3star.png -> max conf: 0.182 (needs 0.5, optimal scale: 1.00x)
[SILENT_LOG] [TemplateMatcher] battle_2star.png -> max conf: 0.112 (needs 0.5, optimal scale: 1.00x)
[SILENT_LOG] [TemplateMatcher] battle_0star.png -> max conf: 0.199 (needs 0.5, optimal scale: 1.00x)
[SILENT_LOG] [TemplateMatcher] battle_0star.png -> max conf: 0.199 (needs 0.5, optimal scale: 1.00x)
[REWARD] ❌ 第 1 次未检测到目标血条...
[SILENT_LOG] [TemplateMatcher] battle_3star.png -> max conf: 0.118 (needs 0.5, optimal scale: 1.00x)
[SILENT_LOG] [TemplateMatcher] battle_2star.png -> max conf: 0.174 (needs 0.5, optimal scale: 1.00x)
[SILENT_LOG] [TemplateMatcher] battle_0star.png -> max conf: 0.041 (needs 0.5, optimal scale: 1.00x)
[SILENT_LOG] [TemplateMatcher] battle_0star.png -> max conf: 0.041 (needs 0.5, optimal scale: 1.00x)
[REWARD] ❌ 第 2 次未检测到目标血条...
[SILENT_LOG] [TemplateMatcher] battle_3star.png -> max conf: 0.161 (needs 0.5, optimal scale: 1.00x)
[SILENT_LOG] [TemplateMatcher] battle_2star.png -> max conf: 0.240 (needs 0.5, optimal scale: 1.00x)
[SILENT_LOG] [TemplateMatcher] battle_0star.png -> max conf: 0.079 (needs 0.5, optimal scale: 1.00x)
[SILENT_LOG] [TemplateMatcher] battle_0star.png -> max conf: 0.079 (needs 0.5, optimal scale: 1.00x)
[REWARD] ❌ 第 3 次未检测到目标血条...
[REWARD] 执行前血条数: 1 -> 最终确认血条数: 1
[REWARD] 部署失败，计算前后帧 MSE (均方误差) = 333.56
[REWARD] 动作无效，但游戏仍在进行(画面有变化)。奖励 -0.2 (已清空无作为计数器)
[SILENT_LOG] [TemplateMatcher] battle_3star.png -> max conf: 0.169 (needs 0.5, optimal scale: 1.00x)
[SILENT_LOG] [TemplateMatcher] battle_2star.png -> max conf: 0.244 (needs 0.5, optimal scale: 1.00x)
[SILENT_LOG] [TemplateMatcher] battle_0star.png -> max conf: 0.077 (needs 0.5, optimal scale: 1.00x)
[SILENT_LOG] [TemplateMatcher] battle_0star.png -> max conf: 0.077 (needs 0.5, optimal scale: 1.00x)
[TemplateMatcher] pause_gear.png -> max conf: 0.908 (needs 0.5, optimal scale: 0.80x)

[STEP 15] 开始执行动作...
[ACTION] AI决定: 选卡 0 -> 放入网格(1,4) -> 朝向 0
         坐标映射: 拖拽从(295,650)至(300,510) -> 方向滑动至(300,360)
[SILENT_LOG] [TemplateMatcher] battle_3star.png -> max conf: 0.253 (needs 0.5, optimal scale: 1.00x)
[SILENT_LOG] [TemplateMatcher] battle_2star.png -> max conf: 0.180 (needs 0.5, optimal scale: 1.00x)
[SILENT_LOG] [TemplateMatcher] battle_0star.png -> max conf: 0.215 (needs 0.5, optimal scale: 1.00x)
[SILENT_LOG] [TemplateMatcher] battle_0star.png -> max conf: 0.215 (needs 0.5, optimal scale: 1.00x)
[ACTION] ⛔ Fast-Fail! 目标网格(1,4)非绿色高亮(绿像素:0)。取消拖拽。
[REWARD] 执行前血条数: 1 -> 最终确认血条数: 0
[REWARD] ⛔ 非法区域/无费用，已被 CV 阻断。奖励 -0.5 (连续无作为: 1次)
[SILENT_LOG] [TemplateMatcher] battle_3star.png -> max conf: 0.192 (needs 0.5, optimal scale: 1.00x)
[SILENT_LOG] [TemplateMatcher] battle_2star.png -> max conf: 0.186 (needs 0.5, optimal scale: 1.00x)
[SILENT_LOG] [TemplateMatcher] battle_0star.png -> max conf: 0.041 (needs 0.5, optimal scale: 1.00x)
[SILENT_LOG] [TemplateMatcher] battle_0star.png -> max conf: 0.041 (needs 0.5, optimal scale: 1.00x)
[TemplateMatcher] pause_gear.png -> max conf: 0.907 (needs 0.5, optimal scale: 0.80x)

[STEP 16] 开始执行动作...
[ACTION] AI决定: 选卡 5 -> 放入网格(8,4) -> 朝向 3
         坐标映射: 拖拽从(745,650)至(1000,510) -> 方向滑动至(1150,510)
[SILENT_LOG] [TemplateMatcher] battle_3star.png -> max conf: 0.148 (needs 0.5, optimal scale: 1.00x)
[SILENT_LOG] [TemplateMatcher] battle_2star.png -> max conf: 0.146 (needs 0.5, optimal scale: 1.00x)
[SILENT_LOG] [TemplateMatcher] battle_0star.png -> max conf: 0.094 (needs 0.5, optimal scale: 1.00x)
[SILENT_LOG] [TemplateMatcher] battle_0star.png -> max conf: 0.094 (needs 0.5, optimal scale: 1.00x)
[ACTION] ⛔ Fast-Fail! 目标网格(8,4)非绿色高亮(绿像素:0)。取消拖拽。
[SILENT_LOG] [TemplateMatcher] battle_3star.png -> max conf: 0.229 (needs 0.5, optimal scale: 1.00x)
[SILENT_LOG] [TemplateMatcher] battle_2star.png -> max conf: 0.021 (needs 0.5, optimal scale: 1.00x)
[SILENT_LOG] [TemplateMatcher] battle_0star.png -> max conf: 0.214 (needs 0.5, optimal scale: 1.00x)
[SILENT_LOG] [TemplateMatcher] battle_0star.png -> max conf: 0.214 (needs 0.5, optimal scale: 1.00x)
[REWARD] 执行前血条数: 1 -> 最终确认血条数: 0
[REWARD] ⛔ 非法区域/无费用，已被 CV 阻断。奖励 -0.5 (连续无作为: 2次)
[TemplateMatcher] pause_gear.png -> max conf: 0.907 (needs 0.5, optimal scale: 0.80x)

[STEP 17] 开始执行动作...
[SILENT_LOG] [TemplateMatcher] battle_3star.png -> max conf: 0.194 (needs 0.5, optimal scale: 1.00x)
[SILENT_LOG] [TemplateMatcher] battle_2star.png -> max conf: 0.135 (needs 0.5, optimal scale: 1.00x)
[SILENT_LOG] [TemplateMatcher] battle_0star.png -> max conf: 0.121 (needs 0.5, optimal scale: 1.00x)
[SILENT_LOG] [TemplateMatcher] battle_0star.png -> max conf: 0.121 (needs 0.5, optimal scale: 1.00x)
[ACTION] AI决定: 选卡 4 -> 放入网格(3,4) -> 朝向 1
         坐标映射: 拖拽从(655,650)至(500,510) -> 方向滑动至(500,660)
[SILENT_LOG] [TemplateMatcher] battle_3star.png -> max conf: 0.189 (needs 0.5, optimal scale: 1.00x)
[SILENT_LOG] [TemplateMatcher] battle_2star.png -> max conf: -0.135 (needs 0.5, optimal scale: 1.00x)
[SILENT_LOG] [TemplateMatcher] battle_0star.png -> max conf: 0.230 (needs 0.5, optimal scale: 1.00x)
[SILENT_LOG] [TemplateMatcher] battle_0star.png -> max conf: 0.230 (needs 0.5, optimal scale: 1.00x)
[ACTION] ✅ CV校验通过！网格(3,4)具有高亮绿色(像素:900)，准许拖拽。
[SILENT_LOG] [TemplateMatcher] battle_3star.png -> max conf: 0.207 (needs 0.5, optimal scale: 1.00x)
[SILENT_LOG] [TemplateMatcher] battle_2star.png -> max conf: -0.027 (needs 0.5, optimal scale: 1.00x)
[SILENT_LOG] [TemplateMatcher] battle_0star.png -> max conf: 0.229 (needs 0.5, optimal scale: 1.00x)
[SILENT_LOG] [TemplateMatcher] battle_0star.png -> max conf: 0.229 (needs 0.5, optimal scale: 1.00x)
[REWARD] 动作已执行，开始 3 次心跳检测 (间隔 0.2s)...
[SILENT_LOG] [TemplateMatcher] battle_3star.png -> max conf: 0.207 (needs 0.5, optimal scale: 1.00x)
[SILENT_LOG] [TemplateMatcher] battle_2star.png -> max conf: -0.040 (needs 0.5, optimal scale: 1.00x)
[SILENT_LOG] [TemplateMatcher] battle_0star.png -> max conf: 0.229 (needs 0.5, optimal scale: 1.00x)
[SILENT_LOG] [TemplateMatcher] battle_0star.png -> max conf: 0.229 (needs 0.5, optimal scale: 1.00x)
[SILENT_LOG] [TemplateMatcher] battle_3star.png -> max conf: 0.104 (needs 0.5, optimal scale: 1.00x)
[SILENT_LOG] [TemplateMatcher] battle_2star.png -> max conf: 0.123 (needs 0.5, optimal scale: 1.00x)
[SILENT_LOG] [TemplateMatcher] battle_0star.png -> max conf: 0.099 (needs 0.5, optimal scale: 1.00x)
[SILENT_LOG] [TemplateMatcher] battle_0star.png -> max conf: 0.099 (needs 0.5, optimal scale: 1.00x)
[REWARD] ✅ 第 1 次检测命中目标干员血条！
[REWARD] 执行前血条数: 1 -> 最终确认血条数: 2
[REWARD] 🎯 完美落子！部署点靠近敌人 (距离: 176.3)，奖励 +2.0
[REWARD] 🛡️ 背对敌人！(角度: 208.4°)，严厉惩罚 -1.0
[TemplateMatcher] pause_gear.png -> max conf: 0.908 (needs 0.5, optimal scale: 0.80x)

[STEP 18] 开始执行动作...
[SILENT_LOG] [TemplateMatcher] battle_3star.png -> max conf: 0.161 (needs 0.5, optimal scale: 1.00x)
[SILENT_LOG] [TemplateMatcher] battle_2star.png -> max conf: 0.154 (needs 0.5, optimal scale: 1.00x)
[SILENT_LOG] [TemplateMatcher] battle_0star.png -> max conf: 0.081 (needs 0.5, optimal scale: 1.00x)
[SILENT_LOG] [TemplateMatcher] battle_0star.png -> max conf: 0.081 (needs 0.5, optimal scale: 1.00x)
[ACTION] AI决定: 选卡 5 -> 放入网格(9,1) -> 朝向 2
         坐标映射: 拖拽从(745,650)至(1100,270) -> 方向滑动至(950,270)
[SILENT_LOG] [TemplateMatcher] battle_3star.png -> max conf: 0.229 (needs 0.5, optimal scale: 1.00x)
[SILENT_LOG] [TemplateMatcher] battle_2star.png -> max conf: 0.021 (needs 0.5, optimal scale: 1.00x)
[SILENT_LOG] [TemplateMatcher] battle_0star.png -> max conf: 0.214 (needs 0.5, optimal scale: 1.00x)
[SILENT_LOG] [TemplateMatcher] battle_0star.png -> max conf: 0.214 (needs 0.5, optimal scale: 1.00x)
[ACTION] ⛔ Fast-Fail! 目标网格(9,1)非绿色高亮(绿像素:0)。取消拖拽。
[REWARD] 执行前血条数: 2 -> 最终确认血条数: 0
[REWARD] ⛔ 非法区域/无费用，已被 CV 阻断。奖励 -0.5 (连续无作为: 1次)
[SILENT_LOG] [TemplateMatcher] battle_3star.png -> max conf: 0.148 (needs 0.5, optimal scale: 1.00x)
[SILENT_LOG] [TemplateMatcher] battle_2star.png -> max conf: 0.128 (needs 0.5, optimal scale: 1.00x)
[SILENT_LOG] [TemplateMatcher] battle_0star.png -> max conf: 0.096 (needs 0.5, optimal scale: 1.00x)
[SILENT_LOG] [TemplateMatcher] battle_0star.png -> max conf: 0.096 (needs 0.5, optimal scale: 1.00x)
[TemplateMatcher] pause_gear.png -> max conf: 0.908 (needs 0.5, optimal scale: 0.80x)

[STEP 19] 开始执行动作...
[ACTION] AI决定: 选卡 0 -> 放入网格(2,3) -> 朝向 1
         坐标映射: 拖拽从(295,650)至(400,430) -> 方向滑动至(400,580)
[SILENT_LOG] [TemplateMatcher] battle_3star.png -> max conf: 0.151 (needs 0.5, optimal scale: 1.00x)
[SILENT_LOG] [TemplateMatcher] battle_2star.png -> max conf: 0.096 (needs 0.5, optimal scale: 1.00x)
[SILENT_LOG] [TemplateMatcher] battle_0star.png -> max conf: 0.224 (needs 0.5, optimal scale: 1.00x)
[SILENT_LOG] [TemplateMatcher] battle_0star.png -> max conf: 0.224 (needs 0.5, optimal scale: 1.00x)
[ACTION] ✅ CV校验通过！网格(2,3)具有高亮绿色(像素:150)，准许拖拽。
[SILENT_LOG] [TemplateMatcher] battle_3star.png -> max conf: 0.198 (needs 0.5, optimal scale: 1.00x)
[SILENT_LOG] [TemplateMatcher] battle_2star.png -> max conf: 0.051 (needs 0.5, optimal scale: 1.00x)
[SILENT_LOG] [TemplateMatcher] battle_0star.png -> max conf: 0.257 (needs 0.5, optimal scale: 1.00x)
[SILENT_LOG] [TemplateMatcher] battle_0star.png -> max conf: 0.257 (needs 0.5, optimal scale: 1.00x)
[REWARD] 动作已执行，开始 3 次心跳检测 (间隔 0.2s)...
[SILENT_LOG] [TemplateMatcher] battle_3star.png -> max conf: 0.198 (needs 0.5, optimal scale: 1.00x)
[SILENT_LOG] [TemplateMatcher] battle_2star.png -> max conf: 0.051 (needs 0.5, optimal scale: 1.00x)
[SILENT_LOG] [TemplateMatcher] battle_0star.png -> max conf: 0.257 (needs 0.5, optimal scale: 1.00x)
[SILENT_LOG] [TemplateMatcher] battle_0star.png -> max conf: 0.257 (needs 0.5, optimal scale: 1.00x)
[REWARD] ✅ 第 1 次检测命中目标干员血条！
[REWARD] 执行前血条数: 2 -> 最终确认血条数: 2
[REWARD] 🎯 完美落子！部署点靠近敌人 (距离: 63.0)，奖励 +2.0
[REWARD] 🛡️ 背对敌人！(角度: 180.0°)，严厉惩罚 -1.0
[SILENT_LOG] [TemplateMatcher] battle_3star.png -> max conf: 0.198 (needs 0.5, optimal scale: 1.00x)
[SILENT_LOG] [TemplateMatcher] battle_2star.png -> max conf: 0.051 (needs 0.5, optimal scale: 1.00x)
[SILENT_LOG] [TemplateMatcher] battle_0star.png -> max conf: 0.257 (needs 0.5, optimal scale: 1.00x)
[SILENT_LOG] [TemplateMatcher] battle_0star.png -> max conf: 0.257 (needs 0.5, optimal scale: 1.00x)
[TemplateMatcher] pause_gear.png -> max conf: 0.907 (needs 0.5, optimal scale: 0.80x)

[STEP 20] 开始执行动作...
[ACTION] AI决定: 💤 挂机 (Skip / Wait for Cost) - 屏幕中上部防误触点击
[SILENT_LOG] [TemplateMatcher] battle_3star.png -> max conf: 0.198 (needs 0.5, optimal scale: 1.00x)
[SILENT_LOG] [TemplateMatcher] battle_2star.png -> max conf: 0.051 (needs 0.5, optimal scale: 1.00x)
[SILENT_LOG] [TemplateMatcher] battle_0star.png -> max conf: 0.257 (needs 0.5, optimal scale: 1.00x)
[SILENT_LOG] [TemplateMatcher] battle_0star.png -> max conf: 0.257 (needs 0.5, optimal scale: 1.00x)
[SILENT_LOG] [TemplateMatcher] battle_3star.png -> max conf: 0.141 (needs 0.5, optimal scale: 1.00x)
[SILENT_LOG] [TemplateMatcher] battle_2star.png -> max conf: 0.215 (needs 0.5, optimal scale: 1.00x)
[SILENT_LOG] [TemplateMatcher] battle_0star.png -> max conf: 0.076 (needs 0.5, optimal scale: 1.00x)
[SILENT_LOG] [TemplateMatcher] battle_0star.png -> max conf: 0.076 (needs 0.5, optimal scale: 1.00x)
[SILENT_LOG] [TemplateMatcher] battle_3star.png -> max conf: 0.166 (needs 0.5, optimal scale: 1.00x)
[SILENT_LOG] [TemplateMatcher] battle_2star.png -> max conf: 0.227 (needs 0.5, optimal scale: 1.00x)
[SILENT_LOG] [TemplateMatcher] battle_0star.png -> max conf: 0.081 (needs 0.5, optimal scale: 1.00x)
[SILENT_LOG] [TemplateMatcher] battle_0star.png -> max conf: 0.081 (needs 0.5, optimal scale: 1.00x)
[SILENT_LOG] [TemplateMatcher] battle_3star.png -> max conf: 0.126 (needs 0.5, optimal scale: 1.00x)
[SILENT_LOG] [TemplateMatcher] battle_2star.png -> max conf: 0.222 (needs 0.5, optimal scale: 1.00x)
[SILENT_LOG] [TemplateMatcher] battle_0star.png -> max conf: 0.031 (needs 0.5, optimal scale: 1.00x)
[SILENT_LOG] [TemplateMatcher] battle_0star.png -> max conf: 0.031 (needs 0.5, optimal scale: 1.00x)
[REWARD] 执行前血条数: 2 -> 最终确认血条数: 0
[REWARD] 💤 AI 主动挂机等费用，只扣除微小时间惩罚 -0.01
[SILENT_LOG] [TemplateMatcher] battle_3star.png -> max conf: 0.142 (needs 0.5, optimal scale: 1.00x)
[SILENT_LOG] [TemplateMatcher] battle_2star.png -> max conf: 0.174 (needs 0.5, optimal scale: 1.00x)
[SILENT_LOG] [TemplateMatcher] battle_0star.png -> max conf: 0.069 (needs 0.5, optimal scale: 1.00x)
[SILENT_LOG] [TemplateMatcher] battle_0star.png -> max conf: 0.069 (needs 0.5, optimal scale: 1.00x)
[TemplateMatcher] pause_gear.png -> max conf: 0.908 (needs 0.5, optimal scale: 0.80x)

[STEP 21] 开始执行动作...
[SILENT_LOG] [TemplateMatcher] battle_3star.png -> max conf: 0.200 (needs 0.5, optimal scale: 1.00x)
[SILENT_LOG] [TemplateMatcher] battle_2star.png -> max conf: 0.126 (needs 0.5, optimal scale: 1.00x)
[SILENT_LOG] [TemplateMatcher] battle_0star.png -> max conf: 0.080 (needs 0.5, optimal scale: 1.00x)
[SILENT_LOG] [TemplateMatcher] battle_0star.png -> max conf: 0.080 (needs 0.5, optimal scale: 1.00x)
[ACTION] AI决定: 💤 挂机 (Skip / Wait for Cost) - 屏幕中上部防误触点击
[SILENT_LOG] [TemplateMatcher] battle_3star.png -> max conf: 0.184 (needs 0.5, optimal scale: 1.00x)
[SILENT_LOG] [TemplateMatcher] battle_2star.png -> max conf: 0.141 (needs 0.5, optimal scale: 1.00x)
[SILENT_LOG] [TemplateMatcher] battle_0star.png -> max conf: 0.078 (needs 0.5, optimal scale: 1.00x)
[SILENT_LOG] [TemplateMatcher] battle_0star.png -> max conf: 0.078 (needs 0.5, optimal scale: 1.00x)
[SILENT_LOG] [TemplateMatcher] battle_3star.png -> max conf: 0.147 (needs 0.5, optimal scale: 1.00x)
[SILENT_LOG] [TemplateMatcher] battle_2star.png -> max conf: 0.105 (needs 0.5, optimal scale: 1.00x)
[SILENT_LOG] [TemplateMatcher] battle_0star.png -> max conf: 0.102 (needs 0.5, optimal scale: 1.00x)
[SILENT_LOG] [TemplateMatcher] battle_0star.png -> max conf: 0.102 (needs 0.5, optimal scale: 1.00x)
[SILENT_LOG] [TemplateMatcher] battle_3star.png -> max conf: 0.134 (needs 0.5, optimal scale: 1.00x)
[SILENT_LOG] [TemplateMatcher] battle_2star.png -> max conf: 0.078 (needs 0.5, optimal scale: 1.00x)
[SILENT_LOG] [TemplateMatcher] battle_0star.png -> max conf: 0.121 (needs 0.5, optimal scale: 1.00x)
[SILENT_LOG] [TemplateMatcher] battle_0star.png -> max conf: 0.121 (needs 0.5, optimal scale: 1.00x)
[SILENT_LOG] [TemplateMatcher] battle_3star.png -> max conf: 0.181 (needs 0.5, optimal scale: 1.00x)
[SILENT_LOG] [TemplateMatcher] battle_2star.png -> max conf: 0.180 (needs 0.5, optimal scale: 1.00x)
[SILENT_LOG] [TemplateMatcher] battle_0star.png -> max conf: 0.073 (needs 0.5, optimal scale: 1.00x)
[SILENT_LOG] [TemplateMatcher] battle_0star.png -> max conf: 0.073 (needs 0.5, optimal scale: 1.00x)
[REWARD] 执行前血条数: 2 -> 最终确认血条数: 0
[REWARD] 💤 AI 主动挂机等费用，只扣除微小时间惩罚 -0.01
[TemplateMatcher] pause_gear.png -> max conf: 0.908 (needs 0.5, optimal scale: 0.80x)

[STEP 22] 开始执行动作...
[SILENT_LOG] [TemplateMatcher] battle_3star.png -> max conf: 0.095 (needs 0.5, optimal scale: 1.00x)
[SILENT_LOG] [TemplateMatcher] battle_2star.png -> max conf: 0.110 (needs 0.5, optimal scale: 1.00x)
[SILENT_LOG] [TemplateMatcher] battle_0star.png -> max conf: 0.086 (needs 0.5, optimal scale: 1.00x)
[SILENT_LOG] [TemplateMatcher] battle_0star.png -> max conf: 0.086 (needs 0.5, optimal scale: 1.00x)
[ACTION] AI决定: 💤 挂机 (Skip / Wait for Cost) - 屏幕中上部防误触点击
[SILENT_LOG] [TemplateMatcher] battle_3star.png -> max conf: 0.161 (needs 0.5, optimal scale: 1.00x)
[SILENT_LOG] [TemplateMatcher] battle_2star.png -> max conf: 0.166 (needs 0.5, optimal scale: 1.00x)
[SILENT_LOG] [TemplateMatcher] battle_0star.png -> max conf: 0.077 (needs 0.5, optimal scale: 1.00x)
[SILENT_LOG] [TemplateMatcher] battle_0star.png -> max conf: 0.077 (needs 0.5, optimal scale: 1.00x)
[SILENT_LOG] [TemplateMatcher] battle_3star.png -> max conf: 0.158 (needs 0.5, optimal scale: 1.00x)
[SILENT_LOG] [TemplateMatcher] battle_2star.png -> max conf: 0.166 (needs 0.5, optimal scale: 1.00x)
[SILENT_LOG] [TemplateMatcher] battle_0star.png -> max conf: 0.076 (needs 0.5, optimal scale: 1.00x)
[SILENT_LOG] [TemplateMatcher] battle_0star.png -> max conf: 0.076 (needs 0.5, optimal scale: 1.00x)
[SILENT_LOG] [TemplateMatcher] battle_3star.png -> max conf: 0.156 (needs 0.5, optimal scale: 1.00x)
[SILENT_LOG] [TemplateMatcher] battle_2star.png -> max conf: 0.156 (needs 0.5, optimal scale: 1.00x)
[SILENT_LOG] [TemplateMatcher] battle_0star.png -> max conf: 0.085 (needs 0.5, optimal scale: 1.00x)
[SILENT_LOG] [TemplateMatcher] battle_0star.png -> max conf: 0.085 (needs 0.5, optimal scale: 1.00x)
[SILENT_LOG] [TemplateMatcher] battle_3star.png -> max conf: 0.154 (needs 0.5, optimal scale: 1.00x)
[SILENT_LOG] [TemplateMatcher] battle_2star.png -> max conf: 0.212 (needs 0.5, optimal scale: 1.00x)
[SILENT_LOG] [TemplateMatcher] battle_0star.png -> max conf: 0.046 (needs 0.5, optimal scale: 1.00x)
[SILENT_LOG] [TemplateMatcher] battle_0star.png -> max conf: 0.046 (needs 0.5, optimal scale: 1.00x)
[REWARD] 执行前血条数: 2 -> 最终确认血条数: 0
[REWARD] 💤 AI 主动挂机等费用，只扣除微小时间惩罚 -0.01
[SILENT_LOG] [TemplateMatcher] battle_3star.png -> max conf: 0.157 (needs 0.5, optimal scale: 1.00x)
[TemplateMatcher] pause_gear.png -> max conf: 0.908 (needs 0.5, optimal scale: 0.80x)
[SILENT_LOG] [TemplateMatcher] battle_2star.png -> max conf: 0.174 (needs 0.5, optimal scale: 1.00x)

[STEP 23] 开始执行动作...
[SILENT_LOG] [TemplateMatcher] battle_0star.png -> max conf: 0.073 (needs 0.5, optimal scale: 1.00x)
[SILENT_LOG] [TemplateMatcher] battle_0star.png -> max conf: 0.073 (needs 0.5, optimal scale: 1.00x)
[ACTION] AI决定: 选卡 6 -> 放入网格(9,3) -> 朝向 3
         坐标映射: 拖拽从(835,650)至(1100,430) -> 方向滑动至(1250,430)
[SILENT_LOG] [TemplateMatcher] battle_3star.png -> max conf: 0.182 (needs 0.5, optimal scale: 1.00x)
[SILENT_LOG] [TemplateMatcher] battle_2star.png -> max conf: 0.112 (needs 0.5, optimal scale: 1.00x)
[SILENT_LOG] [TemplateMatcher] battle_0star.png -> max conf: 0.197 (needs 0.5, optimal scale: 1.00x)
[SILENT_LOG] [TemplateMatcher] battle_0star.png -> max conf: 0.197 (needs 0.5, optimal scale: 1.00x)
[ACTION] ✅ CV校验通过！网格(9,3)具有高亮绿色(像素:96)，准许拖拽。
[SILENT_LOG] [TemplateMatcher] battle_3star.png -> max conf: 0.182 (needs 0.5, optimal scale: 1.00x)
[SILENT_LOG] [TemplateMatcher] battle_2star.png -> max conf: 0.112 (needs 0.5, optimal scale: 1.00x)
[SILENT_LOG] [TemplateMatcher] battle_0star.png -> max conf: 0.198 (needs 0.5, optimal scale: 1.00x)
[SILENT_LOG] [TemplateMatcher] battle_0star.png -> max conf: 0.198 (needs 0.5, optimal scale: 1.00x)
[REWARD] 动作已执行，开始 3 次心跳检测 (间隔 0.2s)...
[SILENT_LOG] [TemplateMatcher] battle_3star.png -> max conf: 0.182 (needs 0.5, optimal scale: 1.00x)
[SILENT_LOG] [TemplateMatcher] battle_2star.png -> max conf: 0.112 (needs 0.5, optimal scale: 1.00x)
[SILENT_LOG] [TemplateMatcher] battle_0star.png -> max conf: 0.198 (needs 0.5, optimal scale: 1.00x)
[SILENT_LOG] [TemplateMatcher] battle_0star.png -> max conf: 0.198 (needs 0.5, optimal scale: 1.00x)
[REWARD] ❌ 第 1 次未检测到目标血条...
[SILENT_LOG] [TemplateMatcher] battle_3star.png -> max conf: 0.157 (needs 0.5, optimal scale: 1.00x)
[SILENT_LOG] [TemplateMatcher] battle_2star.png -> max conf: 0.173 (needs 0.5, optimal scale: 1.00x)
[SILENT_LOG] [TemplateMatcher] battle_0star.png -> max conf: 0.075 (needs 0.5, optimal scale: 1.00x)
[SILENT_LOG] [TemplateMatcher] battle_0star.png -> max conf: 0.075 (needs 0.5, optimal scale: 1.00x)
[REWARD] ❌ 第 2 次未检测到目标血条...
[SILENT_LOG] [TemplateMatcher] battle_3star.png -> max conf: 0.155 (needs 0.5, optimal scale: 1.00x)
[SILENT_LOG] [TemplateMatcher] battle_2star.png -> max conf: 0.188 (needs 0.5, optimal scale: 1.00x)
[SILENT_LOG] [TemplateMatcher] battle_0star.png -> max conf: 0.061 (needs 0.5, optimal scale: 1.00x)
[SILENT_LOG] [TemplateMatcher] battle_0star.png -> max conf: 0.061 (needs 0.5, optimal scale: 1.00x)
[REWARD] ❌ 第 3 次未检测到目标血条...
[REWARD] 执行前血条数: 2 -> 最终确认血条数: 2
[REWARD] 部署失败，计算前后帧 MSE (均方误差) = 199.84
[REWARD] 画面未发生明显变化(非法部署)。奖励 -0.5 (连续无作为: 1次)
[TemplateMatcher] pause_gear.png -> max conf: 0.908 (needs 0.5, optimal scale: 0.80x)

[STEP 24] 开始执行动作...
[SILENT_LOG] [TemplateMatcher] battle_3star.png -> max conf: 0.155 (needs 0.5, optimal scale: 1.00x)
[SILENT_LOG] [TemplateMatcher] battle_2star.png -> max conf: 0.171 (needs 0.5, optimal scale: 1.00x)
[SILENT_LOG] [TemplateMatcher] battle_0star.png -> max conf: 0.072 (needs 0.5, optimal scale: 1.00x)
[SILENT_LOG] [TemplateMatcher] battle_0star.png -> max conf: 0.072 (needs 0.5, optimal scale: 1.00x)
[ACTION] AI决定: 💤 挂机 (Skip / Wait for Cost) - 屏幕中上部防误触点击
[SILENT_LOG] [TemplateMatcher] battle_3star.png -> max conf: 0.157 (needs 0.5, optimal scale: 1.00x)
[SILENT_LOG] [TemplateMatcher] battle_2star.png -> max conf: 0.162 (needs 0.5, optimal scale: 1.00x)
[SILENT_LOG] [TemplateMatcher] battle_0star.png -> max conf: 0.075 (needs 0.5, optimal scale: 1.00x)
[SILENT_LOG] [TemplateMatcher] battle_0star.png -> max conf: 0.075 (needs 0.5, optimal scale: 1.00x)
[SILENT_LOG] [TemplateMatcher] battle_3star.png -> max conf: 0.156 (needs 0.5, optimal scale: 1.00x)
[SILENT_LOG] [TemplateMatcher] battle_2star.png -> max conf: 0.172 (needs 0.5, optimal scale: 1.00x)
[SILENT_LOG] [TemplateMatcher] battle_0star.png -> max conf: 0.074 (needs 0.5, optimal scale: 1.00x)
[SILENT_LOG] [TemplateMatcher] battle_0star.png -> max conf: 0.074 (needs 0.5, optimal scale: 1.00x)
[SILENT_LOG] [TemplateMatcher] battle_3star.png -> max conf: 0.121 (needs 0.5, optimal scale: 1.00x)
[SILENT_LOG] [TemplateMatcher] battle_2star.png -> max conf: 0.261 (needs 0.5, optimal scale: 1.00x)
[SILENT_LOG] [TemplateMatcher] battle_0star.png -> max conf: 0.022 (needs 0.5, optimal scale: 1.00x)
[SILENT_LOG] [TemplateMatcher] battle_0star.png -> max conf: 0.022 (needs 0.5, optimal scale: 1.00x)
[SILENT_LOG] [TemplateMatcher] battle_3star.png -> max conf: 0.156 (needs 0.5, optimal scale: 1.00x)
[SILENT_LOG] [TemplateMatcher] battle_2star.png -> max conf: 0.172 (needs 0.5, optimal scale: 1.00x)
[SILENT_LOG] [TemplateMatcher] battle_0star.png -> max conf: 0.075 (needs 0.5, optimal scale: 1.00x)
[SILENT_LOG] [TemplateMatcher] battle_0star.png -> max conf: 0.075 (needs 0.5, optimal scale: 1.00x)
[REWARD] 执行前血条数: 2 -> 最终确认血条数: 0
[REWARD] 💤 AI 主动挂机等费用，只扣除微小时间惩罚 -0.01
[SILENT_LOG] [TemplateMatcher] battle_3star.png -> max conf: 0.156 (needs 0.5, optimal scale: 1.00x)
[SILENT_LOG] [TemplateMatcher] battle_2star.png -> max conf: 0.172 (needs 0.5, optimal scale: 1.00x)
[SILENT_LOG] [TemplateMatcher] battle_0star.png -> max conf: 0.075 (needs 0.5, optimal scale: 1.00x)
[SILENT_LOG] [TemplateMatcher] battle_0star.png -> max conf: 0.075 (needs 0.5, optimal scale: 1.00x)
[TemplateMatcher] pause_gear.png -> max conf: 0.908 (needs 0.5, optimal scale: 0.80x)

[STEP 25] 开始执行动作...
[ACTION] AI决定: 选卡 9 -> 放入网格(9,2) -> 朝向 0
         坐标映射: 拖拽从(1105,650)至(1100,350) -> 方向滑动至(1100,200)
[SILENT_LOG] [TemplateMatcher] battle_3star.png -> max conf: 0.059 (needs 0.5, optimal scale: 1.00x)
[SILENT_LOG] [TemplateMatcher] battle_2star.png -> max conf: 0.200 (needs 0.5, optimal scale: 1.00x)
[SILENT_LOG] [TemplateMatcher] battle_0star.png -> max conf: 0.013 (needs 0.5, optimal scale: 1.00x)
[SILENT_LOG] [TemplateMatcher] battle_0star.png -> max conf: 0.013 (needs 0.5, optimal scale: 1.00x)
[ACTION] ⛔ Fast-Fail! 目标网格(9,2)非绿色高亮(绿像素:0)。取消拖拽。
[REWARD] 执行前血条数: 2 -> 最终确认血条数: 0
[REWARD] ⛔ 非法区域/无费用，已被 CV 阻断。奖励 -0.5 (连续无作为: 1次)
[SILENT_LOG] [TemplateMatcher] battle_3star.png -> max conf: 0.155 (needs 0.5, optimal scale: 1.00x)
[SILENT_LOG] [TemplateMatcher] battle_2star.png -> max conf: 0.171 (needs 0.5, optimal scale: 1.00x)
[SILENT_LOG] [TemplateMatcher] battle_0star.png -> max conf: 0.075 (needs 0.5, optimal scale: 1.00x)
[SILENT_LOG] [TemplateMatcher] battle_0star.png -> max conf: 0.075 (needs 0.5, optimal scale: 1.00x)
[TemplateMatcher] pause_gear.png -> max conf: 0.907 (needs 0.5, optimal scale: 0.80x)

[STEP 26] 开始执行动作...
[SILENT_LOG] [TemplateMatcher] battle_3star.png -> max conf: 0.156 (needs 0.5, optimal scale: 1.00x)
[SILENT_LOG] [TemplateMatcher] battle_2star.png -> max conf: 0.172 (needs 0.5, optimal scale: 1.00x)
[SILENT_LOG] [TemplateMatcher] battle_0star.png -> max conf: 0.075 (needs 0.5, optimal scale: 1.00x)
[SILENT_LOG] [TemplateMatcher] battle_0star.png -> max conf: 0.075 (needs 0.5, optimal scale: 1.00x)
[ACTION] AI决定: 选卡 3 -> 放入网格(6,3) -> 朝向 0
         坐标映射: 拖拽从(565,650)至(800,430) -> 方向滑动至(800,280)
[ACTION] ✅ CV校验通过！网格(6,3)具有高亮绿色(像素:900)，准许拖拽。
[SILENT_LOG] [TemplateMatcher] battle_3star.png -> max conf: 0.172 (needs 0.5, optimal scale: 1.00x)
[SILENT_LOG] [TemplateMatcher] battle_2star.png -> max conf: 0.134 (needs 0.5, optimal scale: 1.00x)
[SILENT_LOG] [TemplateMatcher] battle_0star.png -> max conf: 0.189 (needs 0.5, optimal scale: 1.00x)
[SILENT_LOG] [TemplateMatcher] battle_0star.png -> max conf: 0.189 (needs 0.5, optimal scale: 1.00x)
[REWARD] 动作已执行，开始 3 次心跳检测 (间隔 0.2s)...
[SILENT_LOG] [TemplateMatcher] battle_3star.png -> max conf: 0.172 (needs 0.5, optimal scale: 1.00x)
[SILENT_LOG] [TemplateMatcher] battle_2star.png -> max conf: 0.143 (needs 0.5, optimal scale: 1.00x)
[SILENT_LOG] [TemplateMatcher] battle_0star.png -> max conf: 0.189 (needs 0.5, optimal scale: 1.00x)
[SILENT_LOG] [TemplateMatcher] battle_0star.png -> max conf: 0.189 (needs 0.5, optimal scale: 1.00x)
[REWARD] ✅ 第 1 次检测命中目标干员血条！
[REWARD] 执行前血条数: 2 -> 最终确认血条数: 3
[REWARD] 🎯 完美落子！部署点靠近敌人 (距离: 168.6)，奖励 +2.0
[REWARD] 🛡️ 背对敌人！(角度: 14.6°)，严厉惩罚 -1.0
[SILENT_LOG] [TemplateMatcher] battle_3star.png -> max conf: 0.156 (needs 0.5, optimal scale: 1.00x)
[SILENT_LOG] [TemplateMatcher] battle_2star.png -> max conf: 0.165 (needs 0.5, optimal scale: 1.00x)
[SILENT_LOG] [TemplateMatcher] battle_0star.png -> max conf: 0.079 (needs 0.5, optimal scale: 1.00x)
[SILENT_LOG] [TemplateMatcher] battle_0star.png -> max conf: 0.079 (needs 0.5, optimal scale: 1.00x)
[TemplateMatcher] pause_gear.png -> max conf: 0.908 (needs 0.5, optimal scale: 0.80x)

[STEP 27] 开始执行动作...
[SILENT_LOG] [TemplateMatcher] battle_3star.png -> max conf: 0.158 (needs 0.5, optimal scale: 1.00x)
[SILENT_LOG] [TemplateMatcher] battle_2star.png -> max conf: 0.151 (needs 0.5, optimal scale: 1.00x)
[SILENT_LOG] [TemplateMatcher] battle_0star.png -> max conf: 0.086 (needs 0.5, optimal scale: 1.00x)
[SILENT_LOG] [TemplateMatcher] battle_0star.png -> max conf: 0.086 (needs 0.5, optimal scale: 1.00x)
[ACTION] AI决定: 💤 挂机 (Skip / Wait for Cost) - 屏幕中上部防误触点击
[SILENT_LOG] [TemplateMatcher] battle_3star.png -> max conf: 0.144 (needs 0.5, optimal scale: 1.00x)
[SILENT_LOG] [TemplateMatcher] battle_2star.png -> max conf: 0.105 (needs 0.5, optimal scale: 1.00x)
[SILENT_LOG] [TemplateMatcher] battle_0star.png -> max conf: 0.077 (needs 0.5, optimal scale: 1.00x)
[SILENT_LOG] [TemplateMatcher] battle_0star.png -> max conf: 0.077 (needs 0.5, optimal scale: 1.00x)
[SILENT_LOG] [TemplateMatcher] battle_3star.png -> max conf: 0.148 (needs 0.5, optimal scale: 1.00x)
[SILENT_LOG] [TemplateMatcher] battle_2star.png -> max conf: 0.185 (needs 0.5, optimal scale: 1.00x)
[SILENT_LOG] [TemplateMatcher] battle_0star.png -> max conf: 0.038 (needs 0.5, optimal scale: 1.00x)
[SILENT_LOG] [TemplateMatcher] battle_0star.png -> max conf: 0.038 (needs 0.5, optimal scale: 1.00x)
[SILENT_LOG] [TemplateMatcher] battle_3star.png -> max conf: 0.116 (needs 0.5, optimal scale: 1.00x)
[SILENT_LOG] [TemplateMatcher] battle_2star.png -> max conf: 0.219 (needs 0.5, optimal scale: 1.00x)
[SILENT_LOG] [TemplateMatcher] battle_0star.png -> max conf: 0.037 (needs 0.5, optimal scale: 1.00x)
[SILENT_LOG] [TemplateMatcher] battle_0star.png -> max conf: 0.037 (needs 0.5, optimal scale: 1.00x)
[SILENT_LOG] [TemplateMatcher] battle_3star.png -> max conf: 0.159 (needs 0.5, optimal scale: 1.00x)
[SILENT_LOG] [TemplateMatcher] battle_2star.png -> max conf: 0.255 (needs 0.5, optimal scale: 1.00x)
[SILENT_LOG] [TemplateMatcher] battle_0star.png -> max conf: 0.068 (needs 0.5, optimal scale: 1.00x)
[SILENT_LOG] [TemplateMatcher] battle_0star.png -> max conf: 0.068 (needs 0.5, optimal scale: 1.00x)
[REWARD] 执行前血条数: 3 -> 最终确认血条数: 0
[REWARD] 💤 AI 主动挂机等费用，只扣除微小时间惩罚 -0.01
[TemplateMatcher] pause_gear.png -> max conf: 0.908 (needs 0.5, optimal scale: 0.80x)

[STEP 28] 开始执行动作...
[SILENT_LOG] [TemplateMatcher] battle_3star.png -> max conf: 0.165 (needs 0.5, optimal scale: 1.00x)
[SILENT_LOG] [TemplateMatcher] battle_2star.png -> max conf: 0.221 (needs 0.5, optimal scale: 1.00x)
[SILENT_LOG] [TemplateMatcher] battle_0star.png -> max conf: 0.088 (needs 0.5, optimal scale: 1.00x)
[SILENT_LOG] [TemplateMatcher] battle_0star.png -> max conf: 0.088 (needs 0.5, optimal scale: 1.00x)
[ACTION] AI决定: 💤 挂机 (Skip / Wait for Cost) - 屏幕中上部防误触点击
[SILENT_LOG] [TemplateMatcher] battle_3star.png -> max conf: 0.179 (needs 0.5, optimal scale: 1.00x)
[SILENT_LOG] [TemplateMatcher] battle_2star.png -> max conf: 0.179 (needs 0.5, optimal scale: 1.00x)
[SILENT_LOG] [TemplateMatcher] battle_0star.png -> max conf: 0.063 (needs 0.5, optimal scale: 1.00x)
[SILENT_LOG] [TemplateMatcher] battle_0star.png -> max conf: 0.063 (needs 0.5, optimal scale: 1.00x)
[SILENT_LOG] [TemplateMatcher] battle_3star.png -> max conf: 0.155 (needs 0.5, optimal scale: 1.00x)
[SILENT_LOG] [TemplateMatcher] battle_2star.png -> max conf: 0.110 (needs 0.5, optimal scale: 1.00x)
[SILENT_LOG] [TemplateMatcher] battle_0star.png -> max conf: 0.100 (needs 0.5, optimal scale: 1.00x)
[SILENT_LOG] [TemplateMatcher] battle_0star.png -> max conf: 0.100 (needs 0.5, optimal scale: 1.00x)
[SILENT_LOG] [TemplateMatcher] battle_3star.png -> max conf: 0.216 (needs 0.5, optimal scale: 1.00x)
[SILENT_LOG] [TemplateMatcher] battle_2star.png -> max conf: 0.181 (needs 0.5, optimal scale: 1.00x)
[SILENT_LOG] [TemplateMatcher] battle_0star.png -> max conf: 0.122 (needs 0.5, optimal scale: 1.00x)
[SILENT_LOG] [TemplateMatcher] battle_0star.png -> max conf: 0.122 (needs 0.5, optimal scale: 1.00x)
[SILENT_LOG] [TemplateMatcher] battle_3star.png -> max conf: 0.170 (needs 0.5, optimal scale: 1.00x)
[SILENT_LOG] [TemplateMatcher] battle_2star.png -> max conf: 0.193 (needs 0.5, optimal scale: 1.00x)
[SILENT_LOG] [TemplateMatcher] battle_0star.png -> max conf: 0.075 (needs 0.5, optimal scale: 1.00x)
[SILENT_LOG] [TemplateMatcher] battle_0star.png -> max conf: 0.075 (needs 0.5, optimal scale: 1.00x)
[REWARD] 执行前血条数: 3 -> 最终确认血条数: 0
[REWARD] 💤 AI 主动挂机等费用，只扣除微小时间惩罚 -0.01
[TemplateMatcher] pause_gear.png -> max conf: 0.908 (needs 0.5, optimal scale: 0.80x)

[STEP 29] 开始执行动作...
[SILENT_LOG] [TemplateMatcher] battle_3star.png -> max conf: 0.117 (needs 0.5, optimal scale: 1.00x)
[SILENT_LOG] [TemplateMatcher] battle_2star.png -> max conf: 0.112 (needs 0.5, optimal scale: 1.00x)
[SILENT_LOG] [TemplateMatcher] battle_0star.png -> max conf: 0.090 (needs 0.5, optimal scale: 1.00x)
[SILENT_LOG] [TemplateMatcher] battle_0star.png -> max conf: 0.090 (needs 0.5, optimal scale: 1.00x)
[ACTION] AI决定: 选卡 8 -> 放入网格(0,2) -> 朝向 2
         坐标映射: 拖拽从(1015,650)至(200,350) -> 方向滑动至(50,350)
[SILENT_LOG] [TemplateMatcher] battle_3star.png -> max conf: 0.204 (needs 0.5, optimal scale: 1.00x)
[SILENT_LOG] [TemplateMatcher] battle_2star.png -> max conf: -0.092 (needs 0.5, optimal scale: 1.00x)
[SILENT_LOG] [TemplateMatcher] battle_0star.png -> max conf: 0.203 (needs 0.5, optimal scale: 1.00x)
[SILENT_LOG] [TemplateMatcher] battle_0star.png -> max conf: 0.203 (needs 0.5, optimal scale: 1.00x)
[ACTION] ⛔ Fast-Fail! 目标网格(0,2)非绿色高亮(绿像素:0)。取消拖拽。
[REWARD] 执行前血条数: 3 -> 最终确认血条数: 0
[REWARD] ⛔ 非法区域/无费用，已被 CV 阻断。奖励 -0.5 (连续无作为: 1次)
[SILENT_LOG] [TemplateMatcher] battle_3star.png -> max conf: 0.156 (needs 0.5, optimal scale: 1.00x)
[SILENT_LOG] [TemplateMatcher] battle_2star.png -> max conf: 0.163 (needs 0.5, optimal scale: 1.00x)
[SILENT_LOG] [TemplateMatcher] battle_0star.png -> max conf: 0.078 (needs 0.5, optimal scale: 1.00x)
[SILENT_LOG] [TemplateMatcher] battle_0star.png -> max conf: 0.078 (needs 0.5, optimal scale: 1.00x)
[TemplateMatcher] pause_gear.png -> max conf: 0.909 (needs 0.5, optimal scale: 0.80x)

[STEP 30] 开始执行动作...
[ACTION] AI决定: 选卡 8 -> 放入网格(7,0) -> 朝向 2
         坐标映射: 拖拽从(1015,650)至(900,190) -> 方向滑动至(750,190)
[SILENT_LOG] [TemplateMatcher] battle_3star.png -> max conf: 0.205 (needs 0.5, optimal scale: 1.00x)
[SILENT_LOG] [TemplateMatcher] battle_2star.png -> max conf: -0.092 (needs 0.5, optimal scale: 1.00x)
[SILENT_LOG] [TemplateMatcher] battle_0star.png -> max conf: 0.203 (needs 0.5, optimal scale: 1.00x)
[SILENT_LOG] [TemplateMatcher] battle_0star.png -> max conf: 0.203 (needs 0.5, optimal scale: 1.00x)
[ACTION] ✅ CV校验通过！网格(7,0)具有高亮绿色(像素:753)，准许拖拽。
[SILENT_LOG] [TemplateMatcher] battle_3star.png -> max conf: 0.204 (needs 0.5, optimal scale: 1.00x)
[SILENT_LOG] [TemplateMatcher] battle_2star.png -> max conf: -0.092 (needs 0.5, optimal scale: 1.00x)
[SILENT_LOG] [TemplateMatcher] battle_0star.png -> max conf: 0.203 (needs 0.5, optimal scale: 1.00x)
[SILENT_LOG] [TemplateMatcher] battle_0star.png -> max conf: 0.203 (needs 0.5, optimal scale: 1.00x)
[REWARD] 动作已执行，开始 3 次心跳检测 (间隔 0.2s)...
[SILENT_LOG] [TemplateMatcher] battle_3star.png -> max conf: 0.204 (needs 0.5, optimal scale: 1.00x)
[SILENT_LOG] [TemplateMatcher] battle_2star.png -> max conf: -0.092 (needs 0.5, optimal scale: 1.00x)
[SILENT_LOG] [TemplateMatcher] battle_0star.png -> max conf: 0.203 (needs 0.5, optimal scale: 1.00x)
[SILENT_LOG] [TemplateMatcher] battle_0star.png -> max conf: 0.203 (needs 0.5, optimal scale: 1.00x)
[REWARD] ❌ 第 1 次未检测到目标血条...
[SILENT_LOG] [TemplateMatcher] battle_3star.png -> max conf: 0.156 (needs 0.5, optimal scale: 1.00x)
[SILENT_LOG] [TemplateMatcher] battle_2star.png -> max conf: 0.177 (needs 0.5, optimal scale: 1.00x)
[SILENT_LOG] [TemplateMatcher] battle_0star.png -> max conf: 0.066 (needs 0.5, optimal scale: 1.00x)
[SILENT_LOG] [TemplateMatcher] battle_0star.png -> max conf: 0.066 (needs 0.5, optimal scale: 1.00x)
[REWARD] ❌ 第 2 次未检测到目标血条...
[SILENT_LOG] [TemplateMatcher] battle_3star.png -> max conf: 0.139 (needs 0.5, optimal scale: 1.00x)
[SILENT_LOG] [TemplateMatcher] battle_2star.png -> max conf: 0.226 (needs 0.5, optimal scale: 1.00x)
[SILENT_LOG] [TemplateMatcher] battle_0star.png -> max conf: 0.030 (needs 0.5, optimal scale: 1.00x)
[SILENT_LOG] [TemplateMatcher] battle_0star.png -> max conf: 0.030 (needs 0.5, optimal scale: 1.00x)
[REWARD] ❌ 第 3 次未检测到目标血条...
[REWARD] 执行前血条数: 3 -> 最终确认血条数: 3
[REWARD] 部署失败，计算前后帧 MSE (均方误差) = 405.55
[REWARD] 动作无效，但游戏仍在进行(画面有变化)。奖励 -0.2 (已清空无作为计数器)
[SILENT_LOG] [TemplateMatcher] battle_3star.png -> max conf: 0.111 (needs 0.5, optimal scale: 1.00x)
[SILENT_LOG] [TemplateMatcher] battle_2star.png -> max conf: 0.205 (needs 0.5, optimal scale: 1.00x)
[SILENT_LOG] [TemplateMatcher] battle_0star.png -> max conf: 0.046 (needs 0.5, optimal scale: 1.00x)
[SILENT_LOG] [TemplateMatcher] battle_0star.png -> max conf: 0.046 (needs 0.5, optimal scale: 1.00x)
[TemplateMatcher] pause_gear.png -> max conf: 0.908 (needs 0.5, optimal scale: 0.80x)

[STEP 31] 开始执行动作...
[ACTION] AI决定: 选卡 7 -> 放入网格(7,1) -> 朝向 0
         坐标映射: 拖拽从(925,650)至(900,270) -> 方向滑动至(900,120)
[SILENT_LOG] [TemplateMatcher] battle_3star.png -> max conf: 0.203 (needs 0.5, optimal scale: 1.00x)
[SILENT_LOG] [TemplateMatcher] battle_2star.png -> max conf: -0.091 (needs 0.5, optimal scale: 1.00x)
[SILENT_LOG] [TemplateMatcher] battle_0star.png -> max conf: 0.201 (needs 0.5, optimal scale: 1.00x)
[SILENT_LOG] [TemplateMatcher] battle_0star.png -> max conf: 0.201 (needs 0.5, optimal scale: 1.00x)
[ACTION] ✅ CV校验通过！网格(7,1)具有高亮绿色(像素:616)，准许拖拽。
[SILENT_LOG] [TemplateMatcher] battle_3star.png -> max conf: 0.191 (needs 0.5, optimal scale: 1.00x)
[SILENT_LOG] [TemplateMatcher] battle_2star.png -> max conf: -0.035 (needs 0.5, optimal scale: 1.00x)
[SILENT_LOG] [TemplateMatcher] battle_0star.png -> max conf: 0.185 (needs 0.5, optimal scale: 1.00x)
[SILENT_LOG] [TemplateMatcher] battle_0star.png -> max conf: 0.185 (needs 0.5, optimal scale: 1.00x)
[REWARD] 动作已执行，开始 3 次心跳检测 (间隔 0.2s)...
[SILENT_LOG] [TemplateMatcher] battle_3star.png -> max conf: 0.184 (needs 0.5, optimal scale: 1.00x)
[SILENT_LOG] [TemplateMatcher] battle_2star.png -> max conf: 0.238 (needs 0.5, optimal scale: 1.00x)
[SILENT_LOG] [TemplateMatcher] battle_0star.png -> max conf: 0.026 (needs 0.5, optimal scale: 1.00x)
[SILENT_LOG] [TemplateMatcher] battle_0star.png -> max conf: 0.026 (needs 0.5, optimal scale: 1.00x)
[REWARD] ❌ 第 1 次未检测到目标血条...
[SILENT_LOG] [TemplateMatcher] battle_3star.png -> max conf: 0.161 (needs 0.5, optimal scale: 1.00x)
[SILENT_LOG] [TemplateMatcher] battle_2star.png -> max conf: 0.129 (needs 0.5, optimal scale: 1.00x)
[SILENT_LOG] [TemplateMatcher] battle_0star.png -> max conf: 0.079 (needs 0.5, optimal scale: 1.00x)
[SILENT_LOG] [TemplateMatcher] battle_0star.png -> max conf: 0.079 (needs 0.5, optimal scale: 1.00x)
[REWARD] ❌ 第 2 次未检测到目标血条...
[SILENT_LOG] [TemplateMatcher] battle_3star.png -> max conf: 0.210 (needs 0.5, optimal scale: 1.00x)
[SILENT_LOG] [TemplateMatcher] battle_2star.png -> max conf: 0.091 (needs 0.5, optimal scale: 1.00x)
[SILENT_LOG] [TemplateMatcher] battle_0star.png -> max conf: 0.109 (needs 0.5, optimal scale: 1.00x)
[SILENT_LOG] [TemplateMatcher] battle_0star.png -> max conf: 0.109 (needs 0.5, optimal scale: 1.00x)
[REWARD] ❌ 第 3 次未检测到目标血条...
[REWARD] 执行前血条数: 3 -> 最终确认血条数: 3
[REWARD] 部署失败，计算前后帧 MSE (均方误差) = 379.29
[REWARD] 动作无效，但游戏仍在进行(画面有变化)。奖励 -0.2 (已清空无作为计数器)
[SILENT_LOG] [TemplateMatcher] battle_3star.png -> max conf: 0.188 (needs 0.5, optimal scale: 1.00x)
[SILENT_LOG] [TemplateMatcher] battle_2star.png -> max conf: 0.182 (needs 0.5, optimal scale: 1.00x)
[SILENT_LOG] [TemplateMatcher] battle_0star.png -> max conf: 0.088 (needs 0.5, optimal scale: 1.00x)
[SILENT_LOG] [TemplateMatcher] battle_0star.png -> max conf: 0.088 (needs 0.5, optimal scale: 1.00x)
[TemplateMatcher] pause_gear.png -> max conf: 0.908 (needs 0.5, optimal scale: 0.80x)

[STEP 32] 开始执行动作...
[ACTION] AI决定: 💤 挂机 (Skip / Wait for Cost) - 屏幕中上部防误触点击
[SILENT_LOG] [TemplateMatcher] battle_3star.png -> max conf: 0.167 (needs 0.5, optimal scale: 1.00x)
[SILENT_LOG] [TemplateMatcher] battle_2star.png -> max conf: 0.152 (needs 0.5, optimal scale: 1.00x)
[SILENT_LOG] [TemplateMatcher] battle_0star.png -> max conf: 0.096 (needs 0.5, optimal scale: 1.00x)
[SILENT_LOG] [TemplateMatcher] battle_0star.png -> max conf: 0.096 (needs 0.5, optimal scale: 1.00x)
[SILENT_LOG] [TemplateMatcher] battle_3star.png -> max conf: 0.144 (needs 0.5, optimal scale: 1.00x)
[SILENT_LOG] [TemplateMatcher] battle_2star.png -> max conf: 0.043 (needs 0.5, optimal scale: 1.00x)
[SILENT_LOG] [TemplateMatcher] battle_0star.png -> max conf: 0.148 (needs 0.5, optimal scale: 1.00x)
[SILENT_LOG] [TemplateMatcher] battle_0star.png -> max conf: 0.148 (needs 0.5, optimal scale: 1.00x)
[SILENT_LOG] [TemplateMatcher] battle_3star.png -> max conf: 0.151 (needs 0.5, optimal scale: 1.00x)
[SILENT_LOG] [TemplateMatcher] battle_2star.png -> max conf: 0.190 (needs 0.5, optimal scale: 1.00x)
[SILENT_LOG] [TemplateMatcher] battle_0star.png -> max conf: 0.056 (needs 0.5, optimal scale: 1.00x)
[SILENT_LOG] [TemplateMatcher] battle_0star.png -> max conf: 0.056 (needs 0.5, optimal scale: 1.00x)
[SILENT_LOG] [TemplateMatcher] battle_3star.png -> max conf: 0.155 (needs 0.5, optimal scale: 1.00x)
[SILENT_LOG] [TemplateMatcher] battle_2star.png -> max conf: 0.160 (needs 0.5, optimal scale: 1.00x)
[SILENT_LOG] [TemplateMatcher] battle_0star.png -> max conf: 0.079 (needs 0.5, optimal scale: 1.00x)
[SILENT_LOG] [TemplateMatcher] battle_0star.png -> max conf: 0.079 (needs 0.5, optimal scale: 1.00x)
[REWARD] 执行前血条数: 3 -> 最终确认血条数: 0
[REWARD] 💤 AI 主动挂机等费用，只扣除微小时间惩罚 -0.01
[SILENT_LOG] [TemplateMatcher] battle_3star.png -> max conf: 0.159 (needs 0.5, optimal scale: 1.00x)
[SILENT_LOG] [TemplateMatcher] battle_2star.png -> max conf: 0.158 (needs 0.5, optimal scale: 1.00x)
[SILENT_LOG] [TemplateMatcher] battle_0star.png -> max conf: 0.078 (needs 0.5, optimal scale: 1.00x)
[SILENT_LOG] [TemplateMatcher] battle_0star.png -> max conf: 0.078 (needs 0.5, optimal scale: 1.00x)
[TemplateMatcher] pause_gear.png -> max conf: 0.908 (needs 0.5, optimal scale: 0.80x)

[STEP 33] 开始执行动作...
[ACTION] AI决定: 选卡 9 -> 放入网格(6,3) -> 朝向 3
         坐标映射: 拖拽从(1105,650)至(800,430) -> 方向滑动至(950,430)
[SILENT_LOG] [TemplateMatcher] battle_3star.png -> max conf: 0.157 (needs 0.5, optimal scale: 1.00x)
[SILENT_LOG] [TemplateMatcher] battle_2star.png -> max conf: 0.173 (needs 0.5, optimal scale: 1.00x)
[SILENT_LOG] [TemplateMatcher] battle_0star.png -> max conf: 0.074 (needs 0.5, optimal scale: 1.00x)
[SILENT_LOG] [TemplateMatcher] battle_0star.png -> max conf: 0.074 (needs 0.5, optimal scale: 1.00x)
[ACTION] ⛔ Fast-Fail! 目标网格(6,3)非绿色高亮(绿像素:0)。取消拖拽。
[SILENT_LOG] [TemplateMatcher] battle_3star.png -> max conf: 0.200 (needs 0.5, optimal scale: 1.00x)
[SILENT_LOG] [TemplateMatcher] battle_2star.png -> max conf: 0.059 (needs 0.5, optimal scale: 1.00x)
[SILENT_LOG] [TemplateMatcher] battle_0star.png -> max conf: 0.096 (needs 0.5, optimal scale: 1.00x)
[SILENT_LOG] [TemplateMatcher] battle_0star.png -> max conf: 0.096 (needs 0.5, optimal scale: 1.00x)
[REWARD] 执行前血条数: 3 -> 最终确认血条数: 0
[REWARD] ⛔ 非法区域/无费用，已被 CV 阻断。奖励 -0.5 (连续无作为: 1次)
[TemplateMatcher] pause_gear.png -> max conf: 0.908 (needs 0.5, optimal scale: 0.80x)

[STEP 34] 开始执行动作...
[SILENT_LOG] [TemplateMatcher] battle_3star.png -> max conf: 0.129 (needs 0.5, optimal scale: 1.00x)
[SILENT_LOG] [TemplateMatcher] battle_2star.png -> max conf: 0.113 (needs 0.5, optimal scale: 1.00x)
[SILENT_LOG] [TemplateMatcher] battle_0star.png -> max conf: 0.068 (needs 0.5, optimal scale: 1.00x)
[SILENT_LOG] [TemplateMatcher] battle_0star.png -> max conf: 0.068 (needs 0.5, optimal scale: 1.00x)
[ACTION] AI决定: 💤 挂机 (Skip / Wait for Cost) - 屏幕中上部防误触点击
[SILENT_LOG] [TemplateMatcher] battle_3star.png -> max conf: 0.149 (needs 0.5, optimal scale: 1.00x)
[SILENT_LOG] [TemplateMatcher] battle_2star.png -> max conf: 0.175 (needs 0.5, optimal scale: 1.00x)
[SILENT_LOG] [TemplateMatcher] battle_0star.png -> max conf: 0.070 (needs 0.5, optimal scale: 1.00x)
[SILENT_LOG] [TemplateMatcher] battle_0star.png -> max conf: 0.070 (needs 0.5, optimal scale: 1.00x)
[SILENT_LOG] [TemplateMatcher] battle_3star.png -> max conf: 0.155 (needs 0.5, optimal scale: 1.00x)
[SILENT_LOG] [TemplateMatcher] battle_2star.png -> max conf: 0.171 (needs 0.5, optimal scale: 1.00x)
[SILENT_LOG] [TemplateMatcher] battle_0star.png -> max conf: 0.072 (needs 0.5, optimal scale: 1.00x)
[SILENT_LOG] [TemplateMatcher] battle_0star.png -> max conf: 0.072 (needs 0.5, optimal scale: 1.00x)
[SILENT_LOG] [TemplateMatcher] battle_3star.png -> max conf: 0.191 (needs 0.5, optimal scale: 1.00x)
[SILENT_LOG] [TemplateMatcher] battle_2star.png -> max conf: 0.149 (needs 0.5, optimal scale: 1.00x)
[SILENT_LOG] [TemplateMatcher] battle_0star.png -> max conf: 0.125 (needs 0.5, optimal scale: 1.00x)
[SILENT_LOG] [TemplateMatcher] battle_0star.png -> max conf: 0.125 (needs 0.5, optimal scale: 1.00x)
[SILENT_LOG] [TemplateMatcher] battle_3star.png -> max conf: 0.149 (needs 0.5, optimal scale: 1.00x)
[SILENT_LOG] [TemplateMatcher] battle_2star.png -> max conf: 0.146 (needs 0.5, optimal scale: 1.00x)
[SILENT_LOG] [TemplateMatcher] battle_0star.png -> max conf: 0.077 (needs 0.5, optimal scale: 1.00x)
[SILENT_LOG] [TemplateMatcher] battle_0star.png -> max conf: 0.077 (needs 0.5, optimal scale: 1.00x)
[REWARD] 执行前血条数: 3 -> 最终确认血条数: 0
[REWARD] 💤 AI 主动挂机等费用，只扣除微小时间惩罚 -0.01
[TemplateMatcher] pause_gear.png -> max conf: 0.908 (needs 0.5, optimal scale: 0.80x)

[STEP 35] 开始执行动作...
[SILENT_LOG] [TemplateMatcher] battle_3star.png -> max conf: 0.152 (needs 0.5, optimal scale: 1.00x)
[SILENT_LOG] [TemplateMatcher] battle_2star.png -> max conf: 0.170 (needs 0.5, optimal scale: 1.00x)
[SILENT_LOG] [TemplateMatcher] battle_0star.png -> max conf: 0.054 (needs 0.5, optimal scale: 1.00x)
[SILENT_LOG] [TemplateMatcher] battle_0star.png -> max conf: 0.054 (needs 0.5, optimal scale: 1.00x)
[ACTION] AI决定: 选卡 5 -> 放入网格(2,2) -> 朝向 0
         坐标映射: 拖拽从(745,650)至(400,350) -> 方向滑动至(400,200)
[SILENT_LOG] [TemplateMatcher] battle_3star.png -> max conf: 0.229 (needs 0.5, optimal scale: 1.00x)
[SILENT_LOG] [TemplateMatcher] battle_2star.png -> max conf: 0.021 (needs 0.5, optimal scale: 1.00x)
[SILENT_LOG] [TemplateMatcher] battle_0star.png -> max conf: 0.214 (needs 0.5, optimal scale: 1.00x)
[SILENT_LOG] [TemplateMatcher] battle_0star.png -> max conf: 0.214 (needs 0.5, optimal scale: 1.00x)
[ACTION] ⛔ Fast-Fail! 目标网格(2,2)非绿色高亮(绿像素:0)。取消拖拽。
[REWARD] 执行前血条数: 3 -> 最终确认血条数: 0
[REWARD] ⛔ 非法区域/无费用，已被 CV 阻断。奖励 -0.5 (连续无作为: 1次)
[SILENT_LOG] [TemplateMatcher] battle_3star.png -> max conf: 0.157 (needs 0.5, optimal scale: 1.00x)
[SILENT_LOG] [TemplateMatcher] battle_2star.png -> max conf: 0.166 (needs 0.5, optimal scale: 1.00x)
[SILENT_LOG] [TemplateMatcher] battle_0star.png -> max conf: 0.075 (needs 0.5, optimal scale: 1.00x)
[SILENT_LOG] [TemplateMatcher] battle_0star.png -> max conf: 0.075 (needs 0.5, optimal scale: 1.00x)
[TemplateMatcher] pause_gear.png -> max conf: 0.908 (needs 0.5, optimal scale: 0.80x)

[STEP 36] 开始执行动作...
[SILENT_LOG] [TemplateMatcher] battle_3star.png -> max conf: 0.156 (needs 0.5, optimal scale: 1.00x)
[SILENT_LOG] [TemplateMatcher] battle_2star.png -> max conf: 0.174 (needs 0.5, optimal scale: 1.00x)
[SILENT_LOG] [TemplateMatcher] battle_0star.png -> max conf: 0.074 (needs 0.5, optimal scale: 1.00x)
[SILENT_LOG] [TemplateMatcher] battle_0star.png -> max conf: 0.074 (needs 0.5, optimal scale: 1.00x)
[ACTION] AI决定: 选卡 3 -> 放入网格(6,0) -> 朝向 0
         坐标映射: 拖拽从(565,650)至(800,190) -> 方向滑动至(800,40)
[SILENT_LOG] [TemplateMatcher] battle_3star.png -> max conf: 0.250 (needs 0.5, optimal scale: 1.00x)
[SILENT_LOG] [TemplateMatcher] battle_2star.png -> max conf: 0.165 (needs 0.5, optimal scale: 1.00x)
[SILENT_LOG] [TemplateMatcher] battle_0star.png -> max conf: 0.217 (needs 0.5, optimal scale: 1.00x)
[ACTION] ✅ CV校验通过！网格(6,0)具有高亮绿色(像素:476)，准许拖拽。
[SILENT_LOG] [TemplateMatcher] battle_0star.png -> max conf: 0.217 (needs 0.5, optimal scale: 1.00x)
[SILENT_LOG] [TemplateMatcher] battle_3star.png -> max conf: 0.223 (needs 0.5, optimal scale: 1.00x)
[SILENT_LOG] [TemplateMatcher] battle_2star.png -> max conf: 0.015 (needs 0.5, optimal scale: 1.00x)
[SILENT_LOG] [TemplateMatcher] battle_0star.png -> max conf: 0.197 (needs 0.5, optimal scale: 1.00x)
[SILENT_LOG] [TemplateMatcher] battle_0star.png -> max conf: 0.197 (needs 0.5, optimal scale: 1.00x)
[REWARD] 动作已执行，开始 3 次心跳检测 (间隔 0.2s)...
[SILENT_LOG] [TemplateMatcher] battle_3star.png -> max conf: 0.223 (needs 0.5, optimal scale: 1.00x)
[SILENT_LOG] [TemplateMatcher] battle_2star.png -> max conf: 0.012 (needs 0.5, optimal scale: 1.00x)
[SILENT_LOG] [TemplateMatcher] battle_0star.png -> max conf: 0.198 (needs 0.5, optimal scale: 1.00x)
[SILENT_LOG] [TemplateMatcher] battle_0star.png -> max conf: 0.198 (needs 0.5, optimal scale: 1.00x)
[REWARD] ✅ 第 1 次检测命中目标干员血条！
[REWARD] 执行前血条数: 3 -> 最终确认血条数: 5
[REWARD] 🎯 完美落子！部署点靠近敌人 (距离: 220.3)，奖励 +2.0
[REWARD] 🛡️ 背对敌人！(角度: 352.4°)，严厉惩罚 -1.0
[SILENT_LOG] [TemplateMatcher] battle_3star.png -> max conf: 0.155 (needs 0.5, optimal scale: 1.00x)
[SILENT_LOG] [TemplateMatcher] battle_2star.png -> max conf: 0.176 (needs 0.5, optimal scale: 1.00x)
[SILENT_LOG] [TemplateMatcher] battle_0star.png -> max conf: 0.068 (needs 0.5, optimal scale: 1.00x)
[SILENT_LOG] [TemplateMatcher] battle_0star.png -> max conf: 0.068 (needs 0.5, optimal scale: 1.00x)
[TemplateMatcher] pause_gear.png -> max conf: 0.908 (needs 0.5, optimal scale: 0.80x)

[STEP 37] 开始执行动作...
[ACTION] AI决定: 💤 挂机 (Skip / Wait for Cost) - 屏幕中上部防误触点击
[SILENT_LOG] [TemplateMatcher] battle_3star.png -> max conf: 0.154 (needs 0.5, optimal scale: 1.00x)
[SILENT_LOG] [TemplateMatcher] battle_2star.png -> max conf: 0.175 (needs 0.5, optimal scale: 1.00x)
[SILENT_LOG] [TemplateMatcher] battle_0star.png -> max conf: 0.072 (needs 0.5, optimal scale: 1.00x)
[SILENT_LOG] [TemplateMatcher] battle_0star.png -> max conf: 0.072 (needs 0.5, optimal scale: 1.00x)
[SILENT_LOG] [TemplateMatcher] battle_3star.png -> max conf: 0.148 (needs 0.5, optimal scale: 1.00x)
[SILENT_LOG] [TemplateMatcher] battle_2star.png -> max conf: 0.209 (needs 0.5, optimal scale: 1.00x)
[SILENT_LOG] [TemplateMatcher] battle_0star.png -> max conf: 0.047 (needs 0.5, optimal scale: 1.00x)
[SILENT_LOG] [TemplateMatcher] battle_0star.png -> max conf: 0.047 (needs 0.5, optimal scale: 1.00x)
[SILENT_LOG] [TemplateMatcher] battle_3star.png -> max conf: 0.156 (needs 0.5, optimal scale: 1.00x)
[SILENT_LOG] [TemplateMatcher] battle_2star.png -> max conf: 0.172 (needs 0.5, optimal scale: 1.00x)
[SILENT_LOG] [TemplateMatcher] battle_0star.png -> max conf: 0.071 (needs 0.5, optimal scale: 1.00x)
[SILENT_LOG] [TemplateMatcher] battle_0star.png -> max conf: 0.071 (needs 0.5, optimal scale: 1.00x)
[SILENT_LOG] [TemplateMatcher] battle_3star.png -> max conf: 0.165 (needs 0.5, optimal scale: 1.00x)
[SILENT_LOG] [TemplateMatcher] battle_2star.png -> max conf: 0.170 (needs 0.5, optimal scale: 1.00x)
[SILENT_LOG] [TemplateMatcher] battle_0star.png -> max conf: 0.086 (needs 0.5, optimal scale: 1.00x)
[SILENT_LOG] [TemplateMatcher] battle_0star.png -> max conf: 0.086 (needs 0.5, optimal scale: 1.00x)
[REWARD] 执行前血条数: 5 -> 最终确认血条数: 0
[REWARD] 💤 AI 主动挂机等费用，只扣除微小时间惩罚 -0.01
[SILENT_LOG] [TemplateMatcher] battle_3star.png -> max conf: 0.157 (needs 0.5, optimal scale: 1.00x)
[SILENT_LOG] [TemplateMatcher] battle_2star.png -> max conf: 0.167 (needs 0.5, optimal scale: 1.00x)
[SILENT_LOG] [TemplateMatcher] battle_0star.png -> max conf: 0.079 (needs 0.5, optimal scale: 1.00x)
[SILENT_LOG] [TemplateMatcher] battle_0star.png -> max conf: 0.079 (needs 0.5, optimal scale: 1.00x)
[TemplateMatcher] pause_gear.png -> max conf: 0.908 (needs 0.5, optimal scale: 0.80x)

[STEP 38] 开始执行动作...
[SILENT_LOG] [TemplateMatcher] battle_3star.png -> max conf: 0.156 (needs 0.5, optimal scale: 1.00x)
[SILENT_LOG] [TemplateMatcher] battle_2star.png -> max conf: 0.172 (needs 0.5, optimal scale: 1.00x)
[SILENT_LOG] [TemplateMatcher] battle_0star.png -> max conf: 0.075 (needs 0.5, optimal scale: 1.00x)
[SILENT_LOG] [TemplateMatcher] battle_0star.png -> max conf: 0.075 (needs 0.5, optimal scale: 1.00x)
[ACTION] AI决定: 选卡 7 -> 放入网格(3,3) -> 朝向 2
         坐标映射: 拖拽从(925,650)至(500,430) -> 方向滑动至(350,430)
[ACTION] ⛔ Fast-Fail! 目标网格(3,3)非绿色高亮(绿像素:0)。取消拖拽。
[SILENT_LOG] [TemplateMatcher] battle_3star.png -> max conf: 0.204 (needs 0.5, optimal scale: 1.00x)
[SILENT_LOG] [TemplateMatcher] battle_2star.png -> max conf: -0.092 (needs 0.5, optimal scale: 1.00x)
[SILENT_LOG] [TemplateMatcher] battle_0star.png -> max conf: 0.203 (needs 0.5, optimal scale: 1.00x)
[SILENT_LOG] [TemplateMatcher] battle_0star.png -> max conf: 0.203 (needs 0.5, optimal scale: 1.00x)
[REWARD] 执行前血条数: 5 -> 最终确认血条数: 0
[REWARD] ⛔ 非法区域/无费用，已被 CV 阻断。奖励 -0.5 (连续无作为: 1次)
[TemplateMatcher] pause_gear.png -> max conf: 0.910 (needs 0.5, optimal scale: 0.80x)

[STEP 39] 开始执行动作...
[SILENT_LOG] [TemplateMatcher] battle_3star.png -> max conf: 0.151 (needs 0.5, optimal scale: 1.00x)
[SILENT_LOG] [TemplateMatcher] battle_2star.png -> max conf: 0.193 (needs 0.5, optimal scale: 1.00x)
[SILENT_LOG] [TemplateMatcher] battle_0star.png -> max conf: 0.050 (needs 0.5, optimal scale: 1.00x)
[SILENT_LOG] [TemplateMatcher] battle_0star.png -> max conf: 0.050 (needs 0.5, optimal scale: 1.00x)
[ACTION] AI决定: 选卡 9 -> 放入网格(1,4) -> 朝向 2
         坐标映射: 拖拽从(1105,650)至(300,510) -> 方向滑动至(150,510)
[SILENT_LOG] [TemplateMatcher] battle_3star.png -> max conf: 0.219 (needs 0.5, optimal scale: 1.00x)
[SILENT_LOG] [TemplateMatcher] battle_2star.png -> max conf: 0.024 (needs 0.5, optimal scale: 1.00x)
[SILENT_LOG] [TemplateMatcher] battle_0star.png -> max conf: 0.172 (needs 0.5, optimal scale: 1.00x)
[SILENT_LOG] [TemplateMatcher] battle_0star.png -> max conf: 0.172 (needs 0.5, optimal scale: 1.00x)
[ACTION] ⛔ Fast-Fail! 目标网格(1,4)非绿色高亮(绿像素:0)。取消拖拽。
[REWARD] 执行前血条数: 5 -> 最终确认血条数: 0
[REWARD] ⛔ 非法区域/无费用，已被 CV 阻断。奖励 -0.5 (连续无作为: 2次)
[SILENT_LOG] [TemplateMatcher] battle_3star.png -> max conf: 0.155 (needs 0.5, optimal scale: 1.00x)
[SILENT_LOG] [TemplateMatcher] battle_2star.png -> max conf: 0.177 (needs 0.5, optimal scale: 1.00x)
[SILENT_LOG] [TemplateMatcher] battle_0star.png -> max conf: 0.070 (needs 0.5, optimal scale: 1.00x)
[SILENT_LOG] [TemplateMatcher] battle_0star.png -> max conf: 0.070 (needs 0.5, optimal scale: 1.00x)
[TemplateMatcher] pause_gear.png -> max conf: 0.909 (needs 0.5, optimal scale: 0.80x)

[STEP 40] 开始执行动作...
[ACTION] AI决定: 选卡 9 -> 放入网格(9,0) -> 朝向 1
         坐标映射: 拖拽从(1105,650)至(1100,190) -> 方向滑动至(1100,340)
[SILENT_LOG] [TemplateMatcher] battle_3star.png -> max conf: 0.164 (needs 0.5, optimal scale: 1.00x)
[SILENT_LOG] [TemplateMatcher] battle_2star.png -> max conf: 0.127 (needs 0.5, optimal scale: 1.00x)
[SILENT_LOG] [TemplateMatcher] battle_0star.png -> max conf: 0.094 (needs 0.5, optimal scale: 1.00x)
[SILENT_LOG] [TemplateMatcher] battle_0star.png -> max conf: 0.094 (needs 0.5, optimal scale: 1.00x)
[ACTION] ⛔ Fast-Fail! 目标网格(9,0)非绿色高亮(绿像素:0)。取消拖拽。
[SILENT_LOG] [TemplateMatcher] battle_3star.png -> max conf: 0.172 (needs 0.5, optimal scale: 1.00x)
[SILENT_LOG] [TemplateMatcher] battle_2star.png -> max conf: 0.070 (needs 0.5, optimal scale: 1.00x)
[SILENT_LOG] [TemplateMatcher] battle_0star.png -> max conf: 0.126 (needs 0.5, optimal scale: 1.00x)
[SILENT_LOG] [TemplateMatcher] battle_0star.png -> max conf: 0.126 (needs 0.5, optimal scale: 1.00x)
[REWARD] 执行前血条数: 4 -> 最终确认血条数: 0
[REWARD] ⛔ 非法区域/无费用，已被 CV 阻断。奖励 -0.5 (连续无作为: 3次)
[TemplateMatcher] pause_gear.png -> max conf: 0.908 (needs 0.5, optimal scale: 0.80x)

[STEP 41] 开始执行动作...
[SILENT_LOG] [TemplateMatcher] battle_3star.png -> max conf: 0.154 (needs 0.5, optimal scale: 1.00x)
[SILENT_LOG] [TemplateMatcher] battle_2star.png -> max conf: 0.147 (needs 0.5, optimal scale: 1.00x)
[SILENT_LOG] [TemplateMatcher] battle_0star.png -> max conf: 0.084 (needs 0.5, optimal scale: 1.00x)
[SILENT_LOG] [TemplateMatcher] battle_0star.png -> max conf: 0.084 (needs 0.5, optimal scale: 1.00x)
[SILENT_LOG] [TemplateMatcher] battle_3star.png -> max conf: 0.161 (needs 0.5, optimal scale: 1.00x)
[SILENT_LOG] [TemplateMatcher] battle_2star.png -> max conf: 0.177 (needs 0.5, optimal scale: 1.00x)
[SILENT_LOG] [TemplateMatcher] battle_0star.png -> max conf: 0.077 (needs 0.5, optimal scale: 1.00x)
[SILENT_LOG] [TemplateMatcher] battle_0star.png -> max conf: 0.077 (needs 0.5, optimal scale: 1.00x)
[ACTION] AI决定: 选卡 9 -> 放入网格(9,1) -> 朝向 2
         坐标映射: 拖拽从(1105,650)至(1100,270) -> 方向滑动至(950,270)
[SILENT_LOG] [TemplateMatcher] battle_3star.png -> max conf: 0.221 (needs 0.5, optimal scale: 1.00x)
[SILENT_LOG] [TemplateMatcher] battle_2star.png -> max conf: 0.022 (needs 0.5, optimal scale: 1.00x)
[SILENT_LOG] [TemplateMatcher] battle_0star.png -> max conf: 0.174 (needs 0.5, optimal scale: 1.00x)
[SILENT_LOG] [TemplateMatcher] battle_0star.png -> max conf: 0.174 (needs 0.5, optimal scale: 1.00x)
[ACTION] ⛔ Fast-Fail! 目标网格(9,1)非绿色高亮(绿像素:0)。取消拖拽。
[REWARD] 执行前血条数: 5 -> 最终确认血条数: 0
[REWARD] ⛔ 非法区域/无费用，已被 CV 阻断。奖励 -0.5 (连续无作为: 4次)
[SILENT_LOG] [TemplateMatcher] battle_3star.png -> max conf: 0.155 (needs 0.5, optimal scale: 1.00x)
[SILENT_LOG] [TemplateMatcher] battle_2star.png -> max conf: 0.182 (needs 0.5, optimal scale: 1.00x)
[SILENT_LOG] [TemplateMatcher] battle_0star.png -> max conf: 0.069 (needs 0.5, optimal scale: 1.00x)
[SILENT_LOG] [TemplateMatcher] battle_0star.png -> max conf: 0.069 (needs 0.5, optimal scale: 1.00x)
[TemplateMatcher] pause_gear.png -> max conf: 0.908 (needs 0.5, optimal scale: 0.80x)

[STEP 42] 开始执行动作...
[ACTION] AI决定: 选卡 8 -> 放入网格(3,1) -> 朝向 0
         坐标映射: 拖拽从(1015,650)至(500,270) -> 方向滑动至(500,120)
[SILENT_LOG] [TemplateMatcher] battle_3star.png -> max conf: 0.128 (needs 0.5, optimal scale: 1.00x)
[SILENT_LOG] [TemplateMatcher] battle_2star.png -> max conf: -0.037 (needs 0.5, optimal scale: 1.00x)
[SILENT_LOG] [TemplateMatcher] battle_0star.png -> max conf: 0.170 (needs 0.5, optimal scale: 1.00x)
[SILENT_LOG] [TemplateMatcher] battle_0star.png -> max conf: 0.170 (needs 0.5, optimal scale: 1.00x)
[ACTION] ⛔ Fast-Fail! 目标网格(3,1)非绿色高亮(绿像素:0)。取消拖拽。
[REWARD] 执行前血条数: 5 -> 最终确认血条数: 0
[REWARD] ⛔ 非法区域/无费用，已被 CV 阻断。奖励 -0.5 (连续无作为: 5次)
[SILENT_LOG] [TemplateMatcher] battle_3star.png -> max conf: 0.158 (needs 0.5, optimal scale: 1.00x)
[SILENT_LOG] [TemplateMatcher] battle_2star.png -> max conf: 0.161 (needs 0.5, optimal scale: 1.00x)
[SILENT_LOG] [TemplateMatcher] battle_0star.png -> max conf: 0.076 (needs 0.5, optimal scale: 1.00x)
[SILENT_LOG] [TemplateMatcher] battle_0star.png -> max conf: 0.076 (needs 0.5, optimal scale: 1.00x)
[TemplateMatcher] pause_gear.png -> max conf: 0.907 (needs 0.5, optimal scale: 0.80x)

[STEP 43] 开始执行动作...
[SILENT_LOG] [TemplateMatcher] battle_3star.png -> max conf: 0.155 (needs 0.5, optimal scale: 1.00x)
[SILENT_LOG] [TemplateMatcher] battle_2star.png -> max conf: 0.160 (needs 0.5, optimal scale: 1.00x)
[SILENT_LOG] [TemplateMatcher] battle_0star.png -> max conf: 0.079 (needs 0.5, optimal scale: 1.00x)
[SILENT_LOG] [TemplateMatcher] battle_0star.png -> max conf: 0.079 (needs 0.5, optimal scale: 1.00x)
[ACTION] AI决定: 选卡 3 -> 放入网格(7,2) -> 朝向 1
         坐标映射: 拖拽从(565,650)至(900,350) -> 方向滑动至(900,500)
[ACTION] ✅ CV校验通过！网格(7,2)具有高亮绿色(像素:21)，准许拖拽。
[SILENT_LOG] [TemplateMatcher] battle_3star.png -> max conf: 0.182 (needs 0.5, optimal scale: 1.00x)
[SILENT_LOG] [TemplateMatcher] battle_2star.png -> max conf: -0.018 (needs 0.5, optimal scale: 1.00x)
[SILENT_LOG] [TemplateMatcher] battle_0star.png -> max conf: 0.186 (needs 0.5, optimal scale: 1.00x)
[SILENT_LOG] [TemplateMatcher] battle_0star.png -> max conf: 0.186 (needs 0.5, optimal scale: 1.00x)
[REWARD] 动作已执行，开始 3 次心跳检测 (间隔 0.2s)...
[SILENT_LOG] [TemplateMatcher] battle_3star.png -> max conf: 0.156 (needs 0.5, optimal scale: 1.00x)
[SILENT_LOG] [TemplateMatcher] battle_2star.png -> max conf: 0.172 (needs 0.5, optimal scale: 1.00x)
[SILENT_LOG] [TemplateMatcher] battle_0star.png -> max conf: 0.072 (needs 0.5, optimal scale: 1.00x)
[SILENT_LOG] [TemplateMatcher] battle_0star.png -> max conf: 0.072 (needs 0.5, optimal scale: 1.00x)
[REWARD] ❌ 第 1 次未检测到目标血条...
[SILENT_LOG] [TemplateMatcher] battle_3star.png -> max conf: 0.157 (needs 0.5, optimal scale: 1.00x)
[SILENT_LOG] [TemplateMatcher] battle_2star.png -> max conf: 0.173 (needs 0.5, optimal scale: 1.00x)
[SILENT_LOG] [TemplateMatcher] battle_0star.png -> max conf: 0.074 (needs 0.5, optimal scale: 1.00x)
[SILENT_LOG] [TemplateMatcher] battle_0star.png -> max conf: 0.074 (needs 0.5, optimal scale: 1.00x)
[REWARD] ❌ 第 2 次未检测到目标血条...
[SILENT_LOG] [TemplateMatcher] battle_3star.png -> max conf: 0.159 (needs 0.5, optimal scale: 1.00x)
[SILENT_LOG] [TemplateMatcher] battle_2star.png -> max conf: 0.196 (needs 0.5, optimal scale: 1.00x)
[SILENT_LOG] [TemplateMatcher] battle_0star.png -> max conf: 0.073 (needs 0.5, optimal scale: 1.00x)
[SILENT_LOG] [TemplateMatcher] battle_0star.png -> max conf: 0.073 (needs 0.5, optimal scale: 1.00x)
[REWARD] ❌ 第 3 次未检测到目标血条...
[REWARD] 执行前血条数: 5 -> 最终确认血条数: 5
[REWARD] 部署失败，计算前后帧 MSE (均方误差) = 307.58
[REWARD] 动作无效，但游戏仍在进行(画面有变化)。奖励 -0.2 (已清空无作为计数器)
[SILENT_LOG] [TemplateMatcher] battle_3star.png -> max conf: 0.160 (needs 0.5, optimal scale: 1.00x)
[TemplateMatcher] pause_gear.png -> max conf: 0.909 (needs 0.5, optimal scale: 0.80x)
[SILENT_LOG] [TemplateMatcher] battle_2star.png -> max conf: 0.159 (needs 0.5, optimal scale: 1.00x)

[STEP 44] 开始执行动作...
[SILENT_LOG] [TemplateMatcher] battle_0star.png -> max conf: 0.082 (needs 0.5, optimal scale: 1.00x)
[SILENT_LOG] [TemplateMatcher] battle_0star.png -> max conf: 0.082 (needs 0.5, optimal scale: 1.00x)
[ACTION] AI决定: 选卡 7 -> 放入网格(7,3) -> 朝向 3
         坐标映射: 拖拽从(925,650)至(900,430) -> 方向滑动至(1050,430)
[SILENT_LOG] [TemplateMatcher] battle_3star.png -> max conf: 0.204 (needs 0.5, optimal scale: 1.00x)
[SILENT_LOG] [TemplateMatcher] battle_2star.png -> max conf: -0.092 (needs 0.5, optimal scale: 1.00x)
[SILENT_LOG] [TemplateMatcher] battle_0star.png -> max conf: 0.203 (needs 0.5, optimal scale: 1.00x)
[SILENT_LOG] [TemplateMatcher] battle_0star.png -> max conf: 0.203 (needs 0.5, optimal scale: 1.00x)
[ACTION] ✅ CV校验通过！网格(7,3)具有高亮绿色(像素:900)，准许拖拽。
[SILENT_LOG] [TemplateMatcher] battle_3star.png -> max conf: 0.192 (needs 0.5, optimal scale: 1.00x)
[SILENT_LOG] [TemplateMatcher] battle_2star.png -> max conf: -0.035 (needs 0.5, optimal scale: 1.00x)
[SILENT_LOG] [TemplateMatcher] battle_0star.png -> max conf: 0.185 (needs 0.5, optimal scale: 1.00x)
[SILENT_LOG] [TemplateMatcher] battle_0star.png -> max conf: 0.185 (needs 0.5, optimal scale: 1.00x)
[REWARD] 动作已执行，开始 3 次心跳检测 (间隔 0.2s)...
[SILENT_LOG] [TemplateMatcher] battle_3star.png -> max conf: 0.161 (needs 0.5, optimal scale: 1.00x)
[SILENT_LOG] [TemplateMatcher] battle_2star.png -> max conf: 0.156 (needs 0.5, optimal scale: 1.00x)
[SILENT_LOG] [TemplateMatcher] battle_0star.png -> max conf: 0.079 (needs 0.5, optimal scale: 1.00x)
[SILENT_LOG] [TemplateMatcher] battle_0star.png -> max conf: 0.079 (needs 0.5, optimal scale: 1.00x)
[REWARD] ❌ 第 1 次未检测到目标血条...
[SILENT_LOG] [TemplateMatcher] battle_3star.png -> max conf: 0.157 (needs 0.5, optimal scale: 1.00x)
[SILENT_LOG] [TemplateMatcher] battle_2star.png -> max conf: 0.151 (needs 0.5, optimal scale: 1.00x)
[SILENT_LOG] [TemplateMatcher] battle_0star.png -> max conf: 0.082 (needs 0.5, optimal scale: 1.00x)
[SILENT_LOG] [TemplateMatcher] battle_0star.png -> max conf: 0.082 (needs 0.5, optimal scale: 1.00x)
[REWARD] ❌ 第 2 次未检测到目标血条...
[SILENT_LOG] [TemplateMatcher] battle_3star.png -> max conf: 0.154 (needs 0.5, optimal scale: 1.00x)
[SILENT_LOG] [TemplateMatcher] battle_2star.png -> max conf: 0.172 (needs 0.5, optimal scale: 1.00x)
[SILENT_LOG] [TemplateMatcher] battle_0star.png -> max conf: 0.072 (needs 0.5, optimal scale: 1.00x)
[SILENT_LOG] [TemplateMatcher] battle_0star.png -> max conf: 0.072 (needs 0.5, optimal scale: 1.00x)
[REWARD] ❌ 第 3 次未检测到目标血条...
[REWARD] 执行前血条数: 5 -> 最终确认血条数: 5
[REWARD] 部署失败，计算前后帧 MSE (均方误差) = 231.00
[REWARD] 画面未发生明显变化(非法部署)。奖励 -0.5 (连续无作为: 1次)
[SILENT_LOG] [TemplateMatcher] battle_3star.png -> max conf: 0.156 (needs 0.5, optimal scale: 1.00x)
[SILENT_LOG] [TemplateMatcher] battle_2star.png -> max conf: 0.172 (needs 0.5, optimal scale: 1.00x)
[SILENT_LOG] [TemplateMatcher] battle_0star.png -> max conf: 0.075 (needs 0.5, optimal scale: 1.00x)
[SILENT_LOG] [TemplateMatcher] battle_0star.png -> max conf: 0.075 (needs 0.5, optimal scale: 1.00x)
[TemplateMatcher] pause_gear.png -> max conf: 0.908 (needs 0.5, optimal scale: 0.80x)

[STEP 45] 开始执行动作...
[SILENT_LOG] [TemplateMatcher] battle_3star.png -> max conf: 0.146 (needs 0.5, optimal scale: 1.00x)
[SILENT_LOG] [TemplateMatcher] battle_2star.png -> max conf: 0.158 (needs 0.5, optimal scale: 1.00x)
[SILENT_LOG] [TemplateMatcher] battle_0star.png -> max conf: 0.074 (needs 0.5, optimal scale: 1.00x)
[SILENT_LOG] [TemplateMatcher] battle_0star.png -> max conf: 0.074 (needs 0.5, optimal scale: 1.00x)
[ACTION] AI决定: 选卡 6 -> 放入网格(6,0) -> 朝向 2
         坐标映射: 拖拽从(835,650)至(800,190) -> 方向滑动至(650,190)
[ACTION] ⛔ Fast-Fail! 目标网格(6,0)非绿色高亮(绿像素:0)。取消拖拽。
[SILENT_LOG] [TemplateMatcher] battle_3star.png -> max conf: 0.182 (needs 0.5, optimal scale: 1.00x)
[SILENT_LOG] [TemplateMatcher] battle_2star.png -> max conf: 0.112 (needs 0.5, optimal scale: 1.00x)
[SILENT_LOG] [TemplateMatcher] battle_0star.png -> max conf: 0.198 (needs 0.5, optimal scale: 1.00x)
[SILENT_LOG] [TemplateMatcher] battle_0star.png -> max conf: 0.198 (needs 0.5, optimal scale: 1.00x)
[REWARD] 执行前血条数: 5 -> 最终确认血条数: 0
[REWARD] ⛔ 非法区域/无费用，已被 CV 阻断。奖励 -0.5 (连续无作为: 2次)
[SILENT_LOG] [TemplateMatcher] battle_3star.png -> max conf: 0.142 (needs 0.5, optimal scale: 1.00x)
[SILENT_LOG] [TemplateMatcher] battle_2star.png -> max conf: 0.228 (needs 0.5, optimal scale: 1.00x)
[TemplateMatcher] pause_gear.png -> max conf: 0.908 (needs 0.5, optimal scale: 0.80x)

[STEP 46] 开始执行动作...
[SILENT_LOG] [TemplateMatcher] battle_0star.png -> max conf: 0.033 (needs 0.5, optimal scale: 1.00x)
[SILENT_LOG] [TemplateMatcher] battle_0star.png -> max conf: 0.033 (needs 0.5, optimal scale: 1.00x)
[ACTION] AI决定: 选卡 6 -> 放入网格(2,0) -> 朝向 1
         坐标映射: 拖拽从(835,650)至(400,190) -> 方向滑动至(400,340)
[SILENT_LOG] [TemplateMatcher] battle_3star.png -> max conf: 0.183 (needs 0.5, optimal scale: 1.00x)
[SILENT_LOG] [TemplateMatcher] battle_2star.png -> max conf: 0.112 (needs 0.5, optimal scale: 1.00x)
[SILENT_LOG] [TemplateMatcher] battle_0star.png -> max conf: 0.197 (needs 0.5, optimal scale: 1.00x)
[SILENT_LOG] [TemplateMatcher] battle_0star.png -> max conf: 0.197 (needs 0.5, optimal scale: 1.00x)
[ACTION] ⛔ Fast-Fail! 目标网格(2,0)非绿色高亮(绿像素:0)。取消拖拽。
[REWARD] 执行前血条数: 5 -> 最终确认血条数: 0
[REWARD] ⛔ 非法区域/无费用，已被 CV 阻断。奖励 -0.5 (连续无作为: 3次)
[SILENT_LOG] [TemplateMatcher] battle_3star.png -> max conf: 0.155 (needs 0.5, optimal scale: 1.00x)
[SILENT_LOG] [TemplateMatcher] battle_2star.png -> max conf: 0.177 (needs 0.5, optimal scale: 1.00x)
[SILENT_LOG] [TemplateMatcher] battle_0star.png -> max conf: 0.072 (needs 0.5, optimal scale: 1.00x)
[SILENT_LOG] [TemplateMatcher] battle_0star.png -> max conf: 0.072 (needs 0.5, optimal scale: 1.00x)
[TemplateMatcher] pause_gear.png -> max conf: 0.908 (needs 0.5, optimal scale: 0.80x)

[STEP 47] 开始执行动作...
[ACTION] AI决定: 选卡 6 -> 放入网格(7,1) -> 朝向 2
         坐标映射: 拖拽从(835,650)至(900,270) -> 方向滑动至(750,270)
[SILENT_LOG] [TemplateMatcher] battle_3star.png -> max conf: 0.157 (needs 0.5, optimal scale: 1.00x)
[SILENT_LOG] [TemplateMatcher] battle_2star.png -> max conf: 0.173 (needs 0.5, optimal scale: 1.00x)
[SILENT_LOG] [TemplateMatcher] battle_0star.png -> max conf: 0.074 (needs 0.5, optimal scale: 1.00x)
[SILENT_LOG] [TemplateMatcher] battle_0star.png -> max conf: 0.074 (needs 0.5, optimal scale: 1.00x)
[ACTION] ✅ CV校验通过！网格(7,1)具有高亮绿色(像素:175)，准许拖拽。
[SILENT_LOG] [TemplateMatcher] battle_3star.png -> max conf: 0.195 (needs 0.5, optimal scale: 1.00x)
[SILENT_LOG] [TemplateMatcher] battle_2star.png -> max conf: 0.089 (needs 0.5, optimal scale: 1.00x)
[SILENT_LOG] [TemplateMatcher] battle_0star.png -> max conf: 0.184 (needs 0.5, optimal scale: 1.00x)
[SILENT_LOG] [TemplateMatcher] battle_0star.png -> max conf: 0.184 (needs 0.5, optimal scale: 1.00x)
[REWARD] 动作已执行，开始 3 次心跳检测 (间隔 0.2s)...
[SILENT_LOG] [TemplateMatcher] battle_3star.png -> max conf: 0.157 (needs 0.5, optimal scale: 1.00x)
[SILENT_LOG] [TemplateMatcher] battle_2star.png -> max conf: 0.174 (needs 0.5, optimal scale: 1.00x)
[SILENT_LOG] [TemplateMatcher] battle_0star.png -> max conf: 0.075 (needs 0.5, optimal scale: 1.00x)
[SILENT_LOG] [TemplateMatcher] battle_0star.png -> max conf: 0.075 (needs 0.5, optimal scale: 1.00x)
[REWARD] ❌ 第 1 次未检测到目标血条...
[SILENT_LOG] [TemplateMatcher] battle_3star.png -> max conf: 0.158 (needs 0.5, optimal scale: 1.00x)
[SILENT_LOG] [TemplateMatcher] battle_2star.png -> max conf: 0.161 (needs 0.5, optimal scale: 1.00x)
[SILENT_LOG] [TemplateMatcher] battle_0star.png -> max conf: 0.082 (needs 0.5, optimal scale: 1.00x)
[SILENT_LOG] [TemplateMatcher] battle_0star.png -> max conf: 0.082 (needs 0.5, optimal scale: 1.00x)
[REWARD] ❌ 第 2 次未检测到目标血条...
[SILENT_LOG] [TemplateMatcher] battle_3star.png -> max conf: 0.154 (needs 0.5, optimal scale: 1.00x)
[SILENT_LOG] [TemplateMatcher] battle_2star.png -> max conf: 0.170 (needs 0.5, optimal scale: 1.00x)
[SILENT_LOG] [TemplateMatcher] battle_0star.png -> max conf: 0.068 (needs 0.5, optimal scale: 1.00x)
[SILENT_LOG] [TemplateMatcher] battle_0star.png -> max conf: 0.068 (needs 0.5, optimal scale: 1.00x)
[REWARD] ❌ 第 3 次未检测到目标血条...
[REWARD] 执行前血条数: 5 -> 最终确认血条数: 5
[REWARD] 部署失败，计算前后帧 MSE (均方误差) = 293.50
[REWARD] 画面未发生明显变化(非法部署)。奖励 -0.5 (连续无作为: 4次)
[TemplateMatcher] pause_gear.png -> max conf: 0.908 (needs 0.5, optimal scale: 0.80x)
[SILENT_LOG] [TemplateMatcher] battle_3star.png -> max conf: 0.155 (needs 0.5, optimal scale: 1.00x)

[STEP 48] 开始执行动作...[SILENT_LOG] [TemplateMatcher] battle_2star.png -> max conf: 0.185 (needs 0.5, optimal scale: 1.00x)

[SILENT_LOG] [TemplateMatcher] battle_0star.png -> max conf: 0.065 (needs 0.5, optimal scale: 1.00x)
[SILENT_LOG] [TemplateMatcher] battle_0star.png -> max conf: 0.065 (needs 0.5, optimal scale: 1.00x)
[ACTION] AI决定: 选卡 8 -> 放入网格(6,1) -> 朝向 1
         坐标映射: 拖拽从(1015,650)至(800,270) -> 方向滑动至(800,420)
[SILENT_LOG] [TemplateMatcher] battle_3star.png -> max conf: 0.204 (needs 0.5, optimal scale: 1.00x)
[SILENT_LOG] [TemplateMatcher] battle_2star.png -> max conf: -0.092 (needs 0.5, optimal scale: 1.00x)
[SILENT_LOG] [TemplateMatcher] battle_0star.png -> max conf: 0.203 (needs 0.5, optimal scale: 1.00x)
[SILENT_LOG] [TemplateMatcher] battle_0star.png -> max conf: 0.203 (needs 0.5, optimal scale: 1.00x)
[ACTION] ✅ CV校验通过！网格(6,1)具有高亮绿色(像素:433)，准许拖拽。
[SILENT_LOG] [TemplateMatcher] battle_3star.png -> max conf: 0.191 (needs 0.5, optimal scale: 1.00x)
[SILENT_LOG] [TemplateMatcher] battle_2star.png -> max conf: -0.034 (needs 0.5, optimal scale: 1.00x)
[SILENT_LOG] [TemplateMatcher] battle_0star.png -> max conf: 0.186 (needs 0.5, optimal scale: 1.00x)
[SILENT_LOG] [TemplateMatcher] battle_0star.png -> max conf: 0.186 (needs 0.5, optimal scale: 1.00x)
[REWARD] 动作已执行，开始 3 次心跳检测 (间隔 0.2s)...
[SILENT_LOG] [TemplateMatcher] battle_3star.png -> max conf: 0.191 (needs 0.5, optimal scale: 1.00x)
[SILENT_LOG] [TemplateMatcher] battle_2star.png -> max conf: -0.056 (needs 0.5, optimal scale: 1.00x)
[SILENT_LOG] [TemplateMatcher] battle_0star.png -> max conf: 0.198 (needs 0.5, optimal scale: 1.00x)
[SILENT_LOG] [TemplateMatcher] battle_0star.png -> max conf: 0.198 (needs 0.5, optimal scale: 1.00x)
[REWARD] ✅ 第 1 次检测命中目标干员血条！
[SILENT_LOG] [TemplateMatcher] battle_3star.png -> max conf: 0.157 (needs 0.5, optimal scale: 1.00x)
[SILENT_LOG] [TemplateMatcher] battle_2star.png -> max conf: 0.174 (needs 0.5, optimal scale: 1.00x)
[REWARD] 执行前血条数: 5 -> 最终确认血条数: 5
[REWARD] 🎯 完美落子！部署点靠近敌人 (距离: 89.2)，奖励 +2.0
[REWARD] ⚔️ 完美朝向！正对敌人 (角度: 58.3°)，巨额奖励 +8.0
[SILENT_LOG] [TemplateMatcher] battle_0star.png -> max conf: 0.064 (needs 0.5, optimal scale: 1.00x)
[SILENT_LOG] [TemplateMatcher] battle_0star.png -> max conf: 0.064 (needs 0.5, optimal scale: 1.00x)
[TemplateMatcher] pause_gear.png -> max conf: 0.908 (needs 0.5, optimal scale: 0.80x)

[STEP 49] 开始执行动作...
[SILENT_LOG] [TemplateMatcher] battle_3star.png -> max conf: 0.157 (needs 0.5, optimal scale: 1.00x)
[SILENT_LOG] [TemplateMatcher] battle_2star.png -> max conf: 0.173 (needs 0.5, optimal scale: 1.00x)
[SILENT_LOG] [TemplateMatcher] battle_0star.png -> max conf: 0.077 (needs 0.5, optimal scale: 1.00x)
[SILENT_LOG] [TemplateMatcher] battle_0star.png -> max conf: 0.077 (needs 0.5, optimal scale: 1.00x)
[ACTION] AI决定: 选卡 8 -> 放入网格(9,0) -> 朝向 3
         坐标映射: 拖拽从(1015,650)至(1100,190) -> 方向滑动至(1250,190)
[SILENT_LOG] [TemplateMatcher] battle_3star.png -> max conf: 0.182 (needs 0.5, optimal scale: 1.00x)
[SILENT_LOG] [TemplateMatcher] battle_2star.png -> max conf: 0.112 (needs 0.5, optimal scale: 1.00x)
[SILENT_LOG] [TemplateMatcher] battle_0star.png -> max conf: 0.199 (needs 0.5, optimal scale: 1.00x)
[SILENT_LOG] [TemplateMatcher] battle_0star.png -> max conf: 0.199 (needs 0.5, optimal scale: 1.00x)
[ACTION] ⛔ Fast-Fail! 目标网格(9,0)非绿色高亮(绿像素:0)。取消拖拽。
[REWARD] 执行前血条数: 5 -> 最终确认血条数: 0
[REWARD] ⛔ 非法区域/无费用，已被 CV 阻断。奖励 -0.5 (连续无作为: 1次)
[SILENT_LOG] [TemplateMatcher] battle_3star.png -> max conf: 0.157 (needs 0.5, optimal scale: 1.00x)
[SILENT_LOG] [TemplateMatcher] battle_2star.png -> max conf: 0.141 (needs 0.5, optimal scale: 1.00x)
[SILENT_LOG] [TemplateMatcher] battle_0star.png -> max conf: 0.061 (needs 0.5, optimal scale: 1.00x)
[SILENT_LOG] [TemplateMatcher] battle_0star.png -> max conf: 0.061 (needs 0.5, optimal scale: 1.00x)
[TemplateMatcher] pause_gear.png -> max conf: 0.908 (needs 0.5, optimal scale: 0.80x)

[STEP 50] 开始执行动作...
[ACTION] AI决定: 选卡 7 -> 放入网格(6,2) -> 朝向 2
         坐标映射: 拖拽从(925,650)至(800,350) -> 方向滑动至(650,350)
[SILENT_LOG] [TemplateMatcher] battle_3star.png -> max conf: 0.154 (needs 0.5, optimal scale: 1.00x)
[SILENT_LOG] [TemplateMatcher] battle_2star.png -> max conf: 0.077 (needs 0.5, optimal scale: 1.00x)
[SILENT_LOG] [TemplateMatcher] battle_0star.png -> max conf: 0.061 (needs 0.5, optimal scale: 1.00x)
[SILENT_LOG] [TemplateMatcher] battle_0star.png -> max conf: 0.061 (needs 0.5, optimal scale: 1.00x)
[ACTION] ✅ CV校验通过！网格(6,2)具有高亮绿色(像素:147)，准许拖拽。
[SILENT_LOG] [TemplateMatcher] battle_3star.png -> max conf: 0.195 (needs 0.5, optimal scale: 1.00x)
[SILENT_LOG] [TemplateMatcher] battle_2star.png -> max conf: 0.086 (needs 0.5, optimal scale: 1.00x)
[SILENT_LOG] [TemplateMatcher] battle_0star.png -> max conf: 0.185 (needs 0.5, optimal scale: 1.00x)
[SILENT_LOG] [TemplateMatcher] battle_0star.png -> max conf: 0.185 (needs 0.5, optimal scale: 1.00x)
[REWARD] 动作已执行，开始 3 次心跳检测 (间隔 0.2s)...
[SILENT_LOG] [TemplateMatcher] battle_3star.png -> max conf: 0.155 (needs 0.5, optimal scale: 1.00x)
[SILENT_LOG] [TemplateMatcher] battle_2star.png -> max conf: 0.175 (needs 0.5, optimal scale: 1.00x)
[SILENT_LOG] [TemplateMatcher] battle_0star.png -> max conf: 0.072 (needs 0.5, optimal scale: 1.00x)
[SILENT_LOG] [TemplateMatcher] battle_0star.png -> max conf: 0.072 (needs 0.5, optimal scale: 1.00x)
[REWARD] ❌ 第 1 次未检测到目标血条...
[SILENT_LOG] [TemplateMatcher] battle_3star.png -> max conf: 0.147 (needs 0.5, optimal scale: 1.00x)
[SILENT_LOG] [TemplateMatcher] battle_2star.png -> max conf: 0.163 (needs 0.5, optimal scale: 1.00x)
[SILENT_LOG] [TemplateMatcher] battle_0star.png -> max conf: 0.092 (needs 0.5, optimal scale: 1.00x)
[SILENT_LOG] [TemplateMatcher] battle_0star.png -> max conf: 0.092 (needs 0.5, optimal scale: 1.00x)
[REWARD] ❌ 第 2 次未检测到目标血条...
[SILENT_LOG] [TemplateMatcher] battle_3star.png -> max conf: 0.147 (needs 0.5, optimal scale: 1.00x)
[SILENT_LOG] [TemplateMatcher] battle_2star.png -> max conf: 0.181 (needs 0.5, optimal scale: 1.00x)
[SILENT_LOG] [TemplateMatcher] battle_0star.png -> max conf: 0.074 (needs 0.5, optimal scale: 1.00x)
[SILENT_LOG] [TemplateMatcher] battle_0star.png -> max conf: 0.074 (needs 0.5, optimal scale: 1.00x)
[REWARD] ❌ 第 3 次未检测到目标血条...
[REWARD] 执行前血条数: 6 -> 最终确认血条数: 7
[REWARD] 部署失败，计算前后帧 MSE (均方误差) = 971.33
[REWARD] 动作无效，但游戏仍在进行(画面有变化)。奖励 -0.2 (已清空无作为计数器)
[SILENT_LOG] [TemplateMatcher] battle_3star.png -> max conf: 0.162 (needs 0.5, optimal scale: 1.00x)
[SILENT_LOG] [TemplateMatcher] battle_2star.png -> max conf: 0.176 (needs 0.5, optimal scale: 1.00x)
[SILENT_LOG] [TemplateMatcher] battle_0star.png -> max conf: 0.076 (needs 0.5, optimal scale: 1.00x)
[SILENT_LOG] [TemplateMatcher] battle_0star.png -> max conf: 0.076 (needs 0.5, optimal scale: 1.00x)
[TemplateMatcher] pause_gear.png -> max conf: 0.908 (needs 0.5, optimal scale: 0.80x)

[STEP 51] 开始执行动作...
[ACTION] AI决定: 💤 挂机 (Skip / Wait for Cost) - 屏幕中上部防误触点击
[SILENT_LOG] [TemplateMatcher] battle_3star.png -> max conf: 0.156 (needs 0.5, optimal scale: 1.00x)
[SILENT_LOG] [TemplateMatcher] battle_2star.png -> max conf: 0.172 (needs 0.5, optimal scale: 1.00x)
[SILENT_LOG] [TemplateMatcher] battle_0star.png -> max conf: 0.075 (needs 0.5, optimal scale: 1.00x)
[SILENT_LOG] [TemplateMatcher] battle_0star.png -> max conf: 0.075 (needs 0.5, optimal scale: 1.00x)
[SILENT_LOG] [TemplateMatcher] battle_3star.png -> max conf: 0.154 (needs 0.5, optimal scale: 1.00x)
[SILENT_LOG] [TemplateMatcher] battle_2star.png -> max conf: 0.178 (needs 0.5, optimal scale: 1.00x)
[SILENT_LOG] [TemplateMatcher] battle_0star.png -> max conf: 0.070 (needs 0.5, optimal scale: 1.00x)
[SILENT_LOG] [TemplateMatcher] battle_0star.png -> max conf: 0.070 (needs 0.5, optimal scale: 1.00x)
[SILENT_LOG] [TemplateMatcher] battle_3star.png -> max conf: 0.148 (needs 0.5, optimal scale: 1.00x)
[SILENT_LOG] [TemplateMatcher] battle_2star.png -> max conf: 0.225 (needs 0.5, optimal scale: 1.00x)
[SILENT_LOG] [TemplateMatcher] battle_0star.png -> max conf: 0.049 (needs 0.5, optimal scale: 1.00x)
[SILENT_LOG] [TemplateMatcher] battle_0star.png -> max conf: 0.049 (needs 0.5, optimal scale: 1.00x)
[SILENT_LOG] [TemplateMatcher] battle_3star.png -> max conf: 0.154 (needs 0.5, optimal scale: 1.00x)
[SILENT_LOG] [TemplateMatcher] battle_2star.png -> max conf: 0.175 (needs 0.5, optimal scale: 1.00x)
[SILENT_LOG] [TemplateMatcher] battle_0star.png -> max conf: 0.068 (needs 0.5, optimal scale: 1.00x)
[SILENT_LOG] [TemplateMatcher] battle_0star.png -> max conf: 0.068 (needs 0.5, optimal scale: 1.00x)
[REWARD] 执行前血条数: 6 -> 最终确认血条数: 0
[REWARD] 💤 AI 主动挂机等费用，只扣除微小时间惩罚 -0.01
[SILENT_LOG] [TemplateMatcher] battle_3star.png -> max conf: 0.157 (needs 0.5, optimal scale: 1.00x)
[SILENT_LOG] [TemplateMatcher] battle_2star.png -> max conf: 0.152 (needs 0.5, optimal scale: 1.00x)
[SILENT_LOG] [TemplateMatcher] battle_0star.png -> max conf: 0.087 (needs 0.5, optimal scale: 1.00x)
[SILENT_LOG] [TemplateMatcher] battle_0star.png -> max conf: 0.087 (needs 0.5, optimal scale: 1.00x)
[TemplateMatcher] pause_gear.png -> max conf: 0.908 (needs 0.5, optimal scale: 0.80x)

[STEP 52] 开始执行动作...
[ACTION] AI决定: 选卡 5 -> 放入网格(6,2) -> 朝向 0
         坐标映射: 拖拽从(745,650)至(800,350) -> 方向滑动至(800,200)
[SILENT_LOG] [TemplateMatcher] battle_3star.png -> max conf: 0.166 (needs 0.5, optimal scale: 1.00x)
[SILENT_LOG] [TemplateMatcher] battle_2star.png -> max conf: 0.148 (needs 0.5, optimal scale: 1.00x)
[SILENT_LOG] [TemplateMatcher] battle_0star.png -> max conf: 0.086 (needs 0.5, optimal scale: 1.00x)
[SILENT_LOG] [TemplateMatcher] battle_0star.png -> max conf: 0.086 (needs 0.5, optimal scale: 1.00x)
[ACTION] ✅ CV校验通过！网格(6,2)具有高亮绿色(像素:232)，准许拖拽。
[SILENT_LOG] [TemplateMatcher] battle_3star.png -> max conf: 0.180 (needs 0.5, optimal scale: 1.00x)
[SILENT_LOG] [TemplateMatcher] battle_2star.png -> max conf: 0.063 (needs 0.5, optimal scale: 1.00x)
[SILENT_LOG] [TemplateMatcher] battle_0star.png -> max conf: 0.166 (needs 0.5, optimal scale: 1.00x)
[SILENT_LOG] [TemplateMatcher] battle_0star.png -> max conf: 0.166 (needs 0.5, optimal scale: 1.00x)
[REWARD] 动作已执行，开始 3 次心跳检测 (间隔 0.2s)...
[SILENT_LOG] [TemplateMatcher] battle_3star.png -> max conf: 0.156 (needs 0.5, optimal scale: 1.00x)
[SILENT_LOG] [TemplateMatcher] battle_2star.png -> max conf: 0.174 (needs 0.5, optimal scale: 1.00x)
[SILENT_LOG] [TemplateMatcher] battle_0star.png -> max conf: 0.073 (needs 0.5, optimal scale: 1.00x)
[SILENT_LOG] [TemplateMatcher] battle_0star.png -> max conf: 0.073 (needs 0.5, optimal scale: 1.00x)
[REWARD] ❌ 第 1 次未检测到目标血条...
[SILENT_LOG] [TemplateMatcher] battle_3star.png -> max conf: 0.146 (needs 0.5, optimal scale: 1.00x)
[SILENT_LOG] [TemplateMatcher] battle_2star.png -> max conf: 0.208 (needs 0.5, optimal scale: 1.00x)
[SILENT_LOG] [TemplateMatcher] battle_0star.png -> max conf: 0.058 (needs 0.5, optimal scale: 1.00x)
[SILENT_LOG] [TemplateMatcher] battle_0star.png -> max conf: 0.058 (needs 0.5, optimal scale: 1.00x)
[REWARD] ❌ 第 2 次未检测到目标血条...
[SILENT_LOG] [TemplateMatcher] battle_3star.png -> max conf: 0.155 (needs 0.5, optimal scale: 1.00x)
[SILENT_LOG] [TemplateMatcher] battle_2star.png -> max conf: 0.191 (needs 0.5, optimal scale: 1.00x)
[SILENT_LOG] [TemplateMatcher] battle_0star.png -> max conf: 0.068 (needs 0.5, optimal scale: 1.00x)
[SILENT_LOG] [TemplateMatcher] battle_0star.png -> max conf: 0.068 (needs 0.5, optimal scale: 1.00x)
[REWARD] ❌ 第 3 次未检测到目标血条...
[REWARD] 执行前血条数: 6 -> 最终确认血条数: 6
[REWARD] 部署失败，计算前后帧 MSE (均方误差) = 205.94
[REWARD] 画面未发生明显变化(非法部署)。奖励 -0.5 (连续无作为: 1次)
[SILENT_LOG] [TemplateMatcher] battle_3star.png -> max conf: 0.151 (needs 0.5, optimal scale: 1.00x)
[SILENT_LOG] [TemplateMatcher] battle_2star.png -> max conf: 0.203 (needs 0.5, optimal scale: 1.00x)
[SILENT_LOG] [TemplateMatcher] battle_0star.png -> max conf: 0.040 (needs 0.5, optimal scale: 1.00x)
[SILENT_LOG] [TemplateMatcher] battle_0star.png -> max conf: 0.040 (needs 0.5, optimal scale: 1.00x)
[TemplateMatcher] pause_gear.png -> max conf: 0.908 (needs 0.5, optimal scale: 0.80x)

[STEP 53] 开始执行动作...
[ACTION] AI决定: 选卡 8 -> 放入网格(0,0) -> 朝向 1
         坐标映射: 拖拽从(1015,650)至(200,190) -> 方向滑动至(200,340)
[SILENT_LOG] [TemplateMatcher] battle_3star.png -> max conf: 0.159 (needs 0.5, optimal scale: 1.00x)
[SILENT_LOG] [TemplateMatcher] battle_2star.png -> max conf: 0.177 (needs 0.5, optimal scale: 1.00x)
[SILENT_LOG] [TemplateMatcher] battle_0star.png -> max conf: 0.071 (needs 0.5, optimal scale: 1.00x)
[SILENT_LOG] [TemplateMatcher] battle_0star.png -> max conf: 0.071 (needs 0.5, optimal scale: 1.00x)
[ACTION] ⛔ Fast-Fail! 目标网格(0,0)非绿色高亮(绿像素:0)。取消拖拽。
[SILENT_LOG] [TemplateMatcher] battle_3star.png -> max conf: 0.182 (needs 0.5, optimal scale: 1.00x)
[SILENT_LOG] [TemplateMatcher] battle_2star.png -> max conf: 0.112 (needs 0.5, optimal scale: 1.00x)
[SILENT_LOG] [TemplateMatcher] battle_0star.png -> max conf: 0.198 (needs 0.5, optimal scale: 1.00x)
[SILENT_LOG] [TemplateMatcher] battle_0star.png -> max conf: 0.198 (needs 0.5, optimal scale: 1.00x)
[REWARD] 执行前血条数: 6 -> 最终确认血条数: 0
[REWARD] ⛔ 非法区域/无费用，已被 CV 阻断。奖励 -0.5 (连续无作为: 2次)
[TemplateMatcher] pause_gear.png -> max conf: 0.906 (needs 0.5, optimal scale: 0.80x)

[STEP 54] 开始执行动作...
[SILENT_LOG] [TemplateMatcher] battle_3star.png -> max conf: 0.163 (needs 0.5, optimal scale: 1.00x)
[SILENT_LOG] [TemplateMatcher] battle_2star.png -> max conf: 0.176 (needs 0.5, optimal scale: 1.00x)
[SILENT_LOG] [TemplateMatcher] battle_0star.png -> max conf: 0.078 (needs 0.5, optimal scale: 1.00x)
[SILENT_LOG] [TemplateMatcher] battle_0star.png -> max conf: 0.078 (needs 0.5, optimal scale: 1.00x)
[ACTION] AI决定: 💤 挂机 (Skip / Wait for Cost) - 屏幕中上部防误触点击
[SILENT_LOG] [TemplateMatcher] battle_3star.png -> max conf: 0.155 (needs 0.5, optimal scale: 1.00x)
[SILENT_LOG] [TemplateMatcher] battle_2star.png -> max conf: 0.190 (needs 0.5, optimal scale: 1.00x)
[SILENT_LOG] [TemplateMatcher] battle_0star.png -> max conf: 0.062 (needs 0.5, optimal scale: 1.00x)
[SILENT_LOG] [TemplateMatcher] battle_0star.png -> max conf: 0.062 (needs 0.5, optimal scale: 1.00x)
[SILENT_LOG] [TemplateMatcher] battle_3star.png -> max conf: 0.163 (needs 0.5, optimal scale: 1.00x)
[SILENT_LOG] [TemplateMatcher] battle_2star.png -> max conf: 0.184 (needs 0.5, optimal scale: 1.00x)
[SILENT_LOG] [TemplateMatcher] battle_0star.png -> max conf: 0.065 (needs 0.5, optimal scale: 1.00x)
[SILENT_LOG] [TemplateMatcher] battle_0star.png -> max conf: 0.065 (needs 0.5, optimal scale: 1.00x)
[SILENT_LOG] [TemplateMatcher] battle_3star.png -> max conf: 0.153 (needs 0.5, optimal scale: 1.00x)
[SILENT_LOG] [TemplateMatcher] battle_2star.png -> max conf: 0.144 (needs 0.5, optimal scale: 1.00x)
[SILENT_LOG] [TemplateMatcher] battle_0star.png -> max conf: 0.081 (needs 0.5, optimal scale: 1.00x)
[SILENT_LOG] [TemplateMatcher] battle_0star.png -> max conf: 0.081 (needs 0.5, optimal scale: 1.00x)
[SILENT_LOG] [TemplateMatcher] battle_3star.png -> max conf: 0.154 (needs 0.5, optimal scale: 1.00x)
[SILENT_LOG] [TemplateMatcher] battle_2star.png -> max conf: 0.177 (needs 0.5, optimal scale: 1.00x)
[SILENT_LOG] [TemplateMatcher] battle_0star.png -> max conf: 0.071 (needs 0.5, optimal scale: 1.00x)
[SILENT_LOG] [TemplateMatcher] battle_0star.png -> max conf: 0.071 (needs 0.5, optimal scale: 1.00x)
[REWARD] 执行前血条数: 6 -> 最终确认血条数: 0
[REWARD] 💤 AI 主动挂机等费用，只扣除微小时间惩罚 -0.01
[SILENT_LOG] [TemplateMatcher] battle_3star.png -> max conf: 0.157 (needs 0.5, optimal scale: 1.00x)
[SILENT_LOG] [TemplateMatcher] battle_2star.png -> max conf: 0.173 (needs 0.5, optimal scale: 1.00x)
[SILENT_LOG] [TemplateMatcher] battle_0star.png -> max conf: 0.074 (needs 0.5, optimal scale: 1.00x)
[SILENT_LOG] [TemplateMatcher] battle_0star.png -> max conf: 0.074 (needs 0.5, optimal scale: 1.00x)
[TemplateMatcher] pause_gear.png -> max conf: 0.908 (needs 0.5, optimal scale: 0.80x)

[STEP 55] 开始执行动作...
[ACTION] AI决定: 选卡 3 -> 放入网格(6,4) -> 朝向 1
         坐标映射: 拖拽从(565,650)至(800,510) -> 方向滑动至(800,660)
[SILENT_LOG] [TemplateMatcher] battle_3star.png -> max conf: 0.202 (needs 0.5, optimal scale: 1.00x)
[SILENT_LOG] [TemplateMatcher] battle_2star.png -> max conf: -0.026 (needs 0.5, optimal scale: 1.00x)
[SILENT_LOG] [TemplateMatcher] battle_0star.png -> max conf: 0.199 (needs 0.5, optimal scale: 1.00x)
[SILENT_LOG] [TemplateMatcher] battle_0star.png -> max conf: 0.199 (needs 0.5, optimal scale: 1.00x)
[ACTION] ✅ CV校验通过！网格(6,4)具有高亮绿色(像素:781)，准许拖拽。
[SILENT_LOG] [TemplateMatcher] battle_3star.png -> max conf: 0.190 (needs 0.5, optimal scale: 1.00x)
[SILENT_LOG] [TemplateMatcher] battle_2star.png -> max conf: 0.072 (needs 0.5, optimal scale: 1.00x)
[SILENT_LOG] [TemplateMatcher] battle_0star.png -> max conf: 0.167 (needs 0.5, optimal scale: 1.00x)
[SILENT_LOG] [TemplateMatcher] battle_0star.png -> max conf: 0.167 (needs 0.5, optimal scale: 1.00x)
[REWARD] 动作已执行，开始 3 次心跳检测 (间隔 0.2s)...
[SILENT_LOG] [TemplateMatcher] battle_3star.png -> max conf: 0.190 (needs 0.5, optimal scale: 1.00x)
[SILENT_LOG] [TemplateMatcher] battle_2star.png -> max conf: 0.067 (needs 0.5, optimal scale: 1.00x)
[SILENT_LOG] [TemplateMatcher] battle_0star.png -> max conf: 0.168 (needs 0.5, optimal scale: 1.00x)
[SILENT_LOG] [TemplateMatcher] battle_0star.png -> max conf: 0.168 (needs 0.5, optimal scale: 1.00x)
[REWARD] ✅ 第 1 次检测命中目标干员血条！
[REWARD] 执行前血条数: 6 -> 最终确认血条数: 7
[REWARD] 🎯 完美落子！部署点靠近敌人 (距离: 212.6)，奖励 +2.0
[REWARD] 🛡️ 背对敌人！(角度: 230.3°)，严厉惩罚 -1.0
[SILENT_LOG] [TemplateMatcher] battle_3star.png -> max conf: 0.157 (needs 0.5, optimal scale: 1.00x)
[SILENT_LOG] [TemplateMatcher] battle_2star.png -> max conf: 0.168 (needs 0.5, optimal scale: 1.00x)
[SILENT_LOG] [TemplateMatcher] battle_0star.png -> max conf: 0.077 (needs 0.5, optimal scale: 1.00x)
[SILENT_LOG] [TemplateMatcher] battle_0star.png -> max conf: 0.077 (needs 0.5, optimal scale: 1.00x)
[TemplateMatcher] pause_gear.png -> max conf: 0.908 (needs 0.5, optimal scale: 0.80x)

[STEP 56] 开始执行动作...
[SILENT_LOG] [TemplateMatcher] battle_3star.png -> max conf: 0.155 (needs 0.5, optimal scale: 1.00x)
[SILENT_LOG] [TemplateMatcher] battle_2star.png -> max conf: 0.122 (needs 0.5, optimal scale: 1.00x)
[SILENT_LOG] [TemplateMatcher] battle_0star.png -> max conf: 0.085 (needs 0.5, optimal scale: 1.00x)
[SILENT_LOG] [TemplateMatcher] battle_0star.png -> max conf: 0.085 (needs 0.5, optimal scale: 1.00x)
[ACTION] AI决定: 选卡 9 -> 放入网格(6,3) -> 朝向 3
         坐标映射: 拖拽从(1105,650)至(800,430) -> 方向滑动至(950,430)
[ACTION] ⛔ Fast-Fail! 目标网格(6,3)非绿色高亮(绿像素:0)。取消拖拽。
[SILENT_LOG] [TemplateMatcher] battle_3star.png -> max conf: 0.220 (needs 0.5, optimal scale: 1.00x)
[SILENT_LOG] [TemplateMatcher] battle_2star.png -> max conf: 0.023 (needs 0.5, optimal scale: 1.00x)
[SILENT_LOG] [TemplateMatcher] battle_0star.png -> max conf: 0.173 (needs 0.5, optimal scale: 1.00x)
[SILENT_LOG] [TemplateMatcher] battle_0star.png -> max conf: 0.173 (needs 0.5, optimal scale: 1.00x)
[REWARD] 执行前血条数: 7 -> 最终确认血条数: 0
[REWARD] ⛔ 非法区域/无费用，已被 CV 阻断。奖励 -0.5 (连续无作为: 1次)
[TemplateMatcher] pause_gear.png -> max conf: 0.908 (needs 0.5, optimal scale: 0.80x)

[STEP 57] 开始执行动作...
[SILENT_LOG] [TemplateMatcher] battle_3star.png -> max conf: 0.158 (needs 0.5, optimal scale: 1.00x)
[SILENT_LOG] [TemplateMatcher] battle_2star.png -> max conf: 0.170 (needs 0.5, optimal scale: 1.00x)
[SILENT_LOG] [TemplateMatcher] battle_0star.png -> max conf: 0.080 (needs 0.5, optimal scale: 1.00x)
[SILENT_LOG] [TemplateMatcher] battle_0star.png -> max conf: 0.080 (needs 0.5, optimal scale: 1.00x)
[ACTION] AI决定: 💤 挂机 (Skip / Wait for Cost) - 屏幕中上部防误触点击
[SILENT_LOG] [TemplateMatcher] battle_3star.png -> max conf: 0.141 (needs 0.5, optimal scale: 1.00x)
[SILENT_LOG] [TemplateMatcher] battle_2star.png -> max conf: 0.126 (needs 0.5, optimal scale: 1.00x)
[SILENT_LOG] [TemplateMatcher] battle_0star.png -> max conf: 0.071 (needs 0.5, optimal scale: 1.00x)
[SILENT_LOG] [TemplateMatcher] battle_0star.png -> max conf: 0.071 (needs 0.5, optimal scale: 1.00x)
[SILENT_LOG] [TemplateMatcher] battle_3star.png -> max conf: 0.155 (needs 0.5, optimal scale: 1.00x)
[SILENT_LOG] [TemplateMatcher] battle_2star.png -> max conf: 0.175 (needs 0.5, optimal scale: 1.00x)
[SILENT_LOG] [TemplateMatcher] battle_0star.png -> max conf: 0.072 (needs 0.5, optimal scale: 1.00x)
[SILENT_LOG] [TemplateMatcher] battle_0star.png -> max conf: 0.072 (needs 0.5, optimal scale: 1.00x)
[SILENT_LOG] [TemplateMatcher] battle_3star.png -> max conf: 0.156 (needs 0.5, optimal scale: 1.00x)
[SILENT_LOG] [TemplateMatcher] battle_2star.png -> max conf: 0.179 (needs 0.5, optimal scale: 1.00x)
[SILENT_LOG] [TemplateMatcher] battle_0star.png -> max conf: 0.071 (needs 0.5, optimal scale: 1.00x)
[SILENT_LOG] [TemplateMatcher] battle_0star.png -> max conf: 0.071 (needs 0.5, optimal scale: 1.00x)
[SILENT_LOG] [TemplateMatcher] battle_3star.png -> max conf: 0.150 (needs 0.5, optimal scale: 1.00x)
[SILENT_LOG] [TemplateMatcher] battle_2star.png -> max conf: 0.188 (needs 0.5, optimal scale: 1.00x)
[SILENT_LOG] [TemplateMatcher] battle_0star.png -> max conf: 0.064 (needs 0.5, optimal scale: 1.00x)
[SILENT_LOG] [TemplateMatcher] battle_0star.png -> max conf: 0.064 (needs 0.5, optimal scale: 1.00x)
[REWARD] 执行前血条数: 7 -> 最终确认血条数: 0
[REWARD] 💤 AI 主动挂机等费用，只扣除微小时间惩罚 -0.01
[TemplateMatcher] pause_gear.png -> max conf: 0.908 (needs 0.5, optimal scale: 0.80x)

[STEP 58] 开始执行动作...
[SILENT_LOG] [TemplateMatcher] battle_3star.png -> max conf: 0.156 (needs 0.5, optimal scale: 1.00x)
[SILENT_LOG] [TemplateMatcher] battle_2star.png -> max conf: 0.163 (needs 0.5, optimal scale: 1.00x)
[SILENT_LOG] [TemplateMatcher] battle_0star.png -> max conf: 0.076 (needs 0.5, optimal scale: 1.00x)
[SILENT_LOG] [TemplateMatcher] battle_0star.png -> max conf: 0.076 (needs 0.5, optimal scale: 1.00x)
[ACTION] AI决定: 💤 挂机 (Skip / Wait for Cost) - 屏幕中上部防误触点击
[SILENT_LOG] [TemplateMatcher] battle_3star.png -> max conf: 0.156 (needs 0.5, optimal scale: 1.00x)
[SILENT_LOG] [TemplateMatcher] battle_2star.png -> max conf: 0.154 (needs 0.5, optimal scale: 1.00x)
[SILENT_LOG] [TemplateMatcher] battle_0star.png -> max conf: 0.083 (needs 0.5, optimal scale: 1.00x)
[SILENT_LOG] [TemplateMatcher] battle_0star.png -> max conf: 0.083 (needs 0.5, optimal scale: 1.00x)
[SILENT_LOG] [TemplateMatcher] battle_3star.png -> max conf: 0.158 (needs 0.5, optimal scale: 1.00x)
[SILENT_LOG] [TemplateMatcher] battle_2star.png -> max conf: 0.177 (needs 0.5, optimal scale: 1.00x)
[SILENT_LOG] [TemplateMatcher] battle_0star.png -> max conf: 0.073 (needs 0.5, optimal scale: 1.00x)
[SILENT_LOG] [TemplateMatcher] battle_0star.png -> max conf: 0.073 (needs 0.5, optimal scale: 1.00x)
[SILENT_LOG] [TemplateMatcher] battle_3star.png -> max conf: 0.158 (needs 0.5, optimal scale: 1.00x)
[SILENT_LOG] [TemplateMatcher] battle_2star.png -> max conf: 0.172 (needs 0.5, optimal scale: 1.00x)
[SILENT_LOG] [TemplateMatcher] battle_0star.png -> max conf: 0.075 (needs 0.5, optimal scale: 1.00x)
[SILENT_LOG] [TemplateMatcher] battle_0star.png -> max conf: 0.075 (needs 0.5, optimal scale: 1.00x)
[SILENT_LOG] [TemplateMatcher] battle_3star.png -> max conf: 0.164 (needs 0.5, optimal scale: 1.00x)
[SILENT_LOG] [TemplateMatcher] battle_2star.png -> max conf: 0.115 (needs 0.5, optimal scale: 1.00x)
[SILENT_LOG] [TemplateMatcher] battle_0star.png -> max conf: 0.114 (needs 0.5, optimal scale: 1.00x)
[SILENT_LOG] [TemplateMatcher] battle_0star.png -> max conf: 0.114 (needs 0.5, optimal scale: 1.00x)
[REWARD] 执行前血条数: 7 -> 最终确认血条数: 0
[REWARD] 💤 AI 主动挂机等费用，只扣除微小时间惩罚 -0.01
[SILENT_LOG] [TemplateMatcher] battle_3star.png -> max conf: 0.154 (needs 0.5, optimal scale: 1.00x)
[TemplateMatcher] pause_gear.png -> max conf: 0.908 (needs 0.5, optimal scale: 0.80x)
[SILENT_LOG] [TemplateMatcher] battle_2star.png -> max conf: 0.188 (needs 0.5, optimal scale: 1.00x)

[STEP 59] 开始执行动作...
[SILENT_LOG] [TemplateMatcher] battle_0star.png -> max conf: 0.082 (needs 0.5, optimal scale: 1.00x)
[SILENT_LOG] [TemplateMatcher] battle_0star.png -> max conf: 0.082 (needs 0.5, optimal scale: 1.00x)
[ACTION] AI决定: 选卡 8 -> 放入网格(5,3) -> 朝向 0
         坐标映射: 拖拽从(1015,650)至(700,430) -> 方向滑动至(700,280)
[SILENT_LOG] [TemplateMatcher] battle_3star.png -> max conf: 0.183 (needs 0.5, optimal scale: 1.00x)
[SILENT_LOG] [TemplateMatcher] battle_2star.png -> max conf: 0.112 (needs 0.5, optimal scale: 1.00x)
[SILENT_LOG] [TemplateMatcher] battle_0star.png -> max conf: 0.197 (needs 0.5, optimal scale: 1.00x)
[SILENT_LOG] [TemplateMatcher] battle_0star.png -> max conf: 0.197 (needs 0.5, optimal scale: 1.00x)
[ACTION] ✅ CV校验通过！网格(5,3)具有高亮绿色(像素:42)，准许拖拽。
[SILENT_LOG] [TemplateMatcher] battle_3star.png -> max conf: 0.195 (needs 0.5, optimal scale: 1.00x)
[SILENT_LOG] [TemplateMatcher] battle_2star.png -> max conf: 0.090 (needs 0.5, optimal scale: 1.00x)
[SILENT_LOG] [TemplateMatcher] battle_0star.png -> max conf: 0.184 (needs 0.5, optimal scale: 1.00x)
[SILENT_LOG] [TemplateMatcher] battle_0star.png -> max conf: 0.184 (needs 0.5, optimal scale: 1.00x)
[REWARD] 动作已执行，开始 3 次心跳检测 (间隔 0.2s)...
[SILENT_LOG] [TemplateMatcher] battle_3star.png -> max conf: 0.157 (needs 0.5, optimal scale: 1.00x)
[SILENT_LOG] [TemplateMatcher] battle_2star.png -> max conf: 0.171 (needs 0.5, optimal scale: 1.00x)
[SILENT_LOG] [TemplateMatcher] battle_0star.png -> max conf: 0.075 (needs 0.5, optimal scale: 1.00x)
[SILENT_LOG] [TemplateMatcher] battle_0star.png -> max conf: 0.075 (needs 0.5, optimal scale: 1.00x)
[REWARD] ✅ 第 1 次检测命中目标干员血条！
[REWARD] 执行前血条数: 7 -> 最终确认血条数: 4
[REWARD] 🎯 完美落子！部署点靠近敌人 (距离: 296.4)，奖励 +2.0
[REWARD] 🛡️ 背对敌人！(角度: 25.8°)，严厉惩罚 -1.0
[SILENT_LOG] [TemplateMatcher] battle_3star.png -> max conf: 0.204 (needs 0.5, optimal scale: 1.00x)
[SILENT_LOG] [TemplateMatcher] battle_2star.png -> max conf: -0.103 (needs 0.5, optimal scale: 1.00x)
[SILENT_LOG] [TemplateMatcher] battle_0star.png -> max conf: 0.192 (needs 0.5, optimal scale: 1.00x)
[SILENT_LOG] [TemplateMatcher] battle_0star.png -> max conf: 0.192 (needs 0.5, optimal scale: 1.00x)
[TemplateMatcher] pause_gear.png -> max conf: 0.908 (needs 0.5, optimal scale: 0.80x)

[STEP 60] 开始执行动作...
[SILENT_LOG] [TemplateMatcher] battle_3star.png -> max conf: 0.204 (needs 0.5, optimal scale: 1.00x)
[SILENT_LOG] [TemplateMatcher] battle_2star.png -> max conf: -0.103 (needs 0.5, optimal scale: 1.00x)
[SILENT_LOG] [TemplateMatcher] battle_0star.png -> max conf: 0.192 (needs 0.5, optimal scale: 1.00x)
[SILENT_LOG] [TemplateMatcher] battle_0star.png -> max conf: 0.192 (needs 0.5, optimal scale: 1.00x)
[ACTION] AI决定: 💤 挂机 (Skip / Wait for Cost) - 屏幕中上部防误触点击
[SILENT_LOG] [TemplateMatcher] battle_3star.png -> max conf: 0.158 (needs 0.5, optimal scale: 1.00x)
[SILENT_LOG] [TemplateMatcher] battle_2star.png -> max conf: 0.174 (needs 0.5, optimal scale: 1.00x)
[SILENT_LOG] [TemplateMatcher] battle_0star.png -> max conf: 0.074 (needs 0.5, optimal scale: 1.00x)
[SILENT_LOG] [TemplateMatcher] battle_0star.png -> max conf: 0.074 (needs 0.5, optimal scale: 1.00x)
[SILENT_LOG] [TemplateMatcher] battle_3star.png -> max conf: 0.158 (needs 0.5, optimal scale: 1.00x)
[SILENT_LOG] [TemplateMatcher] battle_2star.png -> max conf: 0.169 (needs 0.5, optimal scale: 1.00x)
[SILENT_LOG] [TemplateMatcher] battle_0star.png -> max conf: 0.077 (needs 0.5, optimal scale: 1.00x)
[SILENT_LOG] [TemplateMatcher] battle_0star.png -> max conf: 0.077 (needs 0.5, optimal scale: 1.00x)
[SILENT_LOG] [TemplateMatcher] battle_3star.png -> max conf: 0.147 (needs 0.5, optimal scale: 1.00x)
[SILENT_LOG] [TemplateMatcher] battle_2star.png -> max conf: 0.204 (needs 0.5, optimal scale: 1.00x)
[SILENT_LOG] [TemplateMatcher] battle_0star.png -> max conf: 0.070 (needs 0.5, optimal scale: 1.00x)
[SILENT_LOG] [TemplateMatcher] battle_0star.png -> max conf: 0.070 (needs 0.5, optimal scale: 1.00x)
[SILENT_LOG] [TemplateMatcher] battle_3star.png -> max conf: 0.154 (needs 0.5, optimal scale: 1.00x)
[SILENT_LOG] [TemplateMatcher] battle_2star.png -> max conf: 0.187 (needs 0.5, optimal scale: 1.00x)
[SILENT_LOG] [TemplateMatcher] battle_0star.png -> max conf: 0.071 (needs 0.5, optimal scale: 1.00x)
[SILENT_LOG] [TemplateMatcher] battle_0star.png -> max conf: 0.071 (needs 0.5, optimal scale: 1.00x)
[REWARD] 执行前血条数: 5 -> 最终确认血条数: 0
[REWARD] 💤 AI 主动挂机等费用，只扣除微小时间惩罚 -0.01
[TemplateMatcher] pause_gear.png -> max conf: 0.908 (needs 0.5, optimal scale: 0.80x)

[STEP 61] 开始执行动作...
[SILENT_LOG] [TemplateMatcher] battle_3star.png -> max conf: 0.154 (needs 0.5, optimal scale: 1.00x)
[SILENT_LOG] [TemplateMatcher] battle_2star.png -> max conf: 0.178 (needs 0.5, optimal scale: 1.00x)
[SILENT_LOG] [TemplateMatcher] battle_0star.png -> max conf: 0.066 (needs 0.5, optimal scale: 1.00x)
[SILENT_LOG] [TemplateMatcher] battle_0star.png -> max conf: 0.066 (needs 0.5, optimal scale: 1.00x)
[ACTION] AI决定: 💤 挂机 (Skip / Wait for Cost) - 屏幕中上部防误触点击
[SILENT_LOG] [TemplateMatcher] battle_3star.png -> max conf: 0.164 (needs 0.5, optimal scale: 1.00x)
[SILENT_LOG] [TemplateMatcher] battle_2star.png -> max conf: 0.175 (needs 0.5, optimal scale: 1.00x)
[SILENT_LOG] [TemplateMatcher] battle_0star.png -> max conf: 0.080 (needs 0.5, optimal scale: 1.00x)
[SILENT_LOG] [TemplateMatcher] battle_0star.png -> max conf: 0.080 (needs 0.5, optimal scale: 1.00x)
[SILENT_LOG] [TemplateMatcher] battle_3star.png -> max conf: 0.155 (needs 0.5, optimal scale: 1.00x)
[SILENT_LOG] [TemplateMatcher] battle_2star.png -> max conf: 0.092 (needs 0.5, optimal scale: 1.00x)
[SILENT_LOG] [TemplateMatcher] battle_0star.png -> max conf: 0.106 (needs 0.5, optimal scale: 1.00x)
[SILENT_LOG] [TemplateMatcher] battle_0star.png -> max conf: 0.106 (needs 0.5, optimal scale: 1.00x)
[SILENT_LOG] [TemplateMatcher] battle_3star.png -> max conf: 0.153 (needs 0.5, optimal scale: 1.00x)
[SILENT_LOG] [TemplateMatcher] battle_2star.png -> max conf: 0.185 (needs 0.5, optimal scale: 1.00x)
[SILENT_LOG] [TemplateMatcher] battle_0star.png -> max conf: 0.068 (needs 0.5, optimal scale: 1.00x)
[SILENT_LOG] [TemplateMatcher] battle_0star.png -> max conf: 0.068 (needs 0.5, optimal scale: 1.00x)
[SILENT_LOG] [TemplateMatcher] battle_3star.png -> max conf: 0.154 (needs 0.5, optimal scale: 1.00x)
[SILENT_LOG] [TemplateMatcher] battle_2star.png -> max conf: 0.217 (needs 0.5, optimal scale: 1.00x)
[SILENT_LOG] [TemplateMatcher] battle_0star.png -> max conf: 0.050 (needs 0.5, optimal scale: 1.00x)
[SILENT_LOG] [TemplateMatcher] battle_0star.png -> max conf: 0.050 (needs 0.5, optimal scale: 1.00x)
[REWARD] 执行前血条数: 7 -> 最终确认血条数: 0
[REWARD] 💤 AI 主动挂机等费用，只扣除微小时间惩罚 -0.01
[SILENT_LOG] [TemplateMatcher] battle_3star.png -> max conf: 0.154 (needs 0.5, optimal scale: 1.00x)
[SILENT_LOG] [TemplateMatcher] battle_2star.png -> max conf: 0.183 (needs 0.5, optimal scale: 1.00x)
[SILENT_LOG] [TemplateMatcher] battle_0star.png -> max conf: 0.067 (needs 0.5, optimal scale: 1.00x)
[SILENT_LOG] [TemplateMatcher] battle_0star.png -> max conf: 0.067 (needs 0.5, optimal scale: 1.00x)
[TemplateMatcher] pause_gear.png -> max conf: 0.908 (needs 0.5, optimal scale: 0.80x)

[STEP 62] 开始执行动作...
[ACTION] AI决定: 选卡 2 -> 放入网格(2,2) -> 朝向 3
         坐标映射: 拖拽从(475,650)至(400,350) -> 方向滑动至(550,350)
[SILENT_LOG] [TemplateMatcher] battle_3star.png -> max conf: 0.155 (needs 0.5, optimal scale: 1.00x)
[SILENT_LOG] [TemplateMatcher] battle_2star.png -> max conf: 0.186 (needs 0.5, optimal scale: 1.00x)
[SILENT_LOG] [TemplateMatcher] battle_0star.png -> max conf: 0.066 (needs 0.5, optimal scale: 1.00x)
[SILENT_LOG] [TemplateMatcher] battle_0star.png -> max conf: 0.066 (needs 0.5, optimal scale: 1.00x)
[ACTION] ⛔ Fast-Fail! 目标网格(2,2)非绿色高亮(绿像素:0)。取消拖拽。
[REWARD] 执行前血条数: 6 -> 最终确认血条数: 0
[REWARD] ⛔ 非法区域/无费用，已被 CV 阻断。奖励 -0.5 (连续无作为: 1次)
[SILENT_LOG] [TemplateMatcher] battle_3star.png -> max conf: 0.153 (needs 0.5, optimal scale: 1.00x)
[SILENT_LOG] [TemplateMatcher] battle_2star.png -> max conf: 0.181 (needs 0.5, optimal scale: 1.00x)
[SILENT_LOG] [TemplateMatcher] battle_0star.png -> max conf: 0.069 (needs 0.5, optimal scale: 1.00x)
[SILENT_LOG] [TemplateMatcher] battle_0star.png -> max conf: 0.069 (needs 0.5, optimal scale: 1.00x)
[TemplateMatcher] pause_gear.png -> max conf: 0.907 (needs 0.5, optimal scale: 0.80x)

[STEP 63] 开始执行动作...
[SILENT_LOG] [TemplateMatcher] battle_3star.png -> max conf: 0.156 (needs 0.5, optimal scale: 1.00x)
[SILENT_LOG] [TemplateMatcher] battle_2star.png -> max conf: 0.172 (needs 0.5, optimal scale: 1.00x)
[SILENT_LOG] [TemplateMatcher] battle_0star.png -> max conf: 0.074 (needs 0.5, optimal scale: 1.00x)
[ACTION] AI决定: 💤 挂机 (Skip / Wait for Cost) - 屏幕中上部防误触点击
[SILENT_LOG] [TemplateMatcher] battle_0star.png -> max conf: 0.074 (needs 0.5, optimal scale: 1.00x)
[SILENT_LOG] [TemplateMatcher] battle_3star.png -> max conf: 0.155 (needs 0.5, optimal scale: 1.00x)
[SILENT_LOG] [TemplateMatcher] battle_2star.png -> max conf: 0.168 (needs 0.5, optimal scale: 1.00x)
[SILENT_LOG] [TemplateMatcher] battle_0star.png -> max conf: 0.073 (needs 0.5, optimal scale: 1.00x)
[SILENT_LOG] [TemplateMatcher] battle_0star.png -> max conf: 0.073 (needs 0.5, optimal scale: 1.00x)
[SILENT_LOG] [TemplateMatcher] battle_3star.png -> max conf: 0.154 (needs 0.5, optimal scale: 1.00x)
[SILENT_LOG] [TemplateMatcher] battle_2star.png -> max conf: 0.188 (needs 0.5, optimal scale: 1.00x)
[SILENT_LOG] [TemplateMatcher] battle_0star.png -> max conf: 0.061 (needs 0.5, optimal scale: 1.00x)
[SILENT_LOG] [TemplateMatcher] battle_0star.png -> max conf: 0.061 (needs 0.5, optimal scale: 1.00x)
[SILENT_LOG] [TemplateMatcher] battle_3star.png -> max conf: 0.152 (needs 0.5, optimal scale: 1.00x)
[SILENT_LOG] [TemplateMatcher] battle_2star.png -> max conf: 0.153 (needs 0.5, optimal scale: 1.00x)
[SILENT_LOG] [TemplateMatcher] battle_0star.png -> max conf: 0.079 (needs 0.5, optimal scale: 1.00x)
[SILENT_LOG] [TemplateMatcher] battle_0star.png -> max conf: 0.079 (needs 0.5, optimal scale: 1.00x)
[SILENT_LOG] [TemplateMatcher] battle_3star.png -> max conf: 0.157 (needs 0.5, optimal scale: 1.00x)
[SILENT_LOG] [TemplateMatcher] battle_2star.png -> max conf: 0.173 (needs 0.5, optimal scale: 1.00x)
[REWARD] 执行前血条数: 7 -> 最终确认血条数: 0
[REWARD] 💤 AI 主动挂机等费用，只扣除微小时间惩罚 -0.01
[SILENT_LOG] [TemplateMatcher] battle_0star.png -> max conf: 0.074 (needs 0.5, optimal scale: 1.00x)
[SILENT_LOG] [TemplateMatcher] battle_0star.png -> max conf: 0.074 (needs 0.5, optimal scale: 1.00x)
[TemplateMatcher] pause_gear.png -> max conf: 0.908 (needs 0.5, optimal scale: 0.80x)

[STEP 64] 开始执行动作...
[SILENT_LOG] [TemplateMatcher] battle_3star.png -> max conf: 0.150 (needs 0.5, optimal scale: 1.00x)
[SILENT_LOG] [TemplateMatcher] battle_2star.png -> max conf: 0.190 (needs 0.5, optimal scale: 1.00x)
[SILENT_LOG] [TemplateMatcher] battle_0star.png -> max conf: 0.055 (needs 0.5, optimal scale: 1.00x)
[SILENT_LOG] [TemplateMatcher] battle_0star.png -> max conf: 0.055 (needs 0.5, optimal scale: 1.00x)
[ACTION] AI决定: 选卡 7 -> 放入网格(2,3) -> 朝向 3
         坐标映射: 拖拽从(925,650)至(400,430) -> 方向滑动至(550,430)
[SILENT_LOG] [TemplateMatcher] battle_3star.png -> max conf: 0.157 (needs 0.5, optimal scale: 1.00x)
[SILENT_LOG] [TemplateMatcher] battle_2star.png -> max conf: 0.173 (needs 0.5, optimal scale: 1.00x)
[SILENT_LOG] [TemplateMatcher] battle_0star.png -> max conf: 0.074 (needs 0.5, optimal scale: 1.00x)
[SILENT_LOG] [TemplateMatcher] battle_0star.png -> max conf: 0.074 (needs 0.5, optimal scale: 1.00x)
[ACTION] ✅ CV校验通过！网格(2,3)具有高亮绿色(像素:215)，准许拖拽。
[SILENT_LOG] [TemplateMatcher] battle_3star.png -> max conf: 0.195 (needs 0.5, optimal scale: 1.00x)
[SILENT_LOG] [TemplateMatcher] battle_2star.png -> max conf: 0.094 (needs 0.5, optimal scale: 1.00x)
[SILENT_LOG] [TemplateMatcher] battle_0star.png -> max conf: 0.182 (needs 0.5, optimal scale: 1.00x)
[SILENT_LOG] [TemplateMatcher] battle_0star.png -> max conf: 0.182 (needs 0.5, optimal scale: 1.00x)
[REWARD] 动作已执行，开始 3 次心跳检测 (间隔 0.2s)...
[SILENT_LOG] [TemplateMatcher] battle_3star.png -> max conf: 0.165 (needs 0.5, optimal scale: 1.00x)
[SILENT_LOG] [TemplateMatcher] battle_2star.png -> max conf: 0.042 (needs 0.5, optimal scale: 1.00x)
[SILENT_LOG] [TemplateMatcher] battle_0star.png -> max conf: 0.146 (needs 0.5, optimal scale: 1.00x)
[SILENT_LOG] [TemplateMatcher] battle_0star.png -> max conf: 0.146 (needs 0.5, optimal scale: 1.00x)
[REWARD] ✅ 第 1 次检测命中目标干员血条！
[REWARD] 执行前血条数: 6 -> 最终确认血条数: 8
[REWARD] 场上暂无移动目标，仅发放基础部署奖励 +1.0
[SILENT_LOG] [TemplateMatcher] battle_3star.png -> max conf: 0.150 (needs 0.5, optimal scale: 1.00x)
[SILENT_LOG] [TemplateMatcher] battle_2star.png -> max conf: 0.175 (needs 0.5, optimal scale: 1.00x)
[SILENT_LOG] [TemplateMatcher] battle_0star.png -> max conf: 0.133 (needs 0.5, optimal scale: 1.00x)
[SILENT_LOG] [TemplateMatcher] battle_0star.png -> max conf: 0.133 (needs 0.5, optimal scale: 1.00x)
[TemplateMatcher] pause_gear.png -> max conf: 0.908 (needs 0.5, optimal scale: 0.80x)

[STEP 65] 开始执行动作...
[ACTION] AI决定: 选卡 7 -> 放入网格(2,2) -> 朝向 3
         坐标映射: 拖拽从(925,650)至(400,350) -> 方向滑动至(550,350)
[SILENT_LOG] [TemplateMatcher] battle_3star.png -> max conf: 0.156 (needs 0.5, optimal scale: 1.00x)
[SILENT_LOG] [TemplateMatcher] battle_2star.png -> max conf: 0.200 (needs 0.5, optimal scale: 1.00x)
[SILENT_LOG] [TemplateMatcher] battle_0star.png -> max conf: 0.100 (needs 0.5, optimal scale: 1.00x)
[SILENT_LOG] [TemplateMatcher] battle_0star.png -> max conf: 0.100 (needs 0.5, optimal scale: 1.00x)
[ACTION] ⛔ Fast-Fail! 目标网格(2,2)非绿色高亮(绿像素:0)。取消拖拽。
[SILENT_LOG] [TemplateMatcher] battle_3star.png -> max conf: 0.205 (needs 0.5, optimal scale: 1.00x)
[SILENT_LOG] [TemplateMatcher] battle_2star.png -> max conf: 0.046 (needs 0.5, optimal scale: 1.00x)
[SILENT_LOG] [TemplateMatcher] battle_0star.png -> max conf: 0.209 (needs 0.5, optimal scale: 1.00x)
[SILENT_LOG] [TemplateMatcher] battle_0star.png -> max conf: 0.209 (needs 0.5, optimal scale: 1.00x)
[REWARD] 执行前血条数: 8 -> 最终确认血条数: 0
[REWARD] ⛔ 非法区域/无费用，已被 CV 阻断。奖励 -0.5 (连续无作为: 1次)
[TemplateMatcher] pause_gear.png -> max conf: 0.908 (needs 0.5, optimal scale: 0.80x)

[STEP 66] 开始执行动作...
[SILENT_LOG] [TemplateMatcher] battle_3star.png -> max conf: 0.151 (needs 0.5, optimal scale: 1.00x)
[SILENT_LOG] [TemplateMatcher] battle_2star.png -> max conf: 0.214 (needs 0.5, optimal scale: 1.00x)
[SILENT_LOG] [TemplateMatcher] battle_0star.png -> max conf: 0.091 (needs 0.5, optimal scale: 1.00x)
[SILENT_LOG] [TemplateMatcher] battle_0star.png -> max conf: 0.091 (needs 0.5, optimal scale: 1.00x)
[ACTION] AI决定: 选卡 0 -> 放入网格(7,2) -> 朝向 2
         坐标映射: 拖拽从(295,650)至(900,350) -> 方向滑动至(750,350)
[ACTION] ⛔ Fast-Fail! 目标网格(7,2)非绿色高亮(绿像素:0)。取消拖拽。
[SILENT_LOG] [TemplateMatcher] battle_3star.png -> max conf: 0.153 (needs 0.5, optimal scale: 1.00x)
[SILENT_LOG] [TemplateMatcher] battle_2star.png -> max conf: 0.215 (needs 0.5, optimal scale: 1.00x)
[SILENT_LOG] [TemplateMatcher] battle_0star.png -> max conf: 0.088 (needs 0.5, optimal scale: 1.00x)
[SILENT_LOG] [TemplateMatcher] battle_0star.png -> max conf: 0.088 (needs 0.5, optimal scale: 1.00x)
[REWARD] 执行前血条数: 8 -> 最终确认血条数: 0
[REWARD] ⛔ 非法区域/无费用，已被 CV 阻断。奖励 -0.5 (连续无作为: 2次)
[TemplateMatcher] pause_gear.png -> max conf: 0.908 (needs 0.5, optimal scale: 0.80x)

[STEP 67] 开始执行动作...
[SILENT_LOG] [TemplateMatcher] battle_3star.png -> max conf: 0.154 (needs 0.5, optimal scale: 1.00x)
[SILENT_LOG] [TemplateMatcher] battle_2star.png -> max conf: 0.234 (needs 0.5, optimal scale: 1.00x)
[SILENT_LOG] [TemplateMatcher] battle_0star.png -> max conf: 0.070 (needs 0.5, optimal scale: 1.00x)
[SILENT_LOG] [TemplateMatcher] battle_0star.png -> max conf: 0.070 (needs 0.5, optimal scale: 1.00x)
[ACTION] AI决定: 选卡 6 -> 放入网格(6,3) -> 朝向 0
         坐标映射: 拖拽从(835,650)至(800,430) -> 方向滑动至(800,280)
[SILENT_LOG] [TemplateMatcher] battle_3star.png -> max conf: 0.060 (needs 0.5, optimal scale: 1.00x)
[SILENT_LOG] [TemplateMatcher] battle_2star.png -> max conf: 0.130 (needs 0.5, optimal scale: 1.00x)
[SILENT_LOG] [TemplateMatcher] battle_0star.png -> max conf: 0.025 (needs 0.5, optimal scale: 1.00x)
[SILENT_LOG] [TemplateMatcher] battle_0star.png -> max conf: 0.025 (needs 0.5, optimal scale: 1.00x)
[ACTION] ⛔ Fast-Fail! 目标网格(6,3)非绿色高亮(绿像素:0)。取消拖拽。
[REWARD] 执行前血条数: 8 -> 最终确认血条数: 0
[REWARD] ⛔ 非法区域/无费用，已被 CV 阻断。奖励 -0.5 (连续无作为: 3次)
[SILENT_LOG] [TemplateMatcher] battle_3star.png -> max conf: 0.261 (needs 0.5, optimal scale: 1.00x)
[SILENT_LOG] [TemplateMatcher] battle_2star.png -> max conf: 0.121 (needs 0.5, optimal scale: 1.00x)
[SILENT_LOG] [TemplateMatcher] battle_0star.png -> max conf: 0.244 (needs 0.5, optimal scale: 1.00x)
[SILENT_LOG] [TemplateMatcher] battle_0star.png -> max conf: 0.244 (needs 0.5, optimal scale: 1.00x)
[TemplateMatcher] pause_gear.png -> max conf: 0.903 (needs 0.5, optimal scale: 0.80x)

[STEP 68] 开始执行动作...
[SILENT_LOG] [TemplateMatcher] battle_3star.png -> max conf: 0.119 (needs 0.5, optimal scale: 1.00x)
[SILENT_LOG] [TemplateMatcher] battle_2star.png -> max conf: 0.202 (needs 0.5, optimal scale: 1.00x)
[SILENT_LOG] [TemplateMatcher] battle_0star.png -> max conf: 0.100 (needs 0.5, optimal scale: 1.00x)
[SILENT_LOG] [TemplateMatcher] battle_0star.png -> max conf: 0.100 (needs 0.5, optimal scale: 1.00x)
[ACTION] AI决定: 💤 挂机 (Skip / Wait for Cost) - 屏幕中上部防误触点击
[SILENT_LOG] [TemplateMatcher] battle_3star.png -> max conf: 0.152 (needs 0.5, optimal scale: 1.00x)
[SILENT_LOG] [TemplateMatcher] battle_2star.png -> max conf: 0.213 (needs 0.5, optimal scale: 1.00x)
[SILENT_LOG] [TemplateMatcher] battle_0star.png -> max conf: 0.087 (needs 0.5, optimal scale: 1.00x)
[SILENT_LOG] [TemplateMatcher] battle_0star.png -> max conf: 0.087 (needs 0.5, optimal scale: 1.00x)
[SILENT_LOG] [TemplateMatcher] battle_3star.png -> max conf: 0.149 (needs 0.5, optimal scale: 1.00x)
[SILENT_LOG] [TemplateMatcher] battle_2star.png -> max conf: 0.219 (needs 0.5, optimal scale: 1.00x)
[SILENT_LOG] [TemplateMatcher] battle_0star.png -> max conf: 0.083 (needs 0.5, optimal scale: 1.00x)
[SILENT_LOG] [TemplateMatcher] battle_0star.png -> max conf: 0.083 (needs 0.5, optimal scale: 1.00x)
[SILENT_LOG] [TemplateMatcher] battle_3star.png -> max conf: 0.000 (needs 0.5, optimal scale: 1.00x)
[SILENT_LOG] [TemplateMatcher] battle_2star.png -> max conf: 0.000 (needs 0.5, optimal scale: 1.00x)
[SILENT_LOG] [TemplateMatcher] battle_0star.png -> max conf: 0.000 (needs 0.5, optimal scale: 1.00x)
[SILENT_LOG] [TemplateMatcher] battle_0star.png -> max conf: 0.000 (needs 0.5, optimal scale: 1.00x)
[SILENT_LOG] [TemplateMatcher] battle_3star.png -> max conf: 0.000 (needs 0.5, optimal scale: 1.00x)
[SILENT_LOG] [TemplateMatcher] battle_2star.png -> max conf: 0.000 (needs 0.5, optimal scale: 1.00x)
[SILENT_LOG] [TemplateMatcher] battle_0star.png -> max conf: 0.000 (needs 0.5, optimal scale: 1.00x)
[SILENT_LOG] [TemplateMatcher] battle_0star.png -> max conf: 0.000 (needs 0.5, optimal scale: 1.00x)
[REWARD] 执行前血条数: 5 -> 最终确认血条数: 0
[REWARD] 💤 AI 主动挂机等费用，只扣除微小时间惩罚 -0.01
[ENV] 🚨 优先级 2 触发：画面剧变 (MSE=10189.79 > 8000)，判定为转场/断线，结束回合！

================= 回合结束，开始自动重启关卡 =================
[TemplateMatcher] pause_gear.png -> max conf: 0.000 (needs 0.7, optimal scale: 0.80x)
[DEBUG] 未匹配 [pause_gear] (要求阈值 0.7)
[TemplateMatcher] start_action.png -> max conf: 0.000 (needs 0.43, optimal scale: 0.80x)
[DEBUG] 未匹配 [start_action] (要求阈值 0.43)
[TemplateMatcher] practice.png -> max conf: 0.000 (needs 0.5, optimal scale: 0.80x)
[DEBUG] 未匹配 [practice] (要求阈值 0.5)
[TemplateMatcher] stage_1_7.png -> max conf: 0.000 (needs 0.5, optimal scale: 0.80x)
[DEBUG] 未匹配 [stage_1_7] (要求阈值 0.5)
[RESET] 尝试跳过动画/寻找入口... (尝试 1/100)
[SILENT_LOG] [TemplateMatcher] battle_3star.png -> max conf: 0.000 (needs 0.5, optimal scale: 1.00x)
[SILENT_LOG] [TemplateMatcher] battle_2star.png -> max conf: 0.000 (needs 0.5, optimal scale: 1.00x)
[SILENT_LOG] [TemplateMatcher] battle_0star.png -> max conf: 0.000 (needs 0.5, optimal scale: 1.00x)
[SILENT_LOG] [TemplateMatcher] battle_0star.png -> max conf: 0.000 (needs 0.5, optimal scale: 1.00x)
[SILENT_LOG] [TemplateMatcher] battle_3star.png -> max conf: 0.000 (needs 0.5, optimal scale: 1.00x)
[SILENT_LOG] [TemplateMatcher] battle_2star.png -> max conf: 0.000 (needs 0.5, optimal scale: 1.00x)
[SILENT_LOG] [TemplateMatcher] battle_0star.png -> max conf: 0.000 (needs 0.5, optimal scale: 1.00x)
[SILENT_LOG] [TemplateMatcher] battle_0star.png -> max conf: 0.000 (needs 0.5, optimal scale: 1.00x)
[SILENT_LOG] [TemplateMatcher] battle_3star.png -> max conf: 0.000 (needs 0.5, optimal scale: 1.00x)
[SILENT_LOG] [TemplateMatcher] battle_2star.png -> max conf: 0.000 (needs 0.5, optimal scale: 1.00x)
[SILENT_LOG] [TemplateMatcher] battle_0star.png -> max conf: 0.000 (needs 0.5, optimal scale: 1.00x)
[SILENT_LOG] [TemplateMatcher] battle_0star.png -> max conf: 0.000 (needs 0.5, optimal scale: 1.00x)
[TemplateMatcher] pause_gear.png -> max conf: 0.000 (needs 0.7, optimal scale: 0.80x)
[DEBUG] 未匹配 [pause_gear] (要求阈值 0.7)
[TemplateMatcher] start_action.png -> max conf: 0.000 (needs 0.43, optimal scale: 0.80x)
[DEBUG] 未匹配 [start_action] (要求阈值 0.43)
[TemplateMatcher] practice.png -> max conf: 0.000 (needs 0.5, optimal scale: 0.80x)
[DEBUG] 未匹配 [practice] (要求阈值 0.5)
[SILENT_LOG] [TemplateMatcher] battle_3star.png -> max conf: 0.000 (needs 0.5, optimal scale: 1.00x)
[SILENT_LOG] [TemplateMatcher] battle_2star.png -> max conf: 0.000 (needs 0.5, optimal scale: 1.00x)
[SILENT_LOG] [TemplateMatcher] battle_0star.png -> max conf: 0.000 (needs 0.5, optimal scale: 1.00x)
[SILENT_LOG] [TemplateMatcher] battle_0star.png -> max conf: 0.000 (needs 0.5, optimal scale: 1.00x)
[TemplateMatcher] stage_1_7.png -> max conf: 0.000 (needs 0.5, optimal scale: 0.80x)
[DEBUG] 未匹配 [stage_1_7] (要求阈值 0.5)
[RESET] 尝试跳过动画/寻找入口... (尝试 2/100)
[SILENT_LOG] [TemplateMatcher] battle_3star.png -> max conf: 0.000 (needs 0.5, optimal scale: 1.00x)
[SILENT_LOG] [TemplateMatcher] battle_2star.png -> max conf: 0.000 (needs 0.5, optimal scale: 1.00x)
[SILENT_LOG] [TemplateMatcher] battle_0star.png -> max conf: 0.000 (needs 0.5, optimal scale: 1.00x)
[SILENT_LOG] [TemplateMatcher] battle_0star.png -> max conf: 0.000 (needs 0.5, optimal scale: 1.00x)
[SILENT_LOG] [TemplateMatcher] battle_3star.png -> max conf: 0.396 (needs 0.5, optimal scale: 1.00x)
[SILENT_LOG] [TemplateMatcher] battle_2star.png -> max conf: 0.447 (needs 0.5, optimal scale: 1.00x)
[SILENT_LOG] [TemplateMatcher] battle_0star.png -> max conf: 0.164 (needs 0.5, optimal scale: 1.00x)
[SILENT_LOG] [TemplateMatcher] battle_0star.png -> max conf: 0.164 (needs 0.5, optimal scale: 1.00x)
[TemplateMatcher] pause_gear.png -> max conf: 0.559 (needs 0.7, optimal scale: 0.95x)
[DEBUG] 未匹配 [pause_gear] (要求阈值 0.7)
[SILENT_LOG] [TemplateMatcher] battle_3star.png -> max conf: 0.400 (needs 0.5, optimal scale: 1.00x)
[SILENT_LOG] [TemplateMatcher] battle_2star.png -> max conf: 0.490 (needs 0.5, optimal scale: 1.00x)
[SILENT_LOG] [TemplateMatcher] battle_0star.png -> max conf: 0.195 (needs 0.5, optimal scale: 1.00x)
[SILENT_LOG] [TemplateMatcher] battle_0star.png -> max conf: 0.195 (needs 0.5, optimal scale: 1.00x)
[TemplateMatcher] start_action.png -> max conf: 0.020 (needs 0.43, optimal scale: 0.80x)
[DEBUG] 未匹配 [start_action] (要求阈值 0.43)
[TemplateMatcher] practice.png -> max conf: 0.538 (needs 0.5, optimal scale: 1.20x)
[RESET] 找到 [practice] (置信度 0.54 >= 0.5)，点击 (625, 665)
[RESET] 点击演习按钮
[SILENT_LOG] [TemplateMatcher] battle_3star.png -> max conf: 0.400 (needs 0.5, optimal scale: 1.00x)
[SILENT_LOG] [TemplateMatcher] battle_2star.png -> max conf: 0.486 (needs 0.5, optimal scale: 1.00x)
[SILENT_LOG] [TemplateMatcher] battle_0star.png -> max conf: 0.196 (needs 0.5, optimal scale: 1.00x)
[SILENT_LOG] [TemplateMatcher] battle_0star.png -> max conf: 0.196 (needs 0.5, optimal scale: 1.00x)
[SILENT_LOG] [TemplateMatcher] battle_3star.png -> max conf: 0.398 (needs 0.5, optimal scale: 1.00x)
[SILENT_LOG] [TemplateMatcher] battle_2star.png -> max conf: 0.488 (needs 0.5, optimal scale: 1.00x)
[SILENT_LOG] [TemplateMatcher] battle_0star.png -> max conf: 0.197 (needs 0.5, optimal scale: 1.00x)
[SILENT_LOG] [TemplateMatcher] battle_0star.png -> max conf: 0.197 (needs 0.5, optimal scale: 1.00x)
[SILENT_LOG] [TemplateMatcher] battle_3star.png -> max conf: 0.398 (needs 0.5, optimal scale: 1.00x)
[SILENT_LOG] [TemplateMatcher] battle_2star.png -> max conf: 0.487 (needs 0.5, optimal scale: 1.00x)
[SILENT_LOG] [TemplateMatcher] battle_0star.png -> max conf: 0.197 (needs 0.5, optimal scale: 1.00x)
[SILENT_LOG] [TemplateMatcher] battle_0star.png -> max conf: 0.197 (needs 0.5, optimal scale: 1.00x)
[TemplateMatcher] pause_gear.png -> max conf: 0.559 (needs 0.7, optimal scale: 0.95x)
[DEBUG] 未匹配 [pause_gear] (要求阈值 0.7)
[SILENT_LOG] [TemplateMatcher] battle_3star.png -> max conf: 0.400 (needs 0.5, optimal scale: 1.00x)
[SILENT_LOG] [TemplateMatcher] battle_2star.png -> max conf: 0.482 (needs 0.5, optimal scale: 1.00x)
[SILENT_LOG] [TemplateMatcher] battle_0star.png -> max conf: 0.197 (needs 0.5, optimal scale: 1.00x)
[SILENT_LOG] [TemplateMatcher] battle_0star.png -> max conf: 0.197 (needs 0.5, optimal scale: 1.00x)
[TemplateMatcher] start_action.png -> max conf: 0.020 (needs 0.43, optimal scale: 0.80x)
[DEBUG] 未匹配 [start_action] (要求阈值 0.43)
[TemplateMatcher] practice.png -> max conf: 0.538 (needs 0.5, optimal scale: 1.20x)
[RESET] 找到 [practice] (置信度 0.54 >= 0.5)，点击 (625, 665)
[RESET] 点击演习按钮
[SILENT_LOG] [TemplateMatcher] battle_3star.png -> max conf: 0.014 (needs 0.5, optimal scale: 1.00x)
[SILENT_LOG] [TemplateMatcher] battle_2star.png -> max conf: -0.282 (needs 0.5, optimal scale: 1.00x)
[SILENT_LOG] [TemplateMatcher] battle_0star.png -> max conf: 0.262 (needs 0.5, optimal scale: 1.00x)
[SILENT_LOG] [TemplateMatcher] battle_0star.png -> max conf: 0.262 (needs 0.5, optimal scale: 1.00x)
[SILENT_LOG] [TemplateMatcher] battle_3star.png -> max conf: 0.014 (needs 0.5, optimal scale: 1.00x)
[SILENT_LOG] [TemplateMatcher] battle_2star.png -> max conf: -0.282 (needs 0.5, optimal scale: 1.00x)
[SILENT_LOG] [TemplateMatcher] battle_0star.png -> max conf: 0.262 (needs 0.5, optimal scale: 1.00x)
[SILENT_LOG] [TemplateMatcher] battle_0star.png -> max conf: 0.262 (needs 0.5, optimal scale: 1.00x)
[SILENT_LOG] [TemplateMatcher] battle_3star.png -> max conf: 0.014 (needs 0.5, optimal scale: 1.00x)
[SILENT_LOG] [TemplateMatcher] battle_2star.png -> max conf: -0.282 (needs 0.5, optimal scale: 1.00x)
[SILENT_LOG] [TemplateMatcher] battle_0star.png -> max conf: 0.262 (needs 0.5, optimal scale: 1.00x)
[SILENT_LOG] [TemplateMatcher] battle_0star.png -> max conf: 0.262 (needs 0.5, optimal scale: 1.00x)
[SILENT_LOG] [TemplateMatcher] battle_3star.png -> max conf: 0.014 (needs 0.5, optimal scale: 1.00x)
[SILENT_LOG] [TemplateMatcher] battle_2star.png -> max conf: -0.282 (needs 0.5, optimal scale: 1.00x)
[SILENT_LOG] [TemplateMatcher] battle_0star.png -> max conf: 0.262 (needs 0.5, optimal scale: 1.00x)
[SILENT_LOG] [TemplateMatcher] battle_0star.png -> max conf: 0.262 (needs 0.5, optimal scale: 1.00x)
[TemplateMatcher] pause_gear.png -> max conf: 0.490 (needs 0.7, optimal scale: 0.80x)
[DEBUG] 未匹配 [pause_gear] (要求阈值 0.7)
[TemplateMatcher] start_action.png -> max conf: -0.018 (needs 0.43, optimal scale: 0.80x)
[DEBUG] 未匹配 [start_action] (要求阈值 0.43)
[TemplateMatcher] practice.png -> max conf: 0.522 (needs 0.5, optimal scale: 0.80x)
[RESET] 找到 [practice] (置信度 0.52 >= 0.5)，点击 (533, 603)
[RESET] 点击演习按钮
[SILENT_LOG] [TemplateMatcher] battle_3star.png -> max conf: 0.014 (needs 0.5, optimal scale: 1.00x)
[SILENT_LOG] [TemplateMatcher] battle_2star.png -> max conf: -0.282 (needs 0.5, optimal scale: 1.00x)
[SILENT_LOG] [TemplateMatcher] battle_0star.png -> max conf: 0.262 (needs 0.5, optimal scale: 1.00x)
[SILENT_LOG] [TemplateMatcher] battle_0star.png -> max conf: 0.262 (needs 0.5, optimal scale: 1.00x)
[SILENT_LOG] [TemplateMatcher] battle_3star.png -> max conf: 0.014 (needs 0.5, optimal scale: 1.00x)
[SILENT_LOG] [TemplateMatcher] battle_2star.png -> max conf: -0.282 (needs 0.5, optimal scale: 1.00x)
[SILENT_LOG] [TemplateMatcher] battle_0star.png -> max conf: 0.262 (needs 0.5, optimal scale: 1.00x)
[SILENT_LOG] [TemplateMatcher] battle_0star.png -> max conf: 0.262 (needs 0.5, optimal scale: 1.00x)
[SILENT_LOG] [TemplateMatcher] battle_3star.png -> max conf: 0.014 (needs 0.5, optimal scale: 1.00x)
[SILENT_LOG] [TemplateMatcher] battle_2star.png -> max conf: -0.282 (needs 0.5, optimal scale: 1.00x)
[SILENT_LOG] [TemplateMatcher] battle_0star.png -> max conf: 0.262 (needs 0.5, optimal scale: 1.00x)
[SILENT_LOG] [TemplateMatcher] battle_0star.png -> max conf: 0.262 (needs 0.5, optimal scale: 1.00x)
[SILENT_LOG] [TemplateMatcher] battle_3star.png -> max conf: 0.014 (needs 0.5, optimal scale: 1.00x)
[SILENT_LOG] [TemplateMatcher] battle_2star.png -> max conf: -0.282 (needs 0.5, optimal scale: 1.00x)
[SILENT_LOG] [TemplateMatcher] battle_0star.png -> max conf: 0.262 (needs 0.5, optimal scale: 1.00x)
[SILENT_LOG] [TemplateMatcher] battle_0star.png -> max conf: 0.262 (needs 0.5, optimal scale: 1.00x)
[TemplateMatcher] pause_gear.png -> max conf: 0.490 (needs 0.7, optimal scale: 0.80x)
[DEBUG] 未匹配 [pause_gear] (要求阈值 0.7)
[TemplateMatcher] start_action.png -> max conf: -0.018 (needs 0.43, optimal scale: 0.80x)
[DEBUG] 未匹配 [start_action] (要求阈值 0.43)
[TemplateMatcher] practice.png -> max conf: 0.522 (needs 0.5, optimal scale: 0.80x)
[RESET] 找到 [practice] (置信度 0.52 >= 0.5)，点击 (533, 603)
[RESET] 点击演习按钮
[SILENT_LOG] [TemplateMatcher] battle_3star.png -> max conf: 0.014 (needs 0.5, optimal scale: 1.00x)
[SILENT_LOG] [TemplateMatcher] battle_2star.png -> max conf: -0.282 (needs 0.5, optimal scale: 1.00x)
[SILENT_LOG] [TemplateMatcher] battle_0star.png -> max conf: 0.262 (needs 0.5, optimal scale: 1.00x)
[SILENT_LOG] [TemplateMatcher] battle_0star.png -> max conf: 0.262 (needs 0.5, optimal scale: 1.00x)
[SILENT_LOG] [TemplateMatcher] battle_3star.png -> max conf: 0.014 (needs 0.5, optimal scale: 1.00x)
[SILENT_LOG] [TemplateMatcher] battle_2star.png -> max conf: -0.282 (needs 0.5, optimal scale: 1.00x)
[SILENT_LOG] [TemplateMatcher] battle_0star.png -> max conf: 0.262 (needs 0.5, optimal scale: 1.00x)
[SILENT_LOG] [TemplateMatcher] battle_0star.png -> max conf: 0.262 (needs 0.5, optimal scale: 1.00x)
[SILENT_LOG] [TemplateMatcher] battle_3star.png -> max conf: 0.014 (needs 0.5, optimal scale: 1.00x)
[SILENT_LOG] [TemplateMatcher] battle_2star.png -> max conf: -0.282 (needs 0.5, optimal scale: 1.00x)
[SILENT_LOG] [TemplateMatcher] battle_0star.png -> max conf: 0.262 (needs 0.5, optimal scale: 1.00x)
[SILENT_LOG] [TemplateMatcher] battle_0star.png -> max conf: 0.262 (needs 0.5, optimal scale: 1.00x)
[SILENT_LOG] [TemplateMatcher] battle_3star.png -> max conf: 0.014 (needs 0.5, optimal scale: 1.00x)
[SILENT_LOG] [TemplateMatcher] battle_2star.png -> max conf: -0.282 (needs 0.5, optimal scale: 1.00x)
[SILENT_LOG] [TemplateMatcher] battle_0star.png -> max conf: 0.262 (needs 0.5, optimal scale: 1.00x)
[SILENT_LOG] [TemplateMatcher] battle_0star.png -> max conf: 0.262 (needs 0.5, optimal scale: 1.00x)
[TemplateMatcher] pause_gear.png -> max conf: 0.490 (needs 0.7, optimal scale: 0.80x)
[DEBUG] 未匹配 [pause_gear] (要求阈值 0.7)
[TemplateMatcher] start_action.png -> max conf: -0.018 (needs 0.43, optimal scale: 0.80x)
[DEBUG] 未匹配 [start_action] (要求阈值 0.43)
[TemplateMatcher] practice.png -> max conf: 0.522 (needs 0.5, optimal scale: 0.80x)
[RESET] 找到 [practice] (置信度 0.52 >= 0.5)，点击 (533, 603)
[RESET] 点击演习按钮
[SILENT_LOG] [TemplateMatcher] battle_3star.png -> max conf: 0.027 (needs 0.5, optimal scale: 1.00x)
[SILENT_LOG] [TemplateMatcher] battle_2star.png -> max conf: 0.278 (needs 0.5, optimal scale: 1.00x)
[SILENT_LOG] [TemplateMatcher] battle_0star.png -> max conf: -0.015 (needs 0.5, optimal scale: 1.00x)
[SILENT_LOG] [TemplateMatcher] battle_0star.png -> max conf: -0.015 (needs 0.5, optimal scale: 1.00x)
[SILENT_LOG] [TemplateMatcher] battle_3star.png -> max conf: 0.027 (needs 0.5, optimal scale: 1.00x)
[SILENT_LOG] [TemplateMatcher] battle_2star.png -> max conf: 0.278 (needs 0.5, optimal scale: 1.00x)
[SILENT_LOG] [TemplateMatcher] battle_0star.png -> max conf: -0.015 (needs 0.5, optimal scale: 1.00x)
[SILENT_LOG] [TemplateMatcher] battle_0star.png -> max conf: -0.015 (needs 0.5, optimal scale: 1.00x)
[SILENT_LOG] [TemplateMatcher] battle_3star.png -> max conf: 0.027 (needs 0.5, optimal scale: 1.00x)
[SILENT_LOG] [TemplateMatcher] battle_2star.png -> max conf: 0.278 (needs 0.5, optimal scale: 1.00x)
[SILENT_LOG] [TemplateMatcher] battle_0star.png -> max conf: -0.015 (needs 0.5, optimal scale: 1.00x)
[SILENT_LOG] [TemplateMatcher] battle_0star.png -> max conf: -0.015 (needs 0.5, optimal scale: 1.00x)
[SILENT_LOG] [TemplateMatcher] battle_3star.png -> max conf: 0.026 (needs 0.5, optimal scale: 1.00x)
[SILENT_LOG] [TemplateMatcher] battle_2star.png -> max conf: 0.278 (needs 0.5, optimal scale: 1.00x)
[SILENT_LOG] [TemplateMatcher] battle_0star.png -> max conf: -0.015 (needs 0.5, optimal scale: 1.00x)
[SILENT_LOG] [TemplateMatcher] battle_0star.png -> max conf: -0.015 (needs 0.5, optimal scale: 1.00x)
[TemplateMatcher] pause_gear.png -> max conf: 0.473 (needs 0.7, optimal scale: 0.90x)
[DEBUG] 未匹配 [pause_gear] (要求阈值 0.7)
[TemplateMatcher] start_action.png -> max conf: 0.027 (needs 0.43, optimal scale: 0.80x)
[DEBUG] 未匹配 [start_action] (要求阈值 0.43)
[TemplateMatcher] practice.png -> max conf: 0.489 (needs 0.5, optimal scale: 0.85x)
[DEBUG] 未匹配 [practice] (要求阈值 0.5)
[TemplateMatcher] stage_1_7.png -> max conf: 0.712 (needs 0.5, optimal scale: 0.80x)
[RESET] 找到 [stage_1_7] (置信度 0.71 >= 0.5)，点击 (638, 224)
[RESET] 点击关卡 1-7 图标
[SILENT_LOG] [TemplateMatcher] battle_3star.png -> max conf: 0.027 (needs 0.5, optimal scale: 1.00x)
[SILENT_LOG] [TemplateMatcher] battle_2star.png -> max conf: 0.278 (needs 0.5, optimal scale: 1.00x)
[SILENT_LOG] [TemplateMatcher] battle_0star.png -> max conf: -0.015 (needs 0.5, optimal scale: 1.00x)
[SILENT_LOG] [TemplateMatcher] battle_0star.png -> max conf: -0.015 (needs 0.5, optimal scale: 1.00x)
[SILENT_LOG] [TemplateMatcher] battle_3star.png -> max conf: 0.142 (needs 0.5, optimal scale: 1.00x)
[SILENT_LOG] [TemplateMatcher] battle_2star.png -> max conf: 0.268 (needs 0.5, optimal scale: 1.00x)
[SILENT_LOG] [TemplateMatcher] battle_0star.png -> max conf: -0.091 (needs 0.5, optimal scale: 1.00x)
[SILENT_LOG] [TemplateMatcher] battle_0star.png -> max conf: -0.091 (needs 0.5, optimal scale: 1.00x)
[SILENT_LOG] [TemplateMatcher] battle_3star.png -> max conf: 0.143 (needs 0.5, optimal scale: 1.00x)
[SILENT_LOG] [TemplateMatcher] battle_2star.png -> max conf: 0.269 (needs 0.5, optimal scale: 1.00x)
[SILENT_LOG] [TemplateMatcher] battle_0star.png -> max conf: -0.091 (needs 0.5, optimal scale: 1.00x)
[SILENT_LOG] [TemplateMatcher] battle_0star.png -> max conf: -0.091 (needs 0.5, optimal scale: 1.00x)
[SILENT_LOG] [TemplateMatcher] battle_3star.png -> max conf: 0.143 (needs 0.5, optimal scale: 1.00x)
[SILENT_LOG] [TemplateMatcher] battle_2star.png -> max conf: 0.269 (needs 0.5, optimal scale: 1.00x)
[SILENT_LOG] [TemplateMatcher] battle_0star.png -> max conf: -0.091 (needs 0.5, optimal scale: 1.00x)
[SILENT_LOG] [TemplateMatcher] battle_0star.png -> max conf: -0.091 (needs 0.5, optimal scale: 1.00x)
[TemplateMatcher] pause_gear.png -> max conf: 0.612 (needs 0.7, optimal scale: 1.10x)
[DEBUG] 未匹配 [pause_gear] (要求阈值 0.7)
[TemplateMatcher] start_action.png -> max conf: 0.103 (needs 0.43, optimal scale: 0.80x)
[DEBUG] 未匹配 [start_action] (要求阈值 0.43)
[TemplateMatcher] practice.png -> max conf: 0.687 (needs 0.5, optimal scale: 0.80x)
[RESET] 找到 [practice] (置信度 0.69 >= 0.5)，点击 (935, 660)
[RESET] 点击演习按钮
[SILENT_LOG] [TemplateMatcher] battle_3star.png -> max conf: 0.143 (needs 0.5, optimal scale: 1.00x)
[SILENT_LOG] [TemplateMatcher] battle_2star.png -> max conf: 0.269 (needs 0.5, optimal scale: 1.00x)
[SILENT_LOG] [TemplateMatcher] battle_0star.png -> max conf: -0.091 (needs 0.5, optimal scale: 1.00x)
[SILENT_LOG] [TemplateMatcher] battle_0star.png -> max conf: -0.091 (needs 0.5, optimal scale: 1.00x)
[SILENT_LOG] [TemplateMatcher] battle_3star.png -> max conf: 0.135 (needs 0.5, optimal scale: 1.00x)
[SILENT_LOG] [TemplateMatcher] battle_2star.png -> max conf: 0.202 (needs 0.5, optimal scale: 1.00x)
[SILENT_LOG] [TemplateMatcher] battle_0star.png -> max conf: 0.005 (needs 0.5, optimal scale: 1.00x)
[SILENT_LOG] [TemplateMatcher] battle_0star.png -> max conf: 0.005 (needs 0.5, optimal scale: 1.00x)
[SILENT_LOG] [TemplateMatcher] battle_3star.png -> max conf: 0.169 (needs 0.5, optimal scale: 1.00x)
[SILENT_LOG] [TemplateMatcher] battle_2star.png -> max conf: 0.272 (needs 0.5, optimal scale: 1.00x)
[SILENT_LOG] [TemplateMatcher] battle_0star.png -> max conf: 0.027 (needs 0.5, optimal scale: 1.00x)
[SILENT_LOG] [TemplateMatcher] battle_0star.png -> max conf: 0.027 (needs 0.5, optimal scale: 1.00x)
[SILENT_LOG] [TemplateMatcher] battle_3star.png -> max conf: 0.169 (needs 0.5, optimal scale: 1.00x)
[SILENT_LOG] [TemplateMatcher] battle_2star.png -> max conf: 0.272 (needs 0.5, optimal scale: 1.00x)
[SILENT_LOG] [TemplateMatcher] battle_0star.png -> max conf: 0.027 (needs 0.5, optimal scale: 1.00x)
[SILENT_LOG] [TemplateMatcher] battle_0star.png -> max conf: 0.027 (needs 0.5, optimal scale: 1.00x)
[TemplateMatcher] pause_gear.png -> max conf: 0.470 (needs 0.7, optimal scale: 1.05x)
[DEBUG] 未匹配 [pause_gear] (要求阈值 0.7)
[TemplateMatcher] start_action.png -> max conf: 0.431 (needs 0.43, optimal scale: 0.80x)
[RESET] 找到 [start_action] (置信度 0.43 >= 0.43)，点击 (1101, 516)
[RESET] 点击开始行动，进入加载...
[SILENT_LOG] [TemplateMatcher] battle_3star.png -> max conf: 0.169 (needs 0.5, optimal scale: 1.00x)
[SILENT_LOG] [TemplateMatcher] battle_2star.png -> max conf: 0.272 (needs 0.5, optimal scale: 1.00x)
[SILENT_LOG] [TemplateMatcher] battle_0star.png -> max conf: 0.027 (needs 0.5, optimal scale: 1.00x)
[SILENT_LOG] [TemplateMatcher] battle_0star.png -> max conf: 0.027 (needs 0.5, optimal scale: 1.00x)
[SILENT_LOG] [TemplateMatcher] battle_3star.png -> max conf: 0.169 (needs 0.5, optimal scale: 1.00x)
[SILENT_LOG] [TemplateMatcher] battle_2star.png -> max conf: 0.272 (needs 0.5, optimal scale: 1.00x)
[SILENT_LOG] [TemplateMatcher] battle_0star.png -> max conf: 0.027 (needs 0.5, optimal scale: 1.00x)
[SILENT_LOG] [TemplateMatcher] battle_0star.png -> max conf: 0.027 (needs 0.5, optimal scale: 1.00x)
[SILENT_LOG] [TemplateMatcher] battle_3star.png -> max conf: 0.000 (needs 0.5, optimal scale: 1.00x)
[SILENT_LOG] [TemplateMatcher] battle_2star.png -> max conf: 0.000 (needs 0.5, optimal scale: 1.00x)
[SILENT_LOG] [TemplateMatcher] battle_0star.png -> max conf: 0.000 (needs 0.5, optimal scale: 1.00x)
[SILENT_LOG] [TemplateMatcher] battle_0star.png -> max conf: 0.000 (needs 0.5, optimal scale: 1.00x)
[SILENT_LOG] [TemplateMatcher] battle_3star.png -> max conf: 0.000 (needs 0.5, optimal scale: 1.00x)
[SILENT_LOG] [TemplateMatcher] battle_2star.png -> max conf: 0.000 (needs 0.5, optimal scale: 1.00x)
[SILENT_LOG] [TemplateMatcher] battle_0star.png -> max conf: 0.000 (needs 0.5, optimal scale: 1.00x)
[SILENT_LOG] [TemplateMatcher] battle_0star.png -> max conf: 0.000 (needs 0.5, optimal scale: 1.00x)
[SILENT_LOG] [TemplateMatcher] battle_3star.png -> max conf: 0.000 (needs 0.5, optimal scale: 1.00x)
[SILENT_LOG] [TemplateMatcher] battle_2star.png -> max conf: 0.000 (needs 0.5, optimal scale: 1.00x)
[SILENT_LOG] [TemplateMatcher] battle_0star.png -> max conf: 0.000 (needs 0.5, optimal scale: 1.00x)
[SILENT_LOG] [TemplateMatcher] battle_0star.png -> max conf: 0.000 (needs 0.5, optimal scale: 1.00x)
[SILENT_LOG] [TemplateMatcher] battle_3star.png -> max conf: 0.000 (needs 0.5, optimal scale: 1.00x)
[SILENT_LOG] [TemplateMatcher] battle_2star.png -> max conf: 0.000 (needs 0.5, optimal scale: 1.00x)
[SILENT_LOG] [TemplateMatcher] battle_0star.png -> max conf: 0.000 (needs 0.5, optimal scale: 1.00x)
[SILENT_LOG] [TemplateMatcher] battle_0star.png -> max conf: 0.000 (needs 0.5, optimal scale: 1.00x)
[SILENT_LOG] [TemplateMatcher] battle_3star.png -> max conf: 0.000 (needs 0.5, optimal scale: 1.00x)
[SILENT_LOG] [TemplateMatcher] battle_2star.png -> max conf: 0.000 (needs 0.5, optimal scale: 1.00x)
[SILENT_LOG] [TemplateMatcher] battle_0star.png -> max conf: 0.000 (needs 0.5, optimal scale: 1.00x)
[SILENT_LOG] [TemplateMatcher] battle_0star.png -> max conf: 0.000 (needs 0.5, optimal scale: 1.00x)
[SILENT_LOG] [TemplateMatcher] battle_3star.png -> max conf: 0.000 (needs 0.5, optimal scale: 1.00x)
[SILENT_LOG] [TemplateMatcher] battle_2star.png -> max conf: 0.000 (needs 0.5, optimal scale: 1.00x)
[SILENT_LOG] [TemplateMatcher] battle_0star.png -> max conf: 0.000 (needs 0.5, optimal scale: 1.00x)
[SILENT_LOG] [TemplateMatcher] battle_0star.png -> max conf: 0.000 (needs 0.5, optimal scale: 1.00x)
[SILENT_LOG] [TemplateMatcher] battle_3star.png -> max conf: 0.000 (needs 0.5, optimal scale: 1.00x)
[SILENT_LOG] [TemplateMatcher] battle_2star.png -> max conf: 0.000 (needs 0.5, optimal scale: 1.00x)
[SILENT_LOG] [TemplateMatcher] battle_0star.png -> max conf: 0.000 (needs 0.5, optimal scale: 1.00x)
[SILENT_LOG] [TemplateMatcher] battle_0star.png -> max conf: 0.000 (needs 0.5, optimal scale: 1.00x)
[SILENT_LOG] [TemplateMatcher] battle_3star.png -> max conf: 0.000 (needs 0.5, optimal scale: 1.00x)
[TemplateMatcher] pause_gear.png -> max conf: 0.000 (needs 0.7, optimal scale: 0.80x)
[DEBUG] 未匹配 [pause_gear] (要求阈值 0.7)
[SILENT_LOG] [TemplateMatcher] battle_2star.png -> max conf: 0.000 (needs 0.5, optimal scale: 1.00x)
[SILENT_LOG] [TemplateMatcher] battle_0star.png -> max conf: 0.000 (needs 0.5, optimal scale: 1.00x)
[SILENT_LOG] [TemplateMatcher] battle_0star.png -> max conf: 0.000 (needs 0.5, optimal scale: 1.00x)
[TemplateMatcher] start_action.png -> max conf: 0.000 (needs 0.43, optimal scale: 0.80x)
[DEBUG] 未匹配 [start_action] (要求阈值 0.43)
[TemplateMatcher] practice.png -> max conf: 0.000 (needs 0.5, optimal scale: 0.80x)
[DEBUG] 未匹配 [practice] (要求阈值 0.5)
[TemplateMatcher] stage_1_7.png -> max conf: 0.000 (needs 0.5, optimal scale: 0.80x)
[DEBUG] 未匹配 [stage_1_7] (要求阈值 0.5)
[RESET] 尝试跳过动画/寻找入口... (尝试 11/100)
[SILENT_LOG] [TemplateMatcher] battle_3star.png -> max conf: 0.000 (needs 0.5, optimal scale: 1.00x)
[SILENT_LOG] [TemplateMatcher] battle_2star.png -> max conf: 0.000 (needs 0.5, optimal scale: 1.00x)
[SILENT_LOG] [TemplateMatcher] battle_0star.png -> max conf: 0.000 (needs 0.5, optimal scale: 1.00x)
[SILENT_LOG] [TemplateMatcher] battle_0star.png -> max conf: 0.000 (needs 0.5, optimal scale: 1.00x)
[SILENT_LOG] [TemplateMatcher] battle_3star.png -> max conf: 0.000 (needs 0.5, optimal scale: 1.00x)
[SILENT_LOG] [TemplateMatcher] battle_2star.png -> max conf: 0.000 (needs 0.5, optimal scale: 1.00x)
[SILENT_LOG] [TemplateMatcher] battle_0star.png -> max conf: 0.000 (needs 0.5, optimal scale: 1.00x)
[SILENT_LOG] [TemplateMatcher] battle_0star.png -> max conf: 0.000 (needs 0.5, optimal scale: 1.00x)
[SILENT_LOG] [TemplateMatcher] battle_3star.png -> max conf: 0.000 (needs 0.5, optimal scale: 1.00x)
[SILENT_LOG] [TemplateMatcher] battle_2star.png -> max conf: 0.000 (needs 0.5, optimal scale: 1.00x)
[SILENT_LOG] [TemplateMatcher] battle_0star.png -> max conf: 0.000 (needs 0.5, optimal scale: 1.00x)
[SILENT_LOG] [TemplateMatcher] battle_0star.png -> max conf: 0.000 (needs 0.5, optimal scale: 1.00x)
[TemplateMatcher] pause_gear.png -> max conf: 0.000 (needs 0.7, optimal scale: 0.80x)
[DEBUG] 未匹配 [pause_gear] (要求阈值 0.7)
[TemplateMatcher] start_action.png -> max conf: 0.000 (needs 0.43, optimal scale: 0.80x)
[DEBUG] 未匹配 [start_action] (要求阈值 0.43)
[TemplateMatcher] practice.png -> max conf: 0.000 (needs 0.5, optimal scale: 0.80x)
[DEBUG] 未匹配 [practice] (要求阈值 0.5)
[TemplateMatcher] stage_1_7.png -> max conf: 0.000 (needs 0.5, optimal scale: 0.80x)
[DEBUG] 未匹配 [stage_1_7] (要求阈值 0.5)
[RESET] 尝试跳过动画/寻找入口... (尝试 12/100)
[SILENT_LOG] [TemplateMatcher] battle_3star.png -> max conf: 0.000 (needs 0.5, optimal scale: 1.00x)
[SILENT_LOG] [TemplateMatcher] battle_2star.png -> max conf: 0.000 (needs 0.5, optimal scale: 1.00x)
[SILENT_LOG] [TemplateMatcher] battle_0star.png -> max conf: 0.000 (needs 0.5, optimal scale: 1.00x)
[SILENT_LOG] [TemplateMatcher] battle_0star.png -> max conf: 0.000 (needs 0.5, optimal scale: 1.00x)
[SILENT_LOG] [TemplateMatcher] battle_3star.png -> max conf: 0.000 (needs 0.5, optimal scale: 1.00x)
[SILENT_LOG] [TemplateMatcher] battle_2star.png -> max conf: 0.000 (needs 0.5, optimal scale: 1.00x)
[SILENT_LOG] [TemplateMatcher] battle_0star.png -> max conf: 0.000 (needs 0.5, optimal scale: 1.00x)
[SILENT_LOG] [TemplateMatcher] battle_0star.png -> max conf: 0.000 (needs 0.5, optimal scale: 1.00x)
[SILENT_LOG] [TemplateMatcher] battle_3star.png -> max conf: 0.263 (needs 0.5, optimal scale: 1.00x)
[SILENT_LOG] [TemplateMatcher] battle_2star.png -> max conf: -0.127 (needs 0.5, optimal scale: 1.00x)
[SILENT_LOG] [TemplateMatcher] battle_0star.png -> max conf: 0.319 (needs 0.5, optimal scale: 1.00x)
[SILENT_LOG] [TemplateMatcher] battle_0star.png -> max conf: 0.319 (needs 0.5, optimal scale: 1.00x)
[TemplateMatcher] pause_gear.png -> max conf: 0.511 (needs 0.7, optimal scale: 1.20x)
[DEBUG] 未匹配 [pause_gear] (要求阈值 0.7)
[SILENT_LOG] [TemplateMatcher] battle_3star.png -> max conf: 0.263 (needs 0.5, optimal scale: 1.00x)
[SILENT_LOG] [TemplateMatcher] battle_2star.png -> max conf: -0.127 (needs 0.5, optimal scale: 1.00x)
[SILENT_LOG] [TemplateMatcher] battle_0star.png -> max conf: 0.319 (needs 0.5, optimal scale: 1.00x)
[SILENT_LOG] [TemplateMatcher] battle_0star.png -> max conf: 0.319 (needs 0.5, optimal scale: 1.00x)
[TemplateMatcher] start_action.png -> max conf: -0.052 (needs 0.43, optimal scale: 0.80x)
[DEBUG] 未匹配 [start_action] (要求阈值 0.43)
[TemplateMatcher] practice.png -> max conf: 0.379 (needs 0.5, optimal scale: 0.90x)
[DEBUG] 未匹配 [practice] (要求阈值 0.5)
[TemplateMatcher] stage_1_7.png -> max conf: 0.411 (needs 0.5, optimal scale: 0.90x)
[DEBUG] 未匹配 [stage_1_7] (要求阈值 0.5)
[RESET] 尝试跳过动画/寻找入口... (尝试 13/100)
[SILENT_LOG] [TemplateMatcher] battle_3star.png -> max conf: 0.263 (needs 0.5, optimal scale: 1.00x)
[SILENT_LOG] [TemplateMatcher] battle_2star.png -> max conf: -0.127 (needs 0.5, optimal scale: 1.00x)
[SILENT_LOG] [TemplateMatcher] battle_0star.png -> max conf: 0.319 (needs 0.5, optimal scale: 1.00x)
[SILENT_LOG] [TemplateMatcher] battle_0star.png -> max conf: 0.319 (needs 0.5, optimal scale: 1.00x)
[SILENT_LOG] [TemplateMatcher] battle_3star.png -> max conf: 0.263 (needs 0.5, optimal scale: 1.00x)
[SILENT_LOG] [TemplateMatcher] battle_2star.png -> max conf: -0.127 (needs 0.5, optimal scale: 1.00x)
[SILENT_LOG] [TemplateMatcher] battle_0star.png -> max conf: 0.319 (needs 0.5, optimal scale: 1.00x)
[SILENT_LOG] [TemplateMatcher] battle_0star.png -> max conf: 0.319 (needs 0.5, optimal scale: 1.00x)
[SILENT_LOG] [TemplateMatcher] battle_3star.png -> max conf: 0.263 (needs 0.5, optimal scale: 1.00x)
[SILENT_LOG] [TemplateMatcher] battle_2star.png -> max conf: -0.127 (needs 0.5, optimal scale: 1.00x)
[SILENT_LOG] [TemplateMatcher] battle_0star.png -> max conf: 0.319 (needs 0.5, optimal scale: 1.00x)
[SILENT_LOG] [TemplateMatcher] battle_0star.png -> max conf: 0.319 (needs 0.5, optimal scale: 1.00x)
[TemplateMatcher] pause_gear.png -> max conf: 0.511 (needs 0.7, optimal scale: 1.20x)
[DEBUG] 未匹配 [pause_gear] (要求阈值 0.7)
[TemplateMatcher] start_action.png -> max conf: -0.052 (needs 0.43, optimal scale: 0.80x)
[DEBUG] 未匹配 [start_action] (要求阈值 0.43)
[TemplateMatcher] practice.png -> max conf: 0.379 (needs 0.5, optimal scale: 0.90x)
[DEBUG] 未匹配 [practice] (要求阈值 0.5)
[TemplateMatcher] stage_1_7.png -> max conf: 0.411 (needs 0.5, optimal scale: 0.90x)
[DEBUG] 未匹配 [stage_1_7] (要求阈值 0.5)
[RESET] 尝试跳过动画/寻找入口... (尝试 14/100)
[SILENT_LOG] [TemplateMatcher] battle_3star.png -> max conf: 0.263 (needs 0.5, optimal scale: 1.00x)
[SILENT_LOG] [TemplateMatcher] battle_2star.png -> max conf: -0.127 (needs 0.5, optimal scale: 1.00x)
[SILENT_LOG] [TemplateMatcher] battle_0star.png -> max conf: 0.319 (needs 0.5, optimal scale: 1.00x)
[SILENT_LOG] [TemplateMatcher] battle_0star.png -> max conf: 0.319 (needs 0.5, optimal scale: 1.00x)
[SILENT_LOG] [TemplateMatcher] battle_3star.png -> max conf: 0.039 (needs 0.5, optimal scale: 1.00x)
[SILENT_LOG] [TemplateMatcher] battle_2star.png -> max conf: 0.004 (needs 0.5, optimal scale: 1.00x)
[SILENT_LOG] [TemplateMatcher] battle_0star.png -> max conf: 0.069 (needs 0.5, optimal scale: 1.00x)
[SILENT_LOG] [TemplateMatcher] battle_0star.png -> max conf: 0.069 (needs 0.5, optimal scale: 1.00x)
[SILENT_LOG] [TemplateMatcher] battle_3star.png -> max conf: 0.039 (needs 0.5, optimal scale: 1.00x)
[SILENT_LOG] [TemplateMatcher] battle_2star.png -> max conf: 0.004 (needs 0.5, optimal scale: 1.00x)
[SILENT_LOG] [TemplateMatcher] battle_0star.png -> max conf: 0.069 (needs 0.5, optimal scale: 1.00x)
[SILENT_LOG] [TemplateMatcher] battle_0star.png -> max conf: 0.069 (needs 0.5, optimal scale: 1.00x)
[TemplateMatcher] pause_gear.png -> max conf: 0.215 (needs 0.7, optimal scale: 1.20x)
[DEBUG] 未匹配 [pause_gear] (要求阈值 0.7)
[TemplateMatcher] start_action.png -> max conf: 0.210 (needs 0.43, optimal scale: 0.80x)
[DEBUG] 未匹配 [start_action] (要求阈值 0.43)
[TemplateMatcher] practice.png -> max conf: 0.373 (needs 0.5, optimal scale: 0.80x)
[DEBUG] 未匹配 [practice] (要求阈值 0.5)
[SILENT_LOG] [TemplateMatcher] battle_3star.png -> max conf: 0.039 (needs 0.5, optimal scale: 1.00x)
[SILENT_LOG] [TemplateMatcher] battle_2star.png -> max conf: 0.004 (needs 0.5, optimal scale: 1.00x)
[SILENT_LOG] [TemplateMatcher] battle_0star.png -> max conf: 0.069 (needs 0.5, optimal scale: 1.00x)
[SILENT_LOG] [TemplateMatcher] battle_0star.png -> max conf: 0.069 (needs 0.5, optimal scale: 1.00x)
[TemplateMatcher] stage_1_7.png -> max conf: 0.271 (needs 0.5, optimal scale: 0.80x)
[DEBUG] 未匹配 [stage_1_7] (要求阈值 0.5)
[RESET] 尝试跳过动画/寻找入口... (尝试 15/100)
[SILENT_LOG] [TemplateMatcher] battle_3star.png -> max conf: 0.039 (needs 0.5, optimal scale: 1.00x)
[SILENT_LOG] [TemplateMatcher] battle_2star.png -> max conf: 0.004 (needs 0.5, optimal scale: 1.00x)
[SILENT_LOG] [TemplateMatcher] battle_0star.png -> max conf: 0.069 (needs 0.5, optimal scale: 1.00x)
[SILENT_LOG] [TemplateMatcher] battle_0star.png -> max conf: 0.069 (needs 0.5, optimal scale: 1.00x)
[SILENT_LOG] [TemplateMatcher] battle_3star.png -> max conf: 0.039 (needs 0.5, optimal scale: 1.00x)
[SILENT_LOG] [TemplateMatcher] battle_2star.png -> max conf: 0.004 (needs 0.5, optimal scale: 1.00x)
[SILENT_LOG] [TemplateMatcher] battle_0star.png -> max conf: 0.069 (needs 0.5, optimal scale: 1.00x)
[SILENT_LOG] [TemplateMatcher] battle_0star.png -> max conf: 0.069 (needs 0.5, optimal scale: 1.00x)
[TemplateMatcher] pause_gear.png -> max conf: 0.211 (needs 0.7, optimal scale: 1.05x)
[DEBUG] 未匹配 [pause_gear] (要求阈值 0.7)
[SILENT_LOG] [TemplateMatcher] battle_3star.png -> max conf: 0.012 (needs 0.5, optimal scale: 1.00x)
[SILENT_LOG] [TemplateMatcher] battle_2star.png -> max conf: -0.094 (needs 0.5, optimal scale: 1.00x)
[SILENT_LOG] [TemplateMatcher] battle_0star.png -> max conf: 0.069 (needs 0.5, optimal scale: 1.00x)
[SILENT_LOG] [TemplateMatcher] battle_0star.png -> max conf: 0.069 (needs 0.5, optimal scale: 1.00x)
[TemplateMatcher] start_action.png -> max conf: 0.187 (needs 0.43, optimal scale: 0.80x)
[DEBUG] 未匹配 [start_action] (要求阈值 0.43)
[TemplateMatcher] practice.png -> max conf: 0.297 (needs 0.5, optimal scale: 0.80x)
[DEBUG] 未匹配 [practice] (要求阈值 0.5)
[TemplateMatcher] stage_1_7.png -> max conf: 0.277 (needs 0.5, optimal scale: 0.85x)
[DEBUG] 未匹配 [stage_1_7] (要求阈值 0.5)
[RESET] 尝试跳过动画/寻找入口... (尝试 16/100)
[SILENT_LOG] [TemplateMatcher] battle_3star.png -> max conf: 0.012 (needs 0.5, optimal scale: 1.00x)
[SILENT_LOG] [TemplateMatcher] battle_2star.png -> max conf: -0.094 (needs 0.5, optimal scale: 1.00x)
[SILENT_LOG] [TemplateMatcher] battle_0star.png -> max conf: 0.069 (needs 0.5, optimal scale: 1.00x)
[SILENT_LOG] [TemplateMatcher] battle_0star.png -> max conf: 0.069 (needs 0.5, optimal scale: 1.00x)
[SILENT_LOG] [TemplateMatcher] battle_3star.png -> max conf: 0.012 (needs 0.5, optimal scale: 1.00x)
[SILENT_LOG] [TemplateMatcher] battle_2star.png -> max conf: -0.094 (needs 0.5, optimal scale: 1.00x)
[SILENT_LOG] [TemplateMatcher] battle_0star.png -> max conf: 0.069 (needs 0.5, optimal scale: 1.00x)
[SILENT_LOG] [TemplateMatcher] battle_0star.png -> max conf: 0.069 (needs 0.5, optimal scale: 1.00x)
[SILENT_LOG] [TemplateMatcher] battle_3star.png -> max conf: 0.163 (needs 0.5, optimal scale: 1.00x)
[SILENT_LOG] [TemplateMatcher] battle_2star.png -> max conf: 0.174 (needs 0.5, optimal scale: 1.00x)
[SILENT_LOG] [TemplateMatcher] battle_0star.png -> max conf: 0.077 (needs 0.5, optimal scale: 1.00x)
[SILENT_LOG] [TemplateMatcher] battle_0star.png -> max conf: 0.077 (needs 0.5, optimal scale: 1.00x)
[TemplateMatcher] pause_gear.png -> max conf: 0.826 (needs 0.7, optimal scale: 0.80x)
[RESET] 找到 [pause_gear] (置信度 0.83 >= 0.7)，(仅检测，不点击)
[RESET] ✅ 检测到战斗画面右上角齿轮，重启成功！
[SILENT_LOG] [TemplateMatcher] battle_3star.png -> max conf: 0.156 (needs 0.5, optimal scale: 1.00x)
[SILENT_LOG] [TemplateMatcher] battle_2star.png -> max conf: 0.127 (needs 0.5, optimal scale: 1.00x)
[SILENT_LOG] [TemplateMatcher] battle_0star.png -> max conf: 0.084 (needs 0.5, optimal scale: 1.00x)
[SILENT_LOG] [TemplateMatcher] battle_0star.png -> max conf: 0.084 (needs 0.5, optimal scale: 1.00x)
[SILENT_LOG] [TemplateMatcher] battle_3star.png -> max conf: 0.157 (needs 0.5, optimal scale: 1.00x)
[SILENT_LOG] [TemplateMatcher] battle_2star.png -> max conf: 0.173 (needs 0.5, optimal scale: 1.00x)
[SILENT_LOG] [TemplateMatcher] battle_0star.png -> max conf: 0.073 (needs 0.5, optimal scale: 1.00x)
[SILENT_LOG] [TemplateMatcher] battle_0star.png -> max conf: 0.073 (needs 0.5, optimal scale: 1.00x)
[SILENT_LOG] [TemplateMatcher] battle_3star.png -> max conf: 0.157 (needs 0.5, optimal scale: 1.00x)
[SILENT_LOG] [TemplateMatcher] battle_2star.png -> max conf: 0.173 (needs 0.5, optimal scale: 1.00x)
[SILENT_LOG] [TemplateMatcher] battle_0star.png -> max conf: 0.074 (needs 0.5, optimal scale: 1.00x)
[SILENT_LOG] [TemplateMatcher] battle_0star.png -> max conf: 0.074 (needs 0.5, optimal scale: 1.00x)
[SILENT_LOG] [TemplateMatcher] battle_3star.png -> max conf: 0.157 (needs 0.5, optimal scale: 1.00x)
[SILENT_LOG] [TemplateMatcher] battle_2star.png -> max conf: 0.174 (needs 0.5, optimal scale: 1.00x)
[SILENT_LOG] [TemplateMatcher] battle_0star.png -> max conf: 0.075 (needs 0.5, optimal scale: 1.00x)
[SILENT_LOG] [TemplateMatcher] battle_0star.png -> max conf: 0.075 (needs 0.5, optimal scale: 1.00x)
[SILENT_LOG] [TemplateMatcher] battle_3star.png -> max conf: 0.158 (needs 0.5, optimal scale: 1.00x)
[SILENT_LOG] [TemplateMatcher] battle_2star.png -> max conf: 0.173 (needs 0.5, optimal scale: 1.00x)
[SILENT_LOG] [TemplateMatcher] battle_0star.png -> max conf: 0.074 (needs 0.5, optimal scale: 1.00x)
[SILENT_LOG] [TemplateMatcher] battle_0star.png -> max conf: 0.074 (needs 0.5, optimal scale: 1.00x)
[SILENT_LOG] [TemplateMatcher] battle_3star.png -> max conf: 0.155 (needs 0.5, optimal scale: 1.00x)
[SILENT_LOG] [TemplateMatcher] battle_2star.png -> max conf: 0.169 (needs 0.5, optimal scale: 1.00x)
[SILENT_LOG] [TemplateMatcher] battle_0star.png -> max conf: 0.077 (needs 0.5, optimal scale: 1.00x)
[SILENT_LOG] [TemplateMatcher] battle_0star.png -> max conf: 0.077 (needs 0.5, optimal scale: 1.00x)
[SILENT_LOG] [TemplateMatcher] battle_3star.png -> max conf: 0.157 (needs 0.5, optimal scale: 1.00x)
[SILENT_LOG] [TemplateMatcher] battle_2star.png -> max conf: 0.181 (needs 0.5, optimal scale: 1.00x)
[SILENT_LOG] [TemplateMatcher] battle_0star.png -> max conf: 0.070 (needs 0.5, optimal scale: 1.00x)
[SILENT_LOG] [TemplateMatcher] battle_0star.png -> max conf: 0.070 (needs 0.5, optimal scale: 1.00x)
================= 关卡重启流程结束 =================

--> [回合结束] 第 1 回合 | 奖励: 7.6 | 步数: 68

[STEP 1] 开始执行动作...
[SILENT_LOG] [TemplateMatcher] battle_3star.png -> max conf: 0.156 (needs 0.5, optimal scale: 1.00x)
[SILENT_LOG] [TemplateMatcher] battle_2star.png -> max conf: 0.176 (needs 0.5, optimal scale: 1.00x)
[SILENT_LOG] [TemplateMatcher] battle_0star.png -> max conf: 0.072 (needs 0.5, optimal scale: 1.00x)
[SILENT_LOG] [TemplateMatcher] battle_0star.png -> max conf: 0.072 (needs 0.5, optimal scale: 1.00x)
[ACTION] AI决定: 选卡 8 -> 放入网格(6,0) -> 朝向 2
         坐标映射: 拖拽从(1015,650)至(800,190) -> 方向滑动至(650,190)
[SILENT_LOG] [TemplateMatcher] battle_3star.png -> max conf: 0.204 (needs 0.5, optimal scale: 1.00x)
[SILENT_LOG] [TemplateMatcher] battle_2star.png -> max conf: -0.092 (needs 0.5, optimal scale: 1.00x)
[SILENT_LOG] [TemplateMatcher] battle_0star.png -> max conf: 0.203 (needs 0.5, optimal scale: 1.00x)
[SILENT_LOG] [TemplateMatcher] battle_0star.png -> max conf: 0.203 (needs 0.5, optimal scale: 1.00x)
[ACTION] ✅ CV校验通过！网格(6,0)具有高亮绿色(像素:425)，准许拖拽。
[SILENT_LOG] [TemplateMatcher] battle_3star.png -> max conf: 0.204 (needs 0.5, optimal scale: 1.00x)
[SILENT_LOG] [TemplateMatcher] battle_2star.png -> max conf: -0.092 (needs 0.5, optimal scale: 1.00x)
[SILENT_LOG] [TemplateMatcher] battle_0star.png -> max conf: 0.203 (needs 0.5, optimal scale: 1.00x)
[SILENT_LOG] [TemplateMatcher] battle_0star.png -> max conf: 0.203 (needs 0.5, optimal scale: 1.00x)
[REWARD] 动作已执行，开始 3 次心跳检测 (间隔 0.2s)...
[SILENT_LOG] [TemplateMatcher] battle_3star.png -> max conf: 0.204 (needs 0.5, optimal scale: 1.00x)
[SILENT_LOG] [TemplateMatcher] battle_2star.png -> max conf: -0.092 (needs 0.5, optimal scale: 1.00x)
[SILENT_LOG] [TemplateMatcher] battle_0star.png -> max conf: 0.203 (needs 0.5, optimal scale: 1.00x)
[SILENT_LOG] [TemplateMatcher] battle_0star.png -> max conf: 0.203 (needs 0.5, optimal scale: 1.00x)
[REWARD] ❌ 第 1 次未检测到目标血条...
[SILENT_LOG] [TemplateMatcher] battle_3star.png -> max conf: 0.157 (needs 0.5, optimal scale: 1.00x)
[SILENT_LOG] [TemplateMatcher] battle_2star.png -> max conf: 0.174 (needs 0.5, optimal scale: 1.00x)
[SILENT_LOG] [TemplateMatcher] battle_0star.png -> max conf: 0.074 (needs 0.5, optimal scale: 1.00x)
[SILENT_LOG] [TemplateMatcher] battle_0star.png -> max conf: 0.074 (needs 0.5, optimal scale: 1.00x)
[REWARD] ❌ 第 2 次未检测到目标血条...
[SILENT_LOG] [TemplateMatcher] battle_3star.png -> max conf: 0.140 (needs 0.5, optimal scale: 1.00x)
[SILENT_LOG] [TemplateMatcher] battle_2star.png -> max conf: 0.174 (needs 0.5, optimal scale: 1.00x)
[SILENT_LOG] [TemplateMatcher] battle_0star.png -> max conf: 0.060 (needs 0.5, optimal scale: 1.00x)
[SILENT_LOG] [TemplateMatcher] battle_0star.png -> max conf: 0.060 (needs 0.5, optimal scale: 1.00x)
[REWARD] ❌ 第 3 次未检测到目标血条...
[REWARD] 执行前血条数: 0 -> 最终确认血条数: 0
[REWARD] 部署失败，计算前后帧 MSE (均方误差) = 105.24
[REWARD] 画面未发生明显变化(非法部署)。奖励 -0.5 (连续无作为: 1次)
[SILENT_LOG] [TemplateMatcher] battle_3star.png -> max conf: 0.155 (needs 0.5, optimal scale: 1.00x)
[SILENT_LOG] [TemplateMatcher] battle_2star.png -> max conf: 0.163 (needs 0.5, optimal scale: 1.00x)
[SILENT_LOG] [TemplateMatcher] battle_0star.png -> max conf: 0.075 (needs 0.5, optimal scale: 1.00x)
[SILENT_LOG] [TemplateMatcher] battle_0star.png -> max conf: 0.075 (needs 0.5, optimal scale: 1.00x)
[TemplateMatcher] pause_gear.png -> max conf: 0.908 (needs 0.5, optimal scale: 0.80x)

[STEP 2] 开始执行动作...
[SILENT_LOG] [TemplateMatcher] battle_3star.png -> max conf: 0.155 (needs 0.5, optimal scale: 1.00x)
[SILENT_LOG] [TemplateMatcher] battle_2star.png -> max conf: 0.176 (needs 0.5, optimal scale: 1.00x)
[SILENT_LOG] [TemplateMatcher] battle_0star.png -> max conf: 0.071 (needs 0.5, optimal scale: 1.00x)
[SILENT_LOG] [TemplateMatcher] battle_0star.png -> max conf: 0.071 (needs 0.5, optimal scale: 1.00x)
[ACTION] AI决定: 选卡 9 -> 放入网格(8,0) -> 朝向 3
         坐标映射: 拖拽从(1105,650)至(1000,190) -> 方向滑动至(1150,190)
[ACTION] ⛔ Fast-Fail! 目标网格(8,0)非绿色高亮(绿像素:0)。取消拖拽。
[SILENT_LOG] [TemplateMatcher] battle_3star.png -> max conf: 0.221 (needs 0.5, optimal scale: 1.00x)
[SILENT_LOG] [TemplateMatcher] battle_2star.png -> max conf: 0.022 (needs 0.5, optimal scale: 1.00x)
[SILENT_LOG] [TemplateMatcher] battle_0star.png -> max conf: 0.174 (needs 0.5, optimal scale: 1.00x)
[SILENT_LOG] [TemplateMatcher] battle_0star.png -> max conf: 0.174 (needs 0.5, optimal scale: 1.00x)
[REWARD] 执行前血条数: 0 -> 最终确认血条数: 0
[REWARD] ⛔ 非法区域/无费用，已被 CV 阻断。奖励 -0.5 (连续无作为: 2次)
[SILENT_LOG] [TemplateMatcher] battle_3star.png -> max conf: 0.157 (needs 0.5, optimal scale: 1.00x)
[SILENT_LOG] [TemplateMatcher] battle_2star.png -> max conf: 0.174 (needs 0.5, optimal scale: 1.00x)
[SILENT_LOG] [TemplateMatcher] battle_0star.png -> max conf: 0.074 (needs 0.5, optimal scale: 1.00x)
[SILENT_LOG] [TemplateMatcher] battle_0star.png -> max conf: 0.074 (needs 0.5, optimal scale: 1.00x)
[TemplateMatcher] pause_gear.png -> max conf: 0.910 (needs 0.5, optimal scale: 0.80x)

[STEP 3] 开始执行动作...
[ACTION] AI决定: 选卡 3 -> 放入网格(7,2) -> 朝向 1
         坐标映射: 拖拽从(565,650)至(900,350) -> 方向滑动至(900,500)
[SILENT_LOG] [TemplateMatcher] battle_3star.png -> max conf: 0.195 (needs 0.5, optimal scale: 1.00x)
[SILENT_LOG] [TemplateMatcher] battle_2star.png -> max conf: -0.130 (needs 0.5, optimal scale: 1.00x)
[SILENT_LOG] [TemplateMatcher] battle_0star.png -> max conf: 0.228 (needs 0.5, optimal scale: 1.00x)
[SILENT_LOG] [TemplateMatcher] battle_0star.png -> max conf: 0.228 (needs 0.5, optimal scale: 1.00x)
[ACTION] ✅ CV校验通过！网格(7,2)具有高亮绿色(像素:562)，准许拖拽。
[SILENT_LOG] [TemplateMatcher] battle_3star.png -> max conf: 0.207 (needs 0.5, optimal scale: 1.00x)
[SILENT_LOG] [TemplateMatcher] battle_2star.png -> max conf: -0.022 (needs 0.5, optimal scale: 1.00x)
[SILENT_LOG] [TemplateMatcher] battle_0star.png -> max conf: 0.227 (needs 0.5, optimal scale: 1.00x)
[SILENT_LOG] [TemplateMatcher] battle_0star.png -> max conf: 0.227 (needs 0.5, optimal scale: 1.00x)
[REWARD] 动作已执行，开始 3 次心跳检测 (间隔 0.2s)...
[SILENT_LOG] [TemplateMatcher] battle_3star.png -> max conf: 0.158 (needs 0.5, optimal scale: 1.00x)
[SILENT_LOG] [TemplateMatcher] battle_2star.png -> max conf: 0.169 (needs 0.5, optimal scale: 1.00x)
[SILENT_LOG] [TemplateMatcher] battle_0star.png -> max conf: 0.077 (needs 0.5, optimal scale: 1.00x)
[SILENT_LOG] [TemplateMatcher] battle_0star.png -> max conf: 0.077 (needs 0.5, optimal scale: 1.00x)
[REWARD] ❌ 第 1 次未检测到目标血条...
[SILENT_LOG] [TemplateMatcher] battle_3star.png -> max conf: 0.159 (needs 0.5, optimal scale: 1.00x)
[SILENT_LOG] [TemplateMatcher] battle_2star.png -> max conf: 0.177 (needs 0.5, optimal scale: 1.00x)
[SILENT_LOG] [TemplateMatcher] battle_0star.png -> max conf: 0.078 (needs 0.5, optimal scale: 1.00x)
[SILENT_LOG] [TemplateMatcher] battle_0star.png -> max conf: 0.078 (needs 0.5, optimal scale: 1.00x)
[REWARD] ❌ 第 2 次未检测到目标血条...
[SILENT_LOG] [TemplateMatcher] battle_3star.png -> max conf: 0.156 (needs 0.5, optimal scale: 1.00x)
[SILENT_LOG] [TemplateMatcher] battle_2star.png -> max conf: 0.172 (needs 0.5, optimal scale: 1.00x)
[SILENT_LOG] [TemplateMatcher] battle_0star.png -> max conf: 0.075 (needs 0.5, optimal scale: 1.00x)
[SILENT_LOG] [TemplateMatcher] battle_0star.png -> max conf: 0.075 (needs 0.5, optimal scale: 1.00x)
[REWARD] ❌ 第 3 次未检测到目标血条...
[REWARD] 执行前血条数: 0 -> 最终确认血条数: 0
[REWARD] 部署失败，计算前后帧 MSE (均方误差) = 141.47
[REWARD] 画面未发生明显变化(非法部署)。奖励 -0.5 (连续无作为: 3次)
[TemplateMatcher] pause_gear.png -> max conf: 0.908 (needs 0.5, optimal scale: 0.80x)

[STEP 4] 开始执行动作...
[SILENT_LOG] [TemplateMatcher] battle_3star.png -> max conf: 0.164 (needs 0.5, optimal scale: 1.00x)
[SILENT_LOG] [TemplateMatcher] battle_2star.png -> max conf: 0.114 (needs 0.5, optimal scale: 1.00x)
[SILENT_LOG] [TemplateMatcher] battle_0star.png -> max conf: 0.112 (needs 0.5, optimal scale: 1.00x)
[SILENT_LOG] [TemplateMatcher] battle_0star.png -> max conf: 0.112 (needs 0.5, optimal scale: 1.00x)
[ACTION] AI决定: 💤 挂机 (Skip / Wait for Cost) - 屏幕中上部防误触点击
[SILENT_LOG] [TemplateMatcher] battle_3star.png -> max conf: 0.155 (needs 0.5, optimal scale: 1.00x)
[SILENT_LOG] [TemplateMatcher] battle_2star.png -> max conf: 0.173 (needs 0.5, optimal scale: 1.00x)
[SILENT_LOG] [TemplateMatcher] battle_0star.png -> max conf: 0.073 (needs 0.5, optimal scale: 1.00x)
[SILENT_LOG] [TemplateMatcher] battle_0star.png -> max conf: 0.073 (needs 0.5, optimal scale: 1.00x)
[SILENT_LOG] [TemplateMatcher] battle_3star.png -> max conf: 0.134 (needs 0.5, optimal scale: 1.00x)
[SILENT_LOG] [TemplateMatcher] battle_2star.png -> max conf: 0.142 (needs 0.5, optimal scale: 1.00x)
[SILENT_LOG] [TemplateMatcher] battle_0star.png -> max conf: 0.051 (needs 0.5, optimal scale: 1.00x)
[SILENT_LOG] [TemplateMatcher] battle_0star.png -> max conf: 0.051 (needs 0.5, optimal scale: 1.00x)
[SILENT_LOG] [TemplateMatcher] battle_3star.png -> max conf: 0.153 (needs 0.5, optimal scale: 1.00x)
[SILENT_LOG] [TemplateMatcher] battle_2star.png -> max conf: 0.126 (needs 0.5, optimal scale: 1.00x)
[SILENT_LOG] [TemplateMatcher] battle_0star.png -> max conf: 0.088 (needs 0.5, optimal scale: 1.00x)
[SILENT_LOG] [TemplateMatcher] battle_0star.png -> max conf: 0.088 (needs 0.5, optimal scale: 1.00x)
[SILENT_LOG] [TemplateMatcher] battle_3star.png -> max conf: 0.164 (needs 0.5, optimal scale: 1.00x)
[SILENT_LOG] [TemplateMatcher] battle_2star.png -> max conf: 0.191 (needs 0.5, optimal scale: 1.00x)
[SILENT_LOG] [TemplateMatcher] battle_0star.png -> max conf: 0.067 (needs 0.5, optimal scale: 1.00x)
[SILENT_LOG] [TemplateMatcher] battle_0star.png -> max conf: 0.067 (needs 0.5, optimal scale: 1.00x)
[REWARD] 执行前血条数: 0 -> 最终确认血条数: 0
[REWARD] 💤 AI 主动挂机等费用，只扣除微小时间惩罚 -0.01
[TemplateMatcher] pause_gear.png -> max conf: 0.908 (needs 0.5, optimal scale: 0.80x)

[STEP 5] 开始执行动作...
[SILENT_LOG] [TemplateMatcher] battle_3star.png -> max conf: 0.145 (needs 0.5, optimal scale: 1.00x)
[SILENT_LOG] [TemplateMatcher] battle_2star.png -> max conf: 0.201 (needs 0.5, optimal scale: 1.00x)
[SILENT_LOG] [TemplateMatcher] battle_0star.png -> max conf: 0.030 (needs 0.5, optimal scale: 1.00x)
[SILENT_LOG] [TemplateMatcher] battle_0star.png -> max conf: 0.030 (needs 0.5, optimal scale: 1.00x)
[ACTION] AI决定: 选卡 5 -> 放入网格(0,3) -> 朝向 0
         坐标映射: 拖拽从(745,650)至(200,430) -> 方向滑动至(200,280)
[SILENT_LOG] [TemplateMatcher] battle_3star.png -> max conf: 0.229 (needs 0.5, optimal scale: 1.00x)
[SILENT_LOG] [TemplateMatcher] battle_2star.png -> max conf: 0.021 (needs 0.5, optimal scale: 1.00x)
[SILENT_LOG] [TemplateMatcher] battle_0star.png -> max conf: 0.214 (needs 0.5, optimal scale: 1.00x)
[SILENT_LOG] [TemplateMatcher] battle_0star.png -> max conf: 0.214 (needs 0.5, optimal scale: 1.00x)
[ACTION] ⛔ Fast-Fail! 目标网格(0,3)非绿色高亮(绿像素:0)。取消拖拽。
[REWARD] 执行前血条数: 0 -> 最终确认血条数: 0
[REWARD] ⛔ 非法区域/无费用，已被 CV 阻断。奖励 -0.5 (连续无作为: 1次)
[SILENT_LOG] [TemplateMatcher] battle_3star.png -> max conf: 0.174 (needs 0.5, optimal scale: 1.00x)
[SILENT_LOG] [TemplateMatcher] battle_2star.png -> max conf: 0.005 (needs 0.5, optimal scale: 1.00x)
[SILENT_LOG] [TemplateMatcher] battle_0star.png -> max conf: 0.172 (needs 0.5, optimal scale: 1.00x)
[SILENT_LOG] [TemplateMatcher] battle_0star.png -> max conf: 0.172 (needs 0.5, optimal scale: 1.00x)
[TemplateMatcher] pause_gear.png -> max conf: 0.908 (needs 0.5, optimal scale: 0.80x)

[STEP 6] 开始执行动作...
[ACTION] AI决定: 选卡 9 -> 放入网格(2,2) -> 朝向 2
         坐标映射: 拖拽从(1105,650)至(400,350) -> 方向滑动至(250,350)
[SILENT_LOG] [TemplateMatcher] battle_3star.png -> max conf: 0.221 (needs 0.5, optimal scale: 1.00x)
[SILENT_LOG] [TemplateMatcher] battle_2star.png -> max conf: 0.022 (needs 0.5, optimal scale: 1.00x)
[SILENT_LOG] [TemplateMatcher] battle_0star.png -> max conf: 0.174 (needs 0.5, optimal scale: 1.00x)
[SILENT_LOG] [TemplateMatcher] battle_0star.png -> max conf: 0.174 (needs 0.5, optimal scale: 1.00x)
[ACTION] ✅ CV校验通过！网格(2,2)具有高亮绿色(像素:142)，准许拖拽。
[SILENT_LOG] [TemplateMatcher] battle_3star.png -> max conf: 0.185 (needs 0.5, optimal scale: 1.00x)
[SILENT_LOG] [TemplateMatcher] battle_2star.png -> max conf: 0.042 (needs 0.5, optimal scale: 1.00x)
[SILENT_LOG] [TemplateMatcher] battle_0star.png -> max conf: 0.164 (needs 0.5, optimal scale: 1.00x)
[SILENT_LOG] [TemplateMatcher] battle_0star.png -> max conf: 0.164 (needs 0.5, optimal scale: 1.00x)
[REWARD] 动作已执行，开始 3 次心跳检测 (间隔 0.2s)...
[SILENT_LOG] [TemplateMatcher] battle_3star.png -> max conf: 0.182 (needs 0.5, optimal scale: 1.00x)
[SILENT_LOG] [TemplateMatcher] battle_2star.png -> max conf: -0.107 (needs 0.5, optimal scale: 1.00x)
[SILENT_LOG] [TemplateMatcher] battle_0star.png -> max conf: 0.158 (needs 0.5, optimal scale: 1.00x)
[SILENT_LOG] [TemplateMatcher] battle_0star.png -> max conf: 0.158 (needs 0.5, optimal scale: 1.00x)
[REWARD] ✅ 第 1 次检测命中目标干员血条！
[REWARD] 执行前血条数: 0 -> 最终确认血条数: 1
[REWARD] 🎯 完美落子！部署点靠近敌人 (距离: 133.4)，奖励 +2.0
[REWARD] ⚔️ 完美朝向！正对敌人 (角度: 225.0°)，巨额奖励 +8.0
[SILENT_LOG] [TemplateMatcher] battle_3star.png -> max conf: 0.197 (needs 0.5, optimal scale: 1.00x)
[SILENT_LOG] [TemplateMatcher] battle_2star.png -> max conf: 0.241 (needs 0.5, optimal scale: 1.00x)
[SILENT_LOG] [TemplateMatcher] battle_0star.png -> max conf: 0.006 (needs 0.5, optimal scale: 1.00x)
[SILENT_LOG] [TemplateMatcher] battle_0star.png -> max conf: 0.006 (needs 0.5, optimal scale: 1.00x)
[TemplateMatcher] pause_gear.png -> max conf: 0.908 (needs 0.5, optimal scale: 0.80x)

[STEP 7] 开始执行动作...
[ACTION] AI决定: 选卡 5 -> 放入网格(6,4) -> 朝向 0
         坐标映射: 拖拽从(745,650)至(800,510) -> 方向滑动至(800,360)
[SILENT_LOG] [TemplateMatcher] battle_3star.png -> max conf: 0.139 (needs 0.5, optimal scale: 1.00x)
[SILENT_LOG] [TemplateMatcher] battle_2star.png -> max conf: 0.172 (needs 0.5, optimal scale: 1.00x)
[SILENT_LOG] [TemplateMatcher] battle_0star.png -> max conf: 0.072 (needs 0.5, optimal scale: 1.00x)
[SILENT_LOG] [TemplateMatcher] battle_0star.png -> max conf: 0.072 (needs 0.5, optimal scale: 1.00x)
[ACTION] ⛔ Fast-Fail! 目标网格(6,4)非绿色高亮(绿像素:0)。取消拖拽。
[REWARD] 执行前血条数: 1 -> 最终确认血条数: 0
[REWARD] ⛔ 非法区域/无费用，已被 CV 阻断。奖励 -0.5 (连续无作为: 1次)
[SILENT_LOG] [TemplateMatcher] battle_3star.png -> max conf: 0.108 (needs 0.5, optimal scale: 1.00x)
[SILENT_LOG] [TemplateMatcher] battle_2star.png -> max conf: 0.293 (needs 0.5, optimal scale: 1.00x)
[SILENT_LOG] [TemplateMatcher] battle_0star.png -> max conf: -0.000 (needs 0.5, optimal scale: 1.00x)
[SILENT_LOG] [TemplateMatcher] battle_0star.png -> max conf: -0.000 (needs 0.5, optimal scale: 1.00x)
[TemplateMatcher] pause_gear.png -> max conf: 0.908 (needs 0.5, optimal scale: 0.80x)

[STEP 8] 开始执行动作...
[ACTION] AI决定: 选卡 9 -> 放入网格(2,2) -> 朝向 2
         坐标映射: 拖拽从(1105,650)至(400,350) -> 方向滑动至(250,350)
[SILENT_LOG] [TemplateMatcher] battle_3star.png -> max conf: 0.120 (needs 0.5, optimal scale: 1.00x)
[SILENT_LOG] [TemplateMatcher] battle_2star.png -> max conf: 0.319 (needs 0.5, optimal scale: 1.00x)
[SILENT_LOG] [TemplateMatcher] battle_0star.png -> max conf: 0.000 (needs 0.5, optimal scale: 1.00x)
[SILENT_LOG] [TemplateMatcher] battle_0star.png -> max conf: 0.000 (needs 0.5, optimal scale: 1.00x)
[ACTION] ⛔ Fast-Fail! 目标网格(2,2)非绿色高亮(绿像素:0)。取消拖拽。
[SILENT_LOG] [TemplateMatcher] battle_3star.png -> max conf: 0.204 (needs 0.5, optimal scale: 1.00x)
[SILENT_LOG] [TemplateMatcher] battle_2star.png -> max conf: -0.092 (needs 0.5, optimal scale: 1.00x)
[SILENT_LOG] [TemplateMatcher] battle_0star.png -> max conf: 0.203 (needs 0.5, optimal scale: 1.00x)
[SILENT_LOG] [TemplateMatcher] battle_0star.png -> max conf: 0.203 (needs 0.5, optimal scale: 1.00x)
[REWARD] 执行前血条数: 1 -> 最终确认血条数: 0
[REWARD] ⛔ 非法区域/无费用，已被 CV 阻断。奖励 -0.5 (连续无作为: 2次)
[TemplateMatcher] pause_gear.png -> max conf: 0.907 (needs 0.5, optimal scale: 0.80x)

[STEP 9] 开始执行动作...
[SILENT_LOG] [TemplateMatcher] battle_3star.png -> max conf: 0.115 (needs 0.5, optimal scale: 1.00x)
[SILENT_LOG] [TemplateMatcher] battle_2star.png -> max conf: 0.303 (needs 0.5, optimal scale: 1.00x)
[SILENT_LOG] [TemplateMatcher] battle_0star.png -> max conf: 0.003 (needs 0.5, optimal scale: 1.00x)
[SILENT_LOG] [TemplateMatcher] battle_0star.png -> max conf: 0.003 (needs 0.5, optimal scale: 1.00x)
[ACTION] AI决定: 选卡 6 -> 放入网格(1,2) -> 朝向 0
         坐标映射: 拖拽从(835,650)至(300,350) -> 方向滑动至(300,200)
[SILENT_LOG] [TemplateMatcher] battle_3star.png -> max conf: 0.174 (needs 0.5, optimal scale: 1.00x)
[SILENT_LOG] [TemplateMatcher] battle_2star.png -> max conf: 0.005 (needs 0.5, optimal scale: 1.00x)
[SILENT_LOG] [TemplateMatcher] battle_0star.png -> max conf: 0.172 (needs 0.5, optimal scale: 1.00x)
[SILENT_LOG] [TemplateMatcher] battle_0star.png -> max conf: 0.172 (needs 0.5, optimal scale: 1.00x)
[ACTION] ⛔ Fast-Fail! 目标网格(1,2)非绿色高亮(绿像素:0)。取消拖拽。
[REWARD] 执行前血条数: 1 -> 最终确认血条数: 0
[REWARD] ⛔ 非法区域/无费用，已被 CV 阻断。奖励 -0.5 (连续无作为: 3次)
[SILENT_LOG] [TemplateMatcher] battle_3star.png -> max conf: 0.122 (needs 0.5, optimal scale: 1.00x)
[SILENT_LOG] [TemplateMatcher] battle_2star.png -> max conf: 0.230 (needs 0.5, optimal scale: 1.00x)
[SILENT_LOG] [TemplateMatcher] battle_0star.png -> max conf: 0.023 (needs 0.5, optimal scale: 1.00x)
[SILENT_LOG] [TemplateMatcher] battle_0star.png -> max conf: 0.023 (needs 0.5, optimal scale: 1.00x)
[TemplateMatcher] pause_gear.png -> max conf: 0.907 (needs 0.5, optimal scale: 0.80x)

[STEP 10] 开始执行动作...
[ACTION] AI决定: 选卡 5 -> 放入网格(5,3) -> 朝向 0
         坐标映射: 拖拽从(745,650)至(700,430) -> 方向滑动至(700,280)
[SILENT_LOG] [TemplateMatcher] battle_3star.png -> max conf: 0.229 (needs 0.5, optimal scale: 1.00x)
[SILENT_LOG] [TemplateMatcher] battle_2star.png -> max conf: 0.021 (needs 0.5, optimal scale: 1.00x)
[SILENT_LOG] [TemplateMatcher] battle_0star.png -> max conf: 0.214 (needs 0.5, optimal scale: 1.00x)
[SILENT_LOG] [TemplateMatcher] battle_0star.png -> max conf: 0.214 (needs 0.5, optimal scale: 1.00x)
[ACTION] ✅ CV校验通过！网格(5,3)具有高亮绿色(像素:900)，准许拖拽。
[SILENT_LOG] [TemplateMatcher] battle_3star.png -> max conf: 0.229 (needs 0.5, optimal scale: 1.00x)
[SILENT_LOG] [TemplateMatcher] battle_2star.png -> max conf: 0.021 (needs 0.5, optimal scale: 1.00x)
[SILENT_LOG] [TemplateMatcher] battle_0star.png -> max conf: 0.214 (needs 0.5, optimal scale: 1.00x)
[SILENT_LOG] [TemplateMatcher] battle_0star.png -> max conf: 0.214 (needs 0.5, optimal scale: 1.00x)
[REWARD] 动作已执行，开始 3 次心跳检测 (间隔 0.2s)...
[SILENT_LOG] [TemplateMatcher] battle_3star.png -> max conf: 0.229 (needs 0.5, optimal scale: 1.00x)
[SILENT_LOG] [TemplateMatcher] battle_2star.png -> max conf: 0.021 (needs 0.5, optimal scale: 1.00x)
[SILENT_LOG] [TemplateMatcher] battle_0star.png -> max conf: 0.214 (needs 0.5, optimal scale: 1.00x)
[SILENT_LOG] [TemplateMatcher] battle_0star.png -> max conf: 0.214 (needs 0.5, optimal scale: 1.00x)
[REWARD] ❌ 第 1 次未检测到目标血条...
[SILENT_LOG] [TemplateMatcher] battle_3star.png -> max conf: 0.111 (needs 0.5, optimal scale: 1.00x)
[SILENT_LOG] [TemplateMatcher] battle_2star.png -> max conf: 0.308 (needs 0.5, optimal scale: 1.00x)
[SILENT_LOG] [TemplateMatcher] battle_0star.png -> max conf: -0.000 (needs 0.5, optimal scale: 1.00x)
[SILENT_LOG] [TemplateMatcher] battle_0star.png -> max conf: -0.000 (needs 0.5, optimal scale: 1.00x)
[REWARD] ❌ 第 2 次未检测到目标血条...
[SILENT_LOG] [TemplateMatcher] battle_3star.png -> max conf: 0.161 (needs 0.5, optimal scale: 1.00x)
[SILENT_LOG] [TemplateMatcher] battle_2star.png -> max conf: 0.324 (needs 0.5, optimal scale: 1.00x)
[SILENT_LOG] [TemplateMatcher] battle_0star.png -> max conf: 0.017 (needs 0.5, optimal scale: 1.00x)
[SILENT_LOG] [TemplateMatcher] battle_0star.png -> max conf: 0.017 (needs 0.5, optimal scale: 1.00x)
[REWARD] ❌ 第 3 次未检测到目标血条...
[REWARD] 执行前血条数: 1 -> 最终确认血条数: 1
[REWARD] 部署失败，计算前后帧 MSE (均方误差) = 129.83
[REWARD] 画面未发生明显变化(非法部署)。奖励 -0.5 (连续无作为: 4次)
[TemplateMatcher] pause_gear.png -> max conf: 0.908 (needs 0.5, optimal scale: 0.80x)

[STEP 11] 开始执行动作...
[SILENT_LOG] [TemplateMatcher] battle_3star.png -> max conf: 0.126 (needs 0.5, optimal scale: 1.00x)
[SILENT_LOG] [TemplateMatcher] battle_2star.png -> max conf: 0.321 (needs 0.5, optimal scale: 1.00x)
[SILENT_LOG] [TemplateMatcher] battle_0star.png -> max conf: 0.004 (needs 0.5, optimal scale: 1.00x)
[SILENT_LOG] [TemplateMatcher] battle_0star.png -> max conf: 0.004 (needs 0.5, optimal scale: 1.00x)
[ACTION] AI决定: 选卡 4 -> 放入网格(4,1) -> 朝向 2
         坐标映射: 拖拽从(655,650)至(600,270) -> 方向滑动至(450,270)
[SILENT_LOG] [TemplateMatcher] battle_3star.png -> max conf: 0.189 (needs 0.5, optimal scale: 1.00x)
[SILENT_LOG] [TemplateMatcher] battle_2star.png -> max conf: -0.135 (needs 0.5, optimal scale: 1.00x)
[SILENT_LOG] [TemplateMatcher] battle_0star.png -> max conf: 0.230 (needs 0.5, optimal scale: 1.00x)
[SILENT_LOG] [TemplateMatcher] battle_0star.png -> max conf: 0.230 (needs 0.5, optimal scale: 1.00x)
[ACTION] ⛔ Fast-Fail! 目标网格(4,1)非绿色高亮(绿像素:0)。取消拖拽。
[REWARD] 执行前血条数: 1 -> 最终确认血条数: 0
[REWARD] ⛔ 非法区域/无费用，已被 CV 阻断。奖励 -0.5 (连续无作为: 5次)
[SILENT_LOG] [TemplateMatcher] battle_3star.png -> max conf: 0.115 (needs 0.5, optimal scale: 1.00x)
[SILENT_LOG] [TemplateMatcher] battle_2star.png -> max conf: 0.301 (needs 0.5, optimal scale: 1.00x)
[SILENT_LOG] [TemplateMatcher] battle_0star.png -> max conf: 0.003 (needs 0.5, optimal scale: 1.00x)
[SILENT_LOG] [TemplateMatcher] battle_0star.png -> max conf: 0.003 (needs 0.5, optimal scale: 1.00x)
[TemplateMatcher] pause_gear.png -> max conf: 0.908 (needs 0.5, optimal scale: 0.80x)

[STEP 12] 开始执行动作...
[SILENT_LOG] [TemplateMatcher] battle_3star.png -> max conf: 0.133 (needs 0.5, optimal scale: 1.00x)
[SILENT_LOG] [TemplateMatcher] battle_2star.png -> max conf: 0.314 (needs 0.5, optimal scale: 1.00x)
[SILENT_LOG] [TemplateMatcher] battle_0star.png -> max conf: 0.014 (needs 0.5, optimal scale: 1.00x)
[SILENT_LOG] [TemplateMatcher] battle_0star.png -> max conf: 0.014 (needs 0.5, optimal scale: 1.00x)
[ACTION] AI决定: 选卡 2 -> 放入网格(1,1) -> 朝向 2
         坐标映射: 拖拽从(475,650)至(300,270) -> 方向滑动至(150,270)
[SILENT_LOG] [TemplateMatcher] battle_3star.png -> max conf: 0.171 (needs 0.5, optimal scale: 1.00x)
[SILENT_LOG] [TemplateMatcher] battle_2star.png -> max conf: 0.027 (needs 0.5, optimal scale: 1.00x)
[SILENT_LOG] [TemplateMatcher] battle_0star.png -> max conf: 0.170 (needs 0.5, optimal scale: 1.00x)
[SILENT_LOG] [TemplateMatcher] battle_0star.png -> max conf: 0.170 (needs 0.5, optimal scale: 1.00x)
[ACTION] ⛔ Fast-Fail! 目标网格(1,1)非绿色高亮(绿像素:0)。取消拖拽。
[REWARD] 执行前血条数: 1 -> 最终确认血条数: 0
[REWARD] ⛔ 非法区域/无费用，已被 CV 阻断。奖励 -0.5 (连续无作为: 6次)
[SILENT_LOG] [TemplateMatcher] battle_3star.png -> max conf: 0.116 (needs 0.5, optimal scale: 1.00x)
[SILENT_LOG] [TemplateMatcher] battle_2star.png -> max conf: 0.307 (needs 0.5, optimal scale: 1.00x)
[SILENT_LOG] [TemplateMatcher] battle_0star.png -> max conf: 0.004 (needs 0.5, optimal scale: 1.00x)
[SILENT_LOG] [TemplateMatcher] battle_0star.png -> max conf: 0.004 (needs 0.5, optimal scale: 1.00x)
[TemplateMatcher] pause_gear.png -> max conf: 0.908 (needs 0.5, optimal scale: 0.80x)

[STEP 13] 开始执行动作...
[ACTION] AI决定: 选卡 2 -> 放入网格(6,4) -> 朝向 0
         坐标映射: 拖拽从(475,650)至(800,510) -> 方向滑动至(800,360)
[SILENT_LOG] [TemplateMatcher] battle_3star.png -> max conf: 0.037 (needs 0.5, optimal scale: 1.00x)
[SILENT_LOG] [TemplateMatcher] battle_2star.png -> max conf: 0.163 (needs 0.5, optimal scale: 1.00x)
[SILENT_LOG] [TemplateMatcher] battle_0star.png -> max conf: -0.012 (needs 0.5, optimal scale: 1.00x)
[SILENT_LOG] [TemplateMatcher] battle_0star.png -> max conf: -0.012 (needs 0.5, optimal scale: 1.00x)
[ACTION] ⛔ Fast-Fail! 目标网格(6,4)非绿色高亮(绿像素:0)。取消拖拽。
[REWARD] 执行前血条数: 1 -> 最终确认血条数: 0
[REWARD] ⛔ 非法区域/无费用，已被 CV 阻断。奖励 -0.5 (连续无作为: 7次)
[SILENT_LOG] [TemplateMatcher] battle_3star.png -> max conf: 0.113 (needs 0.5, optimal scale: 1.00x)
[SILENT_LOG] [TemplateMatcher] battle_2star.png -> max conf: 0.308 (needs 0.5, optimal scale: 1.00x)
[SILENT_LOG] [TemplateMatcher] battle_0star.png -> max conf: -0.001 (needs 0.5, optimal scale: 1.00x)
[SILENT_LOG] [TemplateMatcher] battle_0star.png -> max conf: -0.001 (needs 0.5, optimal scale: 1.00x)
[TemplateMatcher] pause_gear.png -> max conf: 0.908 (needs 0.5, optimal scale: 0.80x)

[STEP 14] 开始执行动作...
[SILENT_LOG] [TemplateMatcher] battle_3star.png -> max conf: 0.131 (needs 0.5, optimal scale: 1.00x)
[SILENT_LOG] [TemplateMatcher] battle_2star.png -> max conf: 0.312 (needs 0.5, optimal scale: 1.00x)
[SILENT_LOG] [TemplateMatcher] battle_0star.png -> max conf: 0.006 (needs 0.5, optimal scale: 1.00x)
[SILENT_LOG] [TemplateMatcher] battle_0star.png -> max conf: 0.006 (needs 0.5, optimal scale: 1.00x)
[ACTION] AI决定: 选卡 8 -> 放入网格(6,2) -> 朝向 2
         坐标映射: 拖拽从(1015,650)至(800,350) -> 方向滑动至(650,350)
[ACTION] ✅ CV校验通过！网格(6,2)具有高亮绿色(像素:553)，准许拖拽。
[SILENT_LOG] [TemplateMatcher] battle_3star.png -> max conf: 0.182 (needs 0.5, optimal scale: 1.00x)
[SILENT_LOG] [TemplateMatcher] battle_2star.png -> max conf: 0.112 (needs 0.5, optimal scale: 1.00x)
[SILENT_LOG] [TemplateMatcher] battle_0star.png -> max conf: 0.198 (needs 0.5, optimal scale: 1.00x)
[SILENT_LOG] [TemplateMatcher] battle_0star.png -> max conf: 0.198 (needs 0.5, optimal scale: 1.00x)
[REWARD] 动作已执行，开始 3 次心跳检测 (间隔 0.2s)...
[SILENT_LOG] [TemplateMatcher] battle_3star.png -> max conf: 0.182 (needs 0.5, optimal scale: 1.00x)
[SILENT_LOG] [TemplateMatcher] battle_2star.png -> max conf: 0.112 (needs 0.5, optimal scale: 1.00x)
[SILENT_LOG] [TemplateMatcher] battle_0star.png -> max conf: 0.199 (needs 0.5, optimal scale: 1.00x)
[SILENT_LOG] [TemplateMatcher] battle_0star.png -> max conf: 0.199 (needs 0.5, optimal scale: 1.00x)
[REWARD] ❌ 第 1 次未检测到目标血条...
[SILENT_LOG] [TemplateMatcher] battle_3star.png -> max conf: 0.128 (needs 0.5, optimal scale: 1.00x)
[SILENT_LOG] [TemplateMatcher] battle_2star.png -> max conf: 0.310 (needs 0.5, optimal scale: 1.00x)
[SILENT_LOG] [TemplateMatcher] battle_0star.png -> max conf: 0.006 (needs 0.5, optimal scale: 1.00x)
[SILENT_LOG] [TemplateMatcher] battle_0star.png -> max conf: 0.006 (needs 0.5, optimal scale: 1.00x)
[REWARD] ❌ 第 2 次未检测到目标血条...
[SILENT_LOG] [TemplateMatcher] battle_3star.png -> max conf: 0.124 (needs 0.5, optimal scale: 1.00x)
[SILENT_LOG] [TemplateMatcher] battle_2star.png -> max conf: 0.314 (needs 0.5, optimal scale: 1.00x)
[SILENT_LOG] [TemplateMatcher] battle_0star.png -> max conf: 0.004 (needs 0.5, optimal scale: 1.00x)
[SILENT_LOG] [TemplateMatcher] battle_0star.png -> max conf: 0.004 (needs 0.5, optimal scale: 1.00x)
[REWARD] ❌ 第 3 次未检测到目标血条...
[REWARD] 执行前血条数: 1 -> 最终确认血条数: 1
[REWARD] 部署失败，计算前后帧 MSE (均方误差) = 280.90
[REWARD] 画面未发生明显变化(非法部署)。奖励 -0.5 (连续无作为: 8次)
[SILENT_LOG] [TemplateMatcher] battle_3star.png -> max conf: 0.121 (needs 0.5, optimal scale: 1.00x)
[SILENT_LOG] [TemplateMatcher] battle_2star.png -> max conf: 0.315 (needs 0.5, optimal scale: 1.00x)
[SILENT_LOG] [TemplateMatcher] battle_0star.png -> max conf: 0.000 (needs 0.5, optimal scale: 1.00x)
[SILENT_LOG] [TemplateMatcher] battle_0star.png -> max conf: 0.000 (needs 0.5, optimal scale: 1.00x)
[TemplateMatcher] pause_gear.png -> max conf: 0.908 (needs 0.5, optimal scale: 0.80x)

[STEP 15] 开始执行动作...
[ACTION] AI决定: 选卡 8 -> 放入网格(9,3) -> 朝向 0
         坐标映射: 拖拽从(1015,650)至(1100,430) -> 方向滑动至(1100,280)
[SILENT_LOG] [TemplateMatcher] battle_3star.png -> max conf: 0.178 (needs 0.5, optimal scale: 1.00x)
[SILENT_LOG] [TemplateMatcher] battle_2star.png -> max conf: 0.110 (needs 0.5, optimal scale: 1.00x)
[SILENT_LOG] [TemplateMatcher] battle_0star.png -> max conf: 0.198 (needs 0.5, optimal scale: 1.00x)
[SILENT_LOG] [TemplateMatcher] battle_0star.png -> max conf: 0.198 (needs 0.5, optimal scale: 1.00x)
[ACTION] ✅ CV校验通过！网格(9,3)具有高亮绿色(像素:63)，准许拖拽。
[SILENT_LOG] [TemplateMatcher] battle_3star.png -> max conf: 0.182 (needs 0.5, optimal scale: 1.00x)
[SILENT_LOG] [TemplateMatcher] battle_2star.png -> max conf: 0.112 (needs 0.5, optimal scale: 1.00x)
[SILENT_LOG] [TemplateMatcher] battle_0star.png -> max conf: 0.199 (needs 0.5, optimal scale: 1.00x)
[SILENT_LOG] [TemplateMatcher] battle_0star.png -> max conf: 0.199 (needs 0.5, optimal scale: 1.00x)
[REWARD] 动作已执行，开始 3 次心跳检测 (间隔 0.2s)...
[SILENT_LOG] [TemplateMatcher] battle_3star.png -> max conf: 0.183 (needs 0.5, optimal scale: 1.00x)
[SILENT_LOG] [TemplateMatcher] battle_2star.png -> max conf: 0.112 (needs 0.5, optimal scale: 1.00x)
[SILENT_LOG] [TemplateMatcher] battle_0star.png -> max conf: 0.209 (needs 0.5, optimal scale: 1.00x)
[SILENT_LOG] [TemplateMatcher] battle_0star.png -> max conf: 0.209 (needs 0.5, optimal scale: 1.00x)
[REWARD] ❌ 第 1 次未检测到目标血条...
[SILENT_LOG] [TemplateMatcher] battle_3star.png -> max conf: 0.163 (needs 0.5, optimal scale: 1.00x)
[SILENT_LOG] [TemplateMatcher] battle_2star.png -> max conf: 0.274 (needs 0.5, optimal scale: 1.00x)
[SILENT_LOG] [TemplateMatcher] battle_0star.png -> max conf: 0.053 (needs 0.5, optimal scale: 1.00x)
[SILENT_LOG] [TemplateMatcher] battle_0star.png -> max conf: 0.053 (needs 0.5, optimal scale: 1.00x)
[REWARD] ❌ 第 2 次未检测到目标血条...
[SILENT_LOG] [TemplateMatcher] battle_3star.png -> max conf: 0.118 (needs 0.5, optimal scale: 1.00x)
[SILENT_LOG] [TemplateMatcher] battle_2star.png -> max conf: 0.255 (needs 0.5, optimal scale: 1.00x)
[SILENT_LOG] [TemplateMatcher] battle_0star.png -> max conf: 0.050 (needs 0.5, optimal scale: 1.00x)
[SILENT_LOG] [TemplateMatcher] battle_0star.png -> max conf: 0.050 (needs 0.5, optimal scale: 1.00x)
[REWARD] ❌ 第 3 次未检测到目标血条...
[REWARD] 执行前血条数: 1 -> 最终确认血条数: 1
[REWARD] 部署失败，计算前后帧 MSE (均方误差) = 391.78
[REWARD] 动作无效，但游戏仍在进行(画面有变化)。奖励 -0.2 (已清空无作为计数器)
[SILENT_LOG] [TemplateMatcher] battle_3star.png -> max conf: 0.126 (needs 0.5, optimal scale: 1.00x)
[TemplateMatcher] pause_gear.png -> max conf: 0.908 (needs 0.5, optimal scale: 0.80x)
[SILENT_LOG] [TemplateMatcher] battle_2star.png -> max conf: 0.264 (needs 0.5, optimal scale: 1.00x)

[STEP 16] 开始执行动作...
[SILENT_LOG] [TemplateMatcher] battle_0star.png -> max conf: 0.029 (needs 0.5, optimal scale: 1.00x)
[SILENT_LOG] [TemplateMatcher] battle_0star.png -> max conf: 0.029 (needs 0.5, optimal scale: 1.00x)
[ACTION] AI决定: 选卡 9 -> 放入网格(3,3) -> 朝向 3
         坐标映射: 拖拽从(1105,650)至(500,430) -> 方向滑动至(650,430)
[SILENT_LOG] [TemplateMatcher] battle_3star.png -> max conf: 0.204 (needs 0.5, optimal scale: 1.00x)
[SILENT_LOG] [TemplateMatcher] battle_2star.png -> max conf: -0.092 (needs 0.5, optimal scale: 1.00x)
[SILENT_LOG] [TemplateMatcher] battle_0star.png -> max conf: 0.203 (needs 0.5, optimal scale: 1.00x)
[SILENT_LOG] [TemplateMatcher] battle_0star.png -> max conf: 0.203 (needs 0.5, optimal scale: 1.00x)
[ACTION] ⛔ Fast-Fail! 目标网格(3,3)非绿色高亮(绿像素:0)。取消拖拽。
[REWARD] 执行前血条数: 1 -> 最终确认血条数: 0
[REWARD] ⛔ 非法区域/无费用，已被 CV 阻断。奖励 -0.5 (连续无作为: 1次)
[SILENT_LOG] [TemplateMatcher] battle_3star.png -> max conf: 0.115 (needs 0.5, optimal scale: 1.00x)
[SILENT_LOG] [TemplateMatcher] battle_2star.png -> max conf: 0.275 (needs 0.5, optimal scale: 1.00x)
[SILENT_LOG] [TemplateMatcher] battle_0star.png -> max conf: 0.005 (needs 0.5, optimal scale: 1.00x)
[SILENT_LOG] [TemplateMatcher] battle_0star.png -> max conf: 0.005 (needs 0.5, optimal scale: 1.00x)
[TemplateMatcher] pause_gear.png -> max conf: 0.908 (needs 0.5, optimal scale: 0.80x)

[STEP 17] 开始执行动作...
[SILENT_LOG] [TemplateMatcher] battle_3star.png -> max conf: 0.134 (needs 0.5, optimal scale: 1.00x)
[SILENT_LOG] [TemplateMatcher] battle_2star.png -> max conf: 0.305 (needs 0.5, optimal scale: 1.00x)
[SILENT_LOG] [TemplateMatcher] battle_0star.png -> max conf: 0.013 (needs 0.5, optimal scale: 1.00x)
[SILENT_LOG] [TemplateMatcher] battle_0star.png -> max conf: 0.013 (needs 0.5, optimal scale: 1.00x)
[ACTION] AI决定: 💤 挂机 (Skip / Wait for Cost) - 屏幕中上部防误触点击
[SILENT_LOG] [TemplateMatcher] battle_3star.png -> max conf: 0.124 (needs 0.5, optimal scale: 1.00x)
[SILENT_LOG] [TemplateMatcher] battle_2star.png -> max conf: 0.321 (needs 0.5, optimal scale: 1.00x)
[SILENT_LOG] [TemplateMatcher] battle_0star.png -> max conf: 0.003 (needs 0.5, optimal scale: 1.00x)
[SILENT_LOG] [TemplateMatcher] battle_0star.png -> max conf: 0.003 (needs 0.5, optimal scale: 1.00x)
[SILENT_LOG] [TemplateMatcher] battle_3star.png -> max conf: 0.124 (needs 0.5, optimal scale: 1.00x)
[SILENT_LOG] [TemplateMatcher] battle_2star.png -> max conf: 0.304 (needs 0.5, optimal scale: 1.00x)
[SILENT_LOG] [TemplateMatcher] battle_0star.png -> max conf: 0.005 (needs 0.5, optimal scale: 1.00x)
[SILENT_LOG] [TemplateMatcher] battle_0star.png -> max conf: 0.005 (needs 0.5, optimal scale: 1.00x)
[SILENT_LOG] [TemplateMatcher] battle_3star.png -> max conf: 0.121 (needs 0.5, optimal scale: 1.00x)
[SILENT_LOG] [TemplateMatcher] battle_2star.png -> max conf: 0.310 (needs 0.5, optimal scale: 1.00x)
[SILENT_LOG] [TemplateMatcher] battle_0star.png -> max conf: 0.003 (needs 0.5, optimal scale: 1.00x)
[SILENT_LOG] [TemplateMatcher] battle_0star.png -> max conf: 0.003 (needs 0.5, optimal scale: 1.00x)
[SILENT_LOG] [TemplateMatcher] battle_3star.png -> max conf: 0.121 (needs 0.5, optimal scale: 1.00x)
[SILENT_LOG] [TemplateMatcher] battle_2star.png -> max conf: 0.316 (needs 0.5, optimal scale: 1.00x)
[SILENT_LOG] [TemplateMatcher] battle_0star.png -> max conf: 0.002 (needs 0.5, optimal scale: 1.00x)
[SILENT_LOG] [TemplateMatcher] battle_0star.png -> max conf: 0.002 (needs 0.5, optimal scale: 1.00x)
[REWARD] 执行前血条数: 1 -> 最终确认血条数: 0
[REWARD] 💤 AI 主动挂机等费用，只扣除微小时间惩罚 -0.01
[TemplateMatcher] pause_gear.png -> max conf: 0.908 (needs 0.5, optimal scale: 0.80x)

[STEP 18] 开始执行动作...
[SILENT_LOG] [TemplateMatcher] battle_3star.png -> max conf: 0.116 (needs 0.5, optimal scale: 1.00x)
[SILENT_LOG] [TemplateMatcher] battle_2star.png -> max conf: 0.304 (needs 0.5, optimal scale: 1.00x)
[SILENT_LOG] [TemplateMatcher] battle_0star.png -> max conf: 0.014 (needs 0.5, optimal scale: 1.00x)
[SILENT_LOG] [TemplateMatcher] battle_0star.png -> max conf: 0.014 (needs 0.5, optimal scale: 1.00x)
[ACTION] AI决定: 选卡 7 -> 放入网格(2,0) -> 朝向 0
         坐标映射: 拖拽从(925,650)至(400,190) -> 方向滑动至(400,40)
[SILENT_LOG] [TemplateMatcher] battle_3star.png -> max conf: 0.174 (needs 0.5, optimal scale: 1.00x)
[SILENT_LOG] [TemplateMatcher] battle_2star.png -> max conf: 0.004 (needs 0.5, optimal scale: 1.00x)
[SILENT_LOG] [TemplateMatcher] battle_0star.png -> max conf: 0.171 (needs 0.5, optimal scale: 1.00x)
[SILENT_LOG] [TemplateMatcher] battle_0star.png -> max conf: 0.171 (needs 0.5, optimal scale: 1.00x)
[ACTION] ✅ CV校验通过！网格(2,0)具有高亮绿色(像素:84)，准许拖拽。
[SILENT_LOG] [TemplateMatcher] battle_3star.png -> max conf: 0.174 (needs 0.5, optimal scale: 1.00x)
[SILENT_LOG] [TemplateMatcher] battle_2star.png -> max conf: 0.004 (needs 0.5, optimal scale: 1.00x)
[SILENT_LOG] [TemplateMatcher] battle_0star.png -> max conf: 0.172 (needs 0.5, optimal scale: 1.00x)
[SILENT_LOG] [TemplateMatcher] battle_0star.png -> max conf: 0.172 (needs 0.5, optimal scale: 1.00x)
[REWARD] 动作已执行，开始 3 次心跳检测 (间隔 0.2s)...
[SILENT_LOG] [TemplateMatcher] battle_3star.png -> max conf: 0.174 (needs 0.5, optimal scale: 1.00x)
[SILENT_LOG] [TemplateMatcher] battle_2star.png -> max conf: 0.005 (needs 0.5, optimal scale: 1.00x)
[SILENT_LOG] [TemplateMatcher] battle_0star.png -> max conf: 0.171 (needs 0.5, optimal scale: 1.00x)
[SILENT_LOG] [TemplateMatcher] battle_0star.png -> max conf: 0.171 (needs 0.5, optimal scale: 1.00x)
[SILENT_LOG] [TemplateMatcher] battle_3star.png -> max conf: 0.132 (needs 0.5, optimal scale: 1.00x)
[SILENT_LOG] [TemplateMatcher] battle_2star.png -> max conf: 0.310 (needs 0.5, optimal scale: 1.00x)
[SILENT_LOG] [TemplateMatcher] battle_0star.png -> max conf: 0.012 (needs 0.5, optimal scale: 1.00x)
[SILENT_LOG] [TemplateMatcher] battle_0star.png -> max conf: 0.012 (needs 0.5, optimal scale: 1.00x)
[REWARD] ❌ 第 1 次未检测到目标血条...
[SILENT_LOG] [TemplateMatcher] battle_3star.png -> max conf: 0.149 (needs 0.5, optimal scale: 1.00x)
[SILENT_LOG] [TemplateMatcher] battle_2star.png -> max conf: 0.057 (needs 0.5, optimal scale: 1.00x)
[SILENT_LOG] [TemplateMatcher] battle_0star.png -> max conf: 0.085 (needs 0.5, optimal scale: 1.00x)
[SILENT_LOG] [TemplateMatcher] battle_0star.png -> max conf: 0.085 (needs 0.5, optimal scale: 1.00x)
[REWARD] ❌ 第 2 次未检测到目标血条...
[SILENT_LOG] [TemplateMatcher] battle_3star.png -> max conf: 0.133 (needs 0.5, optimal scale: 1.00x)
[SILENT_LOG] [TemplateMatcher] battle_2star.png -> max conf: 0.317 (needs 0.5, optimal scale: 1.00x)
[SILENT_LOG] [TemplateMatcher] battle_0star.png -> max conf: 0.015 (needs 0.5, optimal scale: 1.00x)
[SILENT_LOG] [TemplateMatcher] battle_0star.png -> max conf: 0.015 (needs 0.5, optimal scale: 1.00x)
[SILENT_LOG] [TemplateMatcher] battle_3star.png -> max conf: 0.194 (needs 0.5, optimal scale: 1.00x)
[SILENT_LOG] [TemplateMatcher] battle_2star.png -> max conf: 0.072 (needs 0.5, optimal scale: 1.00x)
[SILENT_LOG] [TemplateMatcher] battle_0star.png -> max conf: 0.039 (needs 0.5, optimal scale: 1.00x)
[SILENT_LOG] [TemplateMatcher] battle_0star.png -> max conf: 0.039 (needs 0.5, optimal scale: 1.00x)
[REWARD] ❌ 第 3 次未检测到目标血条...
[REWARD] 执行前血条数: 1 -> 最终确认血条数: 1
[REWARD] 部署失败，计算前后帧 MSE (均方误差) = 281.37
[REWARD] 画面未发生明显变化(非法部署)。奖励 -0.5 (连续无作为: 1次)
[TemplateMatcher] pause_gear.png -> max conf: 0.908 (needs 0.5, optimal scale: 0.80x)

[STEP 19] 开始执行动作...
[SILENT_LOG] [TemplateMatcher] battle_3star.png -> max conf: 0.111 (needs 0.5, optimal scale: 1.00x)
[SILENT_LOG] [TemplateMatcher] battle_2star.png -> max conf: 0.318 (needs 0.5, optimal scale: 1.00x)
[SILENT_LOG] [TemplateMatcher] battle_0star.png -> max conf: 0.036 (needs 0.5, optimal scale: 1.00x)
[SILENT_LOG] [TemplateMatcher] battle_0star.png -> max conf: 0.036 (needs 0.5, optimal scale: 1.00x)
[ACTION] AI决定: 选卡 8 -> 放入网格(2,0) -> 朝向 2
         坐标映射: 拖拽从(1015,650)至(400,190) -> 方向滑动至(250,190)
[SILENT_LOG] [TemplateMatcher] battle_3star.png -> max conf: 0.182 (needs 0.5, optimal scale: 1.00x)
[SILENT_LOG] [TemplateMatcher] battle_2star.png -> max conf: 0.112 (needs 0.5, optimal scale: 1.00x)
[SILENT_LOG] [TemplateMatcher] battle_0star.png -> max conf: 0.199 (needs 0.5, optimal scale: 1.00x)
[ACTION] ✅ CV校验通过！网格(2,0)具有高亮绿色(像素:117)，准许拖拽。
[SILENT_LOG] [TemplateMatcher] battle_0star.png -> max conf: 0.199 (needs 0.5, optimal scale: 1.00x)
[SILENT_LOG] [TemplateMatcher] battle_3star.png -> max conf: 0.195 (needs 0.5, optimal scale: 1.00x)
[SILENT_LOG] [TemplateMatcher] battle_2star.png -> max conf: 0.089 (needs 0.5, optimal scale: 1.00x)
[SILENT_LOG] [TemplateMatcher] battle_0star.png -> max conf: 0.183 (needs 0.5, optimal scale: 1.00x)
[SILENT_LOG] [TemplateMatcher] battle_0star.png -> max conf: 0.183 (needs 0.5, optimal scale: 1.00x)
[REWARD] 动作已执行，开始 3 次心跳检测 (间隔 0.2s)...
[SILENT_LOG] [TemplateMatcher] battle_3star.png -> max conf: 0.107 (needs 0.5, optimal scale: 1.00x)
[SILENT_LOG] [TemplateMatcher] battle_2star.png -> max conf: 0.325 (needs 0.5, optimal scale: 1.00x)
[SILENT_LOG] [TemplateMatcher] battle_0star.png -> max conf: -0.006 (needs 0.5, optimal scale: 1.00x)
[SILENT_LOG] [TemplateMatcher] battle_0star.png -> max conf: -0.006 (needs 0.5, optimal scale: 1.00x)
[REWARD] ❌ 第 1 次未检测到目标血条...
[SILENT_LOG] [TemplateMatcher] battle_3star.png -> max conf: 0.144 (needs 0.5, optimal scale: 1.00x)
[SILENT_LOG] [TemplateMatcher] battle_2star.png -> max conf: 0.293 (needs 0.5, optimal scale: 1.00x)
[SILENT_LOG] [TemplateMatcher] battle_0star.png -> max conf: 0.034 (needs 0.5, optimal scale: 1.00x)
[SILENT_LOG] [TemplateMatcher] battle_0star.png -> max conf: 0.034 (needs 0.5, optimal scale: 1.00x)
[REWARD] ❌ 第 2 次未检测到目标血条...
[SILENT_LOG] [TemplateMatcher] battle_3star.png -> max conf: 0.125 (needs 0.5, optimal scale: 1.00x)
[SILENT_LOG] [TemplateMatcher] battle_2star.png -> max conf: 0.306 (needs 0.5, optimal scale: 1.00x)
[SILENT_LOG] [TemplateMatcher] battle_0star.png -> max conf: 0.006 (needs 0.5, optimal scale: 1.00x)
[SILENT_LOG] [TemplateMatcher] battle_0star.png -> max conf: 0.006 (needs 0.5, optimal scale: 1.00x)
[REWARD] ❌ 第 3 次未检测到目标血条...
[REWARD] 执行前血条数: 1 -> 最终确认血条数: 1
[REWARD] 部署失败，计算前后帧 MSE (均方误差) = 210.88
[REWARD] 画面未发生明显变化(非法部署)。奖励 -0.5 (连续无作为: 2次)
[SILENT_LOG] [TemplateMatcher] battle_3star.png -> max conf: 0.119 (needs 0.5, optimal scale: 1.00x)
[SILENT_LOG] [TemplateMatcher] battle_2star.png -> max conf: 0.295 (needs 0.5, optimal scale: 1.00x)
[SILENT_LOG] [TemplateMatcher] battle_0star.png -> max conf: 0.029 (needs 0.5, optimal scale: 1.00x)
[SILENT_LOG] [TemplateMatcher] battle_0star.png -> max conf: 0.029 (needs 0.5, optimal scale: 1.00x)
[TemplateMatcher] pause_gear.png -> max conf: 0.908 (needs 0.5, optimal scale: 0.80x)

[STEP 20] 开始执行动作...
[ACTION] AI决定: 选卡 9 -> 放入网格(3,1) -> 朝向 3
         坐标映射: 拖拽从(1105,650)至(500,270) -> 方向滑动至(650,270)
[SILENT_LOG] [TemplateMatcher] battle_3star.png -> max conf: 0.164 (needs 0.5, optimal scale: 1.00x)
[SILENT_LOG] [TemplateMatcher] battle_2star.png -> max conf: 0.253 (needs 0.5, optimal scale: 1.00x)
[SILENT_LOG] [TemplateMatcher] battle_0star.png -> max conf: 0.097 (needs 0.5, optimal scale: 1.00x)
[SILENT_LOG] [TemplateMatcher] battle_0star.png -> max conf: 0.097 (needs 0.5, optimal scale: 1.00x)
[ACTION] ⛔ Fast-Fail! 目标网格(3,1)非绿色高亮(绿像素:8)。取消拖拽。
[SILENT_LOG] [TemplateMatcher] battle_3star.png -> max conf: 0.139 (needs 0.5, optimal scale: 1.00x)
[SILENT_LOG] [TemplateMatcher] battle_2star.png -> max conf: 0.300 (needs 0.5, optimal scale: 1.00x)
[SILENT_LOG] [TemplateMatcher] battle_0star.png -> max conf: 0.030 (needs 0.5, optimal scale: 1.00x)
[SILENT_LOG] [TemplateMatcher] battle_0star.png -> max conf: 0.030 (needs 0.5, optimal scale: 1.00x)
[REWARD] 执行前血条数: 1 -> 最终确认血条数: 0
[REWARD] ⛔ 非法区域/无费用，已被 CV 阻断。奖励 -0.5 (连续无作为: 3次)
[TemplateMatcher] pause_gear.png -> max conf: 0.908 (needs 0.5, optimal scale: 0.80x)

[STEP 21] 开始执行动作...
[SILENT_LOG] [TemplateMatcher] battle_3star.png -> max conf: 0.119 (needs 0.5, optimal scale: 1.00x)
[SILENT_LOG] [TemplateMatcher] battle_2star.png -> max conf: 0.281 (needs 0.5, optimal scale: 1.00x)
[SILENT_LOG] [TemplateMatcher] battle_0star.png -> max conf: 0.027 (needs 0.5, optimal scale: 1.00x)
[SILENT_LOG] [TemplateMatcher] battle_0star.png -> max conf: 0.027 (needs 0.5, optimal scale: 1.00x)
[ACTION] AI决定: 选卡 9 -> 放入网格(2,3) -> 朝向 0
         坐标映射: 拖拽从(1105,650)至(400,430) -> 方向滑动至(400,280)
[SILENT_LOG] [TemplateMatcher] battle_3star.png -> max conf: 0.204 (needs 0.5, optimal scale: 1.00x)
[SILENT_LOG] [TemplateMatcher] battle_2star.png -> max conf: -0.099 (needs 0.5, optimal scale: 1.00x)
[SILENT_LOG] [TemplateMatcher] battle_0star.png -> max conf: 0.210 (needs 0.5, optimal scale: 1.00x)
[SILENT_LOG] [TemplateMatcher] battle_0star.png -> max conf: 0.210 (needs 0.5, optimal scale: 1.00x)
[ACTION] ⛔ Fast-Fail! 目标网格(2,3)非绿色高亮(绿像素:0)。取消拖拽。
[REWARD] 执行前血条数: 1 -> 最终确认血条数: 0
[REWARD] ⛔ 非法区域/无费用，已被 CV 阻断。奖励 -0.5 (连续无作为: 4次)
[SILENT_LOG] [TemplateMatcher] battle_3star.png -> max conf: 0.134 (needs 0.5, optimal scale: 1.00x)
[SILENT_LOG] [TemplateMatcher] battle_2star.png -> max conf: 0.287 (needs 0.5, optimal scale: 1.00x)
[SILENT_LOG] [TemplateMatcher] battle_0star.png -> max conf: 0.050 (needs 0.5, optimal scale: 1.00x)
[SILENT_LOG] [TemplateMatcher] battle_0star.png -> max conf: 0.050 (needs 0.5, optimal scale: 1.00x)
[TemplateMatcher] pause_gear.png -> max conf: 0.908 (needs 0.5, optimal scale: 0.80x)

[STEP 22] 开始执行动作...
[ACTION] AI决定: 选卡 6 -> 放入网格(4,0) -> 朝向 0
         坐标映射: 拖拽从(835,650)至(600,190) -> 方向滑动至(600,40)
[SILENT_LOG] [TemplateMatcher] battle_3star.png -> max conf: 0.175 (needs 0.5, optimal scale: 1.00x)
[SILENT_LOG] [TemplateMatcher] battle_2star.png -> max conf: 0.004 (needs 0.5, optimal scale: 1.00x)
[SILENT_LOG] [TemplateMatcher] battle_0star.png -> max conf: 0.172 (needs 0.5, optimal scale: 1.00x)
[SILENT_LOG] [TemplateMatcher] battle_0star.png -> max conf: 0.172 (needs 0.5, optimal scale: 1.00x)
[ACTION] ✅ CV校验通过！网格(4,0)具有高亮绿色(像素:705)，准许拖拽。
[SILENT_LOG] [TemplateMatcher] battle_3star.png -> max conf: 0.162 (needs 0.5, optimal scale: 1.00x)
[SILENT_LOG] [TemplateMatcher] battle_2star.png -> max conf: 0.013 (needs 0.5, optimal scale: 1.00x)
[SILENT_LOG] [TemplateMatcher] battle_0star.png -> max conf: 0.160 (needs 0.5, optimal scale: 1.00x)
[SILENT_LOG] [TemplateMatcher] battle_0star.png -> max conf: 0.160 (needs 0.5, optimal scale: 1.00x)
[REWARD] 动作已执行，开始 3 次心跳检测 (间隔 0.2s)...
[SILENT_LOG] [TemplateMatcher] battle_3star.png -> max conf: 0.162 (needs 0.5, optimal scale: 1.00x)
[SILENT_LOG] [TemplateMatcher] battle_2star.png -> max conf: 0.023 (needs 0.5, optimal scale: 1.00x)
[SILENT_LOG] [TemplateMatcher] battle_0star.png -> max conf: 0.158 (needs 0.5, optimal scale: 1.00x)
[SILENT_LOG] [TemplateMatcher] battle_0star.png -> max conf: 0.158 (needs 0.5, optimal scale: 1.00x)
[SILENT_LOG] [TemplateMatcher] battle_3star.png -> max conf: 0.114 (needs 0.5, optimal scale: 1.00x)
[SILENT_LOG] [TemplateMatcher] battle_2star.png -> max conf: 0.300 (needs 0.5, optimal scale: 1.00x)
[SILENT_LOG] [TemplateMatcher] battle_0star.png -> max conf: 0.004 (needs 0.5, optimal scale: 1.00x)
[SILENT_LOG] [TemplateMatcher] battle_0star.png -> max conf: 0.004 (needs 0.5, optimal scale: 1.00x)
[REWARD] ✅ 第 1 次检测命中目标干员血条！
[REWARD] 执行前血条数: 1 -> 最终确认血条数: 2
[REWARD] 🛡️ 背对敌人！(角度: 118.8°)，严厉惩罚 -1.0
[SILENT_LOG] [TemplateMatcher] battle_3star.png -> max conf: 0.170 (needs 0.5, optimal scale: 1.00x)
[SILENT_LOG] [TemplateMatcher] battle_2star.png -> max conf: 0.144 (needs 0.5, optimal scale: 1.00x)
[TemplateMatcher] pause_gear.png -> max conf: 0.908 (needs 0.5, optimal scale: 0.80x)
[SILENT_LOG] [TemplateMatcher] battle_0star.png -> max conf: 0.036 (needs 0.5, optimal scale: 1.00x)

[STEP 23] 开始执行动作...
[SILENT_LOG] [TemplateMatcher] battle_0star.png -> max conf: 0.036 (needs 0.5, optimal scale: 1.00x)
[ACTION] AI决定: 选卡 6 -> 放入网格(6,4) -> 朝向 2
         坐标映射: 拖拽从(835,650)至(800,510) -> 方向滑动至(650,510)
[SILENT_LOG] [TemplateMatcher] battle_3star.png -> max conf: 0.229 (needs 0.5, optimal scale: 1.00x)
[SILENT_LOG] [TemplateMatcher] battle_2star.png -> max conf: 0.021 (needs 0.5, optimal scale: 1.00x)
[SILENT_LOG] [TemplateMatcher] battle_0star.png -> max conf: 0.214 (needs 0.5, optimal scale: 1.00x)
[SILENT_LOG] [TemplateMatcher] battle_0star.png -> max conf: 0.214 (needs 0.5, optimal scale: 1.00x)
[ACTION] ⛔ Fast-Fail! 目标网格(6,4)非绿色高亮(绿像素:0)。取消拖拽。
[REWARD] 执行前血条数: 2 -> 最终确认血条数: 0
[REWARD] ⛔ 非法区域/无费用，已被 CV 阻断。奖励 -0.5 (连续无作为: 1次)
[SILENT_LOG] [TemplateMatcher] battle_3star.png -> max conf: 0.127 (needs 0.5, optimal scale: 1.00x)
[SILENT_LOG] [TemplateMatcher] battle_2star.png -> max conf: 0.303 (needs 0.5, optimal scale: 1.00x)
[SILENT_LOG] [TemplateMatcher] battle_0star.png -> max conf: 0.010 (needs 0.5, optimal scale: 1.00x)
[SILENT_LOG] [TemplateMatcher] battle_0star.png -> max conf: 0.010 (needs 0.5, optimal scale: 1.00x)
[TemplateMatcher] pause_gear.png -> max conf: 0.908 (needs 0.5, optimal scale: 0.80x)

[STEP 24] 开始执行动作...
[ACTION] AI决定: 选卡 6 -> 放入网格(7,3) -> 朝向 0
         坐标映射: 拖拽从(835,650)至(900,430) -> 方向滑动至(900,280)
[SILENT_LOG] [TemplateMatcher] battle_3star.png -> max conf: 0.200 (needs 0.5, optimal scale: 1.00x)
[SILENT_LOG] [TemplateMatcher] battle_2star.png -> max conf: 0.060 (needs 0.5, optimal scale: 1.00x)
[SILENT_LOG] [TemplateMatcher] battle_0star.png -> max conf: 0.209 (needs 0.5, optimal scale: 1.00x)
[SILENT_LOG] [TemplateMatcher] battle_0star.png -> max conf: 0.209 (needs 0.5, optimal scale: 1.00x)
[ACTION] ✅ CV校验通过！网格(7,3)具有高亮绿色(像素:900)，准许拖拽。
[SILENT_LOG] [TemplateMatcher] battle_3star.png -> max conf: 0.229 (needs 0.5, optimal scale: 1.00x)
[SILENT_LOG] [TemplateMatcher] battle_2star.png -> max conf: 0.021 (needs 0.5, optimal scale: 1.00x)
[SILENT_LOG] [TemplateMatcher] battle_0star.png -> max conf: 0.214 (needs 0.5, optimal scale: 1.00x)
[SILENT_LOG] [TemplateMatcher] battle_0star.png -> max conf: 0.214 (needs 0.5, optimal scale: 1.00x)
[REWARD] 动作已执行，开始 3 次心跳检测 (间隔 0.2s)...
[SILENT_LOG] [TemplateMatcher] battle_3star.png -> max conf: 0.229 (needs 0.5, optimal scale: 1.00x)
[SILENT_LOG] [TemplateMatcher] battle_2star.png -> max conf: 0.021 (needs 0.5, optimal scale: 1.00x)
[SILENT_LOG] [TemplateMatcher] battle_0star.png -> max conf: 0.214 (needs 0.5, optimal scale: 1.00x)
[SILENT_LOG] [TemplateMatcher] battle_0star.png -> max conf: 0.214 (needs 0.5, optimal scale: 1.00x)
[REWARD] ❌ 第 1 次未检测到目标血条...
[SILENT_LOG] [TemplateMatcher] battle_3star.png -> max conf: 0.107 (needs 0.5, optimal scale: 1.00x)
[SILENT_LOG] [TemplateMatcher] battle_2star.png -> max conf: 0.294 (needs 0.5, optimal scale: 1.00x)
[SILENT_LOG] [TemplateMatcher] battle_0star.png -> max conf: 0.016 (needs 0.5, optimal scale: 1.00x)
[SILENT_LOG] [TemplateMatcher] battle_0star.png -> max conf: 0.016 (needs 0.5, optimal scale: 1.00x)
[REWARD] ❌ 第 2 次未检测到目标血条...
[SILENT_LOG] [TemplateMatcher] battle_3star.png -> max conf: 0.218 (needs 0.5, optimal scale: 1.00x)
[SILENT_LOG] [TemplateMatcher] battle_2star.png -> max conf: 0.072 (needs 0.5, optimal scale: 1.00x)
[SILENT_LOG] [TemplateMatcher] battle_0star.png -> max conf: 0.162 (needs 0.5, optimal scale: 1.00x)
[SILENT_LOG] [TemplateMatcher] battle_0star.png -> max conf: 0.162 (needs 0.5, optimal scale: 1.00x)
[REWARD] ❌ 第 3 次未检测到目标血条...
[REWARD] 执行前血条数: 2 -> 最终确认血条数: 2
[REWARD] 部署失败，计算前后帧 MSE (均方误差) = 368.42
[REWARD] 动作无效，但游戏仍在进行(画面有变化)。奖励 -0.2 (已清空无作为计数器)
[SILENT_LOG] [TemplateMatcher] battle_3star.png -> max conf: 0.133 (needs 0.5, optimal scale: 1.00x)
[SILENT_LOG] [TemplateMatcher] battle_2star.png -> max conf: 0.294 (needs 0.5, optimal scale: 1.00x)
[SILENT_LOG] [TemplateMatcher] battle_0star.png -> max conf: 0.039 (needs 0.5, optimal scale: 1.00x)
[SILENT_LOG] [TemplateMatcher] battle_0star.png -> max conf: 0.039 (needs 0.5, optimal scale: 1.00x)
[TemplateMatcher] pause_gear.png -> max conf: 0.908 (needs 0.5, optimal scale: 0.80x)

[STEP 25] 开始执行动作...
[ACTION] AI决定: 💤 挂机 (Skip / Wait for Cost) - 屏幕中上部防误触点击
[SILENT_LOG] [TemplateMatcher] battle_3star.png -> max conf: 0.125 (needs 0.5, optimal scale: 1.00x)
[SILENT_LOG] [TemplateMatcher] battle_2star.png -> max conf: 0.091 (needs 0.5, optimal scale: 1.00x)
[SILENT_LOG] [TemplateMatcher] battle_0star.png -> max conf: -0.004 (needs 0.5, optimal scale: 1.00x)
[SILENT_LOG] [TemplateMatcher] battle_0star.png -> max conf: -0.004 (needs 0.5, optimal scale: 1.00x)
[SILENT_LOG] [TemplateMatcher] battle_3star.png -> max conf: 0.124 (needs 0.5, optimal scale: 1.00x)
[SILENT_LOG] [TemplateMatcher] battle_2star.png -> max conf: 0.309 (needs 0.5, optimal scale: 1.00x)
[SILENT_LOG] [TemplateMatcher] battle_0star.png -> max conf: 0.028 (needs 0.5, optimal scale: 1.00x)
[SILENT_LOG] [TemplateMatcher] battle_0star.png -> max conf: 0.028 (needs 0.5, optimal scale: 1.00x)
[SILENT_LOG] [TemplateMatcher] battle_3star.png -> max conf: 0.129 (needs 0.5, optimal scale: 1.00x)
[SILENT_LOG] [TemplateMatcher] battle_2star.png -> max conf: 0.242 (needs 0.5, optimal scale: 1.00x)
[SILENT_LOG] [TemplateMatcher] battle_0star.png -> max conf: 0.031 (needs 0.5, optimal scale: 1.00x)
[SILENT_LOG] [TemplateMatcher] battle_0star.png -> max conf: 0.031 (needs 0.5, optimal scale: 1.00x)
[SILENT_LOG] [TemplateMatcher] battle_3star.png -> max conf: 0.132 (needs 0.5, optimal scale: 1.00x)
[SILENT_LOG] [TemplateMatcher] battle_2star.png -> max conf: 0.272 (needs 0.5, optimal scale: 1.00x)
[SILENT_LOG] [TemplateMatcher] battle_0star.png -> max conf: 0.053 (needs 0.5, optimal scale: 1.00x)
[SILENT_LOG] [TemplateMatcher] battle_0star.png -> max conf: 0.053 (needs 0.5, optimal scale: 1.00x)
[REWARD] 执行前血条数: 2 -> 最终确认血条数: 0
[REWARD] 💤 AI 主动挂机等费用，只扣除微小时间惩罚 -0.01
[SILENT_LOG] [TemplateMatcher] battle_3star.png -> max conf: 0.121 (needs 0.5, optimal scale: 1.00x)
[SILENT_LOG] [TemplateMatcher] battle_2star.png -> max conf: 0.304 (needs 0.5, optimal scale: 1.00x)
[SILENT_LOG] [TemplateMatcher] battle_0star.png -> max conf: 0.005 (needs 0.5, optimal scale: 1.00x)
[SILENT_LOG] [TemplateMatcher] battle_0star.png -> max conf: 0.005 (needs 0.5, optimal scale: 1.00x)
[TemplateMatcher] pause_gear.png -> max conf: 0.908 (needs 0.5, optimal scale: 0.80x)

[STEP 26] 开始执行动作...
[ACTION] AI决定: 选卡 6 -> 放入网格(6,3) -> 朝向 3
         坐标映射: 拖拽从(835,650)至(800,430) -> 方向滑动至(950,430)
[SILENT_LOG] [TemplateMatcher] battle_3star.png -> max conf: 0.220 (needs 0.5, optimal scale: 1.00x)
[SILENT_LOG] [TemplateMatcher] battle_2star.png -> max conf: 0.045 (needs 0.5, optimal scale: 1.00x)
[SILENT_LOG] [TemplateMatcher] battle_0star.png -> max conf: 0.219 (needs 0.5, optimal scale: 1.00x)
[SILENT_LOG] [TemplateMatcher] battle_0star.png -> max conf: 0.219 (needs 0.5, optimal scale: 1.00x)
[ACTION] ✅ CV校验通过！网格(6,3)具有高亮绿色(像素:900)，准许拖拽。
[SILENT_LOG] [TemplateMatcher] battle_3star.png -> max conf: 0.213 (needs 0.5, optimal scale: 1.00x)
[SILENT_LOG] [TemplateMatcher] battle_2star.png -> max conf: 0.001 (needs 0.5, optimal scale: 1.00x)
[SILENT_LOG] [TemplateMatcher] battle_0star.png -> max conf: 0.199 (needs 0.5, optimal scale: 1.00x)
[SILENT_LOG] [TemplateMatcher] battle_0star.png -> max conf: 0.199 (needs 0.5, optimal scale: 1.00x)
[REWARD] 动作已执行，开始 3 次心跳检测 (间隔 0.2s)...
[SILENT_LOG] [TemplateMatcher] battle_3star.png -> max conf: 0.213 (needs 0.5, optimal scale: 1.00x)
[SILENT_LOG] [TemplateMatcher] battle_2star.png -> max conf: -0.020 (needs 0.5, optimal scale: 1.00x)
[SILENT_LOG] [TemplateMatcher] battle_0star.png -> max conf: 0.198 (needs 0.5, optimal scale: 1.00x)
[SILENT_LOG] [TemplateMatcher] battle_0star.png -> max conf: 0.198 (needs 0.5, optimal scale: 1.00x)
[REWARD] ✅ 第 1 次检测命中目标干员血条！
[REWARD] 执行前血条数: 2 -> 最终确认血条数: 3
[REWARD] 🎯 完美落子！部署点靠近敌人 (距离: 146.8)，奖励 +2.0
[REWARD] ⚔️ 完美朝向！正对敌人 (角度: 16.6°)，巨额奖励 +8.0
[SILENT_LOG] [TemplateMatcher] battle_3star.png -> max conf: 0.120 (needs 0.5, optimal scale: 1.00x)
[SILENT_LOG] [TemplateMatcher] battle_2star.png -> max conf: 0.310 (needs 0.5, optimal scale: 1.00x)
[SILENT_LOG] [TemplateMatcher] battle_0star.png -> max conf: 0.004 (needs 0.5, optimal scale: 1.00x)
[SILENT_LOG] [TemplateMatcher] battle_0star.png -> max conf: 0.004 (needs 0.5, optimal scale: 1.00x)
[TemplateMatcher] pause_gear.png -> max conf: 0.908 (needs 0.5, optimal scale: 0.80x)

[STEP 27] 开始执行动作...
[ACTION] AI决定: 选卡 7 -> 放入网格(3,2) -> 朝向 1
         坐标映射: 拖拽从(925,650)至(500,350) -> 方向滑动至(500,500)
[SILENT_LOG] [TemplateMatcher] battle_3star.png -> max conf: 0.138 (needs 0.5, optimal scale: 1.00x)
[SILENT_LOG] [TemplateMatcher] battle_2star.png -> max conf: 0.262 (needs 0.5, optimal scale: 1.00x)
[SILENT_LOG] [TemplateMatcher] battle_0star.png -> max conf: 0.045 (needs 0.5, optimal scale: 1.00x)
[SILENT_LOG] [TemplateMatcher] battle_0star.png -> max conf: 0.045 (needs 0.5, optimal scale: 1.00x)
[ACTION] ⛔ Fast-Fail! 目标网格(3,2)非绿色高亮(绿像素:0)。取消拖拽。
[SILENT_LOG] [TemplateMatcher] battle_3star.png -> max conf: 0.183 (needs 0.5, optimal scale: 1.00x)
[SILENT_LOG] [TemplateMatcher] battle_2star.png -> max conf: 0.112 (needs 0.5, optimal scale: 1.00x)
[SILENT_LOG] [TemplateMatcher] battle_0star.png -> max conf: 0.196 (needs 0.5, optimal scale: 1.00x)
[SILENT_LOG] [TemplateMatcher] battle_0star.png -> max conf: 0.196 (needs 0.5, optimal scale: 1.00x)
[REWARD] 执行前血条数: 3 -> 最终确认血条数: 0
[REWARD] ⛔ 非法区域/无费用，已被 CV 阻断。奖励 -0.5 (连续无作为: 1次)
[TemplateMatcher] pause_gear.png -> max conf: 0.908 (needs 0.5, optimal scale: 0.80x)

[STEP 28] 开始执行动作...
[SILENT_LOG] [TemplateMatcher] battle_3star.png -> max conf: 0.150 (needs 0.5, optimal scale: 1.00x)
[SILENT_LOG] [TemplateMatcher] battle_2star.png -> max conf: 0.339 (needs 0.5, optimal scale: 1.00x)
[SILENT_LOG] [TemplateMatcher] battle_0star.png -> max conf: 0.005 (needs 0.5, optimal scale: 1.00x)
[SILENT_LOG] [TemplateMatcher] battle_0star.png -> max conf: 0.005 (needs 0.5, optimal scale: 1.00x)
[ACTION] AI决定: 💤 挂机 (Skip / Wait for Cost) - 屏幕中上部防误触点击
[SILENT_LOG] [TemplateMatcher] battle_3star.png -> max conf: 0.114 (needs 0.5, optimal scale: 1.00x)
[SILENT_LOG] [TemplateMatcher] battle_2star.png -> max conf: 0.310 (needs 0.5, optimal scale: 1.00x)
[SILENT_LOG] [TemplateMatcher] battle_0star.png -> max conf: -0.001 (needs 0.5, optimal scale: 1.00x)
[SILENT_LOG] [TemplateMatcher] battle_0star.png -> max conf: -0.001 (needs 0.5, optimal scale: 1.00x)
[SILENT_LOG] [TemplateMatcher] battle_3star.png -> max conf: 0.107 (needs 0.5, optimal scale: 1.00x)
[SILENT_LOG] [TemplateMatcher] battle_2star.png -> max conf: 0.293 (needs 0.5, optimal scale: 1.00x)
[SILENT_LOG] [TemplateMatcher] battle_0star.png -> max conf: -0.004 (needs 0.5, optimal scale: 1.00x)
[SILENT_LOG] [TemplateMatcher] battle_0star.png -> max conf: -0.004 (needs 0.5, optimal scale: 1.00x)
[SILENT_LOG] [TemplateMatcher] battle_3star.png -> max conf: 0.122 (needs 0.5, optimal scale: 1.00x)
[SILENT_LOG] [TemplateMatcher] battle_2star.png -> max conf: 0.279 (needs 0.5, optimal scale: 1.00x)
[SILENT_LOG] [TemplateMatcher] battle_0star.png -> max conf: 0.011 (needs 0.5, optimal scale: 1.00x)
[SILENT_LOG] [TemplateMatcher] battle_0star.png -> max conf: 0.011 (needs 0.5, optimal scale: 1.00x)
[SILENT_LOG] [TemplateMatcher] battle_3star.png -> max conf: 0.110 (needs 0.5, optimal scale: 1.00x)
[SILENT_LOG] [TemplateMatcher] battle_2star.png -> max conf: 0.298 (needs 0.5, optimal scale: 1.00x)
[SILENT_LOG] [TemplateMatcher] battle_0star.png -> max conf: 0.002 (needs 0.5, optimal scale: 1.00x)
[SILENT_LOG] [TemplateMatcher] battle_0star.png -> max conf: 0.002 (needs 0.5, optimal scale: 1.00x)
[REWARD] 执行前血条数: 4 -> 最终确认血条数: 0
[REWARD] 💤 AI 主动挂机等费用，只扣除微小时间惩罚 -0.01
[TemplateMatcher] pause_gear.png -> max conf: 0.908 (needs 0.5, optimal scale: 0.80x)

[STEP 29] 开始执行动作...
[SILENT_LOG] [TemplateMatcher] battle_3star.png -> max conf: 0.133 (needs 0.5, optimal scale: 1.00x)
[SILENT_LOG] [TemplateMatcher] battle_2star.png -> max conf: 0.236 (needs 0.5, optimal scale: 1.00x)
[SILENT_LOG] [TemplateMatcher] battle_0star.png -> max conf: -0.027 (needs 0.5, optimal scale: 1.00x)
[SILENT_LOG] [TemplateMatcher] battle_0star.png -> max conf: -0.027 (needs 0.5, optimal scale: 1.00x)
[ACTION] AI决定: 💤 挂机 (Skip / Wait for Cost) - 屏幕中上部防误触点击
[SILENT_LOG] [TemplateMatcher] battle_3star.png -> max conf: 0.161 (needs 0.5, optimal scale: 1.00x)
[SILENT_LOG] [TemplateMatcher] battle_2star.png -> max conf: 0.124 (needs 0.5, optimal scale: 1.00x)
[SILENT_LOG] [TemplateMatcher] battle_0star.png -> max conf: 0.049 (needs 0.5, optimal scale: 1.00x)
[SILENT_LOG] [TemplateMatcher] battle_0star.png -> max conf: 0.049 (needs 0.5, optimal scale: 1.00x)
[SILENT_LOG] [TemplateMatcher] battle_3star.png -> max conf: 0.148 (needs 0.5, optimal scale: 1.00x)
[SILENT_LOG] [TemplateMatcher] battle_2star.png -> max conf: 0.225 (needs 0.5, optimal scale: 1.00x)
[SILENT_LOG] [TemplateMatcher] battle_0star.png -> max conf: 0.037 (needs 0.5, optimal scale: 1.00x)
[SILENT_LOG] [TemplateMatcher] battle_0star.png -> max conf: 0.037 (needs 0.5, optimal scale: 1.00x)
[SILENT_LOG] [TemplateMatcher] battle_3star.png -> max conf: 0.134 (needs 0.5, optimal scale: 1.00x)
[SILENT_LOG] [TemplateMatcher] battle_2star.png -> max conf: 0.216 (needs 0.5, optimal scale: 1.00x)
[SILENT_LOG] [TemplateMatcher] battle_0star.png -> max conf: 0.039 (needs 0.5, optimal scale: 1.00x)
[SILENT_LOG] [TemplateMatcher] battle_0star.png -> max conf: 0.039 (needs 0.5, optimal scale: 1.00x)
[SILENT_LOG] [TemplateMatcher] battle_3star.png -> max conf: 0.136 (needs 0.5, optimal scale: 1.00x)
[SILENT_LOG] [TemplateMatcher] battle_2star.png -> max conf: 0.168 (needs 0.5, optimal scale: 1.00x)
[SILENT_LOG] [TemplateMatcher] battle_0star.png -> max conf: 0.059 (needs 0.5, optimal scale: 1.00x)
[SILENT_LOG] [TemplateMatcher] battle_0star.png -> max conf: 0.059 (needs 0.5, optimal scale: 1.00x)
[REWARD] 执行前血条数: 3 -> 最终确认血条数: 0
[REWARD] 💤 AI 主动挂机等费用，只扣除微小时间惩罚 -0.01
[TemplateMatcher] pause_gear.png -> max conf: 0.908 (needs 0.5, optimal scale: 0.80x)

[STEP 30] 开始执行动作...
[SILENT_LOG] [TemplateMatcher] battle_3star.png -> max conf: 0.104 (needs 0.5, optimal scale: 1.00x)
[SILENT_LOG] [TemplateMatcher] battle_2star.png -> max conf: 0.251 (needs 0.5, optimal scale: 1.00x)
[SILENT_LOG] [TemplateMatcher] battle_0star.png -> max conf: -0.020 (needs 0.5, optimal scale: 1.00x)
[SILENT_LOG] [TemplateMatcher] battle_0star.png -> max conf: -0.020 (needs 0.5, optimal scale: 1.00x)
[ACTION] AI决定: 💤 挂机 (Skip / Wait for Cost) - 屏幕中上部防误触点击
[SILENT_LOG] [TemplateMatcher] battle_3star.png -> max conf: 0.152 (needs 0.5, optimal scale: 1.00x)
[SILENT_LOG] [TemplateMatcher] battle_2star.png -> max conf: 0.121 (needs 0.5, optimal scale: 1.00x)
[SILENT_LOG] [TemplateMatcher] battle_0star.png -> max conf: 0.073 (needs 0.5, optimal scale: 1.00x)
[SILENT_LOG] [TemplateMatcher] battle_0star.png -> max conf: 0.073 (needs 0.5, optimal scale: 1.00x)
[SILENT_LOG] [TemplateMatcher] battle_3star.png -> max conf: 0.125 (needs 0.5, optimal scale: 1.00x)
[SILENT_LOG] [TemplateMatcher] battle_2star.png -> max conf: 0.239 (needs 0.5, optimal scale: 1.00x)
[SILENT_LOG] [TemplateMatcher] battle_0star.png -> max conf: 0.017 (needs 0.5, optimal scale: 1.00x)
[SILENT_LOG] [TemplateMatcher] battle_0star.png -> max conf: 0.017 (needs 0.5, optimal scale: 1.00x)
[SILENT_LOG] [TemplateMatcher] battle_3star.png -> max conf: 0.181 (needs 0.5, optimal scale: 1.00x)
[SILENT_LOG] [TemplateMatcher] battle_2star.png -> max conf: 0.210 (needs 0.5, optimal scale: 1.00x)
[SILENT_LOG] [TemplateMatcher] battle_0star.png -> max conf: 0.049 (needs 0.5, optimal scale: 1.00x)
[SILENT_LOG] [TemplateMatcher] battle_0star.png -> max conf: 0.049 (needs 0.5, optimal scale: 1.00x)
[SILENT_LOG] [TemplateMatcher] battle_3star.png -> max conf: 0.121 (needs 0.5, optimal scale: 1.00x)
[SILENT_LOG] [TemplateMatcher] battle_2star.png -> max conf: 0.312 (needs 0.5, optimal scale: 1.00x)
[SILENT_LOG] [TemplateMatcher] battle_0star.png -> max conf: 0.004 (needs 0.5, optimal scale: 1.00x)
[SILENT_LOG] [TemplateMatcher] battle_0star.png -> max conf: 0.004 (needs 0.5, optimal scale: 1.00x)
[REWARD] 执行前血条数: 3 -> 最终确认血条数: 0
[REWARD] 💤 AI 主动挂机等费用，只扣除微小时间惩罚 -0.01
[SILENT_LOG] [TemplateMatcher] battle_3star.png -> max conf: 0.117 (needs 0.5, optimal scale: 1.00x)
[SILENT_LOG] [TemplateMatcher] battle_2star.png -> max conf: 0.291 (needs 0.5, optimal scale: 1.00x)
[SILENT_LOG] [TemplateMatcher] battle_0star.png -> max conf: -0.002 (needs 0.5, optimal scale: 1.00x)
[SILENT_LOG] [TemplateMatcher] battle_0star.png -> max conf: -0.002 (needs 0.5, optimal scale: 1.00x)
[TemplateMatcher] pause_gear.png -> max conf: 0.908 (needs 0.5, optimal scale: 0.80x)

[STEP 31] 开始执行动作...
[ACTION] AI决定: 选卡 2 -> 放入网格(1,4) -> 朝向 1
         坐标映射: 拖拽从(475,650)至(300,510) -> 方向滑动至(300,660)
[SILENT_LOG] [TemplateMatcher] battle_3star.png -> max conf: 0.251 (needs 0.5, optimal scale: 1.00x)
[SILENT_LOG] [TemplateMatcher] battle_2star.png -> max conf: 0.170 (needs 0.5, optimal scale: 1.00x)
[SILENT_LOG] [TemplateMatcher] battle_0star.png -> max conf: 0.217 (needs 0.5, optimal scale: 1.00x)
[SILENT_LOG] [TemplateMatcher] battle_0star.png -> max conf: 0.217 (needs 0.5, optimal scale: 1.00x)
[ACTION] ⛔ Fast-Fail! 目标网格(1,4)非绿色高亮(绿像素:0)。取消拖拽。
[REWARD] 执行前血条数: 4 -> 最终确认血条数: 0
[REWARD] ⛔ 非法区域/无费用，已被 CV 阻断。奖励 -0.5 (连续无作为: 1次)
[SILENT_LOG] [TemplateMatcher] battle_3star.png -> max conf: 0.097 (needs 0.5, optimal scale: 1.00x)
[SILENT_LOG] [TemplateMatcher] battle_2star.png -> max conf: 0.292 (needs 0.5, optimal scale: 1.00x)
[SILENT_LOG] [TemplateMatcher] battle_0star.png -> max conf: -0.010 (needs 0.5, optimal scale: 1.00x)
[SILENT_LOG] [TemplateMatcher] battle_0star.png -> max conf: -0.010 (needs 0.5, optimal scale: 1.00x)
[TemplateMatcher] pause_gear.png -> max conf: 0.906 (needs 0.5, optimal scale: 0.80x)

[STEP 32] 开始执行动作...
[ACTION] AI决定: 选卡 6 -> 放入网格(7,0) -> 朝向 3
         坐标映射: 拖拽从(835,650)至(900,190) -> 方向滑动至(1050,190)
[SILENT_LOG] [TemplateMatcher] battle_3star.png -> max conf: 0.120 (needs 0.5, optimal scale: 1.00x)
[SILENT_LOG] [TemplateMatcher] battle_2star.png -> max conf: 0.243 (needs 0.5, optimal scale: 1.00x)
[SILENT_LOG] [TemplateMatcher] battle_0star.png -> max conf: -0.018 (needs 0.5, optimal scale: 1.00x)
[SILENT_LOG] [TemplateMatcher] battle_0star.png -> max conf: -0.018 (needs 0.5, optimal scale: 1.00x)
[ACTION] ✅ CV校验通过！网格(7,0)具有高亮绿色(像素:755)，准许拖拽。
[SILENT_LOG] [TemplateMatcher] battle_3star.png -> max conf: 0.189 (needs 0.5, optimal scale: 1.00x)
[SILENT_LOG] [TemplateMatcher] battle_2star.png -> max conf: -0.135 (needs 0.5, optimal scale: 1.00x)
[SILENT_LOG] [TemplateMatcher] battle_0star.png -> max conf: 0.230 (needs 0.5, optimal scale: 1.00x)
[SILENT_LOG] [TemplateMatcher] battle_0star.png -> max conf: 0.230 (needs 0.5, optimal scale: 1.00x)
[REWARD] 动作已执行，开始 3 次心跳检测 (间隔 0.2s)...
[SILENT_LOG] [TemplateMatcher] battle_3star.png -> max conf: 0.189 (needs 0.5, optimal scale: 1.00x)
[SILENT_LOG] [TemplateMatcher] battle_2star.png -> max conf: -0.135 (needs 0.5, optimal scale: 1.00x)
[SILENT_LOG] [TemplateMatcher] battle_0star.png -> max conf: 0.230 (needs 0.5, optimal scale: 1.00x)
[SILENT_LOG] [TemplateMatcher] battle_0star.png -> max conf: 0.230 (needs 0.5, optimal scale: 1.00x)
[REWARD] ❌ 第 1 次未检测到目标血条...
[SILENT_LOG] [TemplateMatcher] battle_3star.png -> max conf: 0.101 (needs 0.5, optimal scale: 1.00x)
[SILENT_LOG] [TemplateMatcher] battle_2star.png -> max conf: 0.188 (needs 0.5, optimal scale: 1.00x)
[SILENT_LOG] [TemplateMatcher] battle_0star.png -> max conf: -0.038 (needs 0.5, optimal scale: 1.00x)
[SILENT_LOG] [TemplateMatcher] battle_0star.png -> max conf: -0.038 (needs 0.5, optimal scale: 1.00x)
[REWARD] ❌ 第 2 次未检测到目标血条...
[SILENT_LOG] [TemplateMatcher] battle_3star.png -> max conf: 0.145 (needs 0.5, optimal scale: 1.00x)
[SILENT_LOG] [TemplateMatcher] battle_2star.png -> max conf: 0.214 (needs 0.5, optimal scale: 1.00x)
[SILENT_LOG] [TemplateMatcher] battle_0star.png -> max conf: 0.040 (needs 0.5, optimal scale: 1.00x)
[SILENT_LOG] [TemplateMatcher] battle_0star.png -> max conf: 0.040 (needs 0.5, optimal scale: 1.00x)
[REWARD] ❌ 第 3 次未检测到目标血条...
[REWARD] 执行前血条数: 4 -> 最终确认血条数: 4
[REWARD] 部署失败，计算前后帧 MSE (均方误差) = 397.71
[REWARD] 动作无效，但游戏仍在进行(画面有变化)。奖励 -0.2 (已清空无作为计数器)
[SILENT_LOG] [TemplateMatcher] battle_3star.png -> max conf: 0.165 (needs 0.5, optimal scale: 1.00x)
[SILENT_LOG] [TemplateMatcher] battle_2star.png -> max conf: 0.113 (needs 0.5, optimal scale: 1.00x)
[SILENT_LOG] [TemplateMatcher] battle_0star.png -> max conf: 0.057 (needs 0.5, optimal scale: 1.00x)
[SILENT_LOG] [TemplateMatcher] battle_0star.png -> max conf: 0.057 (needs 0.5, optimal scale: 1.00x)
[TemplateMatcher] pause_gear.png -> max conf: 0.908 (needs 0.5, optimal scale: 0.80x)
[SAVE] 自动保存进度 (Step 100) -> policy_latest.zip

[STEP 33] 开始执行动作...
[ACTION] AI决定: 选卡 5 -> 放入网格(9,0) -> 朝向 0
         坐标映射: 拖拽从(745,650)至(1100,190) -> 方向滑动至(1100,40)
[SILENT_LOG] [TemplateMatcher] battle_3star.png -> max conf: 0.172 (needs 0.5, optimal scale: 1.00x)
[SILENT_LOG] [TemplateMatcher] battle_2star.png -> max conf: 0.233 (needs 0.5, optimal scale: 1.00x)
[SILENT_LOG] [TemplateMatcher] battle_0star.png -> max conf: 0.061 (needs 0.5, optimal scale: 1.00x)
[SILENT_LOG] [TemplateMatcher] battle_0star.png -> max conf: 0.061 (needs 0.5, optimal scale: 1.00x)
[ACTION] ⛔ Fast-Fail! 目标网格(9,0)非绿色高亮(绿像素:0)。取消拖拽。
[REWARD] 执行前血条数: 4 -> 最终确认血条数: 0
[REWARD] ⛔ 非法区域/无费用，已被 CV 阻断。奖励 -0.5 (连续无作为: 1次)
[SILENT_LOG] [TemplateMatcher] battle_3star.png -> max conf: 0.127 (needs 0.5, optimal scale: 1.00x)
[SILENT_LOG] [TemplateMatcher] battle_2star.png -> max conf: 0.254 (needs 0.5, optimal scale: 1.00x)
[SILENT_LOG] [TemplateMatcher] battle_0star.png -> max conf: 0.013 (needs 0.5, optimal scale: 1.00x)
[SILENT_LOG] [TemplateMatcher] battle_0star.png -> max conf: 0.013 (needs 0.5, optimal scale: 1.00x)
[TemplateMatcher] pause_gear.png -> max conf: 0.908 (needs 0.5, optimal scale: 0.80x)

[STEP 34] 开始执行动作...
[ACTION] AI决定: 选卡 6 -> 放入网格(6,3) -> 朝向 2
         坐标映射: 拖拽从(835,650)至(800,430) -> 方向滑动至(650,430)
[SILENT_LOG] [TemplateMatcher] battle_3star.png -> max conf: 0.172 (needs 0.5, optimal scale: 1.00x)
[SILENT_LOG] [TemplateMatcher] battle_2star.png -> max conf: 0.042 (needs 0.5, optimal scale: 1.00x)
[SILENT_LOG] [TemplateMatcher] battle_0star.png -> max conf: 0.047 (needs 0.5, optimal scale: 1.00x)
[SILENT_LOG] [TemplateMatcher] battle_0star.png -> max conf: 0.047 (needs 0.5, optimal scale: 1.00x)
[ACTION] ✅ CV校验通过！网格(6,3)具有高亮绿色(像素:75)，准许拖拽。
[SILENT_LOG] [TemplateMatcher] battle_3star.png -> max conf: 0.207 (needs 0.5, optimal scale: 1.00x)
[SILENT_LOG] [TemplateMatcher] battle_2star.png -> max conf: -0.027 (needs 0.5, optimal scale: 1.00x)
[SILENT_LOG] [TemplateMatcher] battle_0star.png -> max conf: 0.230 (needs 0.5, optimal scale: 1.00x)
[SILENT_LOG] [TemplateMatcher] battle_0star.png -> max conf: 0.230 (needs 0.5, optimal scale: 1.00x)
[REWARD] 动作已执行，开始 3 次心跳检测 (间隔 0.2s)...
[SILENT_LOG] [TemplateMatcher] battle_3star.png -> max conf: 0.158 (needs 0.5, optimal scale: 1.00x)
[SILENT_LOG] [TemplateMatcher] battle_2star.png -> max conf: 0.212 (needs 0.5, optimal scale: 1.00x)
[SILENT_LOG] [TemplateMatcher] battle_0star.png -> max conf: 0.054 (needs 0.5, optimal scale: 1.00x)
[SILENT_LOG] [TemplateMatcher] battle_0star.png -> max conf: 0.054 (needs 0.5, optimal scale: 1.00x)
[REWARD] ❌ 第 1 次未检测到目标血条...
[SILENT_LOG] [TemplateMatcher] battle_3star.png -> max conf: 0.107 (needs 0.5, optimal scale: 1.00x)
[SILENT_LOG] [TemplateMatcher] battle_2star.png -> max conf: 0.241 (needs 0.5, optimal scale: 1.00x)
[SILENT_LOG] [TemplateMatcher] battle_0star.png -> max conf: 0.053 (needs 0.5, optimal scale: 1.00x)
[SILENT_LOG] [TemplateMatcher] battle_0star.png -> max conf: 0.053 (needs 0.5, optimal scale: 1.00x)
[REWARD] ❌ 第 2 次未检测到目标血条...
[SILENT_LOG] [TemplateMatcher] battle_3star.png -> max conf: 0.117 (needs 0.5, optimal scale: 1.00x)
[SILENT_LOG] [TemplateMatcher] battle_2star.png -> max conf: 0.307 (needs 0.5, optimal scale: 1.00x)
[SILENT_LOG] [TemplateMatcher] battle_0star.png -> max conf: -0.009 (needs 0.5, optimal scale: 1.00x)
[SILENT_LOG] [TemplateMatcher] battle_0star.png -> max conf: -0.009 (needs 0.5, optimal scale: 1.00x)
[REWARD] ❌ 第 3 次未检测到目标血条...
[REWARD] 执行前血条数: 4 -> 最终确认血条数: 3
[REWARD] 部署失败，计算前后帧 MSE (均方误差) = 304.59
[REWARD] 动作无效，但游戏仍在进行(画面有变化)。奖励 -0.2 (已清空无作为计数器)
[SILENT_LOG] [TemplateMatcher] battle_3star.png -> max conf: 0.116 (needs 0.5, optimal scale: 1.00x)
[SILENT_LOG] [TemplateMatcher] battle_2star.png -> max conf: 0.307 (needs 0.5, optimal scale: 1.00x)
[SILENT_LOG] [TemplateMatcher] battle_0star.png -> max conf: -0.001 (needs 0.5, optimal scale: 1.00x)
[SILENT_LOG] [TemplateMatcher] battle_0star.png -> max conf: -0.001 (needs 0.5, optimal scale: 1.00x)
[TemplateMatcher] pause_gear.png -> max conf: 0.908 (needs 0.5, optimal scale: 0.80x)

[STEP 35] 开始执行动作...
[SILENT_LOG] [TemplateMatcher] battle_3star.png -> max conf: 0.112 (needs 0.5, optimal scale: 1.00x)
[ACTION] AI决定: 选卡 8 -> 放入网格(6,0) -> 朝向 3
         坐标映射: 拖拽从(1015,650)至(800,190) -> 方向滑动至(950,190)
[SILENT_LOG] [TemplateMatcher] battle_2star.png -> max conf: 0.298 (needs 0.5, optimal scale: 1.00x)
[SILENT_LOG] [TemplateMatcher] battle_0star.png -> max conf: 0.004 (needs 0.5, optimal scale: 1.00x)
[SILENT_LOG] [TemplateMatcher] battle_0star.png -> max conf: 0.004 (needs 0.5, optimal scale: 1.00x)
[ACTION] ✅ CV校验通过！网格(6,0)具有高亮绿色(像素:476)，准许拖拽。
[SILENT_LOG] [TemplateMatcher] battle_3star.png -> max conf: 0.183 (needs 0.5, optimal scale: 1.00x)
[SILENT_LOG] [TemplateMatcher] battle_2star.png -> max conf: 0.112 (needs 0.5, optimal scale: 1.00x)
[SILENT_LOG] [TemplateMatcher] battle_0star.png -> max conf: 0.196 (needs 0.5, optimal scale: 1.00x)
[SILENT_LOG] [TemplateMatcher] battle_0star.png -> max conf: 0.196 (needs 0.5, optimal scale: 1.00x)
[REWARD] 动作已执行，开始 3 次心跳检测 (间隔 0.2s)...
[SILENT_LOG] [TemplateMatcher] battle_3star.png -> max conf: 0.183 (needs 0.5, optimal scale: 1.00x)
[SILENT_LOG] [TemplateMatcher] battle_2star.png -> max conf: 0.112 (needs 0.5, optimal scale: 1.00x)
[SILENT_LOG] [TemplateMatcher] battle_0star.png -> max conf: 0.196 (needs 0.5, optimal scale: 1.00x)
[SILENT_LOG] [TemplateMatcher] battle_0star.png -> max conf: 0.196 (needs 0.5, optimal scale: 1.00x)
[REWARD] ❌ 第 1 次未检测到目标血条...
[SILENT_LOG] [TemplateMatcher] battle_3star.png -> max conf: 0.126 (needs 0.5, optimal scale: 1.00x)
[SILENT_LOG] [TemplateMatcher] battle_2star.png -> max conf: 0.316 (needs 0.5, optimal scale: 1.00x)
[SILENT_LOG] [TemplateMatcher] battle_0star.png -> max conf: 0.006 (needs 0.5, optimal scale: 1.00x)
[SILENT_LOG] [TemplateMatcher] battle_0star.png -> max conf: 0.006 (needs 0.5, optimal scale: 1.00x)
[SILENT_LOG] [TemplateMatcher] battle_3star.png -> max conf: 0.125 (needs 0.5, optimal scale: 1.00x)
[SILENT_LOG] [TemplateMatcher] battle_2star.png -> max conf: 0.312 (needs 0.5, optimal scale: 1.00x)
[SILENT_LOG] [TemplateMatcher] battle_0star.png -> max conf: 0.005 (needs 0.5, optimal scale: 1.00x)
[SILENT_LOG] [TemplateMatcher] battle_0star.png -> max conf: 0.005 (needs 0.5, optimal scale: 1.00x)
[REWARD] ❌ 第 2 次未检测到目标血条...
[SILENT_LOG] [TemplateMatcher] battle_3star.png -> max conf: 0.121 (needs 0.5, optimal scale: 1.00x)
[SILENT_LOG] [TemplateMatcher] battle_2star.png -> max conf: 0.306 (needs 0.5, optimal scale: 1.00x)
[SILENT_LOG] [TemplateMatcher] battle_0star.png -> max conf: 0.006 (needs 0.5, optimal scale: 1.00x)
[SILENT_LOG] [TemplateMatcher] battle_0star.png -> max conf: 0.006 (needs 0.5, optimal scale: 1.00x)
[REWARD] ❌ 第 3 次未检测到目标血条...
[REWARD] 执行前血条数: 4 -> 最终确认血条数: 4
[REWARD] 部署失败，计算前后帧 MSE (均方误差) = 308.45
[REWARD] 动作无效，但游戏仍在进行(画面有变化)。奖励 -0.2 (已清空无作为计数器)
[TemplateMatcher] pause_gear.png -> max conf: 0.908 (needs 0.5, optimal scale: 0.80x)

[STEP 36] 开始执行动作...
[SILENT_LOG] [TemplateMatcher] battle_3star.png -> max conf: 0.131 (needs 0.5, optimal scale: 1.00x)
[SILENT_LOG] [TemplateMatcher] battle_2star.png -> max conf: 0.320 (needs 0.5, optimal scale: 1.00x)
[SILENT_LOG] [TemplateMatcher] battle_0star.png -> max conf: 0.008 (needs 0.5, optimal scale: 1.00x)
[SILENT_LOG] [TemplateMatcher] battle_0star.png -> max conf: 0.008 (needs 0.5, optimal scale: 1.00x)
[ACTION] AI决定: 选卡 3 -> 放入网格(3,0) -> 朝向 0
         坐标映射: 拖拽从(565,650)至(500,190) -> 方向滑动至(500,40)
[SILENT_LOG] [TemplateMatcher] battle_3star.png -> max conf: 0.127 (needs 0.5, optimal scale: 1.00x)
[SILENT_LOG] [TemplateMatcher] battle_2star.png -> max conf: 0.309 (needs 0.5, optimal scale: 1.00x)
[SILENT_LOG] [TemplateMatcher] battle_0star.png -> max conf: 0.012 (needs 0.5, optimal scale: 1.00x)
[SILENT_LOG] [TemplateMatcher] battle_0star.png -> max conf: 0.012 (needs 0.5, optimal scale: 1.00x)
[ACTION] ✅ CV校验通过！网格(3,0)具有高亮绿色(像素:22)，准许拖拽。
[SILENT_LOG] [TemplateMatcher] battle_3star.png -> max conf: 0.224 (needs 0.5, optimal scale: 1.00x)
[SILENT_LOG] [TemplateMatcher] battle_2star.png -> max conf: 0.003 (needs 0.5, optimal scale: 1.00x)
[SILENT_LOG] [TemplateMatcher] battle_0star.png -> max conf: 0.203 (needs 0.5, optimal scale: 1.00x)
[SILENT_LOG] [TemplateMatcher] battle_0star.png -> max conf: 0.203 (needs 0.5, optimal scale: 1.00x)
[REWARD] 动作已执行，开始 3 次心跳检测 (间隔 0.2s)...
[SILENT_LOG] [TemplateMatcher] battle_3star.png -> max conf: 0.111 (needs 0.5, optimal scale: 1.00x)
[SILENT_LOG] [TemplateMatcher] battle_2star.png -> max conf: 0.294 (needs 0.5, optimal scale: 1.00x)
[SILENT_LOG] [TemplateMatcher] battle_0star.png -> max conf: -0.025 (needs 0.5, optimal scale: 1.00x)
[SILENT_LOG] [TemplateMatcher] battle_0star.png -> max conf: -0.025 (needs 0.5, optimal scale: 1.00x)
[REWARD] ❌ 第 1 次未检测到目标血条...
[SILENT_LOG] [TemplateMatcher] battle_3star.png -> max conf: 0.100 (needs 0.5, optimal scale: 1.00x)
[SILENT_LOG] [TemplateMatcher] battle_2star.png -> max conf: 0.069 (needs 0.5, optimal scale: 1.00x)
[SILENT_LOG] [TemplateMatcher] battle_0star.png -> max conf: 0.135 (needs 0.5, optimal scale: 1.00x)
[SILENT_LOG] [TemplateMatcher] battle_0star.png -> max conf: 0.135 (needs 0.5, optimal scale: 1.00x)
[REWARD] ❌ 第 2 次未检测到目标血条...
[SILENT_LOG] [TemplateMatcher] battle_3star.png -> max conf: 0.100 (needs 0.5, optimal scale: 1.00x)
[SILENT_LOG] [TemplateMatcher] battle_2star.png -> max conf: 0.069 (needs 0.5, optimal scale: 1.00x)
[SILENT_LOG] [TemplateMatcher] battle_0star.png -> max conf: 0.135 (needs 0.5, optimal scale: 1.00x)
[SILENT_LOG] [TemplateMatcher] battle_0star.png -> max conf: 0.135 (needs 0.5, optimal scale: 1.00x)
[REWARD] ❌ 第 3 次未检测到目标血条...
[REWARD] 执行前血条数: 3 -> 最终确认血条数: 0
[REWARD] 部署失败，计算前后帧 MSE (均方误差) = 2361.31
[REWARD] 动作无效，但游戏仍在进行(画面有变化)。奖励 -0.2 (已清空无作为计数器)
[SILENT_LOG] [TemplateMatcher] battle_3star.png -> max conf: 0.100 (needs 0.5, optimal scale: 1.00x)
[SILENT_LOG] [TemplateMatcher] battle_2star.png -> max conf: 0.069 (needs 0.5, optimal scale: 1.00x)
[SILENT_LOG] [TemplateMatcher] battle_0star.png -> max conf: 0.135 (needs 0.5, optimal scale: 1.00x)
[SILENT_LOG] [TemplateMatcher] battle_0star.png -> max conf: 0.135 (needs 0.5, optimal scale: 1.00x)
[TemplateMatcher] pause_gear.png -> max conf: 0.601 (needs 0.5, optimal scale: 0.80x)

[STEP 37] 开始执行动作...
[ACTION] AI决定: 选卡 3 -> 放入网格(9,0) -> 朝向 3
         坐标映射: 拖拽从(565,650)至(1100,190) -> 方向滑动至(1250,190)
[SILENT_LOG] [TemplateMatcher] battle_3star.png -> max conf: 0.100 (needs 0.5, optimal scale: 1.00x)
[SILENT_LOG] [TemplateMatcher] battle_2star.png -> max conf: 0.069 (needs 0.5, optimal scale: 1.00x)
[SILENT_LOG] [TemplateMatcher] battle_0star.png -> max conf: 0.135 (needs 0.5, optimal scale: 1.00x)
[SILENT_LOG] [TemplateMatcher] battle_0star.png -> max conf: 0.135 (needs 0.5, optimal scale: 1.00x)
[ACTION] ⛔ Fast-Fail! 目标网格(9,0)非绿色高亮(绿像素:0)。取消拖拽。
[SILENT_LOG] [TemplateMatcher] battle_3star.png -> max conf: 0.113 (needs 0.5, optimal scale: 1.00x)
[SILENT_LOG] [TemplateMatcher] battle_2star.png -> max conf: 0.349 (needs 0.5, optimal scale: 1.00x)
[SILENT_LOG] [TemplateMatcher] battle_0star.png -> max conf: -0.076 (needs 0.5, optimal scale: 1.00x)
[SILENT_LOG] [TemplateMatcher] battle_0star.png -> max conf: -0.076 (needs 0.5, optimal scale: 1.00x)
[REWARD] 执行前血条数: 0 -> 最终确认血条数: 0
[REWARD] ⛔ 非法区域/无费用，已被 CV 阻断。奖励 -0.5 (连续无作为: 1次)
[TemplateMatcher] pause_gear.png -> max conf: 0.642 (needs 0.5, optimal scale: 0.95x)

[STEP 38] 开始执行动作...
[SILENT_LOG] [TemplateMatcher] battle_3star.png -> max conf: 0.000 (needs 0.5, optimal scale: 1.00x)
[SILENT_LOG] [TemplateMatcher] battle_2star.png -> max conf: 0.000 (needs 0.5, optimal scale: 1.00x)
[SILENT_LOG] [TemplateMatcher] battle_0star.png -> max conf: 0.000 (needs 0.5, optimal scale: 1.00x)
[SILENT_LOG] [TemplateMatcher] battle_0star.png -> max conf: 0.000 (needs 0.5, optimal scale: 1.00x)
[ACTION] AI决定: 💤 挂机 (Skip / Wait for Cost) - 屏幕中上部防误触点击
