[INFO] 正在查找 ADB 设备...
[SUCCESS] 连接到设备: MuMu安卓设备-MuMuPlayer12 v5 (127.0.0.1:16384)
[SUCCESS] 设备握手成功!
[INFO] 正在加载 YOLO 模型: D:\BiShe\MaAutomaton-main\MaAutomaton-main\models\yolo\best.pt
       使用设备: cpu
[SUCCESS] YOLO 模型加载完成!
[INFO] 正在加载模板匹配器...
[SUCCESS] 模板匹配器加载完成!
[INFO] 正在创建强化学习环境...
[SUCCESS] 环境创建完成!
[INFO] 正在创建 PPO 模型...
[INFO] 未发现已有模型存档，创建全新的 PPO 婴儿大脑！
Using cpu device
[TemplateMatcher] battle_3star.png -> max conf: 0.301 (needs 0.75, optimal scale: 1.05x)
[TemplateMatcher] battle_2star.png -> max conf: 0.487 (needs 0.75, optimal scale: 0.80x)
[TemplateMatcher] battle_0star.png -> max conf: 0.243 (needs 0.75, optimal scale: 0.90x)
[SUCCESS] PPO 模型创建完成!

================ 开始训练 ===================
总步数: 5000, 每次更新前收集步数: 128, 批次: 64
Logging to ./tensorboard_logs/PPO_2

[STEP 1] 开始执行动作...
[TemplateMatcher] battle_3star.png -> max conf: 0.301 (needs 0.75, optimal scale: 1.05x)
[TemplateMatcher] battle_2star.png -> max conf: 0.487 (needs 0.75, optimal scale: 0.80x)
[TemplateMatcher] battle_0star.png -> max conf: 0.243 (needs 0.75, optimal scale: 0.90x)
[ACTION] AI决定: 选卡 7 -> 放入网格(7,2) -> 朝向 1
         坐标映射: 拖拽从(925,650)至(900,350) -> 方向滑动至(900,500)
[TemplateMatcher] battle_3star.png -> max conf: 0.362 (needs 0.75, optimal scale: 0.90x)
[ACTION] ✅ CV校验通过！网格(7,2)具有高亮绿色(像素:332)，准许拖拽。
[TemplateMatcher] battle_2star.png -> max conf: 0.559 (needs 0.75, optimal scale: 0.85x)
[TemplateMatcher] battle_0star.png -> max conf: 0.278 (needs 0.75, optimal scale: 0.80x)
[TemplateMatcher] battle_3star.png -> max conf: 0.362 (needs 0.75, optimal scale: 0.90x)
[TemplateMatcher] battle_2star.png -> max conf: 0.559 (needs 0.75, optimal scale: 0.85x)
[TemplateMatcher] battle_0star.png -> max conf: 0.278 (needs 0.75, optimal scale: 0.80x)
[REWARD] 动作已执行，开始 3 次心跳检测 (间隔 0.2s)...
[TemplateMatcher] battle_3star.png -> max conf: 0.362 (needs 0.75, optimal scale: 0.90x)
[TemplateMatcher] battle_2star.png -> max conf: 0.558 (needs 0.75, optimal scale: 0.85x)
[TemplateMatcher] battle_0star.png -> max conf: 0.278 (needs 0.75, optimal scale: 0.80x)
[REWARD] ❌ 第 1 次未检测到目标血条...
[TemplateMatcher] battle_3star.png -> max conf: 0.303 (needs 0.75, optimal scale: 1.05x)
[TemplateMatcher] battle_2star.png -> max conf: 0.483 (needs 0.75, optimal scale: 0.85x)
[TemplateMatcher] battle_0star.png -> max conf: 0.257 (needs 0.75, optimal scale: 0.90x)
[REWARD] ❌ 第 2 次未检测到目标血条...
[TemplateMatcher] battle_3star.png -> max conf: 0.304 (needs 0.75, optimal scale: 1.05x)
[TemplateMatcher] battle_2star.png -> max conf: 0.480 (needs 0.75, optimal scale: 0.80x)
[TemplateMatcher] battle_0star.png -> max conf: 0.260 (needs 0.75, optimal scale: 0.90x)
[REWARD] ❌ 第 3 次未检测到目标血条...
[REWARD] 执行前血条数: 0 -> 最终确认血条数: 0
[REWARD] 部署失败，计算前后帧 MSE (均方误差) = 1939.71
[REWARD] 动作无效，但游戏仍在进行(画面有变化)。奖励 -0.2 (已清空无作为计数器)
[TemplateMatcher] battle_3star.png -> max conf: 0.301 (needs 0.75, optimal scale: 0.85x)
[TemplateMatcher] battle_2star.png -> max conf: 0.489 (needs 0.75, optimal scale: 0.80x)
[TemplateMatcher] battle_0star.png -> max conf: 0.261 (needs 0.75, optimal scale: 0.90x)
[TemplateMatcher] battle_3star.png -> max conf: 0.307 (needs 0.75, optimal scale: 1.05x)
[TemplateMatcher] battle_2star.png -> max conf: 0.481 (needs 0.75, optimal scale: 0.80x)
[TemplateMatcher] battle_0star.png -> max conf: 0.250 (needs 0.75, optimal scale: 0.90x)
[TemplateMatcher] pause_gear.png -> max conf: 0.908 (needs 0.5, optimal scale: 0.80x)

[STEP 2] 开始执行动作...
[TemplateMatcher] battle_3star.png -> max conf: 0.291 (needs 0.75, optimal scale: 0.85x)
[TemplateMatcher] battle_2star.png -> max conf: 0.492 (needs 0.75, optimal scale: 0.80x)
[TemplateMatcher] battle_0star.png -> max conf: 0.255 (needs 0.75, optimal scale: 0.90x)
[ACTION] AI决定: 选卡 7 -> 放入网格(4,0) -> 朝向 3
         坐标映射: 拖拽从(925,650)至(600,190) -> 方向滑动至(750,190)
[TemplateMatcher] battle_3star.png -> max conf: 0.362 (needs 0.75, optimal scale: 0.90x)
[TemplateMatcher] battle_2star.png -> max conf: 0.559 (needs 0.75, optimal scale: 0.85x)
[ACTION] ✅ CV校验通过！网格(4,0)具有高亮绿色(像素:705)，准许拖拽。
[TemplateMatcher] battle_0star.png -> max conf: 0.278 (needs 0.75, optimal scale: 0.80x)
[TemplateMatcher] battle_3star.png -> max conf: 0.362 (needs 0.75, optimal scale: 0.90x)
[TemplateMatcher] battle_2star.png -> max conf: 0.559 (needs 0.75, optimal scale: 0.85x)
[TemplateMatcher] battle_0star.png -> max conf: 0.278 (needs 0.75, optimal scale: 0.80x)
[REWARD] 动作已执行，开始 3 次心跳检测 (间隔 0.2s)...
[TemplateMatcher] battle_3star.png -> max conf: 0.362 (needs 0.75, optimal scale: 0.90x)
[TemplateMatcher] battle_2star.png -> max conf: 0.559 (needs 0.75, optimal scale: 0.85x)
[TemplateMatcher] battle_0star.png -> max conf: 0.278 (needs 0.75, optimal scale: 0.80x)
[REWARD] ❌ 第 1 次未检测到目标血条...
[TemplateMatcher] battle_3star.png -> max conf: 0.289 (needs 0.75, optimal scale: 0.85x)
[TemplateMatcher] battle_2star.png -> max conf: 0.496 (needs 0.75, optimal scale: 0.80x)
[TemplateMatcher] battle_0star.png -> max conf: 0.252 (needs 0.75, optimal scale: 0.80x)
[REWARD] ❌ 第 2 次未检测到目标血条...
[TemplateMatcher] battle_3star.png -> max conf: 0.294 (needs 0.75, optimal scale: 0.85x)
[TemplateMatcher] battle_2star.png -> max conf: 0.496 (needs 0.75, optimal scale: 0.80x)
[TemplateMatcher] battle_0star.png -> max conf: 0.254 (needs 0.75, optimal scale: 0.90x)
[REWARD] ❌ 第 3 次未检测到目标血条...
[REWARD] 执行前血条数: 0 -> 最终确认血条数: 0
[REWARD] 部署失败，计算前后帧 MSE (均方误差) = 212.10
[REWARD] 画面未发生明显变化(非法部署)。奖励 -0.5 (连续无作为: 1次)
[TemplateMatcher] pause_gear.png -> max conf: 0.909 (needs 0.5, optimal scale: 0.80x)

[STEP 3] 开始执行动作...
[TemplateMatcher] battle_3star.png -> max conf: 0.301 (needs 0.75, optimal scale: 1.05x)
[TemplateMatcher] battle_2star.png -> max conf: 0.487 (needs 0.75, optimal scale: 0.80x)
[TemplateMatcher] battle_0star.png -> max conf: 0.255 (needs 0.75, optimal scale: 0.90x)
[ACTION] AI决定: 💤 挂机 (Skip / Wait for Cost)
[TemplateMatcher] battle_3star.png -> max conf: 0.298 (needs 0.75, optimal scale: 1.05x)
[TemplateMatcher] battle_2star.png -> max conf: 0.487 (needs 0.75, optimal scale: 0.80x)
[TemplateMatcher] battle_0star.png -> max conf: 0.257 (needs 0.75, optimal scale: 0.80x)
[TemplateMatcher] battle_3star.png -> max conf: 0.312 (needs 0.75, optimal scale: 1.05x)
[TemplateMatcher] battle_2star.png -> max conf: 0.487 (needs 0.75, optimal scale: 0.80x)
[TemplateMatcher] battle_0star.png -> max conf: 0.255 (needs 0.75, optimal scale: 0.80x)
[TemplateMatcher] battle_3star.png -> max conf: 0.310 (needs 0.75, optimal scale: 0.85x)
[TemplateMatcher] battle_2star.png -> max conf: 0.481 (needs 0.75, optimal scale: 0.80x)
[TemplateMatcher] battle_0star.png -> max conf: 0.250 (needs 0.75, optimal scale: 0.90x)
[REWARD] 执行前血条数: 0 -> 最终确认血条数: 0
[REWARD] 💤 AI 主动挂机等费用，只扣除微小时间惩罚 -0.01
[TemplateMatcher] battle_3star.png -> max conf: 0.296 (needs 0.75, optimal scale: 1.05x)
[TemplateMatcher] battle_2star.png -> max conf: 0.489 (needs 0.75, optimal scale: 0.80x)
[TemplateMatcher] battle_0star.png -> max conf: 0.253 (needs 0.75, optimal scale: 0.90x)
[TemplateMatcher] pause_gear.png -> max conf: 0.908 (needs 0.5, optimal scale: 0.80x)

[STEP 4] 开始执行动作...
[ACTION] AI决定: 选卡 4 -> 放入网格(9,1) -> 朝向 1
         坐标映射: 拖拽从(655,650)至(1100,270) -> 方向滑动至(1100,420)
[TemplateMatcher] battle_3star.png -> max conf: 0.297 (needs 0.75, optimal scale: 1.05x)
[TemplateMatcher] battle_2star.png -> max conf: 0.491 (needs 0.75, optimal scale: 0.80x)
[TemplateMatcher] battle_0star.png -> max conf: 0.256 (needs 0.75, optimal scale: 0.90x)
[ACTION] ⛔ Fast-Fail! 目标网格(9,1)非绿色高亮(绿像素:0)。取消拖拽。
[REWARD] 执行前血条数: 0 -> 最终确认血条数: 0
[REWARD] ⛔ 非法区域/无费用，已被 CV 阻断。奖励 -0.5 (连续无作为: 1次)
[TemplateMatcher] battle_3star.png -> max conf: 0.292 (needs 0.75, optimal scale: 0.85x)
[TemplateMatcher] battle_2star.png -> max conf: 0.496 (needs 0.75, optimal scale: 0.80x)
[TemplateMatcher] battle_0star.png -> max conf: 0.255 (needs 0.75, optimal scale: 0.90x)
[TemplateMatcher] pause_gear.png -> max conf: 0.908 (needs 0.5, optimal scale: 0.80x)

[STEP 5] 开始执行动作...
[ACTION] AI决定: 选卡 9 -> 放入网格(3,3) -> 朝向 3
         坐标映射: 拖拽从(1105,650)至(500,430) -> 方向滑动至(650,430)
[TemplateMatcher] battle_3star.png -> max conf: 0.306 (needs 0.75, optimal scale: 1.05x)
[TemplateMatcher] battle_2star.png -> max conf: 0.481 (needs 0.75, optimal scale: 0.85x)
[TemplateMatcher] battle_0star.png -> max conf: 0.252 (needs 0.75, optimal scale: 0.90x)
[ACTION] ✅ CV校验通过！网格(3,3)具有高亮绿色(像素:879)，准许拖拽。
[TemplateMatcher] battle_3star.png -> max conf: 0.374 (needs 0.75, optimal scale: 0.85x)
[TemplateMatcher] battle_2star.png -> max conf: 0.496 (needs 0.75, optimal scale: 0.80x)
[TemplateMatcher] battle_0star.png -> max conf: 0.292 (needs 0.75, optimal scale: 0.80x)
[REWARD] 动作已执行，开始 3 次心跳检测 (间隔 0.2s)...
[TemplateMatcher] battle_3star.png -> max conf: 0.374 (needs 0.75, optimal scale: 0.85x)
[TemplateMatcher] battle_2star.png -> max conf: 0.496 (needs 0.75, optimal scale: 0.80x)
[TemplateMatcher] battle_0star.png -> max conf: 0.292 (needs 0.75, optimal scale: 0.80x)
[REWARD] ❌ 第 1 次未检测到目标血条...
[TemplateMatcher] battle_3star.png -> max conf: 0.374 (needs 0.75, optimal scale: 0.85x)
[TemplateMatcher] battle_2star.png -> max conf: 0.496 (needs 0.75, optimal scale: 0.80x)
[TemplateMatcher] battle_0star.png -> max conf: 0.292 (needs 0.75, optimal scale: 0.80x)
[REWARD] ❌ 第 2 次未检测到目标血条...
[TemplateMatcher] battle_3star.png -> max conf: 0.374 (needs 0.75, optimal scale: 0.85x)
[TemplateMatcher] battle_2star.png -> max conf: 0.496 (needs 0.75, optimal scale: 0.80x)
[TemplateMatcher] battle_0star.png -> max conf: 0.292 (needs 0.75, optimal scale: 0.80x)
[REWARD] ❌ 第 3 次未检测到目标血条...
[REWARD] 执行前血条数: 0 -> 最终确认血条数: 0
[REWARD] 部署失败，计算前后帧 MSE (均方误差) = 3789.35
[REWARD] 动作无效，但游戏仍在进行(画面有变化)。奖励 -0.2 (已清空无作为计数器)
[TemplateMatcher] pause_gear.png -> max conf: 0.908 (needs 0.5, optimal scale: 0.80x)

[STEP 6] 开始执行动作...
[TemplateMatcher] battle_3star.png -> max conf: 0.374 (needs 0.75, optimal scale: 0.85x)
[TemplateMatcher] battle_2star.png -> max conf: 0.495 (needs 0.75, optimal scale: 0.80x)
[TemplateMatcher] battle_0star.png -> max conf: 0.292 (needs 0.75, optimal scale: 0.80x)
[ACTION] AI决定: 选卡 7 -> 放入网格(8,2) -> 朝向 1
         坐标映射: 拖拽从(925,650)至(1000,350) -> 方向滑动至(1000,500)
[ACTION] ✅ CV校验通过！网格(8,2)具有高亮绿色(像素:813)，准许拖拽。
[TemplateMatcher] battle_3star.png -> max conf: 0.384 (needs 0.75, optimal scale: 0.80x)
[TemplateMatcher] battle_2star.png -> max conf: 0.471 (needs 0.75, optimal scale: 1.00x)
[TemplateMatcher] battle_0star.png -> max conf: 0.298 (needs 0.75, optimal scale: 0.80x)
[TemplateMatcher] battle_3star.png -> max conf: 0.369 (needs 0.75, optimal scale: 0.80x)
[TemplateMatcher] battle_2star.png -> max conf: 0.412 (needs 0.75, optimal scale: 0.80x)
[TemplateMatcher] battle_0star.png -> max conf: 0.317 (needs 0.75, optimal scale: 0.80x)
[REWARD] 动作已执行，开始 3 次心跳检测 (间隔 0.2s)...
[TemplateMatcher] battle_3star.png -> max conf: 0.295 (needs 0.75, optimal scale: 1.05x)
[TemplateMatcher] battle_2star.png -> max conf: 0.479 (needs 0.75, optimal scale: 0.80x)
[TemplateMatcher] battle_0star.png -> max conf: 0.255 (needs 0.75, optimal scale: 0.80x)
[REWARD] ❌ 第 1 次未检测到目标血条...
[TemplateMatcher] battle_3star.png -> max conf: 0.302 (needs 0.75, optimal scale: 1.05x)
[TemplateMatcher] battle_2star.png -> max conf: 0.488 (needs 0.75, optimal scale: 0.80x)
[TemplateMatcher] battle_0star.png -> max conf: 0.253 (needs 0.75, optimal scale: 0.90x)
[REWARD] ❌ 第 2 次未检测到目标血条...
[TemplateMatcher] battle_3star.png -> max conf: 0.297 (needs 0.75, optimal scale: 0.85x)
[TemplateMatcher] battle_2star.png -> max conf: 0.497 (needs 0.75, optimal scale: 0.80x)
[TemplateMatcher] battle_0star.png -> max conf: 0.248 (needs 0.75, optimal scale: 0.80x)
[REWARD] ❌ 第 3 次未检测到目标血条...
[REWARD] 执行前血条数: 0 -> 最终确认血条数: 0
[REWARD] 部署失败，计算前后帧 MSE (均方误差) = 3777.51
[REWARD] 动作无效，但游戏仍在进行(画面有变化)。奖励 -0.2 (已清空无作为计数器)
[TemplateMatcher] pause_gear.png -> max conf: 0.908 (needs 0.5, optimal scale: 0.80x)

[STEP 7] 开始执行动作...
[TemplateMatcher] battle_3star.png -> max conf: 0.298 (needs 0.75, optimal scale: 1.05x)
[TemplateMatcher] battle_2star.png -> max conf: 0.488 (needs 0.75, optimal scale: 0.80x)
[TemplateMatcher] battle_0star.png -> max conf: 0.255 (needs 0.75, optimal scale: 0.90x)
[ACTION] AI决定: 选卡 9 -> 放入网格(2,3) -> 朝向 2
         坐标映射: 拖拽从(1105,650)至(400,430) -> 方向滑动至(250,430)
[ACTION] ✅ CV校验通过！网格(2,3)具有高亮绿色(像素:39)，准许拖拽。
[TemplateMatcher] battle_3star.png -> max conf: 0.374 (needs 0.75, optimal scale: 0.85x)
[TemplateMatcher] battle_2star.png -> max conf: 0.495 (needs 0.75, optimal scale: 0.80x)
[TemplateMatcher] battle_0star.png -> max conf: 0.292 (needs 0.75, optimal scale: 0.80x)
[TemplateMatcher] battle_3star.png -> max conf: 0.322 (needs 0.75, optimal scale: 0.85x)
[TemplateMatcher] battle_2star.png -> max conf: 0.303 (needs 0.75, optimal scale: 1.15x)
[TemplateMatcher] battle_0star.png -> max conf: 0.198 (needs 0.75, optimal scale: 1.20x)
[REWARD] 动作已执行，开始 3 次心跳检测 (间隔 0.2s)...
[TemplateMatcher] battle_3star.png -> max conf: 0.322 (needs 0.75, optimal scale: 0.85x)
[TemplateMatcher] battle_2star.png -> max conf: 0.302 (needs 0.75, optimal scale: 1.15x)
[TemplateMatcher] battle_0star.png -> max conf: 0.229 (needs 0.75, optimal scale: 0.85x)
[REWARD] ✅ 第 1 次检测命中目标干员血条！
[REWARD] 执行前血条数: 0 -> 最终确认血条数: 1
[REWARD] 🛡️ 背对敌人！(角度: 23.0°)，严厉惩罚 -3.0
[TemplateMatcher] battle_3star.png -> max conf: 0.291 (needs 0.75, optimal scale: 0.90x)
[TemplateMatcher] battle_2star.png -> max conf: 0.502 (needs 0.75, optimal scale: 0.80x)
[TemplateMatcher] battle_0star.png -> max conf: 0.252 (needs 0.75, optimal scale: 0.80x)
[TemplateMatcher] pause_gear.png -> max conf: 0.908 (needs 0.5, optimal scale: 0.80x)

[STEP 8] 开始执行动作...
[ACTION] AI决定: 选卡 1 -> 放入网格(7,1) -> 朝向 1
         坐标映射: 拖拽从(385,650)至(900,270) -> 方向滑动至(900,420)
[TemplateMatcher] battle_3star.png -> max conf: 0.300 (needs 0.75, optimal scale: 1.05x)
[TemplateMatcher] battle_2star.png -> max conf: 0.483 (needs 0.75, optimal scale: 0.80x)
[TemplateMatcher] battle_0star.png -> max conf: 0.254 (needs 0.75, optimal scale: 0.80x)
[ACTION] ✅ CV校验通过！网格(7,1)具有高亮绿色(像素:616)，准许拖拽。
[TemplateMatcher] battle_3star.png -> max conf: 0.300 (needs 0.75, optimal scale: 0.85x)
[TemplateMatcher] battle_2star.png -> max conf: 0.391 (needs 0.75, optimal scale: 1.00x)
[TemplateMatcher] battle_0star.png -> max conf: 0.261 (needs 0.75, optimal scale: 0.80x)
[REWARD] 动作已执行，开始 3 次心跳检测 (间隔 0.2s)...
[TemplateMatcher] battle_3star.png -> max conf: 0.300 (needs 0.75, optimal scale: 0.85x)
[TemplateMatcher] battle_2star.png -> max conf: 0.385 (needs 0.75, optimal scale: 1.00x)
[TemplateMatcher] battle_0star.png -> max conf: 0.262 (needs 0.75, optimal scale: 0.80x)
[REWARD] ❌ 第 1 次未检测到目标血条...
[TemplateMatcher] battle_3star.png -> max conf: 0.286 (needs 0.75, optimal scale: 0.85x)
[TemplateMatcher] battle_2star.png -> max conf: 0.500 (needs 0.75, optimal scale: 0.80x)
[TemplateMatcher] battle_0star.png -> max conf: 0.254 (needs 0.75, optimal scale: 0.90x)
[REWARD] ❌ 第 2 次未检测到目标血条...
[TemplateMatcher] battle_3star.png -> max conf: 0.298 (needs 0.75, optimal scale: 1.05x)
[TemplateMatcher] battle_2star.png -> max conf: 0.487 (needs 0.75, optimal scale: 0.80x)
[TemplateMatcher] battle_0star.png -> max conf: 0.255 (needs 0.75, optimal scale: 0.90x)
[REWARD] ❌ 第 3 次未检测到目标血条...
[REWARD] 执行前血条数: 1 -> 最终确认血条数: 1
[REWARD] 部署失败，计算前后帧 MSE (均方误差) = 141.10
[REWARD] 画面未发生明显变化(非法部署)。奖励 -0.5 (连续无作为: 1次)
[TemplateMatcher] pause_gear.png -> max conf: 0.908 (needs 0.5, optimal scale: 0.80x)

[STEP 9] 开始执行动作...
[TemplateMatcher] battle_3star.png -> max conf: 0.293 (needs 0.75, optimal scale: 0.85x)
[TemplateMatcher] battle_2star.png -> max conf: 0.489 (needs 0.75, optimal scale: 0.80x)
[TemplateMatcher] battle_0star.png -> max conf: 0.254 (needs 0.75, optimal scale: 0.90x)
[ACTION] AI决定: 选卡 7 -> 放入网格(7,2) -> 朝向 1
         坐标映射: 拖拽从(925,650)至(900,350) -> 方向滑动至(900,500)
[TemplateMatcher] battle_3star.png -> max conf: 0.386 (needs 0.75, optimal scale: 0.85x)
[TemplateMatcher] battle_2star.png -> max conf: 0.497 (needs 0.75, optimal scale: 0.80x)
[TemplateMatcher] battle_0star.png -> max conf: 0.243 (needs 0.75, optimal scale: 0.80x)
[ACTION] ✅ CV校验通过！网格(7,2)具有高亮绿色(像素:333)，准许拖拽。
[TemplateMatcher] battle_3star.png -> max conf: 0.386 (needs 0.75, optimal scale: 0.85x)
[TemplateMatcher] battle_2star.png -> max conf: 0.498 (needs 0.75, optimal scale: 0.80x)
[TemplateMatcher] battle_0star.png -> max conf: 0.243 (needs 0.75, optimal scale: 0.80x)
[REWARD] 动作已执行，开始 3 次心跳检测 (间隔 0.2s)...
[TemplateMatcher] battle_3star.png -> max conf: 0.387 (needs 0.75, optimal scale: 0.85x)
[TemplateMatcher] battle_2star.png -> max conf: 0.502 (needs 0.75, optimal scale: 0.80x)
[TemplateMatcher] battle_0star.png -> max conf: 0.242 (needs 0.75, optimal scale: 0.80x)
[REWARD] ❌ 第 1 次未检测到目标血条...
[TemplateMatcher] battle_3star.png -> max conf: 0.295 (needs 0.75, optimal scale: 0.85x)
[TemplateMatcher] battle_2star.png -> max conf: 0.491 (needs 0.75, optimal scale: 0.80x)
[TemplateMatcher] battle_0star.png -> max conf: 0.250 (needs 0.75, optimal scale: 0.90x)
[REWARD] ❌ 第 2 次未检测到目标血条...
[TemplateMatcher] battle_3star.png -> max conf: 0.298 (needs 0.75, optimal scale: 1.05x)
[TemplateMatcher] battle_2star.png -> max conf: 0.488 (needs 0.75, optimal scale: 0.80x)
[TemplateMatcher] battle_0star.png -> max conf: 0.260 (needs 0.75, optimal scale: 0.90x)
[REWARD] ❌ 第 3 次未检测到目标血条...
[REWARD] 执行前血条数: 1 -> 最终确认血条数: 1
[REWARD] 部署失败，计算前后帧 MSE (均方误差) = 186.16
[REWARD] 画面未发生明显变化(非法部署)。奖励 -0.5 (连续无作为: 2次)
[TemplateMatcher] pause_gear.png -> max conf: 0.908 (needs 0.5, optimal scale: 0.80x)

[STEP 10] 开始执行动作...
[TemplateMatcher] battle_3star.png -> max conf: 0.296 (needs 0.75, optimal scale: 0.85x)
[TemplateMatcher] battle_2star.png -> max conf: 0.491 (needs 0.75, optimal scale: 0.80x)
[TemplateMatcher] battle_0star.png -> max conf: 0.242 (needs 0.75, optimal scale: 0.80x)
[ACTION] AI决定: 选卡 9 -> 放入网格(8,1) -> 朝向 1
         坐标映射: 拖拽从(1105,650)至(1000,270) -> 方向滑动至(1000,420)
[TemplateMatcher] battle_3star.png -> max conf: 0.260 (needs 0.75, optimal scale: 1.15x)
[TemplateMatcher] battle_2star.png -> max conf: 0.503 (needs 0.75, optimal scale: 0.80x)
[TemplateMatcher] battle_0star.png -> max conf: 0.267 (needs 0.75, optimal scale: 0.85x)
[ACTION] ✅ CV校验通过！网格(8,1)具有高亮绿色(像素:316)，准许拖拽。
[TemplateMatcher] battle_3star.png -> max conf: 0.384 (needs 0.75, optimal scale: 0.80x)
[TemplateMatcher] battle_2star.png -> max conf: 0.473 (needs 0.75, optimal scale: 1.00x)
[TemplateMatcher] battle_0star.png -> max conf: 0.298 (needs 0.75, optimal scale: 0.80x)
[REWARD] 动作已执行，开始 3 次心跳检测 (间隔 0.2s)...
[TemplateMatcher] battle_3star.png -> max conf: 0.384 (needs 0.75, optimal scale: 0.80x)
[TemplateMatcher] battle_2star.png -> max conf: 0.474 (needs 0.75, optimal scale: 1.00x)
[TemplateMatcher] battle_0star.png -> max conf: 0.298 (needs 0.75, optimal scale: 0.80x)
[REWARD] ❌ 第 1 次未检测到目标血条...
[TemplateMatcher] battle_3star.png -> max conf: 0.301 (needs 0.75, optimal scale: 0.85x)
[TemplateMatcher] battle_2star.png -> max conf: 0.493 (needs 0.75, optimal scale: 0.80x)
[TemplateMatcher] battle_0star.png -> max conf: 0.254 (needs 0.75, optimal scale: 0.90x)
[REWARD] ❌ 第 2 次未检测到目标血条...
[TemplateMatcher] battle_3star.png -> max conf: 0.290 (needs 0.75, optimal scale: 0.85x)
[TemplateMatcher] battle_2star.png -> max conf: 0.492 (needs 0.75, optimal scale: 0.80x)
[TemplateMatcher] battle_0star.png -> max conf: 0.256 (needs 0.75, optimal scale: 0.80x)
[REWARD] ❌ 第 3 次未检测到目标血条...
[REWARD] 执行前血条数: 1 -> 最终确认血条数: 1
[REWARD] 部署失败，计算前后帧 MSE (均方误差) = 299.43
[REWARD] 画面未发生明显变化(非法部署)。奖励 -0.5 (连续无作为: 3次)
[TemplateMatcher] pause_gear.png -> max conf: 0.908 (needs 0.5, optimal scale: 0.80x)

[STEP 11] 开始执行动作...
[TemplateMatcher] battle_3star.png -> max conf: 0.300 (needs 0.75, optimal scale: 1.05x)
[TemplateMatcher] battle_2star.png -> max conf: 0.479 (needs 0.75, optimal scale: 0.80x)
[TemplateMatcher] battle_0star.png -> max conf: 0.259 (needs 0.75, optimal scale: 0.80x)
[ACTION] AI决定: 选卡 8 -> 放入网格(0,4) -> 朝向 3
         坐标映射: 拖拽从(1015,650)至(200,510) -> 方向滑动至(350,510)
[ACTION] ⛔ Fast-Fail! 目标网格(0,4)非绿色高亮(绿像素:0)。取消拖拽。
[TemplateMatcher] battle_3star.png -> max conf: 0.362 (needs 0.75, optimal scale: 0.90x)
[TemplateMatcher] battle_2star.png -> max conf: 0.559 (needs 0.75, optimal scale: 0.85x)
[TemplateMatcher] battle_0star.png -> max conf: 0.278 (needs 0.75, optimal scale: 0.80x)
[REWARD] 执行前血条数: 1 -> 最终确认血条数: 0
[REWARD] ⛔ 非法区域/无费用，已被 CV 阻断。奖励 -0.5 (连续无作为: 4次)
[TemplateMatcher] pause_gear.png -> max conf: 0.908 (needs 0.5, optimal scale: 0.80x)

[STEP 12] 开始执行动作...
[TemplateMatcher] battle_3star.png -> max conf: 0.297 (needs 0.75, optimal scale: 1.05x)
[TemplateMatcher] battle_2star.png -> max conf: 0.487 (needs 0.75, optimal scale: 0.80x)
[TemplateMatcher] battle_0star.png -> max conf: 0.254 (needs 0.75, optimal scale: 0.80x)
[ACTION] AI决定: 选卡 6 -> 放入网格(2,3) -> 朝向 3
         坐标映射: 拖拽从(835,650)至(400,430) -> 方向滑动至(550,430)
[ACTION] ⛔ Fast-Fail! 目标网格(2,3)非绿色高亮(绿像素:0)。取消拖拽。
[TemplateMatcher] battle_3star.png -> max conf: 0.385 (needs 0.75, optimal scale: 0.85x)
[TemplateMatcher] battle_2star.png -> max conf: 0.495 (needs 0.75, optimal scale: 0.80x)
[TemplateMatcher] battle_0star.png -> max conf: 0.243 (needs 0.75, optimal scale: 0.80x)
[REWARD] 执行前血条数: 1 -> 最终确认血条数: 0
[REWARD] ⛔ 非法区域/无费用，已被 CV 阻断。奖励 -0.5 (连续无作为: 5次)
[TemplateMatcher] pause_gear.png -> max conf: 0.907 (needs 0.5, optimal scale: 0.80x)

[STEP 13] 开始执行动作...
[TemplateMatcher] battle_3star.png -> max conf: 0.309 (needs 0.75, optimal scale: 1.05x)
[TemplateMatcher] battle_2star.png -> max conf: 0.486 (needs 0.75, optimal scale: 0.80x)
[TemplateMatcher] battle_0star.png -> max conf: 0.250 (needs 0.75, optimal scale: 0.80x)
[ACTION] AI决定: 选卡 7 -> 放入网格(6,1) -> 朝向 0
         坐标映射: 拖拽从(925,650)至(800,270) -> 方向滑动至(800,120)
[TemplateMatcher] battle_3star.png -> max conf: 0.387 (needs 0.75, optimal scale: 0.85x)
[TemplateMatcher] battle_2star.png -> max conf: 0.496 (needs 0.75, optimal scale: 0.80x)
[TemplateMatcher] battle_0star.png -> max conf: 0.243 (needs 0.75, optimal scale: 0.80x)
[ACTION] ⛔ Fast-Fail! 目标网格(6,1)非绿色高亮(绿像素:9)。取消拖拽。
[REWARD] 执行前血条数: 1 -> 最终确认血条数: 0
[REWARD] ⛔ 非法区域/无费用，已被 CV 阻断。奖励 -0.5 (连续无作为: 6次)
[TemplateMatcher] battle_3star.png -> max conf: 0.301 (needs 0.75, optimal scale: 1.05x)
[TemplateMatcher] pause_gear.png -> max conf: 0.908 (needs 0.5, optimal scale: 0.80x)

[STEP 14] 开始执行动作...
[TemplateMatcher] battle_2star.png -> max conf: 0.488 (needs 0.75, optimal scale: 0.80x)
[TemplateMatcher] battle_0star.png -> max conf: 0.253 (needs 0.75, optimal scale: 0.90x)
[ACTION] AI决定: 选卡 8 -> 放入网格(9,3) -> 朝向 2
         坐标映射: 拖拽从(1015,650)至(1100,430) -> 方向滑动至(950,430)
[TemplateMatcher] battle_3star.png -> max conf: 0.362 (needs 0.75, optimal scale: 0.90x)
[TemplateMatcher] battle_2star.png -> max conf: 0.559 (needs 0.75, optimal scale: 0.85x)
[TemplateMatcher] battle_0star.png -> max conf: 0.278 (needs 0.75, optimal scale: 0.80x)
[ACTION] ✅ CV校验通过！网格(9,3)具有高亮绿色(像素:96)，准许拖拽。
[TemplateMatcher] battle_3star.png -> max conf: 0.362 (needs 0.75, optimal scale: 0.90x)
[TemplateMatcher] battle_2star.png -> max conf: 0.559 (needs 0.75, optimal scale: 0.85x)
[TemplateMatcher] battle_0star.png -> max conf: 0.278 (needs 0.75, optimal scale: 0.80x)
[REWARD] 动作已执行，开始 3 次心跳检测 (间隔 0.2s)...
[TemplateMatcher] battle_3star.png -> max conf: 0.362 (needs 0.75, optimal scale: 0.90x)
[TemplateMatcher] battle_2star.png -> max conf: 0.559 (needs 0.75, optimal scale: 0.85x)
[TemplateMatcher] battle_0star.png -> max conf: 0.278 (needs 0.75, optimal scale: 0.80x)
[REWARD] ❌ 第 1 次未检测到目标血条...
[TemplateMatcher] battle_3star.png -> max conf: 0.298 (needs 0.75, optimal scale: 0.85x)
[TemplateMatcher] battle_2star.png -> max conf: 0.494 (needs 0.75, optimal scale: 0.80x)
[TemplateMatcher] battle_0star.png -> max conf: 0.253 (needs 0.75, optimal scale: 0.90x)
[REWARD] ❌ 第 2 次未检测到目标血条...
[TemplateMatcher] battle_3star.png -> max conf: 0.294 (needs 0.75, optimal scale: 1.05x)
[TemplateMatcher] battle_2star.png -> max conf: 0.487 (needs 0.75, optimal scale: 0.80x)
[TemplateMatcher] battle_0star.png -> max conf: 0.256 (needs 0.75, optimal scale: 0.90x)
[REWARD] ❌ 第 3 次未检测到目标血条...
[REWARD] 执行前血条数: 1 -> 最终确认血条数: 1
[REWARD] 部署失败，计算前后帧 MSE (均方误差) = 359.98
[REWARD] 动作无效，但游戏仍在进行(画面有变化)。奖励 -0.2 (已清空无作为计数器)
[TemplateMatcher] pause_gear.png -> max conf: 0.908 (needs 0.5, optimal scale: 0.80x)

[STEP 15] 开始执行动作...
[TemplateMatcher] battle_3star.png -> max conf: 0.297 (needs 0.75, optimal scale: 0.85x)
[TemplateMatcher] battle_2star.png -> max conf: 0.488 (needs 0.75, optimal scale: 0.80x)
[TemplateMatcher] battle_0star.png -> max conf: 0.252 (needs 0.75, optimal scale: 0.90x)
[ACTION] AI决定: 选卡 3 -> 放入网格(6,1) -> 朝向 0
         坐标映射: 拖拽从(565,650)至(800,270) -> 方向滑动至(800,120)
[ACTION] ✅ CV校验通过！网格(6,1)具有高亮绿色(像素:893)，准许拖拽。
[TemplateMatcher] battle_3star.png -> max conf: 0.364 (needs 0.75, optimal scale: 0.90x)
[TemplateMatcher] battle_2star.png -> max conf: 0.525 (needs 0.75, optimal scale: 1.00x)
[TemplateMatcher] battle_0star.png -> max conf: 0.270 (needs 0.75, optimal scale: 0.90x)
[TemplateMatcher] battle_3star.png -> max conf: 0.357 (needs 0.75, optimal scale: 0.95x)
[TemplateMatcher] battle_2star.png -> max conf: 0.362 (needs 0.75, optimal scale: 0.80x)
[TemplateMatcher] battle_0star.png -> max conf: 0.281 (needs 0.75, optimal scale: 0.80x)
[REWARD] 动作已执行，开始 3 次心跳检测 (间隔 0.2s)...
[TemplateMatcher] battle_3star.png -> max conf: 0.357 (needs 0.75, optimal scale: 0.95x)
[TemplateMatcher] battle_2star.png -> max conf: 0.361 (needs 0.75, optimal scale: 0.80x)
[TemplateMatcher] battle_0star.png -> max conf: 0.284 (needs 0.75, optimal scale: 0.80x)
[REWARD] ✅ 第 1 次检测命中目标干员血条！
[REWARD] 执行前血条数: 1 -> 最终确认血条数: 2
[REWARD] 🎯 完美落子！部署点靠近敌人 (距离: 221.8)，奖励 +2.0
[REWARD] 🛡️ 背对敌人！(角度: 162.3°)，严厉惩罚 -3.0
[TemplateMatcher] battle_3star.png -> max conf: 0.301 (needs 0.75, optimal scale: 1.05x)
[TemplateMatcher] battle_2star.png -> max conf: 0.488 (needs 0.75, optimal scale: 0.80x)
[TemplateMatcher] battle_0star.png -> max conf: 0.261 (needs 0.75, optimal scale: 0.90x)
[TemplateMatcher] pause_gear.png -> max conf: 0.908 (needs 0.5, optimal scale: 0.80x)

[STEP 16] 开始执行动作...
[TemplateMatcher] battle_3star.png -> max conf: 0.318 (needs 0.75, optimal scale: 1.05x)
[TemplateMatcher] battle_2star.png -> max conf: 0.475 (needs 0.75, optimal scale: 0.85x)
[TemplateMatcher] battle_0star.png -> max conf: 0.246 (needs 0.75, optimal scale: 0.80x)
[ACTION] AI决定: 选卡 0 -> 放入网格(7,0) -> 朝向 0
         坐标映射: 拖拽从(295,650)至(900,190) -> 方向滑动至(900,40)
[ACTION] ✅ CV校验通过！网格(7,0)具有高亮绿色(像素:137)，准许拖拽。
[TemplateMatcher] battle_3star.png -> max conf: 0.312 (needs 0.75, optimal scale: 0.95x)
[TemplateMatcher] battle_2star.png -> max conf: 0.471 (needs 0.75, optimal scale: 1.10x)
[TemplateMatcher] battle_0star.png -> max conf: 0.281 (needs 0.75, optimal scale: 0.80x)
[TemplateMatcher] battle_3star.png -> max conf: 0.312 (needs 0.75, optimal scale: 0.95x)
[TemplateMatcher] battle_2star.png -> max conf: 0.473 (needs 0.75, optimal scale: 1.10x)
[TemplateMatcher] battle_0star.png -> max conf: 0.281 (needs 0.75, optimal scale: 0.80x)
[REWARD] 动作已执行，开始 3 次心跳检测 (间隔 0.2s)...
[TemplateMatcher] battle_3star.png -> max conf: 0.312 (needs 0.75, optimal scale: 0.95x)
[TemplateMatcher] battle_2star.png -> max conf: 0.472 (needs 0.75, optimal scale: 1.10x)
[TemplateMatcher] battle_0star.png -> max conf: 0.281 (needs 0.75, optimal scale: 0.80x)
[REWARD] ✅ 第 1 次检测命中目标干员血条！
[REWARD] 执行前血条数: 2 -> 最终确认血条数: 1
[REWARD] 场上暂无移动目标，仅发放基础部署奖励 +1.0
[TemplateMatcher] battle_3star.png -> max conf: 0.312 (needs 0.75, optimal scale: 0.95x)
[TemplateMatcher] battle_2star.png -> max conf: 0.469 (needs 0.75, optimal scale: 1.10x)
[TemplateMatcher] battle_0star.png -> max conf: 0.281 (needs 0.75, optimal scale: 0.80x)
[TemplateMatcher] pause_gear.png -> max conf: 0.907 (needs 0.5, optimal scale: 0.80x)

[STEP 17] 开始执行动作...
[ACTION] AI决定: 选卡 3 -> 放入网格(9,3) -> 朝向 3
         坐标映射: 拖拽从(565,650)至(1100,430) -> 方向滑动至(1250,430)
[TemplateMatcher] battle_3star.png -> max conf: 0.300 (needs 0.75, optimal scale: 0.85x)
[TemplateMatcher] battle_2star.png -> max conf: 0.384 (needs 0.75, optimal scale: 1.00x)
[TemplateMatcher] battle_0star.png -> max conf: 0.262 (needs 0.75, optimal scale: 0.80x)
[ACTION] ✅ CV校验通过！网格(9,3)具有高亮绿色(像素:812)，准许拖拽。
[TemplateMatcher] battle_3star.png -> max conf: 0.300 (needs 0.75, optimal scale: 0.85x)
[TemplateMatcher] battle_2star.png -> max conf: 0.389 (needs 0.75, optimal scale: 1.00x)
[TemplateMatcher] battle_0star.png -> max conf: 0.261 (needs 0.75, optimal scale: 0.80x)
[REWARD] 动作已执行，开始 3 次心跳检测 (间隔 0.2s)...
[TemplateMatcher] battle_3star.png -> max conf: 0.299 (needs 0.75, optimal scale: 0.85x)
[TemplateMatcher] battle_2star.png -> max conf: 0.393 (needs 0.75, optimal scale: 1.00x)
[TemplateMatcher] battle_0star.png -> max conf: 0.262 (needs 0.75, optimal scale: 0.80x)
[REWARD] ❌ 第 1 次未检测到目标血条...
[TemplateMatcher] battle_3star.png -> max conf: 0.298 (needs 0.75, optimal scale: 1.05x)
[TemplateMatcher] battle_2star.png -> max conf: 0.487 (needs 0.75, optimal scale: 0.80x)
[TemplateMatcher] battle_0star.png -> max conf: 0.256 (needs 0.75, optimal scale: 0.90x)
[REWARD] ❌ 第 2 次未检测到目标血条...
[TemplateMatcher] battle_3star.png -> max conf: 0.300 (needs 0.75, optimal scale: 1.05x)
[TemplateMatcher] battle_2star.png -> max conf: 0.486 (needs 0.75, optimal scale: 0.80x)
[REWARD] ❌ 第 3 次未检测到目标血条...
[REWARD] 执行前血条数: 1 -> 最终确认血条数: 2[TemplateMatcher] battle_0star.png -> max conf: 0.254 (needs 0.75, optimal scale: 0.80x)
[REWARD] 部署失败，计算前后帧 MSE (均方误差) = 3189.52

[REWARD] 动作无效，但游戏仍在进行(画面有变化)。奖励 -0.2 (已清空无作为计数器)
[TemplateMatcher] pause_gear.png -> max conf: 0.908 (needs 0.5, optimal scale: 0.80x)

[STEP 18] 开始执行动作...
[TemplateMatcher] battle_3star.png -> max conf: 0.297 (needs 0.75, optimal scale: 1.05x)
[TemplateMatcher] battle_2star.png -> max conf: 0.488 (needs 0.75, optimal scale: 0.80x)
[TemplateMatcher] battle_0star.png -> max conf: 0.255 (needs 0.75, optimal scale: 0.90x)
[ACTION] AI决定: 选卡 8 -> 放入网格(8,1) -> 朝向 1
         坐标映射: 拖拽从(1015,650)至(1000,270) -> 方向滑动至(1000,420)
[ACTION] ✅ CV校验通过！网格(8,1)具有高亮绿色(像素:582)，准许拖拽。
[TemplateMatcher] battle_3star.png -> max conf: 0.362 (needs 0.75, optimal scale: 0.90x)
[TemplateMatcher] battle_2star.png -> max conf: 0.559 (needs 0.75, optimal scale: 0.85x)
[TemplateMatcher] battle_0star.png -> max conf: 0.278 (needs 0.75, optimal scale: 0.80x)
[REWARD] 动作已执行，开始 3 次心跳检测 (间隔 0.2s)...
[TemplateMatcher] battle_3star.png -> max conf: 0.362 (needs 0.75, optimal scale: 0.90x)
[TemplateMatcher] battle_2star.png -> max conf: 0.559 (needs 0.75, optimal scale: 0.85x)
[TemplateMatcher] battle_0star.png -> max conf: 0.278 (needs 0.75, optimal scale: 0.80x)
[REWARD] ❌ 第 1 次未检测到目标血条...
[TemplateMatcher] battle_3star.png -> max conf: 0.301 (needs 0.75, optimal scale: 1.05x)
[TemplateMatcher] battle_2star.png -> max conf: 0.478 (needs 0.75, optimal scale: 0.80x)
[TemplateMatcher] battle_0star.png -> max conf: 0.262 (needs 0.75, optimal scale: 0.80x)
[REWARD] ❌ 第 2 次未检测到目标血条...
[TemplateMatcher] battle_3star.png -> max conf: 0.301 (needs 0.75, optimal scale: 0.85x)
[TemplateMatcher] battle_2star.png -> max conf: 0.487 (needs 0.75, optimal scale: 0.80x)
[TemplateMatcher] battle_0star.png -> max conf: 0.251 (needs 0.75, optimal scale: 0.80x)
[REWARD] ❌ 第 3 次未检测到目标血条...
[REWARD] 执行前血条数: 2 -> 最终确认血条数: 2
[REWARD] 部署失败，计算前后帧 MSE (均方误差) = 230.23
[REWARD] 画面未发生明显变化(非法部署)。奖励 -0.5 (连续无作为: 1次)
[TemplateMatcher] pause_gear.png -> max conf: 0.908 (needs 0.5, optimal scale: 0.80x)

[STEP 19] 开始执行动作...
[TemplateMatcher] battle_3star.png -> max conf: 0.298 (needs 0.75, optimal scale: 1.00x)
[TemplateMatcher] battle_2star.png -> max conf: 0.488 (needs 0.75, optimal scale: 0.80x)
[TemplateMatcher] battle_0star.png -> max conf: 0.253 (needs 0.75, optimal scale: 0.80x)
[ACTION] AI决定: 选卡 6 -> 放入网格(3,1) -> 朝向 1
         坐标映射: 拖拽从(835,650)至(500,270) -> 方向滑动至(500,420)
[TemplateMatcher] battle_3star.png -> max conf: 0.385 (needs 0.75, optimal scale: 0.85x)
[ACTION] ✅ CV校验通过！网格(3,1)具有高亮绿色(像素:757)，准许拖拽。
[TemplateMatcher] battle_2star.png -> max conf: 0.495 (needs 0.75, optimal scale: 0.80x)
[TemplateMatcher] battle_0star.png -> max conf: 0.243 (needs 0.75, optimal scale: 0.80x)
[TemplateMatcher] battle_3star.png -> max conf: 0.385 (needs 0.75, optimal scale: 0.85x)
[TemplateMatcher] battle_2star.png -> max conf: 0.495 (needs 0.75, optimal scale: 0.80x)
[TemplateMatcher] battle_0star.png -> max conf: 0.243 (needs 0.75, optimal scale: 0.80x)
[REWARD] 动作已执行，开始 3 次心跳检测 (间隔 0.2s)...
[TemplateMatcher] battle_3star.png -> max conf: 0.385 (needs 0.75, optimal scale: 0.85x)
[TemplateMatcher] battle_2star.png -> max conf: 0.495 (needs 0.75, optimal scale: 0.80x)
[TemplateMatcher] battle_0star.png -> max conf: 0.243 (needs 0.75, optimal scale: 0.80x)
[REWARD] ❌ 第 1 次未检测到目标血条...
[TemplateMatcher] battle_3star.png -> max conf: 0.385 (needs 0.75, optimal scale: 0.85x)
[TemplateMatcher] battle_2star.png -> max conf: 0.495 (needs 0.75, optimal scale: 0.80x)
[TemplateMatcher] battle_0star.png -> max conf: 0.243 (needs 0.75, optimal scale: 0.80x)
[REWARD] ❌ 第 2 次未检测到目标血条...
[TemplateMatcher] battle_3star.png -> max conf: 0.386 (needs 0.75, optimal scale: 0.85x)
[TemplateMatcher] battle_2star.png -> max conf: 0.498 (needs 0.75, optimal scale: 0.80x)
[TemplateMatcher] battle_0star.png -> max conf: 0.243 (needs 0.75, optimal scale: 0.80x)
[REWARD] ❌ 第 3 次未检测到目标血条...
[REWARD] 执行前血条数: 2 -> 最终确认血条数: 1
[REWARD] 部署失败，计算前后帧 MSE (均方误差) = 2709.90
[REWARD] 动作无效，但游戏仍在进行(画面有变化)。奖励 -0.2 (已清空无作为计数器)
[TemplateMatcher] battle_3star.png -> max conf: 0.386 (needs 0.75, optimal scale: 0.85x)
[TemplateMatcher] pause_gear.png -> max conf: 0.908 (needs 0.5, optimal scale: 0.80x)

[STEP 20] 开始执行动作...
[TemplateMatcher] battle_2star.png -> max conf: 0.497 (needs 0.75, optimal scale: 0.80x)
[TemplateMatcher] battle_0star.png -> max conf: 0.243 (needs 0.75, optimal scale: 0.80x)
[ACTION] AI决定: 选卡 8 -> 放入网格(8,1) -> 朝向 3
         坐标映射: 拖拽从(1015,650)至(1000,270) -> 方向滑动至(1150,270)
[TemplateMatcher] battle_3star.png -> max conf: 0.362 (needs 0.75, optimal scale: 0.90x)
[TemplateMatcher] battle_2star.png -> max conf: 0.559 (needs 0.75, optimal scale: 0.85x)
[TemplateMatcher] battle_0star.png -> max conf: 0.278 (needs 0.75, optimal scale: 0.80x)
[ACTION] ✅ CV校验通过！网格(8,1)具有高亮绿色(像素:582)，准许拖拽。
[TemplateMatcher] battle_3star.png -> max conf: 0.362 (needs 0.75, optimal scale: 0.90x)
[TemplateMatcher] battle_2star.png -> max conf: 0.559 (needs 0.75, optimal scale: 0.85x)
[TemplateMatcher] battle_0star.png -> max conf: 0.278 (needs 0.75, optimal scale: 0.80x)
[REWARD] 动作已执行，开始 3 次心跳检测 (间隔 0.2s)...
[TemplateMatcher] battle_3star.png -> max conf: 0.362 (needs 0.75, optimal scale: 0.90x)
[TemplateMatcher] battle_2star.png -> max conf: 0.559 (needs 0.75, optimal scale: 0.85x)
[TemplateMatcher] battle_0star.png -> max conf: 0.278 (needs 0.75, optimal scale: 0.80x)
[REWARD] ❌ 第 1 次未检测到目标血条...
[TemplateMatcher] battle_3star.png -> max conf: 0.305 (needs 0.75, optimal scale: 1.05x)
[TemplateMatcher] battle_2star.png -> max conf: 0.487 (needs 0.75, optimal scale: 0.80x)
[TemplateMatcher] battle_0star.png -> max conf: 0.255 (needs 0.75, optimal scale: 0.90x)
[REWARD] ❌ 第 2 次未检测到目标血条...
[TemplateMatcher] battle_3star.png -> max conf: 0.301 (needs 0.75, optimal scale: 1.05x)
[TemplateMatcher] battle_2star.png -> max conf: 0.482 (needs 0.75, optimal scale: 0.80x)
[TemplateMatcher] battle_0star.png -> max conf: 0.254 (needs 0.75, optimal scale: 0.90x)
[REWARD] ❌ 第 3 次未检测到目标血条...
[REWARD] 执行前血条数: 1 -> 最终确认血条数: 2
[REWARD] 部署失败，计算前后帧 MSE (均方误差) = 2805.37
[REWARD] 动作无效，但游戏仍在进行(画面有变化)。奖励 -0.2 (已清空无作为计数器)
[TemplateMatcher] pause_gear.png -> max conf: 0.908 (needs 0.5, optimal scale: 0.80x)

[STEP 21] 开始执行动作...
[TemplateMatcher] battle_3star.png -> max conf: 0.306 (needs 0.75, optimal scale: 1.05x)
[TemplateMatcher] battle_2star.png -> max conf: 0.482 (needs 0.75, optimal scale: 0.80x)
[TemplateMatcher] battle_0star.png -> max conf: 0.258 (needs 0.75, optimal scale: 0.90x)
[ACTION] AI决定: 选卡 0 -> 放入网格(3,4) -> 朝向 2
         坐标映射: 拖拽从(295,650)至(500,510) -> 方向滑动至(350,510)
[TemplateMatcher] battle_3star.png -> max conf: 0.312 (needs 0.75, optimal scale: 0.95x)
[ACTION] ⛔ Fast-Fail! 目标网格(3,4)非绿色高亮(绿像素:0)。取消拖拽。
[TemplateMatcher] battle_2star.png -> max conf: 0.467 (needs 0.75, optimal scale: 1.10x)
[TemplateMatcher] battle_0star.png -> max conf: 0.281 (needs 0.75, optimal scale: 0.80x)
[REWARD] 执行前血条数: 2 -> 最终确认血条数: 0
[REWARD] ⛔ 非法区域/无费用，已被 CV 阻断。奖励 -0.5 (连续无作为: 1次)
[TemplateMatcher] pause_gear.png -> max conf: 0.907 (needs 0.5, optimal scale: 0.80x)

[STEP 22] 开始执行动作...
[TemplateMatcher] battle_3star.png -> max conf: 0.300 (needs 0.75, optimal scale: 1.05x)
[TemplateMatcher] battle_2star.png -> max conf: 0.488 (needs 0.75, optimal scale: 0.80x)
[TemplateMatcher] battle_0star.png -> max conf: 0.251 (needs 0.75, optimal scale: 0.80x)
[ACTION] AI决定: 选卡 4 -> 放入网格(9,3) -> 朝向 2
         坐标映射: 拖拽从(655,650)至(1100,430) -> 方向滑动至(950,430)
[TemplateMatcher] battle_3star.png -> max conf: 0.392 (needs 0.75, optimal scale: 0.80x)
[TemplateMatcher] battle_2star.png -> max conf: 0.471 (needs 0.75, optimal scale: 0.80x)
[ACTION] ✅ CV校验通过！网格(9,3)具有高亮绿色(像素:808)，准许拖拽。
[TemplateMatcher] battle_0star.png -> max conf: 0.272 (needs 0.75, optimal scale: 0.85x)
[TemplateMatcher] battle_3star.png -> max conf: 0.375 (needs 0.75, optimal scale: 0.85x)
[TemplateMatcher] battle_2star.png -> max conf: 0.561 (needs 0.75, optimal scale: 0.85x)
[TemplateMatcher] battle_0star.png -> max conf: 0.279 (needs 0.75, optimal scale: 0.85x)
[REWARD] 动作已执行，开始 3 次心跳检测 (间隔 0.2s)...
[TemplateMatcher] battle_3star.png -> max conf: 0.374 (needs 0.75, optimal scale: 0.85x)
[TemplateMatcher] battle_2star.png -> max conf: 0.560 (needs 0.75, optimal scale: 0.85x)
[TemplateMatcher] battle_0star.png -> max conf: 0.279 (needs 0.75, optimal scale: 0.85x)
[REWARD] ✅ 第 1 次检测命中目标干员血条！
[REWARD] 执行前血条数: 2 -> 最终确认血条数: 3
[REWARD] 🎯 完美落子！部署点靠近敌人 (距离: 90.8)，奖励 +2.0
[REWARD] 🛡️ 背对敌人！(角度: 232.8°)，严厉惩罚 -3.0
[TemplateMatcher] battle_3star.png -> max conf: 0.296 (needs 0.75, optimal scale: 0.85x)
[TemplateMatcher] battle_2star.png -> max conf: 0.488 (needs 0.75, optimal scale: 0.80x)
[TemplateMatcher] battle_0star.png -> max conf: 0.250 (needs 0.75, optimal scale: 0.85x)
[TemplateMatcher] pause_gear.png -> max conf: 0.908 (needs 0.5, optimal scale: 0.80x)

[STEP 23] 开始执行动作...
[ACTION] AI决定: 选卡 2 -> 放入网格(3,4) -> 朝向 2
         坐标映射: 拖拽从(475,650)至(500,510) -> 方向滑动至(350,510)
[TemplateMatcher] battle_3star.png -> max conf: 0.295 (needs 0.75, optimal scale: 1.20x)
[TemplateMatcher] battle_2star.png -> max conf: 0.487 (needs 0.75, optimal scale: 0.80x)
[TemplateMatcher] battle_0star.png -> max conf: 0.277 (needs 0.75, optimal scale: 0.80x)
[ACTION] ⛔ Fast-Fail! 目标网格(3,4)非绿色高亮(绿像素:0)。取消拖拽。
[REWARD] 执行前血条数: 3 -> 最终确认血条数: 0
[REWARD] ⛔ 非法区域/无费用，已被 CV 阻断。奖励 -0.5 (连续无作为: 1次)
[TemplateMatcher] battle_3star.png -> max conf: 0.300 (needs 0.75, optimal scale: 1.05x)
[TemplateMatcher] battle_2star.png -> max conf: 0.488 (needs 0.75, optimal scale: 0.80x)
[TemplateMatcher] battle_0star.png -> max conf: 0.254 (needs 0.75, optimal scale: 0.90x)
[TemplateMatcher] pause_gear.png -> max conf: 0.908 (needs 0.5, optimal scale: 0.80x)

[STEP 24] 开始执行动作...
[ACTION] AI决定: 选卡 1 -> 放入网格(5,0) -> 朝向 3
         坐标映射: 拖拽从(385,650)至(700,190) -> 方向滑动至(850,190)
[TemplateMatcher] battle_3star.png -> max conf: 0.319 (needs 0.75, optimal scale: 1.20x)
[TemplateMatcher] battle_2star.png -> max conf: 0.453 (needs 0.75, optimal scale: 0.80x)
[TemplateMatcher] battle_0star.png -> max conf: 0.275 (needs 0.75, optimal scale: 0.85x)
[ACTION] ✅ CV校验通过！网格(5,0)具有高亮绿色(像素:812)，准许拖拽。
[TemplateMatcher] battle_3star.png -> max conf: 0.312 (needs 0.75, optimal scale: 0.95x)
[TemplateMatcher] battle_2star.png -> max conf: 0.468 (needs 0.75, optimal scale: 1.10x)
[TemplateMatcher] battle_0star.png -> max conf: 0.281 (needs 0.75, optimal scale: 0.80x)
[REWARD] 动作已执行，开始 3 次心跳检测 (间隔 0.2s)...
[TemplateMatcher] battle_3star.png -> max conf: 0.312 (needs 0.75, optimal scale: 0.95x)
[TemplateMatcher] battle_2star.png -> max conf: 0.470 (needs 0.75, optimal scale: 1.10x)
[TemplateMatcher] battle_0star.png -> max conf: 0.281 (needs 0.75, optimal scale: 0.80x)
[REWARD] ✅ 第 1 次检测命中目标干员血条！
[REWARD] 执行前血条数: 3 -> 最终确认血条数: 2
[REWARD] 🎯 完美落子！部署点靠近敌人 (距离: 160.1)，奖励 +2.0
[REWARD] 🛡️ 背对敌人！(角度: 178.6°)，严厉惩罚 -3.0
[TemplateMatcher] battle_3star.png -> max conf: 0.364 (needs 0.75, optimal scale: 0.90x)
[TemplateMatcher] battle_2star.png -> max conf: 0.519 (needs 0.75, optimal scale: 1.00x)
[TemplateMatcher] battle_0star.png -> max conf: 0.270 (needs 0.75, optimal scale: 0.90x)
[TemplateMatcher] pause_gear.png -> max conf: 0.908 (needs 0.5, optimal scale: 0.80x)

[STEP 25] 开始执行动作...
[ACTION] AI决定: 选卡 7 -> 放入网格(0,1) -> 朝向 3
         坐标映射: 拖拽从(925,650)至(200,270) -> 方向滑动至(350,270)
[TemplateMatcher] battle_3star.png -> max conf: 0.362 (needs 0.75, optimal scale: 0.90x)
[TemplateMatcher] battle_2star.png -> max conf: 0.556 (needs 0.75, optimal scale: 0.85x)
[TemplateMatcher] battle_0star.png -> max conf: 0.278 (needs 0.75, optimal scale: 0.80x)
[ACTION] ⛔ Fast-Fail! 目标网格(0,1)非绿色高亮(绿像素:0)。取消拖拽。
[REWARD] 执行前血条数: 2 -> 最终确认血条数: 0
[REWARD] ⛔ 非法区域/无费用，已被 CV 阻断。奖励 -0.5 (连续无作为: 1次)
[TemplateMatcher] battle_3star.png -> max conf: 0.305 (needs 0.75, optimal scale: 0.90x)
[TemplateMatcher] battle_2star.png -> max conf: 0.499 (needs 0.75, optimal scale: 0.85x)
[TemplateMatcher] battle_0star.png -> max conf: 0.266 (needs 0.75, optimal scale: 0.80x)
[TemplateMatcher] pause_gear.png -> max conf: 0.907 (needs 0.5, optimal scale: 0.80x)

[STEP 26] 开始执行动作...
[ACTION] AI决定: 选卡 4 -> 放入网格(8,3) -> 朝向 2
         坐标映射: 拖拽从(655,650)至(1000,430) -> 方向滑动至(850,430)
[TemplateMatcher] battle_3star.png -> max conf: 0.303 (needs 0.75, optimal scale: 0.90x)
[TemplateMatcher] battle_2star.png -> max conf: 0.496 (needs 0.75, optimal scale: 0.85x)
[TemplateMatcher] battle_0star.png -> max conf: 0.268 (needs 0.75, optimal scale: 0.80x)
[ACTION] ⛔ Fast-Fail! 目标网格(8,3)非绿色高亮(绿像素:0)。取消拖拽。
[REWARD] 执行前血条数: 3 -> 最终确认血条数: 0
[REWARD] ⛔ 非法区域/无费用，已被 CV 阻断。奖励 -0.5 (连续无作为: 2次)
[TemplateMatcher] battle_3star.png -> max conf: 0.307 (needs 0.75, optimal scale: 0.90x)
[TemplateMatcher] battle_2star.png -> max conf: 0.492 (needs 0.75, optimal scale: 0.85x)
[TemplateMatcher] battle_0star.png -> max conf: 0.269 (needs 0.75, optimal scale: 0.80x)
[TemplateMatcher] pause_gear.png -> max conf: 0.908 (needs 0.5, optimal scale: 0.80x)

[STEP 27] 开始执行动作...
[ACTION] AI决定: 选卡 4 -> 放入网格(7,3) -> 朝向 2
         坐标映射: 拖拽从(655,650)至(900,430) -> 方向滑动至(750,430)
[TemplateMatcher] battle_3star.png -> max conf: 0.306 (needs 0.75, optimal scale: 0.90x)
[TemplateMatcher] battle_2star.png -> max conf: 0.497 (needs 0.75, optimal scale: 0.85x)
[TemplateMatcher] battle_0star.png -> max conf: 0.270 (needs 0.75, optimal scale: 0.80x)
[ACTION] ✅ CV校验通过！网格(7,3)具有高亮绿色(像素:900)，准许拖拽。
[TemplateMatcher] battle_3star.png -> max conf: 0.303 (needs 0.75, optimal scale: 0.85x)
[TemplateMatcher] battle_2star.png -> max conf: 0.461 (needs 0.75, optimal scale: 1.00x)
[TemplateMatcher] battle_0star.png -> max conf: 0.261 (needs 0.75, optimal scale: 0.80x)
[REWARD] 动作已执行，开始 3 次心跳检测 (间隔 0.2s)...
[TemplateMatcher] battle_3star.png -> max conf: 0.303 (needs 0.75, optimal scale: 0.85x)
[TemplateMatcher] battle_2star.png -> max conf: 0.461 (needs 0.75, optimal scale: 1.00x)
[TemplateMatcher] battle_0star.png -> max conf: 0.261 (needs 0.75, optimal scale: 0.80x)
[REWARD] ✅ 第 1 次检测命中目标干员血条！
[REWARD] 执行前血条数: 3 -> 最终确认血条数: 3
[REWARD] 🎯 完美落子！部署点靠近敌人 (距离: 238.7)，奖励 +2.0
[REWARD] ⚔️ 完美朝向！正对敌人 (角度: 210.8°)，巨额奖励 +8.0
[TemplateMatcher] battle_3star.png -> max conf: 0.303 (needs 0.75, optimal scale: 0.85x)
[TemplateMatcher] battle_2star.png -> max conf: 0.460 (needs 0.75, optimal scale: 1.00x)
[TemplateMatcher] battle_0star.png -> max conf: 0.261 (needs 0.75, optimal scale: 0.80x)
[TemplateMatcher] pause_gear.png -> max conf: 0.908 (needs 0.5, optimal scale: 0.80x)

[STEP 28] 开始执行动作...
[ACTION] AI决定: 选卡 9 -> 放入网格(0,1) -> 朝向 3
         坐标映射: 拖拽从(1105,650)至(200,270) -> 方向滑动至(350,270)
[TemplateMatcher] battle_3star.png -> max conf: 0.384 (needs 0.75, optimal scale: 0.80x)
[TemplateMatcher] battle_2star.png -> max conf: 0.488 (needs 0.75, optimal scale: 0.95x)
[TemplateMatcher] battle_0star.png -> max conf: 0.298 (needs 0.75, optimal scale: 0.80x)
[ACTION] ⛔ Fast-Fail! 目标网格(0,1)非绿色高亮(绿像素:0)。取消拖拽。
[REWARD] 执行前血条数: 2 -> 最终确认血条数: 0
[REWARD] ⛔ 非法区域/无费用，已被 CV 阻断。奖励 -0.5 (连续无作为: 1次)
[TemplateMatcher] battle_3star.png -> max conf: 0.305 (needs 0.75, optimal scale: 0.90x)
[TemplateMatcher] battle_2star.png -> max conf: 0.494 (needs 0.75, optimal scale: 0.85x)
[TemplateMatcher] battle_0star.png -> max conf: 0.263 (needs 0.75, optimal scale: 0.80x)
[TemplateMatcher] pause_gear.png -> max conf: 0.907 (needs 0.5, optimal scale: 0.80x)

[STEP 29] 开始执行动作...
[ACTION] AI决定: 选卡 9 -> 放入网格(1,2) -> 朝向 1
         坐标映射: 拖拽从(1105,650)至(300,350) -> 方向滑动至(300,500)
[TemplateMatcher] battle_3star.png -> max conf: 0.304 (needs 0.75, optimal scale: 0.90x)
[TemplateMatcher] battle_2star.png -> max conf: 0.494 (needs 0.75, optimal scale: 0.85x)
[TemplateMatcher] battle_0star.png -> max conf: 0.261 (needs 0.75, optimal scale: 0.80x)
[ACTION] ⛔ Fast-Fail! 目标网格(1,2)非绿色高亮(绿像素:0)。取消拖拽。
[REWARD] 执行前血条数: 4 -> 最终确认血条数: 0
[REWARD] ⛔ 非法区域/无费用，已被 CV 阻断。奖励 -0.5 (连续无作为: 2次)
[TemplateMatcher] battle_3star.png -> max conf: 0.310 (needs 0.75, optimal scale: 0.80x)
[TemplateMatcher] battle_2star.png -> max conf: 0.492 (needs 0.75, optimal scale: 0.85x)
[TemplateMatcher] battle_0star.png -> max conf: 0.271 (needs 0.75, optimal scale: 0.80x)
[TemplateMatcher] pause_gear.png -> max conf: 0.907 (needs 0.5, optimal scale: 0.80x)

[STEP 30] 开始执行动作...
[ACTION] AI决定: 选卡 7 -> 放入网格(1,2) -> 朝向 2
         坐标映射: 拖拽从(925,650)至(300,350) -> 方向滑动至(150,350)
[TemplateMatcher] battle_3star.png -> max conf: 0.311 (needs 0.75, optimal scale: 0.80x)
[TemplateMatcher] battle_2star.png -> max conf: 0.489 (needs 0.75, optimal scale: 0.85x)
[TemplateMatcher] battle_0star.png -> max conf: 0.271 (needs 0.75, optimal scale: 0.80x)
[ACTION] ⛔ Fast-Fail! 目标网格(1,2)非绿色高亮(绿像素:0)。取消拖拽。
[REWARD] 执行前血条数: 3 -> 最终确认血条数: 0
[REWARD] ⛔ 非法区域/无费用，已被 CV 阻断。奖励 -0.5 (连续无作为: 3次)
[TemplateMatcher] battle_3star.png -> max conf: 0.316 (needs 0.75, optimal scale: 0.80x)
[TemplateMatcher] battle_2star.png -> max conf: 0.482 (needs 0.75, optimal scale: 0.80x)
[TemplateMatcher] battle_0star.png -> max conf: 0.285 (needs 0.75, optimal scale: 0.80x)
[TemplateMatcher] pause_gear.png -> max conf: 0.907 (needs 0.5, optimal scale: 0.80x)

[STEP 31] 开始执行动作...
[TemplateMatcher] battle_3star.png -> max conf: 0.314 (needs 0.75, optimal scale: 0.90x)
[TemplateMatcher] battle_2star.png -> max conf: 0.473 (needs 0.75, optimal scale: 0.85x)
[ACTION] AI决定: 💤 挂机 (Skip / Wait for Cost)
[TemplateMatcher] battle_0star.png -> max conf: 0.213 (needs 0.75, optimal scale: 0.80x)
[TemplateMatcher] battle_3star.png -> max conf: 0.313 (needs 0.75, optimal scale: 0.80x)
[TemplateMatcher] battle_2star.png -> max conf: 0.481 (needs 0.75, optimal scale: 0.85x)
[TemplateMatcher] battle_0star.png -> max conf: 0.269 (needs 0.75, optimal scale: 0.80x)
[TemplateMatcher] battle_3star.png -> max conf: 0.315 (needs 0.75, optimal scale: 0.90x)
[TemplateMatcher] battle_2star.png -> max conf: 0.484 (needs 0.75, optimal scale: 0.85x)
[TemplateMatcher] battle_0star.png -> max conf: 0.257 (needs 0.75, optimal scale: 0.80x)
[TemplateMatcher] battle_3star.png -> max conf: 0.308 (needs 0.75, optimal scale: 0.80x)
[TemplateMatcher] battle_2star.png -> max conf: 0.476 (needs 0.75, optimal scale: 0.85x)
[TemplateMatcher] battle_0star.png -> max conf: 0.252 (needs 0.75, optimal scale: 0.80x)
[REWARD] 执行前血条数: 3 -> 最终确认血条数: 0
[REWARD] 💤 AI 主动挂机等费用，只扣除微小时间惩罚 -0.01
[TemplateMatcher] battle_3star.png -> max conf: 0.305 (needs 0.75, optimal scale: 0.80x)
[TemplateMatcher] battle_2star.png -> max conf: 0.495 (needs 0.75, optimal scale: 0.85x)
[TemplateMatcher] battle_0star.png -> max conf: 0.262 (needs 0.75, optimal scale: 0.80x)
[TemplateMatcher] pause_gear.png -> max conf: 0.908 (needs 0.5, optimal scale: 0.80x)

[STEP 32] 开始执行动作...
[ACTION] AI决定: 选卡 6 -> 放入网格(8,3) -> 朝向 2
         坐标映射: 拖拽从(835,650)至(1000,430) -> 方向滑动至(850,430)
[TemplateMatcher] battle_3star.png -> max conf: 0.373 (needs 0.75, optimal scale: 0.80x)
[TemplateMatcher] battle_2star.png -> max conf: 0.529 (needs 0.75, optimal scale: 0.80x)
[TemplateMatcher] battle_0star.png -> max conf: 0.243 (needs 0.75, optimal scale: 0.80x)
[ACTION] ⛔ Fast-Fail! 目标网格(8,3)非绿色高亮(绿像素:0)。取消拖拽。
[REWARD] 执行前血条数: 3 -> 最终确认血条数: 0
[REWARD] ⛔ 非法区域/无费用，已被 CV 阻断。奖励 -0.5 (连续无作为: 1次)
[TemplateMatcher] battle_3star.png -> max conf: 0.294 (needs 0.75, optimal scale: 0.80x)
[TemplateMatcher] battle_2star.png -> max conf: 0.481 (needs 0.75, optimal scale: 0.85x)
[TemplateMatcher] battle_0star.png -> max conf: 0.245 (needs 0.75, optimal scale: 0.80x)
[TemplateMatcher] pause_gear.png -> max conf: 0.908 (needs 0.5, optimal scale: 0.80x)

[STEP 33] 开始执行动作...
[ACTION] AI决定: 选卡 3 -> 放入网格(6,0) -> 朝向 2
         坐标映射: 拖拽从(565,650)至(800,190) -> 方向滑动至(650,190)
[TemplateMatcher] battle_3star.png -> max conf: 0.292 (needs 0.75, optimal scale: 0.80x)
[TemplateMatcher] battle_2star.png -> max conf: 0.470 (needs 0.75, optimal scale: 0.85x)
[TemplateMatcher] battle_0star.png -> max conf: 0.247 (needs 0.75, optimal scale: 0.80x)
[ACTION] ✅ CV校验通过！网格(6,0)具有高亮绿色(像素:39)，准许拖拽。
[TemplateMatcher] battle_3star.png -> max conf: 0.345 (needs 0.75, optimal scale: 0.80x)
[TemplateMatcher] battle_2star.png -> max conf: 0.369 (needs 0.75, optimal scale: 0.85x)
[TemplateMatcher] battle_0star.png -> max conf: 0.265 (needs 0.75, optimal scale: 0.90x)
[REWARD] 动作已执行，开始 3 次心跳检测 (间隔 0.2s)...
[TemplateMatcher] battle_3star.png -> max conf: 0.345 (needs 0.75, optimal scale: 0.80x)
[TemplateMatcher] battle_2star.png -> max conf: 0.366 (needs 0.75, optimal scale: 0.80x)
[TemplateMatcher] battle_0star.png -> max conf: 0.265 (needs 0.75, optimal scale: 0.90x)
[REWARD] ✅ 第 1 次检测命中目标干员血条！
[REWARD] 执行前血条数: 4 -> 最终确认血条数: 2
[REWARD] 场上暂无移动目标，仅发放基础部署奖励 +1.0
[TemplateMatcher] battle_3star.png -> max conf: 0.345 (needs 0.75, optimal scale: 0.80x)
[TemplateMatcher] battle_2star.png -> max conf: 0.369 (needs 0.75, optimal scale: 1.10x)
[TemplateMatcher] battle_0star.png -> max conf: 0.265 (needs 0.75, optimal scale: 0.90x)
[TemplateMatcher] pause_gear.png -> max conf: 0.908 (needs 0.5, optimal scale: 0.80x)

[STEP 34] 开始执行动作...
[TemplateMatcher] battle_3star.png -> max conf: 0.345 (needs 0.75, optimal scale: 0.80x)
[TemplateMatcher] battle_2star.png -> max conf: 0.371 (needs 0.75, optimal scale: 0.85x)
[TemplateMatcher] battle_0star.png -> max conf: 0.265 (needs 0.75, optimal scale: 0.90x)
[ACTION] AI决定: 选卡 5 -> 放入网格(4,0) -> 朝向 2
         坐标映射: 拖拽从(745,650)至(600,190) -> 方向滑动至(450,190)
[TemplateMatcher] battle_3star.png -> max conf: 0.346 (needs 0.75, optimal scale: 0.80x)
[ACTION] ⛔ Fast-Fail! 目标网格(4,0)非绿色高亮(绿像素:0)。取消拖拽。
[TemplateMatcher] battle_2star.png -> max conf: 0.526 (needs 0.75, optimal scale: 0.80x)
[TemplateMatcher] battle_0star.png -> max conf: 0.274 (needs 0.75, optimal scale: 0.80x)
[REWARD] 执行前血条数: 1 -> 最终确认血条数: 0
[REWARD] ⛔ 非法区域/无费用，已被 CV 阻断。奖励 -0.5 (连续无作为: 1次)
[TemplateMatcher] pause_gear.png -> max conf: 0.908 (needs 0.5, optimal scale: 0.80x)

[STEP 35] 开始执行动作...
[TemplateMatcher] battle_3star.png -> max conf: 0.308 (needs 0.75, optimal scale: 0.80x)
[TemplateMatcher] battle_2star.png -> max conf: 0.448 (needs 0.75, optimal scale: 0.90x)
[TemplateMatcher] battle_0star.png -> max conf: 0.271 (needs 0.75, optimal scale: 0.80x)
[ACTION] AI决定: 选卡 6 -> 放入网格(3,3) -> 朝向 2
         坐标映射: 拖拽从(835,650)至(500,430) -> 方向滑动至(350,430)
[TemplateMatcher] battle_3star.png -> max conf: 0.393 (needs 0.75, optimal scale: 0.85x)
[TemplateMatcher] battle_2star.png -> max conf: 0.531 (needs 0.75, optimal scale: 0.80x)
[ACTION] ⛔ Fast-Fail! 目标网格(3,3)非绿色高亮(绿像素:0)。取消拖拽。
[TemplateMatcher] battle_0star.png -> max conf: 0.237 (needs 0.75, optimal scale: 0.80x)
[REWARD] 执行前血条数: 3 -> 最终确认血条数: 0
[REWARD] ⛔ 非法区域/无费用，已被 CV 阻断。奖励 -0.5 (连续无作为: 2次)
[TemplateMatcher] battle_3star.png -> max conf: 0.309 (needs 0.75, optimal scale: 0.80x)
[TemplateMatcher] pause_gear.png -> max conf: 0.908 (needs 0.5, optimal scale: 0.80x)

[STEP 36] 开始执行动作...
[TemplateMatcher] battle_2star.png -> max conf: 0.446 (needs 0.75, optimal scale: 0.85x)
[TemplateMatcher] battle_0star.png -> max conf: 0.272 (needs 0.75, optimal scale: 0.80x)
[ACTION] AI决定: 选卡 1 -> 放入网格(0,4) -> 朝向 2
         坐标映射: 拖拽从(385,650)至(200,510) -> 方向滑动至(50,510)
[TemplateMatcher] battle_3star.png -> max conf: 0.312 (needs 0.75, optimal scale: 0.95x)
[TemplateMatcher] battle_2star.png -> max conf: 0.478 (needs 0.75, optimal scale: 1.10x)
[TemplateMatcher] battle_0star.png -> max conf: 0.281 (needs 0.75, optimal scale: 0.80x)
[ACTION] ⛔ Fast-Fail! 目标网格(0,4)非绿色高亮(绿像素:0)。取消拖拽。
[REWARD] 执行前血条数: 3 -> 最终确认血条数: 0
[REWARD] ⛔ 非法区域/无费用，已被 CV 阻断。奖励 -0.5 (连续无作为: 3次)
[TemplateMatcher] battle_3star.png -> max conf: 0.307 (needs 0.75, optimal scale: 0.80x)
[TemplateMatcher] battle_2star.png -> max conf: 0.463 (needs 0.75, optimal scale: 0.85x)
[TemplateMatcher] battle_0star.png -> max conf: 0.273 (needs 0.75, optimal scale: 0.80x)
[TemplateMatcher] pause_gear.png -> max conf: 0.908 (needs 0.5, optimal scale: 0.80x)

[STEP 37] 开始执行动作...
[ACTION] AI决定: 选卡 7 -> 放入网格(5,4) -> 朝向 1
         坐标映射: 拖拽从(925,650)至(700,510) -> 方向滑动至(700,660)
[TemplateMatcher] battle_3star.png -> max conf: 0.368 (needs 0.75, optimal scale: 0.90x)
[TemplateMatcher] battle_2star.png -> max conf: 0.586 (needs 0.75, optimal scale: 0.85x)
[TemplateMatcher] battle_0star.png -> max conf: 0.276 (needs 0.75, optimal scale: 0.80x)
[ACTION] ⛔ Fast-Fail! 目标网格(5,4)非绿色高亮(绿像素:0)。取消拖拽。
[REWARD] 执行前血条数: 3 -> 最终确认血条数: 0
[REWARD] ⛔ 非法区域/无费用，已被 CV 阻断。奖励 -0.5 (连续无作为: 4次)
[TemplateMatcher] battle_3star.png -> max conf: 0.303 (needs 0.75, optimal scale: 0.80x)
[TemplateMatcher] battle_2star.png -> max conf: 0.469 (needs 0.75, optimal scale: 0.85x)
[TemplateMatcher] battle_0star.png -> max conf: 0.271 (needs 0.75, optimal scale: 0.80x)
[TemplateMatcher] pause_gear.png -> max conf: 0.908 (needs 0.5, optimal scale: 0.80x)

[STEP 38] 开始执行动作...
[ACTION] AI决定: 选卡 9 -> 放入网格(3,0) -> 朝向 3
         坐标映射: 拖拽从(1105,650)至(500,190) -> 方向滑动至(650,190)
[TemplateMatcher] battle_3star.png -> max conf: 0.307 (needs 0.75, optimal scale: 1.20x)
[TemplateMatcher] battle_2star.png -> max conf: 0.431 (needs 0.75, optimal scale: 0.80x)
[TemplateMatcher] battle_0star.png -> max conf: 0.225 (needs 0.75, optimal scale: 1.15x)
[ACTION] ⛔ Fast-Fail! 目标网格(3,0)非绿色高亮(绿像素:2)。取消拖拽。
[REWARD] 执行前血条数: 3 -> 最终确认血条数: 0
[REWARD] ⛔ 非法区域/无费用，已被 CV 阻断。奖励 -0.5 (连续无作为: 5次)
[TemplateMatcher] battle_3star.png -> max conf: 0.307 (needs 0.75, optimal scale: 0.80x)
[TemplateMatcher] battle_2star.png -> max conf: 0.486 (needs 0.75, optimal scale: 0.85x)
[TemplateMatcher] battle_0star.png -> max conf: 0.273 (needs 0.75, optimal scale: 0.80x)
[TemplateMatcher] pause_gear.png -> max conf: 0.908 (needs 0.5, optimal scale: 0.80x)

[STEP 39] 开始执行动作...
[ACTION] AI决定: 选卡 0 -> 放入网格(6,2) -> 朝向 2
         坐标映射: 拖拽从(295,650)至(800,350) -> 方向滑动至(650,350)
[TemplateMatcher] battle_3star.png -> max conf: 0.308 (needs 0.75, optimal scale: 0.80x)
[TemplateMatcher] battle_2star.png -> max conf: 0.494 (needs 0.75, optimal scale: 0.85x)
[TemplateMatcher] battle_0star.png -> max conf: 0.274 (needs 0.75, optimal scale: 0.80x)
[ACTION] ✅ CV校验通过！网格(6,2)具有高亮绿色(像素:35)，准许拖拽。
[TemplateMatcher] battle_3star.png -> max conf: 0.289 (needs 0.75, optimal scale: 1.20x)
[TemplateMatcher] battle_2star.png -> max conf: 0.438 (needs 0.75, optimal scale: 0.80x)
[TemplateMatcher] battle_0star.png -> max conf: 0.242 (needs 0.75, optimal scale: 1.10x)
[REWARD] 动作已执行，开始 3 次心跳检测 (间隔 0.2s)...
[TemplateMatcher] battle_3star.png -> max conf: 0.278 (needs 0.75, optimal scale: 0.80x)
[TemplateMatcher] battle_2star.png -> max conf: 0.442 (needs 0.75, optimal scale: 0.80x)
[TemplateMatcher] battle_0star.png -> max conf: 0.253 (needs 0.75, optimal scale: 0.80x)
[REWARD] ✅ 第 1 次检测命中目标干员血条！
[REWARD] 执行前血条数: 3 -> 最终确认血条数: 4
[REWARD] 场上暂无移动目标，仅发放基础部署奖励 +1.0
[TemplateMatcher] battle_3star.png -> max conf: 0.391 (needs 0.75, optimal scale: 1.10x)
[TemplateMatcher] battle_2star.png -> max conf: 0.493 (needs 0.75, optimal scale: 0.80x)
[TemplateMatcher] battle_0star.png -> max conf: 0.256 (needs 0.75, optimal scale: 0.80x)
[TemplateMatcher] pause_gear.png -> max conf: 0.908 (needs 0.5, optimal scale: 0.80x)

[STEP 40] 开始执行动作...
[ACTION] AI决定: 选卡 7 -> 放入网格(4,4) -> 朝向 3
         坐标映射: 拖拽从(925,650)至(600,510) -> 方向滑动至(750,510)
[TemplateMatcher] battle_3star.png -> max conf: 0.309 (needs 0.75, optimal scale: 1.20x)
[TemplateMatcher] battle_2star.png -> max conf: 0.492 (needs 0.75, optimal scale: 0.80x)
[TemplateMatcher] battle_0star.png -> max conf: 0.251 (needs 0.75, optimal scale: 0.90x)
[ACTION] ✅ CV校验通过！网格(4,4)具有高亮绿色(像素:900)，准许拖拽。
[TemplateMatcher] battle_3star.png -> max conf: 0.362 (needs 0.75, optimal scale: 0.90x)
[TemplateMatcher] battle_2star.png -> max conf: 0.559 (needs 0.75, optimal scale: 0.85x)
[TemplateMatcher] battle_0star.png -> max conf: 0.278 (needs 0.75, optimal scale: 0.80x)
[REWARD] 动作已执行，开始 3 次心跳检测 (间隔 0.2s)...
[TemplateMatcher] battle_3star.png -> max conf: 0.362 (needs 0.75, optimal scale: 0.90x)
[TemplateMatcher] battle_2star.png -> max conf: 0.559 (needs 0.75, optimal scale: 0.85x)
[TemplateMatcher] battle_0star.png -> max conf: 0.278 (needs 0.75, optimal scale: 0.80x)
[REWARD] ❌ 第 1 次未检测到目标血条...
[TemplateMatcher] battle_3star.png -> max conf: 0.302 (needs 0.75, optimal scale: 1.05x)
[TemplateMatcher] battle_2star.png -> max conf: 0.488 (needs 0.75, optimal scale: 0.80x)
[TemplateMatcher] battle_0star.png -> max conf: 0.259 (needs 0.75, optimal scale: 0.80x)
[REWARD] ❌ 第 2 次未检测到目标血条...
[TemplateMatcher] battle_3star.png -> max conf: 0.301 (needs 0.75, optimal scale: 1.05x)
[TemplateMatcher] battle_2star.png -> max conf: 0.484 (needs 0.75, optimal scale: 0.80x)
[REWARD] ❌ 第 3 次未检测到目标血条...
[TemplateMatcher] battle_0star.png -> max conf: 0.254 (needs 0.75, optimal scale: 0.80x)
[REWARD] 执行前血条数: 4 -> 最终确认血条数: 4
[REWARD] 部署失败，计算前后帧 MSE (均方误差) = 356.63
[REWARD] 动作无效，但游戏仍在进行(画面有变化)。奖励 -0.2 (已清空无作为计数器)
[TemplateMatcher] pause_gear.png -> max conf: 0.908 (needs 0.5, optimal scale: 0.80x)

[STEP 41] 开始执行动作...
[TemplateMatcher] battle_3star.png -> max conf: 0.300 (needs 0.75, optimal scale: 0.85x)
[TemplateMatcher] battle_2star.png -> max conf: 0.490 (needs 0.75, optimal scale: 0.80x)
[TemplateMatcher] battle_0star.png -> max conf: 0.261 (needs 0.75, optimal scale: 0.80x)
[ACTION] AI决定: 选卡 7 -> 放入网格(7,3) -> 朝向 1
         坐标映射: 拖拽从(925,650)至(900,430) -> 方向滑动至(900,580)
[ACTION] ⛔ Fast-Fail! 目标网格(7,3)非绿色高亮(绿像素:4)。取消拖拽。
[TemplateMatcher] battle_3star.png -> max conf: 0.362 (needs 0.75, optimal scale: 0.90x)
[TemplateMatcher] battle_2star.png -> max conf: 0.559 (needs 0.75, optimal scale: 0.85x)
[TemplateMatcher] battle_0star.png -> max conf: 0.278 (needs 0.75, optimal scale: 0.80x)
[REWARD] 执行前血条数: 4 -> 最终确认血条数: 0
[REWARD] ⛔ 非法区域/无费用，已被 CV 阻断。奖励 -0.5 (连续无作为: 1次)
[TemplateMatcher] pause_gear.png -> max conf: 0.908 (needs 0.5, optimal scale: 0.80x)

[STEP 42] 开始执行动作...
[TemplateMatcher] battle_3star.png -> max conf: 0.304 (needs 0.75, optimal scale: 0.85x)
[TemplateMatcher] battle_2star.png -> max conf: 0.459 (needs 0.75, optimal scale: 0.80x)
[TemplateMatcher] battle_0star.png -> max conf: 0.270 (needs 0.75, optimal scale: 0.80x)
[ACTION] AI决定: 选卡 0 -> 放入网格(1,4) -> 朝向 3
         坐标映射: 拖拽从(295,650)至(300,510) -> 方向滑动至(450,510)
[TemplateMatcher] battle_3star.png -> max conf: 0.284 (needs 0.75, optimal scale: 1.05x)
[TemplateMatcher] battle_2star.png -> max conf: 0.475 (needs 0.75, optimal scale: 0.80x)
[TemplateMatcher] battle_0star.png -> max conf: 0.255 (needs 0.75, optimal scale: 0.90x)
[ACTION] ⛔ Fast-Fail! 目标网格(1,4)非绿色高亮(绿像素:0)。取消拖拽。
[REWARD] 执行前血条数: 4 -> 最终确认血条数: 0
[REWARD] ⛔ 非法区域/无费用，已被 CV 阻断。奖励 -0.5 (连续无作为: 2次)
[TemplateMatcher] battle_3star.png -> max conf: 0.339 (needs 0.75, optimal scale: 0.90x)
[TemplateMatcher] battle_2star.png -> max conf: 0.430 (needs 0.75, optimal scale: 0.85x)
[TemplateMatcher] pause_gear.png -> max conf: 0.908 (needs 0.5, optimal scale: 0.80x)

[STEP 43] 开始执行动作...
[TemplateMatcher] battle_0star.png -> max conf: 0.255 (needs 0.75, optimal scale: 0.85x)
[ACTION] AI决定: 选卡 1 -> 放入网格(4,2) -> 朝向 2
         坐标映射: 拖拽从(385,650)至(600,350) -> 方向滑动至(450,350)
[TemplateMatcher] battle_3star.png -> max conf: 0.309 (needs 0.75, optimal scale: 0.95x)
[TemplateMatcher] battle_2star.png -> max conf: 0.466 (needs 0.75, optimal scale: 1.10x)
[TemplateMatcher] battle_0star.png -> max conf: 0.280 (needs 0.75, optimal scale: 0.80x)
[ACTION] ✅ CV校验通过！网格(4,2)具有高亮绿色(像素:864)，准许拖拽。
[TemplateMatcher] battle_3star.png -> max conf: 0.312 (needs 0.75, optimal scale: 0.95x)
[TemplateMatcher] battle_2star.png -> max conf: 0.469 (needs 0.75, optimal scale: 1.10x)
[TemplateMatcher] battle_0star.png -> max conf: 0.281 (needs 0.75, optimal scale: 0.80x)
[REWARD] 动作已执行，开始 3 次心跳检测 (间隔 0.2s)...
[TemplateMatcher] battle_3star.png -> max conf: 0.312 (needs 0.75, optimal scale: 0.95x)
[TemplateMatcher] battle_2star.png -> max conf: 0.473 (needs 0.75, optimal scale: 1.10x)
[TemplateMatcher] battle_0star.png -> max conf: 0.281 (needs 0.75, optimal scale: 0.80x)
[REWARD] ✅ 第 1 次检测命中目标干员血条！
[REWARD] 执行前血条数: 4 -> 最终确认血条数: 3
[REWARD] 🎯 完美落子！部署点靠近敌人 (距离: 246.3)，奖励 +2.0
[REWARD] 🛡️ 背对敌人！(角度: 113.0°)，严厉惩罚 -3.0
[TemplateMatcher] battle_3star.png -> max conf: 0.312 (needs 0.75, optimal scale: 0.95x)
[TemplateMatcher] battle_2star.png -> max conf: 0.472 (needs 0.75, optimal scale: 1.10x)
[TemplateMatcher] battle_0star.png -> max conf: 0.281 (needs 0.75, optimal scale: 0.80x)
[TemplateMatcher] pause_gear.png -> max conf: 0.907 (needs 0.5, optimal scale: 0.80x)

[STEP 44] 开始执行动作...
[ACTION] AI决定: 选卡 0 -> 放入网格(4,0) -> 朝向 1
         坐标映射: 拖拽从(295,650)至(600,190) -> 方向滑动至(600,340)
[TemplateMatcher] battle_3star.png -> max conf: 0.312 (needs 0.75, optimal scale: 0.95x)
[TemplateMatcher] battle_2star.png -> max conf: 0.471 (needs 0.75, optimal scale: 1.10x)
[TemplateMatcher] battle_0star.png -> max conf: 0.281 (needs 0.75, optimal scale: 0.80x)
[ACTION] ✅ CV校验通过！网格(4,0)具有高亮绿色(像素:443)，准许拖拽。
[TemplateMatcher] battle_3star.png -> max conf: 0.312 (needs 0.75, optimal scale: 0.95x)
[TemplateMatcher] battle_2star.png -> max conf: 0.469 (needs 0.75, optimal scale: 1.10x)
[TemplateMatcher] battle_0star.png -> max conf: 0.281 (needs 0.75, optimal scale: 0.80x)
[REWARD] 动作已执行，开始 3 次心跳检测 (间隔 0.2s)...
[TemplateMatcher] battle_3star.png -> max conf: 0.312 (needs 0.75, optimal scale: 0.95x)
[TemplateMatcher] battle_2star.png -> max conf: 0.467 (needs 0.75, optimal scale: 1.10x)
[TemplateMatcher] battle_0star.png -> max conf: 0.281 (needs 0.75, optimal scale: 0.80x)
[REWARD] ✅ 第 1 次检测命中目标干员血条！
[REWARD] 执行前血条数: 3 -> 最终确认血条数: 4
[REWARD] 场上暂无移动目标，仅发放基础部署奖励 +1.0
[TemplateMatcher] battle_3star.png -> max conf: 0.389 (needs 0.75, optimal scale: 1.10x)
[TemplateMatcher] battle_2star.png -> max conf: 0.482 (needs 0.75, optimal scale: 0.80x)
[TemplateMatcher] battle_0star.png -> max conf: 0.253 (needs 0.75, optimal scale: 0.80x)
[TemplateMatcher] pause_gear.png -> max conf: 0.908 (needs 0.5, optimal scale: 0.80x)

[STEP 45] 开始执行动作...
[ACTION] AI决定: 选卡 4 -> 放入网格(7,1) -> 朝向 3
         坐标映射: 拖拽从(655,650)至(900,270) -> 方向滑动至(1050,270)
[TemplateMatcher] battle_3star.png -> max conf: 0.298 (needs 0.75, optimal scale: 0.85x)
[TemplateMatcher] battle_2star.png -> max conf: 0.395 (needs 0.75, optimal scale: 1.00x)
[TemplateMatcher] battle_0star.png -> max conf: 0.260 (needs 0.75, optimal scale: 0.80x)
[ACTION] ✅ CV校验通过！网格(7,1)具有高亮绿色(像素:614)，准许拖拽。
[TemplateMatcher] battle_3star.png -> max conf: 0.299 (needs 0.75, optimal scale: 0.85x)
[TemplateMatcher] battle_2star.png -> max conf: 0.396 (needs 0.75, optimal scale: 1.00x)
[TemplateMatcher] battle_0star.png -> max conf: 0.261 (needs 0.75, optimal scale: 0.80x)
[REWARD] 动作已执行，开始 3 次心跳检测 (间隔 0.2s)...
[TemplateMatcher] battle_3star.png -> max conf: 0.299 (needs 0.75, optimal scale: 0.85x)
[TemplateMatcher] battle_2star.png -> max conf: 0.398 (needs 0.75, optimal scale: 1.00x)
[TemplateMatcher] battle_0star.png -> max conf: 0.262 (needs 0.75, optimal scale: 0.80x)
[REWARD] ❌ 第 1 次未检测到目标血条...
[TemplateMatcher] battle_3star.png -> max conf: 0.299 (needs 0.75, optimal scale: 1.05x)
[TemplateMatcher] battle_2star.png -> max conf: 0.487 (needs 0.75, optimal scale: 0.80x)
[TemplateMatcher] battle_0star.png -> max conf: 0.254 (needs 0.75, optimal scale: 0.80x)
[REWARD] ❌ 第 2 次未检测到目标血条...
[TemplateMatcher] battle_3star.png -> max conf: 0.306 (needs 0.75, optimal scale: 1.05x)
[TemplateMatcher] battle_2star.png -> max conf: 0.485 (needs 0.75, optimal scale: 0.85x)
[TemplateMatcher] battle_0star.png -> max conf: 0.258 (needs 0.75, optimal scale: 0.80x)
[REWARD] ❌ 第 3 次未检测到目标血条...
[REWARD] 执行前血条数: 4 -> 最终确认血条数: 4
[REWARD] 部署失败，计算前后帧 MSE (均方误差) = 397.16
[REWARD] 动作无效，但游戏仍在进行(画面有变化)。奖励 -0.2 (已清空无作为计数器)
[TemplateMatcher] pause_gear.png -> max conf: 0.908 (needs 0.5, optimal scale: 0.80x)

[STEP 46] 开始执行动作...
[TemplateMatcher] battle_3star.png -> max conf: 0.288 (needs 0.75, optimal scale: 0.85x)
[TemplateMatcher] battle_2star.png -> max conf: 0.492 (needs 0.75, optimal scale: 0.80x)
[TemplateMatcher] battle_0star.png -> max conf: 0.263 (needs 0.75, optimal scale: 0.80x)
[ACTION] AI决定: 选卡 6 -> 放入网格(4,3) -> 朝向 1
         坐标映射: 拖拽从(835,650)至(600,430) -> 方向滑动至(600,580)
[ACTION] ✅ CV校验通过！网格(4,3)具有高亮绿色(像素:900)，准许拖拽。
[TemplateMatcher] battle_3star.png -> max conf: 0.386 (needs 0.75, optimal scale: 0.85x)
[TemplateMatcher] battle_2star.png -> max conf: 0.495 (needs 0.75, optimal scale: 0.80x)
[TemplateMatcher] battle_0star.png -> max conf: 0.243 (needs 0.75, optimal scale: 0.80x)
[TemplateMatcher] battle_3star.png -> max conf: 0.386 (needs 0.75, optimal scale: 0.85x)
[TemplateMatcher] battle_2star.png -> max conf: 0.494 (needs 0.75, optimal scale: 0.80x)
[TemplateMatcher] battle_0star.png -> max conf: 0.243 (needs 0.75, optimal scale: 0.80x)
[REWARD] 动作已执行，开始 3 次心跳检测 (间隔 0.2s)...
[TemplateMatcher] battle_3star.png -> max conf: 0.386 (needs 0.75, optimal scale: 0.85x)
[TemplateMatcher] battle_2star.png -> max conf: 0.495 (needs 0.75, optimal scale: 0.80x)
[TemplateMatcher] battle_0star.png -> max conf: 0.243 (needs 0.75, optimal scale: 0.80x)
[REWARD] ❌ 第 1 次未检测到目标血条...
[TemplateMatcher] battle_3star.png -> max conf: 0.305 (needs 0.75, optimal scale: 1.05x)
[TemplateMatcher] battle_2star.png -> max conf: 0.481 (needs 0.75, optimal scale: 0.80x)
[TemplateMatcher] battle_0star.png -> max conf: 0.256 (needs 0.75, optimal scale: 0.85x)
[REWARD] ❌ 第 2 次未检测到目标血条...
[TemplateMatcher] battle_3star.png -> max conf: 0.301 (needs 0.75, optimal scale: 0.85x)
[TemplateMatcher] battle_2star.png -> max conf: 0.483 (needs 0.75, optimal scale: 0.80x)
[TemplateMatcher] battle_0star.png -> max conf: 0.245 (needs 0.75, optimal scale: 0.80x)
[REWARD] ❌ 第 3 次未检测到目标血条...
[REWARD] 执行前血条数: 4 -> 最终确认血条数: 4
[REWARD] 部署失败，计算前后帧 MSE (均方误差) = 525.88
[REWARD] 动作无效，但游戏仍在进行(画面有变化)。奖励 -0.2 (已清空无作为计数器)
[TemplateMatcher] battle_3star.png -> max conf: 0.287 (needs 0.75, optimal scale: 0.85x)
[TemplateMatcher] battle_2star.png -> max conf: 0.482 (needs 0.75, optimal scale: 0.80x)
[TemplateMatcher] battle_0star.png -> max conf: 0.244 (needs 0.75, optimal scale: 0.85x)
[TemplateMatcher] pause_gear.png -> max conf: 0.908 (needs 0.5, optimal scale: 0.80x)

[STEP 47] 开始执行动作...
[ACTION] AI决定: 选卡 4 -> 放入网格(6,3) -> 朝向 1
         坐标映射: 拖拽从(655,650)至(800,430) -> 方向滑动至(800,580)
[TemplateMatcher] battle_3star.png -> max conf: 0.297 (needs 0.75, optimal scale: 0.85x)
[TemplateMatcher] battle_2star.png -> max conf: 0.384 (needs 0.75, optimal scale: 1.00x)
[TemplateMatcher] battle_0star.png -> max conf: 0.259 (needs 0.75, optimal scale: 0.80x)
[ACTION] ✅ CV校验通过！网格(6,3)具有高亮绿色(像素:900)，准许拖拽。
[TemplateMatcher] battle_3star.png -> max conf: 0.378 (needs 0.75, optimal scale: 1.20x)
[TemplateMatcher] battle_2star.png -> max conf: 0.322 (needs 0.75, optimal scale: 0.85x)
[TemplateMatcher] battle_0star.png -> max conf: 0.315 (needs 0.75, optimal scale: 0.80x)
[REWARD] 动作已执行，开始 3 次心跳检测 (间隔 0.2s)...
[TemplateMatcher] battle_3star.png -> max conf: 0.377 (needs 0.75, optimal scale: 0.80x)
[TemplateMatcher] battle_2star.png -> max conf: 0.339 (needs 0.75, optimal scale: 0.85x)
[TemplateMatcher] battle_0star.png -> max conf: 0.314 (needs 0.75, optimal scale: 0.80x)
[REWARD] ✅ 第 1 次检测命中目标干员血条！
[REWARD] 执行前血条数: 4 -> 最终确认血条数: 5
[REWARD] 🎯 完美落子！部署点靠近敌人 (距离: 196.0)，奖励 +2.0
[REWARD] 🛡️ 背对敌人！(角度: 250.1°)，严厉惩罚 -3.0
[TemplateMatcher] battle_3star.png -> max conf: 0.300 (needs 0.75, optimal scale: 1.10x)
[TemplateMatcher] battle_2star.png -> max conf: 0.495 (needs 0.75, optimal scale: 0.80x)
[TemplateMatcher] battle_0star.png -> max conf: 0.253 (needs 0.75, optimal scale: 0.90x)
[TemplateMatcher] pause_gear.png -> max conf: 0.900 (needs 0.5, optimal scale: 0.80x)

[STEP 48] 开始执行动作...
[ACTION] AI决定: 💤 挂机 (Skip / Wait for Cost)
[TemplateMatcher] battle_3star.png -> max conf: 0.298 (needs 0.75, optimal scale: 1.05x)
[TemplateMatcher] battle_2star.png -> max conf: 0.486 (needs 0.75, optimal scale: 0.80x)
[TemplateMatcher] battle_0star.png -> max conf: 0.256 (needs 0.75, optimal scale: 0.90x)
[TemplateMatcher] battle_3star.png -> max conf: 0.313 (needs 0.75, optimal scale: 1.05x)
[TemplateMatcher] battle_2star.png -> max conf: 0.481 (needs 0.75, optimal scale: 0.80x)
[TemplateMatcher] battle_0star.png -> max conf: 0.253 (needs 0.75, optimal scale: 0.90x)
[TemplateMatcher] battle_3star.png -> max conf: 0.317 (needs 0.75, optimal scale: 1.05x)
[TemplateMatcher] battle_2star.png -> max conf: 0.481 (needs 0.75, optimal scale: 0.80x)
[TemplateMatcher] battle_0star.png -> max conf: 0.255 (needs 0.75, optimal scale: 0.90x)
[TemplateMatcher] battle_3star.png -> max conf: 0.297 (needs 0.75, optimal scale: 0.85x)
[TemplateMatcher] battle_2star.png -> max conf: 0.487 (needs 0.75, optimal scale: 0.80x)
[TemplateMatcher] battle_0star.png -> max conf: 0.257 (needs 0.75, optimal scale: 0.90x)
[REWARD] 执行前血条数: 5 -> 最终确认血条数: 0
[REWARD] 💤 AI 主动挂机等费用，只扣除微小时间惩罚 -0.01
[TemplateMatcher] pause_gear.png -> max conf: 0.908 (needs 0.5, optimal scale: 0.80x)

[STEP 49] 开始执行动作...
[TemplateMatcher] battle_3star.png -> max conf: 0.299 (needs 0.75, optimal scale: 0.90x)
[TemplateMatcher] battle_2star.png -> max conf: 0.489 (needs 0.75, optimal scale: 0.80x)
[TemplateMatcher] battle_0star.png -> max conf: 0.254 (needs 0.75, optimal scale: 0.80x)
[ACTION] AI决定: 选卡 2 -> 放入网格(8,3) -> 朝向 0
         坐标映射: 拖拽从(475,650)至(1000,430) -> 方向滑动至(1000,280)
[ACTION] ⛔ Fast-Fail! 目标网格(8,3)非绿色高亮(绿像素:0)。取消拖拽。
[TemplateMatcher] battle_3star.png -> max conf: 0.312 (needs 0.75, optimal scale: 0.95x)
[TemplateMatcher] battle_2star.png -> max conf: 0.466 (needs 0.75, optimal scale: 1.10x)
[TemplateMatcher] battle_0star.png -> max conf: 0.281 (needs 0.75, optimal scale: 0.80x)
[REWARD] 执行前血条数: 5 -> 最终确认血条数: 0
[REWARD] ⛔ 非法区域/无费用，已被 CV 阻断。奖励 -0.5 (连续无作为: 1次)
[TemplateMatcher] pause_gear.png -> max conf: 0.908 (needs 0.5, optimal scale: 0.80x)

[STEP 50] 开始执行动作...
[TemplateMatcher] battle_3star.png -> max conf: 0.291 (needs 0.75, optimal scale: 0.85x)
[TemplateMatcher] battle_2star.png -> max conf: 0.490 (needs 0.75, optimal scale: 0.80x)
[TemplateMatcher] battle_0star.png -> max conf: 0.252 (needs 0.75, optimal scale: 0.90x)
[ACTION] AI决定: 💤 挂机 (Skip / Wait for Cost)
[TemplateMatcher] battle_3star.png -> max conf: 0.296 (needs 0.75, optimal scale: 0.90x)
[TemplateMatcher] battle_2star.png -> max conf: 0.482 (needs 0.75, optimal scale: 0.80x)
[TemplateMatcher] battle_0star.png -> max conf: 0.253 (needs 0.75, optimal scale: 0.90x)
[TemplateMatcher] battle_3star.png -> max conf: 0.296 (needs 0.75, optimal scale: 1.05x)
[TemplateMatcher] battle_2star.png -> max conf: 0.490 (needs 0.75, optimal scale: 0.80x)
[TemplateMatcher] battle_0star.png -> max conf: 0.249 (needs 0.75, optimal scale: 0.90x)
[TemplateMatcher] battle_3star.png -> max conf: 0.293 (needs 0.75, optimal scale: 1.05x)
[TemplateMatcher] battle_2star.png -> max conf: 0.492 (needs 0.75, optimal scale: 0.80x)
[TemplateMatcher] battle_0star.png -> max conf: 0.252 (needs 0.75, optimal scale: 0.80x)
[REWARD] 执行前血条数: 5 -> 最终确认血条数: 0
[REWARD] 💤 AI 主动挂机等费用，只扣除微小时间惩罚 -0.01
[TemplateMatcher] battle_3star.png -> max conf: 0.305 (needs 0.75, optimal scale: 1.05x)
[TemplateMatcher] battle_2star.png -> max conf: 0.482 (needs 0.75, optimal scale: 0.85x)
[TemplateMatcher] battle_0star.png -> max conf: 0.258 (needs 0.75, optimal scale: 0.90x)
[TemplateMatcher] pause_gear.png -> max conf: 0.908 (needs 0.5, optimal scale: 0.80x)

[STEP 51] 开始执行动作...
[ACTION] AI决定: 选卡 3 -> 放入网格(6,1) -> 朝向 0
         坐标映射: 拖拽从(565,650)至(800,270) -> 方向滑动至(800,120)
[TemplateMatcher] battle_3star.png -> max conf: 0.330 (needs 0.75, optimal scale: 0.80x)
[TemplateMatcher] battle_2star.png -> max conf: 0.469 (needs 0.75, optimal scale: 0.80x)
[TemplateMatcher] battle_0star.png -> max conf: 0.270 (needs 0.75, optimal scale: 0.80x)
[ACTION] ✅ CV校验通过！网格(6,1)具有高亮绿色(像素:70)，准许拖拽。
[TemplateMatcher] battle_3star.png -> max conf: 0.319 (needs 0.75, optimal scale: 0.90x)
[TemplateMatcher] battle_2star.png -> max conf: 0.501 (needs 0.75, optimal scale: 0.80x)
[TemplateMatcher] battle_0star.png -> max conf: 0.252 (needs 0.75, optimal scale: 0.85x)
[REWARD] 动作已执行，开始 3 次心跳检测 (间隔 0.2s)...
[TemplateMatcher] battle_3star.png -> max conf: 0.298 (needs 0.75, optimal scale: 1.05x)
[TemplateMatcher] battle_2star.png -> max conf: 0.481 (needs 0.75, optimal scale: 0.80x)
[TemplateMatcher] battle_0star.png -> max conf: 0.253 (needs 0.75, optimal scale: 0.90x)
[REWARD] ❌ 第 1 次未检测到目标血条...
[TemplateMatcher] battle_3star.png -> max conf: 0.297 (needs 0.75, optimal scale: 0.85x)
[TemplateMatcher] battle_2star.png -> max conf: 0.482 (needs 0.75, optimal scale: 0.80x)
[TemplateMatcher] battle_0star.png -> max conf: 0.257 (needs 0.75, optimal scale: 0.90x)
[REWARD] ❌ 第 2 次未检测到目标血条...
[TemplateMatcher] battle_3star.png -> max conf: 0.303 (needs 0.75, optimal scale: 1.05x)
[TemplateMatcher] battle_2star.png -> max conf: 0.477 (needs 0.75, optimal scale: 0.85x)
[TemplateMatcher] battle_0star.png -> max conf: 0.261 (needs 0.75, optimal scale: 0.90x)
[REWARD] ❌ 第 3 次未检测到目标血条...
[REWARD] 执行前血条数: 5 -> 最终确认血条数: 5
[REWARD] 部署失败，计算前后帧 MSE (均方误差) = 461.97
[REWARD] 动作无效，但游戏仍在进行(画面有变化)。奖励 -0.2 (已清空无作为计数器)
[TemplateMatcher] pause_gear.png -> max conf: 0.908 (needs 0.5, optimal scale: 0.80x)

[STEP 52] 开始执行动作...
[TemplateMatcher] battle_3star.png -> max conf: 0.299 (needs 0.75, optimal scale: 0.85x)
[TemplateMatcher] battle_2star.png -> max conf: 0.484 (needs 0.75, optimal scale: 0.80x)
[TemplateMatcher] battle_0star.png -> max conf: 0.249 (needs 0.75, optimal scale: 0.80x)
[ACTION] AI决定: 选卡 9 -> 放入网格(1,1) -> 朝向 2
         坐标映射: 拖拽从(1105,650)至(300,270) -> 方向滑动至(150,270)
[TemplateMatcher] battle_3star.png -> max conf: 0.384 (needs 0.75, optimal scale: 0.80x)
[TemplateMatcher] battle_2star.png -> max conf: 0.471 (needs 0.75, optimal scale: 1.00x)
[TemplateMatcher] battle_0star.png -> max conf: 0.298 (needs 0.75, optimal scale: 0.80x)
[ACTION] ⛔ Fast-Fail! 目标网格(1,1)非绿色高亮(绿像素:0)。取消拖拽。
[REWARD] 执行前血条数: 5 -> 最终确认血条数: 0
[REWARD] ⛔ 非法区域/无费用，已被 CV 阻断。奖励 -0.5 (连续无作为: 1次)
[TemplateMatcher] battle_3star.png -> max conf: 0.303 (needs 0.75, optimal scale: 0.85x)
[TemplateMatcher] battle_2star.png -> max conf: 0.485 (needs 0.75, optimal scale: 0.80x)
[TemplateMatcher] battle_0star.png -> max conf: 0.254 (needs 0.75, optimal scale: 0.90x)
[TemplateMatcher] pause_gear.png -> max conf: 0.908 (needs 0.5, optimal scale: 0.80x)

[STEP 53] 开始执行动作...
[ACTION] AI决定: 选卡 6 -> 放入网格(5,2) -> 朝向 3
         坐标映射: 拖拽从(835,650)至(700,350) -> 方向滑动至(850,350)
[TemplateMatcher] battle_3star.png -> max conf: 0.385 (needs 0.75, optimal scale: 0.85x)
[TemplateMatcher] battle_2star.png -> max conf: 0.502 (needs 0.75, optimal scale: 0.80x)
[TemplateMatcher] battle_0star.png -> max conf: 0.243 (needs 0.75, optimal scale: 0.80x)
[ACTION] ✅ CV校验通过！网格(5,2)具有高亮绿色(像素:816)，准许拖拽。
[TemplateMatcher] battle_3star.png -> max conf: 0.323 (needs 0.75, optimal scale: 0.95x)
[TemplateMatcher] battle_2star.png -> max conf: 0.456 (needs 0.75, optimal scale: 0.80x)
[TemplateMatcher] battle_0star.png -> max conf: 0.265 (needs 0.75, optimal scale: 0.80x)
[REWARD] 动作已执行，开始 3 次心跳检测 (间隔 0.2s)...
[TemplateMatcher] battle_3star.png -> max conf: 0.311 (needs 0.75, optimal scale: 0.80x)
[TemplateMatcher] battle_2star.png -> max conf: 0.465 (needs 0.75, optimal scale: 0.80x)
[TemplateMatcher] battle_0star.png -> max conf: 0.260 (needs 0.75, optimal scale: 0.80x)
[REWARD] ✅ 第 1 次检测命中目标干员血条！
[REWARD] 执行前血条数: 5 -> 最终确认血条数: 6
[REWARD] 🎯 完美落子！部署点靠近敌人 (距离: 161.1)，奖励 +2.0
[REWARD] ⚔️ 完美朝向！正对敌人 (角度: 16.7°)，巨额奖励 +8.0
[TemplateMatcher] battle_3star.png -> max conf: 0.287 (needs 0.75, optimal scale: 1.05x)
[TemplateMatcher] battle_2star.png -> max conf: 0.462 (needs 0.75, optimal scale: 0.80x)
[TemplateMatcher] battle_0star.png -> max conf: 0.256 (needs 0.75, optimal scale: 0.90x)
[TemplateMatcher] pause_gear.png -> max conf: 0.908 (needs 0.5, optimal scale: 0.80x)

[STEP 54] 开始执行动作...
[ACTION] AI决定: 选卡 2 -> 放入网格(9,1) -> 朝向 3
         坐标映射: 拖拽从(475,650)至(1100,270) -> 方向滑动至(1250,270)
[TemplateMatcher] battle_3star.png -> max conf: 0.307 (needs 0.75, optimal scale: 1.20x)
[TemplateMatcher] battle_2star.png -> max conf: 0.470 (needs 0.75, optimal scale: 1.05x)
[TemplateMatcher] battle_0star.png -> max conf: 0.276 (needs 0.75, optimal scale: 0.80x)
[ACTION] ⛔ Fast-Fail! 目标网格(9,1)非绿色高亮(绿像素:0)。取消拖拽。
[REWARD] 执行前血条数: 6 -> 最终确认血条数: 0
[REWARD] ⛔ 非法区域/无费用，已被 CV 阻断。奖励 -0.5 (连续无作为: 1次)
[TemplateMatcher] battle_3star.png -> max conf: 0.329 (needs 0.75, optimal scale: 0.90x)
[TemplateMatcher] battle_2star.png -> max conf: 0.455 (needs 0.75, optimal scale: 0.85x)
[TemplateMatcher] battle_0star.png -> max conf: 0.252 (needs 0.75, optimal scale: 0.80x)
[TemplateMatcher] pause_gear.png -> max conf: 0.907 (needs 0.5, optimal scale: 0.80x)

[STEP 55] 开始执行动作...
[ACTION] AI决定: 💤 挂机 (Skip / Wait for Cost)
[TemplateMatcher] battle_3star.png -> max conf: 0.300 (needs 0.75, optimal scale: 0.90x)
[TemplateMatcher] battle_2star.png -> max conf: 0.452 (needs 0.75, optimal scale: 0.85x)
[TemplateMatcher] battle_0star.png -> max conf: 0.250 (needs 0.75, optimal scale: 0.80x)
[TemplateMatcher] battle_3star.png -> max conf: 0.288 (needs 0.75, optimal scale: 0.85x)
[TemplateMatcher] battle_2star.png -> max conf: 0.450 (needs 0.75, optimal scale: 0.85x)
[TemplateMatcher] battle_0star.png -> max conf: 0.271 (needs 0.75, optimal scale: 0.80x)
[TemplateMatcher] battle_3star.png -> max conf: 0.291 (needs 0.75, optimal scale: 1.05x)
[TemplateMatcher] battle_2star.png -> max conf: 0.443 (needs 0.75, optimal scale: 0.85x)
[TemplateMatcher] battle_0star.png -> max conf: 0.249 (needs 0.75, optimal scale: 0.80x)
[TemplateMatcher] battle_3star.png -> max conf: 0.305 (needs 0.75, optimal scale: 0.95x)
[TemplateMatcher] battle_2star.png -> max conf: 0.458 (needs 0.75, optimal scale: 0.80x)
[TemplateMatcher] battle_0star.png -> max conf: 0.251 (needs 0.75, optimal scale: 0.80x)
[REWARD] 执行前血条数: 6 -> 最终确认血条数: 0
[REWARD] 💤 AI 主动挂机等费用，只扣除微小时间惩罚 -0.01
[TemplateMatcher] pause_gear.png -> max conf: 0.908 (needs 0.5, optimal scale: 0.80x)

[STEP 56] 开始执行动作...
[TemplateMatcher] battle_3star.png -> max conf: 0.336 (needs 0.75, optimal scale: 0.85x)
[TemplateMatcher] battle_2star.png -> max conf: 0.467 (needs 0.75, optimal scale: 0.80x)
[TemplateMatcher] battle_0star.png -> max conf: 0.261 (needs 0.75, optimal scale: 0.80x)
[ACTION] AI决定: 选卡 0 -> 放入网格(7,2) -> 朝向 1
         坐标映射: 拖拽从(295,650)至(900,350) -> 方向滑动至(900,500)
[TemplateMatcher] battle_3star.png -> max conf: 0.274 (needs 0.75, optimal scale: 1.05x)
[ACTION] ⛔ Fast-Fail! 目标网格(7,2)非绿色高亮(绿像素:0)。取消拖拽。
[TemplateMatcher] battle_2star.png -> max conf: 0.450 (needs 0.75, optimal scale: 0.80x)
[TemplateMatcher] battle_0star.png -> max conf: 0.252 (needs 0.75, optimal scale: 0.80x)
[REWARD] 执行前血条数: 6 -> 最终确认血条数: 0
[REWARD] ⛔ 非法区域/无费用，已被 CV 阻断。奖励 -0.5 (连续无作为: 1次)
[TemplateMatcher] pause_gear.png -> max conf: 0.908 (needs 0.5, optimal scale: 0.80x)

[STEP 57] 开始执行动作...[TemplateMatcher] battle_3star.png -> max conf: 0.332 (needs 0.75, optimal scale: 0.80x)

[TemplateMatcher] battle_2star.png -> max conf: 0.462 (needs 0.75, optimal scale: 0.95x)
[TemplateMatcher] battle_0star.png -> max conf: 0.247 (needs 0.75, optimal scale: 0.85x)
[ACTION] AI决定: 选卡 3 -> 放入网格(5,0) -> 朝向 2
         坐标映射: 拖拽从(565,650)至(700,190) -> 方向滑动至(550,190)
[TemplateMatcher] battle_3star.png -> max conf: 0.297 (needs 0.75, optimal scale: 1.10x)
[TemplateMatcher] battle_2star.png -> max conf: 0.289 (needs 0.75, optimal scale: 0.80x)
[TemplateMatcher] battle_0star.png -> max conf: 0.227 (needs 0.75, optimal scale: 1.10x)
[ACTION] ⛔ Fast-Fail! 目标网格(5,0)非绿色高亮(绿像素:0)。取消拖拽。
[REWARD] 执行前血条数: 6 -> 最终确认血条数: 0
[REWARD] ⛔ 非法区域/无费用，已被 CV 阻断。奖励 -0.5 (连续无作为: 2次)
[TemplateMatcher] battle_3star.png -> max conf: 0.333 (needs 0.75, optimal scale: 1.10x)
[TemplateMatcher] battle_2star.png -> max conf: 0.486 (needs 0.75, optimal scale: 0.80x)
[TemplateMatcher] battle_0star.png -> max conf: 0.252 (needs 0.75, optimal scale: 0.80x)
[TemplateMatcher] pause_gear.png -> max conf: 0.908 (needs 0.5, optimal scale: 0.80x)

[STEP 58] 开始执行动作...
[ACTION] AI决定: 选卡 3 -> 放入网格(8,3) -> 朝向 3
         坐标映射: 拖拽从(565,650)至(1000,430) -> 方向滑动至(1150,430)
[TemplateMatcher] battle_3star.png -> max conf: 0.333 (needs 0.75, optimal scale: 0.80x)
[TemplateMatcher] battle_2star.png -> max conf: 0.298 (needs 0.75, optimal scale: 0.80x)
[TemplateMatcher] battle_0star.png -> max conf: 0.229 (needs 0.75, optimal scale: 0.80x)
[ACTION] ✅ CV校验通过！网格(8,3)具有高亮绿色(像素:807)，准许拖拽。
[TemplateMatcher] battle_3star.png -> max conf: 0.314 (needs 0.75, optimal scale: 1.15x)
[TemplateMatcher] battle_2star.png -> max conf: 0.281 (needs 0.75, optimal scale: 0.80x)
[TemplateMatcher] battle_0star.png -> max conf: 0.227 (needs 0.75, optimal scale: 1.10x)
[REWARD] 动作已执行，开始 3 次心跳检测 (间隔 0.2s)...
[TemplateMatcher] battle_3star.png -> max conf: 0.362 (needs 0.75, optimal scale: 1.00x)
[TemplateMatcher] battle_2star.png -> max conf: 0.493 (needs 0.75, optimal scale: 0.80x)
[TemplateMatcher] battle_0star.png -> max conf: 0.250 (needs 0.75, optimal scale: 0.85x)
[REWARD] ❌ 第 1 次未检测到目标血条...
[TemplateMatcher] battle_3star.png -> max conf: 0.295 (needs 0.75, optimal scale: 1.05x)
[TemplateMatcher] battle_2star.png -> max conf: 0.489 (needs 0.75, optimal scale: 0.80x)
[TemplateMatcher] battle_0star.png -> max conf: 0.239 (needs 0.75, optimal scale: 0.80x)
[REWARD] ❌ 第 2 次未检测到目标血条...
[TemplateMatcher] battle_3star.png -> max conf: 0.290 (needs 0.75, optimal scale: 0.85x)
[TemplateMatcher] battle_2star.png -> max conf: 0.488 (needs 0.75, optimal scale: 0.80x)
[TemplateMatcher] battle_0star.png -> max conf: 0.245 (needs 0.75, optimal scale: 0.95x)
[REWARD] ❌ 第 3 次未检测到目标血条...
[REWARD] 执行前血条数: 6 -> 最终确认血条数: 6
[REWARD] 部署失败，计算前后帧 MSE (均方误差) = 481.76
[REWARD] 动作无效，但游戏仍在进行(画面有变化)。奖励 -0.2 (已清空无作为计数器)
[TemplateMatcher] pause_gear.png -> max conf: 0.908 (needs 0.5, optimal scale: 0.80x)

[STEP 59] 开始执行动作...
[TemplateMatcher] battle_3star.png -> max conf: 0.346 (needs 0.75, optimal scale: 0.85x)
[TemplateMatcher] battle_2star.png -> max conf: 0.383 (needs 0.75, optimal scale: 0.85x)
[TemplateMatcher] battle_0star.png -> max conf: 0.264 (needs 0.75, optimal scale: 0.80x)
[ACTION] AI决定: 💤 挂机 (Skip / Wait for Cost)
[TemplateMatcher] battle_3star.png -> max conf: 0.268 (needs 0.75, optimal scale: 0.80x)
[TemplateMatcher] battle_2star.png -> max conf: 0.355 (needs 0.75, optimal scale: 0.80x)
[TemplateMatcher] battle_0star.png -> max conf: 0.267 (needs 0.75, optimal scale: 0.80x)
[TemplateMatcher] battle_3star.png -> max conf: 0.283 (needs 0.75, optimal scale: 0.90x)
[TemplateMatcher] battle_2star.png -> max conf: 0.499 (needs 0.75, optimal scale: 0.85x)
[TemplateMatcher] battle_0star.png -> max conf: 0.258 (needs 0.75, optimal scale: 0.80x)
[TemplateMatcher] battle_3star.png -> max conf: 0.286 (needs 0.75, optimal scale: 0.90x)
[TemplateMatcher] battle_2star.png -> max conf: 0.524 (needs 0.75, optimal scale: 0.90x)
[TemplateMatcher] battle_0star.png -> max conf: 0.246 (needs 0.75, optimal scale: 0.80x)
[TemplateMatcher] battle_3star.png -> max conf: 0.294 (needs 0.75, optimal scale: 1.05x)
[REWARD] 执行前血条数: 6 -> 最终确认血条数: 0
[REWARD] 💤 AI 主动挂机等费用，只扣除微小时间惩罚 -0.01
[TemplateMatcher] battle_2star.png -> max conf: 0.485 (needs 0.75, optimal scale: 0.80x)
[TemplateMatcher] battle_0star.png -> max conf: 0.263 (needs 0.75, optimal scale: 0.80x)
[TemplateMatcher] pause_gear.png -> max conf: 0.908 (needs 0.5, optimal scale: 0.80x)

[STEP 60] 开始执行动作...
[TemplateMatcher] battle_3star.png -> max conf: 0.300 (needs 0.75, optimal scale: 1.05x)
[ACTION] AI决定: 选卡 4 -> 放入网格(1,1) -> 朝向 3
         坐标映射: 拖拽从(655,650)至(300,270) -> 方向滑动至(450,270)
[TemplateMatcher] battle_2star.png -> max conf: 0.487 (needs 0.75, optimal scale: 0.80x)
[TemplateMatcher] battle_0star.png -> max conf: 0.256 (needs 0.75, optimal scale: 0.85x)
[ACTION] ⛔ Fast-Fail! 目标网格(1,1)非绿色高亮(绿像素:0)。取消拖拽。
[TemplateMatcher] battle_3star.png -> max conf: 0.335 (needs 0.75, optimal scale: 0.85x)
[TemplateMatcher] battle_2star.png -> max conf: 0.401 (needs 0.75, optimal scale: 0.80x)
[REWARD] 执行前血条数: 6 -> 最终确认血条数: 0
[REWARD] ⛔ 非法区域/无费用，已被 CV 阻断。奖励 -0.5 (连续无作为: 1次)
[TemplateMatcher] battle_0star.png -> max conf: 0.273 (needs 0.75, optimal scale: 0.80x)
[TemplateMatcher] pause_gear.png -> max conf: 0.909 (needs 0.5, optimal scale: 0.80x)

[STEP 61] 开始执行动作...
[TemplateMatcher] battle_3star.png -> max conf: 0.301 (needs 0.75, optimal scale: 1.05x)
[TemplateMatcher] battle_2star.png -> max conf: 0.480 (needs 0.75, optimal scale: 0.85x)
[TemplateMatcher] battle_0star.png -> max conf: 0.254 (needs 0.75, optimal scale: 0.80x)
[ACTION] AI决定: 选卡 1 -> 放入网格(3,0) -> 朝向 1
         坐标映射: 拖拽从(385,650)至(500,190) -> 方向滑动至(500,340)
[ACTION] ⛔ Fast-Fail! 目标网格(3,0)非绿色高亮(绿像素:0)。取消拖拽。
[TemplateMatcher] battle_3star.png -> max conf: 0.310 (needs 0.75, optimal scale: 1.05x)
[TemplateMatcher] battle_2star.png -> max conf: 0.495 (needs 0.75, optimal scale: 0.80x)
[TemplateMatcher] battle_0star.png -> max conf: 0.255 (needs 0.75, optimal scale: 0.80x)
[REWARD] 执行前血条数: 6 -> 最终确认血条数: 0
[REWARD] ⛔ 非法区域/无费用，已被 CV 阻断。奖励 -0.5 (连续无作为: 2次)
[TemplateMatcher] pause_gear.png -> max conf: 0.908 (needs 0.5, optimal scale: 0.80x)

[STEP 62] 开始执行动作...
[TemplateMatcher] battle_3star.png -> max conf: 0.299 (needs 0.75, optimal scale: 0.85x)
[TemplateMatcher] battle_2star.png -> max conf: 0.486 (needs 0.75, optimal scale: 0.80x)
[TemplateMatcher] battle_0star.png -> max conf: 0.262 (needs 0.75, optimal scale: 0.90x)
[ACTION] AI决定: 选卡 3 -> 放入网格(5,3) -> 朝向 3
         坐标映射: 拖拽从(565,650)至(700,430) -> 方向滑动至(850,430)
[TemplateMatcher] battle_3star.png -> max conf: 0.317 (needs 0.75, optimal scale: 1.15x)
[ACTION] ✅ CV校验通过！网格(5,3)具有高亮绿色(像素:900)，准许拖拽。
[TemplateMatcher] battle_2star.png -> max conf: 0.284 (needs 0.75, optimal scale: 0.80x)
[TemplateMatcher] battle_0star.png -> max conf: 0.259 (needs 0.75, optimal scale: 0.80x)
[TemplateMatcher] battle_3star.png -> max conf: 0.306 (needs 0.75, optimal scale: 1.10x)
[TemplateMatcher] battle_2star.png -> max conf: 0.288 (needs 0.75, optimal scale: 0.80x)
[TemplateMatcher] battle_0star.png -> max conf: 0.247 (needs 0.75, optimal scale: 0.80x)
[REWARD] 动作已执行，开始 3 次心跳检测 (间隔 0.2s)...
[TemplateMatcher] battle_3star.png -> max conf: 0.306 (needs 0.75, optimal scale: 1.05x)
[TemplateMatcher] battle_2star.png -> max conf: 0.486 (needs 0.75, optimal scale: 0.80x)
[TemplateMatcher] battle_0star.png -> max conf: 0.260 (needs 0.75, optimal scale: 0.85x)
[REWARD] ✅ 第 1 次检测命中目标干员血条！
[REWARD] 执行前血条数: 6 -> 最终确认血条数: 7
[REWARD] ⚔️ 完美朝向！正对敌人 (角度: 7.8°)，巨额奖励 +8.0
[TemplateMatcher] battle_3star.png -> max conf: 0.298 (needs 0.75, optimal scale: 1.05x)
[TemplateMatcher] battle_2star.png -> max conf: 0.484 (needs 0.75, optimal scale: 0.80x)
[TemplateMatcher] battle_0star.png -> max conf: 0.266 (needs 0.75, optimal scale: 0.80x)
[TemplateMatcher] pause_gear.png -> max conf: 0.909 (needs 0.5, optimal scale: 0.80x)

[STEP 63] 开始执行动作...
[ACTION] AI决定: 选卡 3 -> 放入网格(1,2) -> 朝向 1
         坐标映射: 拖拽从(565,650)至(300,350) -> 方向滑动至(300,500)
[TemplateMatcher] battle_3star.png -> max conf: 0.302 (needs 0.75, optimal scale: 1.05x)
[TemplateMatcher] battle_2star.png -> max conf: 0.489 (needs 0.75, optimal scale: 0.80x)
[TemplateMatcher] battle_0star.png -> max conf: 0.252 (needs 0.75, optimal scale: 0.90x)
[ACTION] ✅ CV校验通过！网格(1,2)具有高亮绿色(像素:613)，准许拖拽。
[TemplateMatcher] battle_3star.png -> max conf: 0.303 (needs 0.75, optimal scale: 1.05x)
[TemplateMatcher] battle_2star.png -> max conf: 0.482 (needs 0.75, optimal scale: 0.80x)
[TemplateMatcher] battle_0star.png -> max conf: 0.261 (needs 0.75, optimal scale: 0.90x)
[REWARD] 动作已执行，开始 3 次心跳检测 (间隔 0.2s)...
[TemplateMatcher] battle_3star.png -> max conf: 0.290 (needs 0.75, optimal scale: 0.85x)
[TemplateMatcher] battle_2star.png -> max conf: 0.495 (needs 0.75, optimal scale: 0.80x)
[TemplateMatcher] battle_0star.png -> max conf: 0.254 (needs 0.75, optimal scale: 0.90x)
[REWARD] ❌ 第 1 次未检测到目标血条...
[TemplateMatcher] battle_3star.png -> max conf: 0.295 (needs 0.75, optimal scale: 1.05x)
[TemplateMatcher] battle_2star.png -> max conf: 0.489 (needs 0.75, optimal scale: 0.80x)
[TemplateMatcher] battle_0star.png -> max conf: 0.250 (needs 0.75, optimal scale: 0.80x)
[REWARD] ❌ 第 2 次未检测到目标血条...
[TemplateMatcher] battle_3star.png -> max conf: 0.291 (needs 0.75, optimal scale: 1.05x)
[REWARD] ❌ 第 3 次未检测到目标血条...
[REWARD] 执行前血条数: 7 -> 最终确认血条数: 6
[REWARD] 部署失败，计算前后帧 MSE (均方误差) = 589.50
[REWARD] 动作无效，但游戏仍在进行(画面有变化)。奖励 -0.2 (已清空无作为计数器)
[TemplateMatcher] battle_2star.png -> max conf: 0.496 (needs 0.75, optimal scale: 0.80x)
[TemplateMatcher] battle_0star.png -> max conf: 0.253 (needs 0.75, optimal scale: 0.90x)
[TemplateMatcher] pause_gear.png -> max conf: 0.908 (needs 0.5, optimal scale: 0.80x)

[STEP 64] 开始执行动作...
[TemplateMatcher] battle_3star.png -> max conf: 0.300 (needs 0.75, optimal scale: 0.85x)
[TemplateMatcher] battle_2star.png -> max conf: 0.494 (needs 0.75, optimal scale: 0.80x)
[TemplateMatcher] battle_0star.png -> max conf: 0.254 (needs 0.75, optimal scale: 0.90x)
[ACTION] AI决定: 选卡 3 -> 放入网格(3,2) -> 朝向 3
         坐标映射: 拖拽从(565,650)至(500,350) -> 方向滑动至(650,350)
[ACTION] ⛔ Fast-Fail! 目标网格(3,2)非绿色高亮(绿像素:0)。取消拖拽。
[TemplateMatcher] battle_3star.png -> max conf: 0.295 (needs 0.75, optimal scale: 1.05x)
[TemplateMatcher] battle_2star.png -> max conf: 0.485 (needs 0.75, optimal scale: 0.80x)
[TemplateMatcher] battle_0star.png -> max conf: 0.255 (needs 0.75, optimal scale: 0.80x)
[REWARD] 执行前血条数: 7 -> 最终确认血条数: 0
[REWARD] ⛔ 非法区域/无费用，已被 CV 阻断。奖励 -0.5 (连续无作为: 1次)
[TemplateMatcher] pause_gear.png -> max conf: 0.908 (needs 0.5, optimal scale: 0.80x)

[STEP 65] 开始执行动作...
[TemplateMatcher] battle_3star.png -> max conf: 0.304 (needs 0.75, optimal scale: 1.05x)
[TemplateMatcher] battle_2star.png -> max conf: 0.494 (needs 0.75, optimal scale: 0.80x)
[TemplateMatcher] battle_0star.png -> max conf: 0.253 (needs 0.75, optimal scale: 0.90x)
[ACTION] AI决定: 选卡 6 -> 放入网格(0,4) -> 朝向 1
         坐标映射: 拖拽从(835,650)至(200,510) -> 方向滑动至(200,660)
[ACTION] ⛔ Fast-Fail! 目标网格(0,4)非绿色高亮(绿像素:0)。取消拖拽。
[TemplateMatcher] battle_3star.png -> max conf: 0.346 (needs 0.75, optimal scale: 0.80x)
[TemplateMatcher] battle_2star.png -> max conf: 0.488 (needs 0.75, optimal scale: 0.80x)
[TemplateMatcher] battle_0star.png -> max conf: 0.274 (needs 0.75, optimal scale: 0.80x)
[REWARD] 执行前血条数: 7 -> 最终确认血条数: 0
[REWARD] ⛔ 非法区域/无费用，已被 CV 阻断。奖励 -0.5 (连续无作为: 2次)
[TemplateMatcher] pause_gear.png -> max conf: 0.908 (needs 0.5, optimal scale: 0.80x)

[STEP 66] 开始执行动作...
[TemplateMatcher] battle_3star.png -> max conf: 0.294 (needs 0.75, optimal scale: 1.05x)
[TemplateMatcher] battle_2star.png -> max conf: 0.490 (needs 0.75, optimal scale: 0.80x)
[TemplateMatcher] battle_0star.png -> max conf: 0.251 (needs 0.75, optimal scale: 0.85x)
[ACTION] AI决定: 选卡 6 -> 放入网格(4,0) -> 朝向 0
         坐标映射: 拖拽从(835,650)至(600,190) -> 方向滑动至(600,40)
[TemplateMatcher] battle_3star.png -> max conf: 0.346 (needs 0.75, optimal scale: 0.80x)
[TemplateMatcher] battle_2star.png -> max conf: 0.489 (needs 0.75, optimal scale: 0.80x)
[ACTION] ✅ CV校验通过！网格(4,0)具有高亮绿色(像素:132)，准许拖拽。
[TemplateMatcher] battle_0star.png -> max conf: 0.274 (needs 0.75, optimal scale: 0.80x)
[TemplateMatcher] battle_3star.png -> max conf: 0.349 (needs 0.75, optimal scale: 0.90x)
[TemplateMatcher] battle_2star.png -> max conf: 0.401 (needs 0.75, optimal scale: 0.80x)
[TemplateMatcher] battle_0star.png -> max conf: 0.273 (needs 0.75, optimal scale: 0.85x)
[REWARD] 动作已执行，开始 3 次心跳检测 (间隔 0.2s)...
[TemplateMatcher] battle_3star.png -> max conf: 0.333 (needs 0.75, optimal scale: 0.90x)
[TemplateMatcher] battle_2star.png -> max conf: 0.412 (needs 0.75, optimal scale: 0.80x)
[TemplateMatcher] battle_0star.png -> max conf: 0.249 (needs 0.75, optimal scale: 0.80x)
[REWARD] ❌ 第 1 次未检测到目标血条...
[TemplateMatcher] battle_3star.png -> max conf: 0.323 (needs 0.75, optimal scale: 0.90x)
[TemplateMatcher] battle_2star.png -> max conf: 0.381 (needs 0.75, optimal scale: 0.80x)
[TemplateMatcher] battle_0star.png -> max conf: 0.254 (needs 0.75, optimal scale: 0.90x)
[REWARD] ❌ 第 2 次未检测到目标血条...
[TemplateMatcher] battle_3star.png -> max conf: 0.284 (needs 0.75, optimal scale: 0.80x)
[TemplateMatcher] battle_2star.png -> max conf: 0.426 (needs 0.75, optimal scale: 1.00x)
[TemplateMatcher] battle_0star.png -> max conf: 0.256 (needs 0.75, optimal scale: 0.90x)
[REWARD] ❌ 第 3 次未检测到目标血条...
[REWARD] 执行前血条数: 7 -> 最终确认血条数: 8
[REWARD] 部署失败，计算前后帧 MSE (均方误差) = 349.39
[REWARD] 动作无效，但游戏仍在进行(画面有变化)。奖励 -0.2 (已清空无作为计数器)
[TemplateMatcher] pause_gear.png -> max conf: 0.908 (needs 0.5, optimal scale: 0.80x)

[STEP 67] 开始执行动作...
[TemplateMatcher] battle_3star.png -> max conf: 0.309 (needs 0.75, optimal scale: 0.85x)
[TemplateMatcher] battle_2star.png -> max conf: 0.517 (needs 0.75, optimal scale: 0.80x)
[TemplateMatcher] battle_0star.png -> max conf: 0.250 (needs 0.75, optimal scale: 0.85x)
[ACTION] AI决定: 选卡 1 -> 放入网格(0,2) -> 朝向 0
         坐标映射: 拖拽从(385,650)至(200,350) -> 方向滑动至(200,200)
[ACTION] ⛔ Fast-Fail! 目标网格(0,2)非绿色高亮(绿像素:0)。取消拖拽。[TemplateMatcher] battle_3star.png -> max conf: 0.329 (needs 0.75, optimal scale: 0.80x)

[TemplateMatcher] battle_2star.png -> max conf: 0.485 (needs 0.75, optimal scale: 0.90x)
[TemplateMatcher] battle_0star.png -> max conf: 0.247 (needs 0.75, optimal scale: 0.85x)
[REWARD] 执行前血条数: 8 -> 最终确认血条数: 0
[REWARD] ⛔ 非法区域/无费用，已被 CV 阻断。奖励 -0.5 (连续无作为: 1次)
[TemplateMatcher] pause_gear.png -> max conf: 0.908 (needs 0.5, optimal scale: 0.80x)

[STEP 68] 开始执行动作...
[TemplateMatcher] battle_3star.png -> max conf: 0.303 (needs 0.75, optimal scale: 1.05x)
[TemplateMatcher] battle_2star.png -> max conf: 0.491 (needs 0.75, optimal scale: 0.80x)
[TemplateMatcher] battle_0star.png -> max conf: 0.242 (needs 0.75, optimal scale: 0.80x)
[ACTION] AI决定: 选卡 2 -> 放入网格(5,1) -> 朝向 1
         坐标映射: 拖拽从(475,650)至(700,270) -> 方向滑动至(700,420)
[TemplateMatcher] battle_3star.png -> max conf: 0.306 (needs 0.75, optimal scale: 1.05x)
[ACTION] ⛔ Fast-Fail! 目标网格(5,1)非绿色高亮(绿像素:11)。取消拖拽。
[TemplateMatcher] battle_2star.png -> max conf: 0.492 (needs 0.75, optimal scale: 0.80x)
[TemplateMatcher] battle_0star.png -> max conf: 0.255 (needs 0.75, optimal scale: 0.85x)
[REWARD] 执行前血条数: 7 -> 最终确认血条数: 0
[REWARD] ⛔ 非法区域/无费用，已被 CV 阻断。奖励 -0.5 (连续无作为: 2次)
[TemplateMatcher] pause_gear.png -> max conf: 0.908 (needs 0.5, optimal scale: 0.80x)

[STEP 69] 开始执行动作...
[TemplateMatcher] battle_3star.png -> max conf: 0.302 (needs 0.75, optimal scale: 1.05x)
[TemplateMatcher] battle_2star.png -> max conf: 0.483 (needs 0.75, optimal scale: 0.80x)
[TemplateMatcher] battle_0star.png -> max conf: 0.251 (needs 0.75, optimal scale: 0.90x)
[ACTION] AI决定: 选卡 5 -> 放入网格(0,1) -> 朝向 2
         坐标映射: 拖拽从(745,650)至(200,270) -> 方向滑动至(50,270)
[TemplateMatcher] battle_3star.png -> max conf: 0.345 (needs 0.75, optimal scale: 0.80x)
[TemplateMatcher] battle_2star.png -> max conf: 0.364 (needs 0.75, optimal scale: 0.85x)
[ACTION] ⛔ Fast-Fail! 目标网格(0,1)非绿色高亮(绿像素:0)。取消拖拽。
[TemplateMatcher] battle_0star.png -> max conf: 0.265 (needs 0.75, optimal scale: 0.90x)
[REWARD] 执行前血条数: 7 -> 最终确认血条数: 0
[REWARD] ⛔ 非法区域/无费用，已被 CV 阻断。奖励 -0.5 (连续无作为: 3次)
[TemplateMatcher] battle_3star.png -> max conf: 0.299 (needs 0.75, optimal scale: 0.85x)
[TemplateMatcher] battle_2star.png -> max conf: 0.486 (needs 0.75, optimal scale: 0.80x)
[TemplateMatcher] pause_gear.png -> max conf: 0.908 (needs 0.5, optimal scale: 0.80x)

[STEP 70] 开始执行动作...
[TemplateMatcher] battle_0star.png -> max conf: 0.257 (needs 0.75, optimal scale: 0.90x)
[ACTION] AI决定: 选卡 6 -> 放入网格(4,4) -> 朝向 0
         坐标映射: 拖拽从(835,650)至(600,510) -> 方向滑动至(600,360)
[TemplateMatcher] battle_3star.png -> max conf: 0.346 (needs 0.75, optimal scale: 0.80x)
[TemplateMatcher] battle_2star.png -> max conf: 0.487 (needs 0.75, optimal scale: 0.80x)
[TemplateMatcher] battle_0star.png -> max conf: 0.274 (needs 0.75, optimal scale: 0.80x)
[ACTION] ⛔ Fast-Fail! 目标网格(4,4)非绿色高亮(绿像素:0)。取消拖拽。
[REWARD] 执行前血条数: 7 -> 最终确认血条数: 0
[REWARD] ⛔ 非法区域/无费用，已被 CV 阻断。奖励 -0.5 (连续无作为: 4次)
[TemplateMatcher] battle_3star.png -> max conf: 0.296 (needs 0.75, optimal scale: 0.85x)
[TemplateMatcher] battle_2star.png -> max conf: 0.491 (needs 0.75, optimal scale: 0.80x)
[TemplateMatcher] battle_0star.png -> max conf: 0.263 (needs 0.75, optimal scale: 0.80x)
[TemplateMatcher] pause_gear.png -> max conf: 0.908 (needs 0.5, optimal scale: 0.80x)

[STEP 71] 开始执行动作...
[ACTION] AI决定: 选卡 8 -> 放入网格(4,1) -> 朝向 2
         坐标映射: 拖拽从(1015,650)至(600,270) -> 方向滑动至(450,270)
[TemplateMatcher] battle_3star.png -> max conf: 0.305 (needs 0.75, optimal scale: 0.85x)
[TemplateMatcher] battle_2star.png -> max conf: 0.460 (needs 0.75, optimal scale: 0.80x)
[TemplateMatcher] battle_0star.png -> max conf: 0.258 (needs 0.75, optimal scale: 0.85x)
[ACTION] ✅ CV校验通过！网格(4,1)具有高亮绿色(像素:900)，准许拖拽。
[TemplateMatcher] battle_3star.png -> max conf: 0.326 (needs 0.75, optimal scale: 1.15x)
[TemplateMatcher] battle_2star.png -> max conf: 0.510 (needs 0.75, optimal scale: 0.80x)
[TemplateMatcher] battle_0star.png -> max conf: 0.242 (needs 0.75, optimal scale: 1.10x)
[REWARD] 动作已执行，开始 3 次心跳检测 (间隔 0.2s)...
[TemplateMatcher] battle_3star.png -> max conf: 0.272 (needs 0.75, optimal scale: 0.90x)
[TemplateMatcher] battle_2star.png -> max conf: 0.407 (needs 0.75, optimal scale: 0.80x)
[TemplateMatcher] battle_0star.png -> max conf: 0.248 (needs 0.75, optimal scale: 0.85x)
[REWARD] ✅ 第 1 次检测命中目标干员血条！
[REWARD] 执行前血条数: 7 -> 最终确认血条数: 8
[REWARD] 🎯 完美落子！部署点靠近敌人 (距离: 77.5)，奖励 +2.0
[REWARD] 🛡️ 背对敌人！(角度: 310.2°)，严厉惩罚 -3.0
[TemplateMatcher] battle_3star.png -> max conf: 0.301 (needs 0.75, optimal scale: 1.05x)
[TemplateMatcher] battle_2star.png -> max conf: 0.487 (needs 0.75, optimal scale: 0.80x)
[TemplateMatcher] battle_0star.png -> max conf: 0.262 (needs 0.75, optimal scale: 0.90x)
[TemplateMatcher] pause_gear.png -> max conf: 0.908 (needs 0.5, optimal scale: 0.80x)

[STEP 72] 开始执行动作...
[ACTION] AI决定: 💤 挂机 (Skip / Wait for Cost)
[TemplateMatcher] battle_3star.png -> max conf: 0.306 (needs 0.75, optimal scale: 1.05x)
[TemplateMatcher] battle_2star.png -> max conf: 0.479 (needs 0.75, optimal scale: 0.80x)
[TemplateMatcher] battle_0star.png -> max conf: 0.255 (needs 0.75, optimal scale: 0.90x)
[TemplateMatcher] battle_3star.png -> max conf: 0.305 (needs 0.75, optimal scale: 1.05x)
[TemplateMatcher] battle_2star.png -> max conf: 0.477 (needs 0.75, optimal scale: 0.80x)
[TemplateMatcher] battle_0star.png -> max conf: 0.260 (needs 0.75, optimal scale: 0.90x)
[TemplateMatcher] battle_3star.png -> max conf: 0.291 (needs 0.75, optimal scale: 0.85x)
[TemplateMatcher] battle_2star.png -> max conf: 0.492 (needs 0.75, optimal scale: 0.80x)
[TemplateMatcher] battle_0star.png -> max conf: 0.253 (needs 0.75, optimal scale: 0.90x)
[TemplateMatcher] battle_3star.png -> max conf: 0.298 (needs 0.75, optimal scale: 1.05x)
[TemplateMatcher] battle_2star.png -> max conf: 0.487 (needs 0.75, optimal scale: 0.80x)
[TemplateMatcher] battle_0star.png -> max conf: 0.254 (needs 0.75, optimal scale: 0.90x)
[REWARD] 执行前血条数: 8 -> 最终确认血条数: 0
[REWARD] 💤 AI 主动挂机等费用，只扣除微小时间惩罚 -0.01
[TemplateMatcher] pause_gear.png -> max conf: 0.908 (needs 0.5, optimal scale: 0.80x)

[STEP 73] 开始执行动作...
[TemplateMatcher] battle_3star.png -> max conf: 0.299 (needs 0.75, optimal scale: 1.05x)
[TemplateMatcher] battle_2star.png -> max conf: 0.487 (needs 0.75, optimal scale: 0.80x)
[TemplateMatcher] battle_0star.png -> max conf: 0.254 (needs 0.75, optimal scale: 0.90x)
[ACTION] AI决定: 选卡 5 -> 放入网格(6,0) -> 朝向 0
         坐标映射: 拖拽从(745,650)至(800,190) -> 方向滑动至(800,40)
[TemplateMatcher] battle_3star.png -> max conf: 0.312 (needs 0.75, optimal scale: 0.95x)
[TemplateMatcher] battle_2star.png -> max conf: 0.467 (needs 0.75, optimal scale: 1.10x)
[ACTION] ✅ CV校验通过！网格(6,0)具有高亮绿色(像素:37)，准许拖拽。
[TemplateMatcher] battle_0star.png -> max conf: 0.281 (needs 0.75, optimal scale: 0.80x)
[TemplateMatcher] battle_3star.png -> max conf: 0.319 (needs 0.75, optimal scale: 0.90x)
[TemplateMatcher] battle_2star.png -> max conf: 0.501 (needs 0.75, optimal scale: 0.80x)
[TemplateMatcher] battle_0star.png -> max conf: 0.252 (needs 0.75, optimal scale: 0.85x)
[REWARD] 动作已执行，开始 3 次心跳检测 (间隔 0.2s)...
[TemplateMatcher] battle_3star.png -> max conf: 0.320 (needs 0.75, optimal scale: 0.90x)
[TemplateMatcher] battle_2star.png -> max conf: 0.500 (needs 0.75, optimal scale: 0.80x)
[TemplateMatcher] battle_0star.png -> max conf: 0.252 (needs 0.75, optimal scale: 0.85x)
[REWARD] ✅ 第 1 次检测命中目标干员血条！
[REWARD] 执行前血条数: 8 -> 最终确认血条数: 9
[REWARD] 🛡️ 背对敌人！(角度: 63.3°)，严厉惩罚 -3.0
[TemplateMatcher] battle_3star.png -> max conf: 0.293 (needs 0.75, optimal scale: 1.05x)
[TemplateMatcher] battle_2star.png -> max conf: 0.495 (needs 0.75, optimal scale: 0.80x)
[TemplateMatcher] battle_0star.png -> max conf: 0.253 (needs 0.75, optimal scale: 0.90x)
[TemplateMatcher] pause_gear.png -> max conf: 0.908 (needs 0.5, optimal scale: 0.80x)

[STEP 74] 开始执行动作...
[ACTION] AI决定: 选卡 7 -> 放入网格(3,3) -> 朝向 3
         坐标映射: 拖拽从(925,650)至(500,430) -> 方向滑动至(650,430)
[TemplateMatcher] battle_3star.png -> max conf: 0.355 (needs 0.75, optimal scale: 0.80x)
[TemplateMatcher] battle_2star.png -> max conf: 0.319 (needs 0.75, optimal scale: 0.80x)
[TemplateMatcher] battle_0star.png -> max conf: 0.284 (needs 0.75, optimal scale: 0.80x)
[ACTION] ⛔ Fast-Fail! 目标网格(3,3)非绿色高亮(绿像素:0)。取消拖拽。
[REWARD] 执行前血条数: 10 -> 最终确认血条数: 0
[REWARD] ⛔ 非法区域/无费用，已被 CV 阻断。奖励 -0.5 (连续无作为: 1次)
[TemplateMatcher] battle_3star.png -> max conf: 0.300 (needs 0.75, optimal scale: 0.85x)
[TemplateMatcher] battle_2star.png -> max conf: 0.462 (needs 0.75, optimal scale: 0.85x)
[TemplateMatcher] battle_0star.png -> max conf: 0.258 (needs 0.75, optimal scale: 0.90x)
[TemplateMatcher] pause_gear.png -> max conf: 0.907 (needs 0.5, optimal scale: 0.80x)

[STEP 75] 开始执行动作...
[ACTION] AI决定: 选卡 8 -> 放入网格(8,3) -> 朝向 2
         坐标映射: 拖拽从(1015,650)至(1000,430) -> 方向滑动至(850,430)
[TemplateMatcher] battle_3star.png -> max conf: 0.286 (needs 0.75, optimal scale: 0.80x)
[TemplateMatcher] battle_2star.png -> max conf: 0.401 (needs 0.75, optimal scale: 0.80x)
[TemplateMatcher] battle_0star.png -> max conf: 0.260 (needs 0.75, optimal scale: 0.85x)
[ACTION] ✅ CV校验通过！网格(8,3)具有高亮绿色(像素:852)，准许拖拽。
[TemplateMatcher] battle_3star.png -> max conf: 0.346 (needs 0.75, optimal scale: 0.80x)
[TemplateMatcher] battle_2star.png -> max conf: 0.487 (needs 0.75, optimal scale: 0.80x)
[TemplateMatcher] battle_0star.png -> max conf: 0.274 (needs 0.75, optimal scale: 0.80x)
[REWARD] 动作已执行，开始 3 次心跳检测 (间隔 0.2s)...
[TemplateMatcher] battle_3star.png -> max conf: 0.346 (needs 0.75, optimal scale: 0.80x)
[TemplateMatcher] battle_2star.png -> max conf: 0.488 (needs 0.75, optimal scale: 0.80x)
[TemplateMatcher] battle_0star.png -> max conf: 0.274 (needs 0.75, optimal scale: 0.80x)
[REWARD] ✅ 第 1 次检测命中目标干员血条！
[REWARD] 执行前血条数: 10 -> 最终确认血条数: 11
[REWARD] 🎯 完美落子！部署点靠近敌人 (距离: 179.5)，奖励 +2.0
[REWARD] 🛡️ 背对敌人！(角度: 124.2°)，严厉惩罚 -3.0
[TemplateMatcher] battle_3star.png -> max conf: 0.295 (needs 0.75, optimal scale: 0.80x)
[TemplateMatcher] battle_2star.png -> max conf: 0.441 (needs 0.75, optimal scale: 1.00x)
[TemplateMatcher] battle_0star.png -> max conf: 0.262 (needs 0.75, optimal scale: 0.80x)
[TemplateMatcher] pause_gear.png -> max conf: 0.907 (needs 0.5, optimal scale: 0.80x)

[STEP 76] 开始执行动作...
[ACTION] AI决定: 选卡 0 -> 放入网格(3,1) -> 朝向 1
         坐标映射: 拖拽从(295,650)至(500,270) -> 方向滑动至(500,420)
[TemplateMatcher] battle_3star.png -> max conf: 0.294 (needs 0.75, optimal scale: 0.85x)
[TemplateMatcher] battle_2star.png -> max conf: 0.445 (needs 0.75, optimal scale: 1.00x)
[TemplateMatcher] battle_0star.png -> max conf: 0.262 (needs 0.75, optimal scale: 0.80x)
[ACTION] ⛔ Fast-Fail! 目标网格(3,1)非绿色高亮(绿像素:0)。取消拖拽。
[REWARD] 执行前血条数: 11 -> 最终确认血条数: 0
[REWARD] ⛔ 非法区域/无费用，已被 CV 阻断。奖励 -0.5 (连续无作为: 1次)
[TemplateMatcher] battle_3star.png -> max conf: 0.293 (needs 0.75, optimal scale: 0.85x)
[TemplateMatcher] battle_2star.png -> max conf: 0.446 (needs 0.75, optimal scale: 1.00x)
[TemplateMatcher] battle_0star.png -> max conf: 0.262 (needs 0.75, optimal scale: 0.80x)
[TemplateMatcher] pause_gear.png -> max conf: 0.908 (needs 0.5, optimal scale: 0.80x)

[STEP 77] 开始执行动作...
[ACTION] AI决定: 选卡 2 -> 放入网格(2,3) -> 朝向 0
         坐标映射: 拖拽从(475,650)至(400,430) -> 方向滑动至(400,280)
[TemplateMatcher] battle_3star.png -> max conf: 0.293 (needs 0.75, optimal scale: 0.85x)
[TemplateMatcher] battle_2star.png -> max conf: 0.443 (needs 0.75, optimal scale: 1.00x)
[TemplateMatcher] battle_0star.png -> max conf: 0.262 (needs 0.75, optimal scale: 0.80x)
[ACTION] ⛔ Fast-Fail! 目标网格(2,3)非绿色高亮(绿像素:0)。取消拖拽。
[REWARD] 执行前血条数: 13 -> 最终确认血条数: 0
[REWARD] ⛔ 非法区域/无费用，已被 CV 阻断。奖励 -0.5 (连续无作为: 2次)
[TemplateMatcher] battle_3star.png -> max conf: 0.293 (needs 0.75, optimal scale: 0.85x)
[TemplateMatcher] battle_2star.png -> max conf: 0.442 (needs 0.75, optimal scale: 1.00x)
[TemplateMatcher] battle_0star.png -> max conf: 0.262 (needs 0.75, optimal scale: 0.80x)
[TemplateMatcher] pause_gear.png -> max conf: 0.908 (needs 0.5, optimal scale: 0.80x)

[STEP 78] 开始执行动作...
[ACTION] AI决定: 选卡 0 -> 放入网格(4,1) -> 朝向 2
         坐标映射: 拖拽从(295,650)至(600,270) -> 方向滑动至(450,270)
[TemplateMatcher] battle_3star.png -> max conf: 0.292 (needs 0.75, optimal scale: 0.80x)
[TemplateMatcher] battle_2star.png -> max conf: 0.442 (needs 0.75, optimal scale: 1.00x)
[TemplateMatcher] battle_0star.png -> max conf: 0.262 (needs 0.75, optimal scale: 0.80x)
[ACTION] ⛔ Fast-Fail! 目标网格(4,1)非绿色高亮(绿像素:0)。取消拖拽。
[REWARD] 执行前血条数: 12 -> 最终确认血条数: 0
[REWARD] ⛔ 非法区域/无费用，已被 CV 阻断。奖励 -0.5 (连续无作为: 3次)
[TemplateMatcher] battle_3star.png -> max conf: 0.297 (needs 0.75, optimal scale: 0.80x)
[TemplateMatcher] battle_2star.png -> max conf: 0.442 (needs 0.75, optimal scale: 1.00x)
[TemplateMatcher] battle_0star.png -> max conf: 0.261 (needs 0.75, optimal scale: 0.80x)
[TemplateMatcher] pause_gear.png -> max conf: 0.908 (needs 0.5, optimal scale: 0.80x)

[STEP 79] 开始执行动作...
[TemplateMatcher] battle_3star.png -> max conf: 0.299 (needs 0.75, optimal scale: 0.80x)
[ACTION] AI决定: 选卡 6 -> 放入网格(0,2) -> 朝向 2
         坐标映射: 拖拽从(835,650)至(200,350) -> 方向滑动至(50,350)
[TemplateMatcher] battle_2star.png -> max conf: 0.443 (needs 0.75, optimal scale: 1.00x)
[TemplateMatcher] battle_0star.png -> max conf: 0.261 (needs 0.75, optimal scale: 0.80x)
[ACTION] ✅ CV校验通过！网格(0,2)具有高亮绿色(像素:76)，准许拖拽。
[TemplateMatcher] battle_3star.png -> max conf: 0.345 (needs 0.75, optimal scale: 0.80x)
[TemplateMatcher] battle_2star.png -> max conf: 0.355 (needs 0.75, optimal scale: 0.80x)
[TemplateMatcher] battle_0star.png -> max conf: 0.265 (needs 0.75, optimal scale: 0.90x)
[REWARD] 动作已执行，开始 3 次心跳检测 (间隔 0.2s)...
[TemplateMatcher] battle_3star.png -> max conf: 0.345 (needs 0.75, optimal scale: 0.80x)
[TemplateMatcher] battle_2star.png -> max conf: 0.355 (needs 0.75, optimal scale: 0.80x)
[TemplateMatcher] battle_0star.png -> max conf: 0.265 (needs 0.75, optimal scale: 0.90x)
[REWARD] ❌ 第 1 次未检测到目标血条...
[TemplateMatcher] battle_3star.png -> max conf: 0.345 (needs 0.75, optimal scale: 0.80x)
[TemplateMatcher] battle_2star.png -> max conf: 0.354 (needs 0.75, optimal scale: 0.80x)
[TemplateMatcher] battle_0star.png -> max conf: 0.265 (needs 0.75, optimal scale: 0.90x)
[TemplateMatcher] battle_3star.png -> max conf: 0.345 (needs 0.75, optimal scale: 0.80x)
[TemplateMatcher] battle_2star.png -> max conf: 0.355 (needs 0.75, optimal scale: 0.80x)
[TemplateMatcher] battle_0star.png -> max conf: 0.265 (needs 0.75, optimal scale: 0.90x)
[REWARD] ❌ 第 2 次未检测到目标血条...
[REWARD] ❌ 第 3 次未检测到目标血条...
[REWARD] 执行前血条数: 12 -> 最终确认血条数: 10
[REWARD] 部署失败，计算前后帧 MSE (均方误差) = 1800.89
[REWARD] 动作无效，但游戏仍在进行(画面有变化)。奖励 -0.2 (已清空无作为计数器)
[TemplateMatcher] battle_3star.png -> max conf: 0.345 (needs 0.75, optimal scale: 0.80x)
[TemplateMatcher] battle_2star.png -> max conf: 0.354 (needs 0.75, optimal scale: 0.80x)
[TemplateMatcher] battle_0star.png -> max conf: 0.265 (needs 0.75, optimal scale: 0.90x)
[TemplateMatcher] pause_gear.png -> max conf: 0.908 (needs 0.5, optimal scale: 0.80x)

[STEP 80] 开始执行动作...
[ACTION] AI决定: 选卡 4 -> 放入网格(1,0) -> 朝向 3
         坐标映射: 拖拽从(655,650)至(300,190) -> 方向滑动至(450,190)
[TemplateMatcher] battle_3star.png -> max conf: 0.345 (needs 0.75, optimal scale: 0.80x)
[TemplateMatcher] battle_2star.png -> max conf: 0.354 (needs 0.75, optimal scale: 0.80x)
[TemplateMatcher] battle_0star.png -> max conf: 0.265 (needs 0.75, optimal scale: 0.90x)
[ACTION] ⛔ Fast-Fail! 目标网格(1,0)非绿色高亮(绿像素:0)。取消拖拽。
[REWARD] 执行前血条数: 13 -> 最终确认血条数: 0
[REWARD] ⛔ 非法区域/无费用，已被 CV 阻断。奖励 -0.5 (连续无作为: 1次)
[TemplateMatcher] battle_3star.png -> max conf: 0.300 (needs 0.75, optimal scale: 0.85x)
[TemplateMatcher] battle_2star.png -> max conf: 0.484 (needs 0.75, optimal scale: 0.80x)
[TemplateMatcher] battle_0star.png -> max conf: 0.254 (needs 0.75, optimal scale: 0.90x)
[TemplateMatcher] pause_gear.png -> max conf: 0.908 (needs 0.5, optimal scale: 0.80x)

[STEP 81] 开始执行动作...
[ACTION] AI决定: 💤 挂机 (Skip / Wait for Cost)
[TemplateMatcher] battle_3star.png -> max conf: 0.299 (needs 0.75, optimal scale: 1.05x)
[TemplateMatcher] battle_2star.png -> max conf: 0.487 (needs 0.75, optimal scale: 0.80x)
[TemplateMatcher] battle_0star.png -> max conf: 0.254 (needs 0.75, optimal scale: 0.90x)
[TemplateMatcher] battle_3star.png -> max conf: 0.334 (needs 0.75, optimal scale: 1.10x)
[TemplateMatcher] battle_2star.png -> max conf: 0.482 (needs 0.75, optimal scale: 0.80x)
[TemplateMatcher] battle_0star.png -> max conf: 0.259 (needs 0.75, optimal scale: 0.90x)
[TemplateMatcher] battle_3star.png -> max conf: 0.294 (needs 0.75, optimal scale: 0.85x)
[TemplateMatcher] battle_2star.png -> max conf: 0.488 (needs 0.75, optimal scale: 0.80x)
[TemplateMatcher] battle_0star.png -> max conf: 0.254 (needs 0.75, optimal scale: 0.90x)
[TemplateMatcher] battle_3star.png -> max conf: 0.316 (needs 0.75, optimal scale: 1.10x)
[TemplateMatcher] battle_2star.png -> max conf: 0.486 (needs 0.75, optimal scale: 0.80x)
[TemplateMatcher] battle_0star.png -> max conf: 0.254 (needs 0.75, optimal scale: 0.90x)
[REWARD] 执行前血条数: 9 -> 最终确认血条数: 0
[REWARD] 💤 AI 主动挂机等费用，只扣除微小时间惩罚 -0.01
[TemplateMatcher] pause_gear.png -> max conf: 0.908 (needs 0.5, optimal scale: 0.80x)

[STEP 82] 开始执行动作...
[TemplateMatcher] battle_3star.png -> max conf: 0.288 (needs 0.75, optimal scale: 0.85x)
[TemplateMatcher] battle_2star.png -> max conf: 0.488 (needs 0.75, optimal scale: 0.85x)
[TemplateMatcher] battle_0star.png -> max conf: 0.249 (needs 0.75, optimal scale: 0.85x)
[ACTION] AI决定: 选卡 2 -> 放入网格(4,4) -> 朝向 1
         坐标映射: 拖拽从(475,650)至(600,510) -> 方向滑动至(600,660)
[TemplateMatcher] battle_3star.png -> max conf: 0.310 (needs 0.75, optimal scale: 1.10x)
[TemplateMatcher] battle_2star.png -> max conf: 0.489 (needs 0.75, optimal scale: 0.80x)
[ACTION] ⛔ Fast-Fail! 目标网格(4,4)非绿色高亮(绿像素:0)。取消拖拽。
[TemplateMatcher] battle_0star.png -> max conf: 0.256 (needs 0.75, optimal scale: 0.90x)
[REWARD] 执行前血条数: 9 -> 最终确认血条数: 0
[REWARD] ⛔ 非法区域/无费用，已被 CV 阻断。奖励 -0.5 (连续无作为: 1次)
[TemplateMatcher] battle_3star.png -> max conf: 0.305 (needs 0.75, optimal scale: 0.85x)
[TemplateMatcher] pause_gear.png -> max conf: 0.908 (needs 0.5, optimal scale: 0.80x)

[STEP 83] 开始执行动作...
[TemplateMatcher] battle_2star.png -> max conf: 0.479 (needs 0.75, optimal scale: 0.80x)
[TemplateMatcher] battle_0star.png -> max conf: 0.255 (needs 0.75, optimal scale: 0.90x)
[ACTION] AI决定: 选卡 9 -> 放入网格(2,3) -> 朝向 2
         坐标映射: 拖拽从(1105,650)至(400,430) -> 方向滑动至(250,430)
[TemplateMatcher] battle_3star.png -> max conf: 0.384 (needs 0.75, optimal scale: 0.80x)
[TemplateMatcher] battle_2star.png -> max conf: 0.478 (needs 0.75, optimal scale: 1.00x)
[TemplateMatcher] battle_0star.png -> max conf: 0.298 (needs 0.75, optimal scale: 0.80x)
[ACTION] ⛔ Fast-Fail! 目标网格(2,3)非绿色高亮(绿像素:0)。取消拖拽。
[REWARD] 执行前血条数: 9 -> 最终确认血条数: 0
[REWARD] ⛔ 非法区域/无费用，已被 CV 阻断。奖励 -0.5 (连续无作为: 2次)
[TemplateMatcher] battle_3star.png -> max conf: 0.299 (needs 0.75, optimal scale: 1.05x)
[TemplateMatcher] battle_2star.png -> max conf: 0.490 (needs 0.75, optimal scale: 0.80x)
[TemplateMatcher] pause_gear.png -> max conf: 0.908 (needs 0.5, optimal scale: 0.80x)

[STEP 84] 开始执行动作...[TemplateMatcher] battle_0star.png -> max conf: 0.245 (needs 0.75, optimal scale: 0.90x)

[ACTION] AI决定: 选卡 8 -> 放入网格(7,3) -> 朝向 1
         坐标映射: 拖拽从(1015,650)至(900,430) -> 方向滑动至(900,580)
[TemplateMatcher] battle_3star.png -> max conf: 0.346 (needs 0.75, optimal scale: 0.80x)
[TemplateMatcher] battle_2star.png -> max conf: 0.488 (needs 0.75, optimal scale: 0.80x)
[TemplateMatcher] battle_0star.png -> max conf: 0.274 (needs 0.75, optimal scale: 0.80x)
[ACTION] ✅ CV校验通过！网格(7,3)具有高亮绿色(像素:502)，准许拖拽。
[TemplateMatcher] battle_3star.png -> max conf: 0.346 (needs 0.75, optimal scale: 0.80x)
[TemplateMatcher] battle_2star.png -> max conf: 0.490 (needs 0.75, optimal scale: 0.80x)
[TemplateMatcher] battle_0star.png -> max conf: 0.274 (needs 0.75, optimal scale: 0.80x)
[REWARD] 动作已执行，开始 3 次心跳检测 (间隔 0.2s)...
[TemplateMatcher] battle_3star.png -> max conf: 0.346 (needs 0.75, optimal scale: 0.80x)
[TemplateMatcher] battle_2star.png -> max conf: 0.488 (needs 0.75, optimal scale: 0.80x)
[TemplateMatcher] battle_0star.png -> max conf: 0.274 (needs 0.75, optimal scale: 0.80x)
[REWARD] ❌ 第 1 次未检测到目标血条...
[TemplateMatcher] battle_3star.png -> max conf: 0.308 (needs 0.75, optimal scale: 1.05x)
[TemplateMatcher] battle_2star.png -> max conf: 0.475 (needs 0.75, optimal scale: 0.85x)
[TemplateMatcher] battle_0star.png -> max conf: 0.261 (needs 0.75, optimal scale: 0.85x)
[REWARD] ❌ 第 2 次未检测到目标血条...
[TemplateMatcher] battle_3star.png -> max conf: 0.300 (needs 0.75, optimal scale: 1.05x)
[TemplateMatcher] battle_2star.png -> max conf: 0.490 (needs 0.75, optimal scale: 0.80x)
[TemplateMatcher] battle_0star.png -> max conf: 0.253 (needs 0.75, optimal scale: 0.90x)
[REWARD] ❌ 第 3 次未检测到目标血条...
[REWARD] 执行前血条数: 9 -> 最终确认血条数: 9
[REWARD] 部署失败，计算前后帧 MSE (均方误差) = 258.01
[REWARD] 画面未发生明显变化(非法部署)。奖励 -0.5 (连续无作为: 3次)
[TemplateMatcher] pause_gear.png -> max conf: 0.908 (needs 0.5, optimal scale: 0.80x)

[STEP 85] 开始执行动作...
[TemplateMatcher] battle_3star.png -> max conf: 0.300 (needs 0.75, optimal scale: 1.05x)
[TemplateMatcher] battle_2star.png -> max conf: 0.488 (needs 0.75, optimal scale: 0.80x)
[TemplateMatcher] battle_0star.png -> max conf: 0.257 (needs 0.75, optimal scale: 0.90x)
[ACTION] AI决定: 选卡 7 -> 放入网格(1,4) -> 朝向 1
         坐标映射: 拖拽从(925,650)至(300,510) -> 方向滑动至(300,660)
[ACTION] ⛔ Fast-Fail! 目标网格(1,4)非绿色高亮(绿像素:0)。取消拖拽。
[TemplateMatcher] battle_3star.png -> max conf: 0.346 (needs 0.75, optimal scale: 0.80x)
[TemplateMatcher] battle_2star.png -> max conf: 0.487 (needs 0.75, optimal scale: 0.80x)
[TemplateMatcher] battle_0star.png -> max conf: 0.274 (needs 0.75, optimal scale: 0.80x)
[REWARD] 执行前血条数: 10 -> 最终确认血条数: 0
[REWARD] ⛔ 非法区域/无费用，已被 CV 阻断。奖励 -0.5 (连续无作为: 4次)
[TemplateMatcher] pause_gear.png -> max conf: 0.908 (needs 0.5, optimal scale: 0.80x)

[STEP 86] 开始执行动作...
[TemplateMatcher] battle_3star.png -> max conf: 0.297 (needs 0.75, optimal scale: 0.85x)
[TemplateMatcher] battle_2star.png -> max conf: 0.487 (needs 0.75, optimal scale: 0.80x)
[TemplateMatcher] battle_0star.png -> max conf: 0.255 (needs 0.75, optimal scale: 0.90x)
[ACTION] AI决定: 选卡 3 -> 放入网格(9,0) -> 朝向 2
         坐标映射: 拖拽从(565,650)至(1100,190) -> 方向滑动至(950,190)
[TemplateMatcher] battle_3star.png -> max conf: 0.296 (needs 0.75, optimal scale: 1.05x)
[TemplateMatcher] battle_2star.png -> max conf: 0.493 (needs 0.75, optimal scale: 0.80x)
[ACTION] ⛔ Fast-Fail! 目标网格(9,0)非绿色高亮(绿像素:0)。取消拖拽。
[TemplateMatcher] battle_0star.png -> max conf: 0.258 (needs 0.75, optimal scale: 0.80x)
[REWARD] 执行前血条数: 10 -> 最终确认血条数: 0
[REWARD] ⛔ 非法区域/无费用，已被 CV 阻断。奖励 -0.5 (连续无作为: 5次)
[TemplateMatcher] battle_3star.png -> max conf: 0.298 (needs 0.75, optimal scale: 1.05x)[TemplateMatcher] pause_gear.png -> max conf: 0.908 (needs 0.5, optimal scale: 0.80x)

[TemplateMatcher] battle_2star.png -> max conf: 0.487 (needs 0.75, optimal scale: 0.80x)

[STEP 87] 开始执行动作...
[TemplateMatcher] battle_0star.png -> max conf: 0.254 (needs 0.75, optimal scale: 0.90x)
[ACTION] AI决定: 💤 挂机 (Skip / Wait for Cost)
[TemplateMatcher] battle_3star.png -> max conf: 0.307 (needs 0.75, optimal scale: 1.05x)
[TemplateMatcher] battle_2star.png -> max conf: 0.481 (needs 0.75, optimal scale: 0.85x)
[TemplateMatcher] battle_0star.png -> max conf: 0.257 (needs 0.75, optimal scale: 0.90x)
[TemplateMatcher] battle_3star.png -> max conf: 0.300 (needs 0.75, optimal scale: 1.05x)
[TemplateMatcher] battle_2star.png -> max conf: 0.486 (needs 0.75, optimal scale: 0.80x)
[TemplateMatcher] battle_0star.png -> max conf: 0.260 (needs 0.75, optimal scale: 0.90x)
[TemplateMatcher] battle_3star.png -> max conf: 0.299 (needs 0.75, optimal scale: 1.05x)
[TemplateMatcher] battle_2star.png -> max conf: 0.484 (needs 0.75, optimal scale: 0.80x)
[TemplateMatcher] battle_0star.png -> max conf: 0.252 (needs 0.75, optimal scale: 0.90x)
[TemplateMatcher] battle_3star.png -> max conf: 0.386 (needs 0.75, optimal scale: 1.05x)
[TemplateMatcher] battle_2star.png -> max conf: 0.485 (needs 0.75, optimal scale: 0.80x)
[TemplateMatcher] battle_0star.png -> max conf: 0.299 (needs 0.75, optimal scale: 0.85x)
[REWARD] 执行前血条数: 10 -> 最终确认血条数: 0
[REWARD] 💤 AI 主动挂机等费用，只扣除微小时间惩罚 -0.01
[TemplateMatcher] pause_gear.png -> max conf: 0.892 (needs 0.5, optimal scale: 0.80x)

[STEP 88] 开始执行动作...
[TemplateMatcher] battle_3star.png -> max conf: 0.346 (needs 0.75, optimal scale: 1.10x)
[TemplateMatcher] battle_2star.png -> max conf: 0.487 (needs 0.75, optimal scale: 0.80x)
[TemplateMatcher] battle_0star.png -> max conf: 0.297 (needs 0.75, optimal scale: 0.85x)
[ACTION] AI决定: 选卡 8 -> 放入网格(6,1) -> 朝向 1
         坐标映射: 拖拽从(1015,650)至(800,270) -> 方向滑动至(800,420)
[TemplateMatcher] battle_3star.png -> max conf: 0.346 (needs 0.75, optimal scale: 0.80x)
[TemplateMatcher] battle_2star.png -> max conf: 0.488 (needs 0.75, optimal scale: 0.80x)
[TemplateMatcher] battle_0star.png -> max conf: 0.274 (needs 0.75, optimal scale: 0.80x)
[ACTION] ✅ CV校验通过！网格(6,1)具有高亮绿色(像素:77)，准许拖拽。
[TemplateMatcher] battle_3star.png -> max conf: 0.000 (needs 0.75, optimal scale: 0.80x)
[TemplateMatcher] battle_2star.png -> max conf: 0.000 (needs 0.75, optimal scale: 0.80x)
[TemplateMatcher] battle_0star.png -> max conf: 0.000 (needs 0.75, optimal scale: 0.80x)
[REWARD] 动作已执行，开始 3 次心跳检测 (间隔 0.2s)...
[TemplateMatcher] battle_3star.png -> max conf: 0.000 (needs 0.75, optimal scale: 0.80x)
[TemplateMatcher] battle_2star.png -> max conf: 0.000 (needs 0.75, optimal scale: 0.80x)
[TemplateMatcher] battle_0star.png -> max conf: 0.000 (needs 0.75, optimal scale: 0.80x)
[REWARD] ❌ 第 1 次未检测到目标血条...
[TemplateMatcher] battle_3star.png -> max conf: 0.000 (needs 0.75, optimal scale: 0.80x)
[TemplateMatcher] battle_2star.png -> max conf: 0.000 (needs 0.75, optimal scale: 0.80x)
[TemplateMatcher] battle_0star.png -> max conf: 0.000 (needs 0.75, optimal scale: 0.80x)
[REWARD] ❌ 第 2 次未检测到目标血条...
[TemplateMatcher] battle_3star.png -> max conf: 0.000 (needs 0.75, optimal scale: 0.80x)
[TemplateMatcher] battle_2star.png -> max conf: 0.000 (needs 0.75, optimal scale: 0.80x)
[TemplateMatcher] battle_0star.png -> max conf: 0.000 (needs 0.75, optimal scale: 0.80x)
[REWARD] ❌ 第 3 次未检测到目标血条...
[REWARD] 执行前血条数: 2 -> 最终确认血条数: 0
[REWARD] 部署失败，计算前后帧 MSE (均方误差) = 9040.16
[REWARD] 动作无效，但游戏仍在进行(画面有变化)。奖励 -0.2 (已清空无作为计数器)
[ENV] 🚨 优先级 2 触发：画面剧变 (MSE=9040.16 > 8000)，判定为转场/断线，结束回合！

================= 回合结束，开始自动重启关卡 =================
[TemplateMatcher] pause_gear.png -> max conf: 0.000 (needs 0.7, optimal scale: 0.80x)
[DEBUG] 未匹配 [pause_gear] (要求阈值 0.7)
[TemplateMatcher] start_action.png -> max conf: 0.000 (needs 0.45, optimal scale: 0.80x)
[DEBUG] 未匹配 [start_action] (要求阈值 0.45)
[TemplateMatcher] practice.png -> max conf: 0.000 (needs 0.5, optimal scale: 0.80x)
[DEBUG] 未匹配 [practice] (要求阈值 0.5)
[TemplateMatcher] stage_1_7.png -> max conf: 0.000 (needs 0.5, optimal scale: 0.80x)
[DEBUG] 未匹配 [stage_1_7] (要求阈值 0.5)
[RESET] 尝试跳过动画/寻找入口... (尝试 1/100)
[TemplateMatcher] battle_3star.png -> max conf: 0.000 (needs 0.75, optimal scale: 0.80x)
[TemplateMatcher] battle_2star.png -> max conf: 0.000 (needs 0.75, optimal scale: 0.80x)
[TemplateMatcher] battle_0star.png -> max conf: 0.000 (needs 0.75, optimal scale: 0.80x)
[TemplateMatcher] battle_3star.png -> max conf: 0.000 (needs 0.75, optimal scale: 0.80x)
[TemplateMatcher] battle_2star.png -> max conf: 0.000 (needs 0.75, optimal scale: 0.80x)
[TemplateMatcher] battle_0star.png -> max conf: 0.000 (needs 0.75, optimal scale: 0.80x)
[TemplateMatcher] battle_3star.png -> max conf: 0.000 (needs 0.75, optimal scale: 0.80x)
[TemplateMatcher] battle_2star.png -> max conf: 0.000 (needs 0.75, optimal scale: 0.80x)
[TemplateMatcher] battle_0star.png -> max conf: 0.000 (needs 0.75, optimal scale: 0.80x)
[TemplateMatcher] pause_gear.png -> max conf: 0.000 (needs 0.7, optimal scale: 0.80x)
[DEBUG] 未匹配 [pause_gear] (要求阈值 0.7)
[TemplateMatcher] start_action.png -> max conf: 0.000 (needs 0.45, optimal scale: 0.80x)
[DEBUG] 未匹配 [start_action] (要求阈值 0.45)
[TemplateMatcher] practice.png -> max conf: 0.000 (needs 0.5, optimal scale: 0.80x)
[DEBUG] 未匹配 [practice] (要求阈值 0.5)
[TemplateMatcher] stage_1_7.png -> max conf: 0.000 (needs 0.5, optimal scale: 0.80x)
[DEBUG] 未匹配 [stage_1_7] (要求阈值 0.5)
[RESET] 尝试跳过动画/寻找入口... (尝试 2/100)
[TemplateMatcher] battle_3star.png -> max conf: 0.260 (needs 0.75, optimal scale: 0.80x)
[TemplateMatcher] battle_2star.png -> max conf: 0.294 (needs 0.75, optimal scale: 0.80x)
[TemplateMatcher] battle_0star.png -> max conf: 0.258 (needs 0.75, optimal scale: 0.80x)
[TemplateMatcher] battle_3star.png -> max conf: 0.260 (needs 0.75, optimal scale: 0.80x)
[TemplateMatcher] battle_2star.png -> max conf: 0.294 (needs 0.75, optimal scale: 0.80x)
[TemplateMatcher] battle_0star.png -> max conf: 0.258 (needs 0.75, optimal scale: 0.80x)
[TemplateMatcher] battle_3star.png -> max conf: 0.260 (needs 0.75, optimal scale: 0.80x)
[TemplateMatcher] battle_2star.png -> max conf: 0.294 (needs 0.75, optimal scale: 0.80x)
[TemplateMatcher] battle_0star.png -> max conf: 0.258 (needs 0.75, optimal scale: 0.80x)
[TemplateMatcher] pause_gear.png -> max conf: 0.447 (needs 0.7, optimal scale: 0.80x)
[DEBUG] 未匹配 [pause_gear] (要求阈值 0.7)
[TemplateMatcher] start_action.png -> max conf: 0.093 (needs 0.45, optimal scale: 0.80x)
[DEBUG] 未匹配 [start_action] (要求阈值 0.45)
[TemplateMatcher] practice.png -> max conf: 0.587 (needs 0.5, optimal scale: 1.10x)
[RESET] 找到 [practice] (置信度 0.59 >= 0.5)，点击 (849, 673)
[RESET] 点击演习按钮
[TemplateMatcher] battle_3star.png -> max conf: 0.260 (needs 0.75, optimal scale: 0.80x)
[TemplateMatcher] battle_2star.png -> max conf: 0.294 (needs 0.75, optimal scale: 0.80x)
[TemplateMatcher] battle_0star.png -> max conf: 0.258 (needs 0.75, optimal scale: 0.80x)
[TemplateMatcher] battle_3star.png -> max conf: 0.260 (needs 0.75, optimal scale: 0.80x)
[TemplateMatcher] battle_2star.png -> max conf: 0.294 (needs 0.75, optimal scale: 0.80x)
[TemplateMatcher] battle_0star.png -> max conf: 0.258 (needs 0.75, optimal scale: 0.80x)
[TemplateMatcher] battle_3star.png -> max conf: 0.260 (needs 0.75, optimal scale: 0.80x)
[TemplateMatcher] battle_2star.png -> max conf: 0.294 (needs 0.75, optimal scale: 0.80x)
[TemplateMatcher] battle_0star.png -> max conf: 0.258 (needs 0.75, optimal scale: 0.80x)
[TemplateMatcher] pause_gear.png -> max conf: 0.447 (needs 0.7, optimal scale: 0.80x)
[DEBUG] 未匹配 [pause_gear] (要求阈值 0.7)
[TemplateMatcher] start_action.png -> max conf: 0.093 (needs 0.45, optimal scale: 0.80x)
[DEBUG] 未匹配 [start_action] (要求阈值 0.45)
[TemplateMatcher] practice.png -> max conf: 0.587 (needs 0.5, optimal scale: 1.10x)
[RESET] 找到 [practice] (置信度 0.59 >= 0.5)，点击 (849, 673)
[RESET] 点击演习按钮
[TemplateMatcher] battle_3star.png -> max conf: 0.260 (needs 0.75, optimal scale: 0.80x)
[TemplateMatcher] battle_2star.png -> max conf: 0.294 (needs 0.75, optimal scale: 0.80x)
[TemplateMatcher] battle_0star.png -> max conf: 0.258 (needs 0.75, optimal scale: 0.80x)
[TemplateMatcher] battle_3star.png -> max conf: 0.243 (needs 0.75, optimal scale: 0.80x)
[TemplateMatcher] battle_2star.png -> max conf: 0.453 (needs 0.75, optimal scale: 0.95x)
[TemplateMatcher] battle_0star.png -> max conf: 0.281 (needs 0.75, optimal scale: 0.85x)
[TemplateMatcher] battle_3star.png -> max conf: 0.243 (needs 0.75, optimal scale: 0.80x)
[TemplateMatcher] battle_2star.png -> max conf: 0.453 (needs 0.75, optimal scale: 0.95x)
[TemplateMatcher] battle_0star.png -> max conf: 0.281 (needs 0.75, optimal scale: 0.85x)
[TemplateMatcher] battle_3star.png -> max conf: 0.243 (needs 0.75, optimal scale: 0.80x)
[TemplateMatcher] battle_2star.png -> max conf: 0.453 (needs 0.75, optimal scale: 0.95x)
[TemplateMatcher] battle_0star.png -> max conf: 0.281 (needs 0.75, optimal scale: 0.85x)
[TemplateMatcher] pause_gear.png -> max conf: 0.490 (needs 0.7, optimal scale: 0.80x)
[DEBUG] 未匹配 [pause_gear] (要求阈值 0.7)
[TemplateMatcher] start_action.png -> max conf: -0.034 (needs 0.45, optimal scale: 0.80x)
[DEBUG] 未匹配 [start_action] (要求阈值 0.45)
[TemplateMatcher] practice.png -> max conf: 0.522 (needs 0.5, optimal scale: 0.80x)
[RESET] 找到 [practice] (置信度 0.52 >= 0.5)，点击 (533, 603)
[RESET] 点击演习按钮
[TemplateMatcher] battle_3star.png -> max conf: 0.243 (needs 0.75, optimal scale: 0.80x)
[TemplateMatcher] battle_2star.png -> max conf: 0.453 (needs 0.75, optimal scale: 0.95x)
[TemplateMatcher] battle_0star.png -> max conf: 0.281 (needs 0.75, optimal scale: 0.85x)
[TemplateMatcher] battle_3star.png -> max conf: 0.243 (needs 0.75, optimal scale: 0.80x)
[TemplateMatcher] battle_2star.png -> max conf: 0.453 (needs 0.75, optimal scale: 0.95x)
[TemplateMatcher] battle_0star.png -> max conf: 0.281 (needs 0.75, optimal scale: 0.85x)
[TemplateMatcher] battle_3star.png -> max conf: 0.243 (needs 0.75, optimal scale: 0.80x)
[TemplateMatcher] battle_2star.png -> max conf: 0.453 (needs 0.75, optimal scale: 0.95x)
[TemplateMatcher] battle_0star.png -> max conf: 0.281 (needs 0.75, optimal scale: 0.85x)
[TemplateMatcher] pause_gear.png -> max conf: 0.490 (needs 0.7, optimal scale: 0.80x)
[DEBUG] 未匹配 [pause_gear] (要求阈值 0.7)
[TemplateMatcher] start_action.png -> max conf: -0.034 (needs 0.45, optimal scale: 0.80x)
[DEBUG] 未匹配 [start_action] (要求阈值 0.45)
[TemplateMatcher] practice.png -> max conf: 0.522 (needs 0.5, optimal scale: 0.80x)
[RESET] 找到 [practice] (置信度 0.52 >= 0.5)，点击 (533, 603)
[RESET] 点击演习按钮
[TemplateMatcher] battle_3star.png -> max conf: 0.243 (needs 0.75, optimal scale: 0.80x)
[TemplateMatcher] battle_2star.png -> max conf: 0.453 (needs 0.75, optimal scale: 0.95x)
[TemplateMatcher] battle_0star.png -> max conf: 0.281 (needs 0.75, optimal scale: 0.85x)
[TemplateMatcher] battle_3star.png -> max conf: 0.243 (needs 0.75, optimal scale: 0.80x)
[TemplateMatcher] battle_2star.png -> max conf: 0.453 (needs 0.75, optimal scale: 0.95x)
[TemplateMatcher] battle_0star.png -> max conf: 0.281 (needs 0.75, optimal scale: 0.85x)
[TemplateMatcher] battle_3star.png -> max conf: 0.243 (needs 0.75, optimal scale: 0.80x)
[TemplateMatcher] battle_2star.png -> max conf: 0.453 (needs 0.75, optimal scale: 0.95x)
[TemplateMatcher] battle_0star.png -> max conf: 0.281 (needs 0.75, optimal scale: 0.85x)
[TemplateMatcher] battle_3star.png -> max conf: 0.243 (needs 0.75, optimal scale: 0.80x)
[TemplateMatcher] battle_2star.png -> max conf: 0.453 (needs 0.75, optimal scale: 0.95x)
[TemplateMatcher] battle_0star.png -> max conf: 0.281 (needs 0.75, optimal scale: 0.85x)
[TemplateMatcher] pause_gear.png -> max conf: 0.490 (needs 0.7, optimal scale: 0.80x)
[DEBUG] 未匹配 [pause_gear] (要求阈值 0.7)
[TemplateMatcher] start_action.png -> max conf: -0.034 (needs 0.45, optimal scale: 0.80x)
[DEBUG] 未匹配 [start_action] (要求阈值 0.45)
[TemplateMatcher] practice.png -> max conf: 0.522 (needs 0.5, optimal scale: 0.80x)
[RESET] 找到 [practice] (置信度 0.52 >= 0.5)，点击 (533, 603)
[RESET] 点击演习按钮
[TemplateMatcher] battle_3star.png -> max conf: 0.311 (needs 0.75, optimal scale: 0.80x)
[TemplateMatcher] battle_2star.png -> max conf: 0.370 (needs 0.75, optimal scale: 0.80x)
[TemplateMatcher] battle_0star.png -> max conf: 0.235 (needs 0.75, optimal scale: 0.90x)
[TemplateMatcher] battle_3star.png -> max conf: 0.311 (needs 0.75, optimal scale: 0.80x)
[TemplateMatcher] battle_2star.png -> max conf: 0.370 (needs 0.75, optimal scale: 0.80x)
[TemplateMatcher] battle_0star.png -> max conf: 0.235 (needs 0.75, optimal scale: 1.20x)
[TemplateMatcher] battle_3star.png -> max conf: 0.311 (needs 0.75, optimal scale: 0.80x)
[TemplateMatcher] battle_2star.png -> max conf: 0.370 (needs 0.75, optimal scale: 0.80x)
[TemplateMatcher] battle_0star.png -> max conf: 0.230 (needs 0.75, optimal scale: 1.20x)
[TemplateMatcher] pause_gear.png -> max conf: 0.473 (needs 0.7, optimal scale: 0.90x)
[DEBUG] 未匹配 [pause_gear] (要求阈值 0.7)
[TemplateMatcher] start_action.png -> max conf: 0.037 (needs 0.45, optimal scale: 0.80x)
[DEBUG] 未匹配 [start_action] (要求阈值 0.45)
[TemplateMatcher] practice.png -> max conf: 0.489 (needs 0.5, optimal scale: 0.85x)
[DEBUG] 未匹配 [practice] (要求阈值 0.5)
[TemplateMatcher] stage_1_7.png -> max conf: 0.712 (needs 0.5, optimal scale: 0.80x)
[RESET] 找到 [stage_1_7] (置信度 0.71 >= 0.5)，点击 (638, 224)
[RESET] 点击关卡 1-7 图标
[TemplateMatcher] battle_3star.png -> max conf: 0.309 (needs 0.75, optimal scale: 0.80x)
[TemplateMatcher] battle_2star.png -> max conf: 0.370 (needs 0.75, optimal scale: 0.80x)
[TemplateMatcher] battle_0star.png -> max conf: 0.233 (needs 0.75, optimal scale: 1.20x)
[TemplateMatcher] battle_3star.png -> max conf: 0.322 (needs 0.75, optimal scale: 0.80x)
[TemplateMatcher] battle_2star.png -> max conf: 0.431 (needs 0.75, optimal scale: 0.80x)
[TemplateMatcher] battle_0star.png -> max conf: 0.260 (needs 0.75, optimal scale: 0.95x)
[TemplateMatcher] battle_3star.png -> max conf: 0.325 (needs 0.75, optimal scale: 0.80x)
[TemplateMatcher] battle_2star.png -> max conf: 0.431 (needs 0.75, optimal scale: 0.80x)
[TemplateMatcher] battle_0star.png -> max conf: 0.260 (needs 0.75, optimal scale: 0.95x)
[TemplateMatcher] battle_3star.png -> max conf: 0.322 (needs 0.75, optimal scale: 0.80x)
[TemplateMatcher] battle_2star.png -> max conf: 0.431 (needs 0.75, optimal scale: 0.80x)
[TemplateMatcher] battle_0star.png -> max conf: 0.260 (needs 0.75, optimal scale: 0.95x)
[TemplateMatcher] pause_gear.png -> max conf: 0.612 (needs 0.7, optimal scale: 1.10x)
[DEBUG] 未匹配 [pause_gear] (要求阈值 0.7)
[TemplateMatcher] start_action.png -> max conf: 0.100 (needs 0.45, optimal scale: 0.80x)
[DEBUG] 未匹配 [start_action] (要求阈值 0.45)
[TemplateMatcher] practice.png -> max conf: 0.687 (needs 0.5, optimal scale: 0.80x)
[RESET] 找到 [practice] (置信度 0.69 >= 0.5)，点击 (935, 660)
[RESET] 点击演习按钮
[TemplateMatcher] battle_3star.png -> max conf: 0.322 (needs 0.75, optimal scale: 0.80x)
[TemplateMatcher] battle_2star.png -> max conf: 0.431 (needs 0.75, optimal scale: 0.80x)
[TemplateMatcher] battle_0star.png -> max conf: 0.260 (needs 0.75, optimal scale: 0.95x)
[TemplateMatcher] battle_3star.png -> max conf: 0.507 (needs 0.75, optimal scale: 0.80x)
[TemplateMatcher] battle_2star.png -> max conf: 0.359 (needs 0.75, optimal scale: 0.95x)
[TemplateMatcher] battle_0star.png -> max conf: 0.239 (needs 0.75, optimal scale: 0.90x)
[TemplateMatcher] battle_3star.png -> max conf: 0.507 (needs 0.75, optimal scale: 0.80x)
[TemplateMatcher] battle_2star.png -> max conf: 0.359 (needs 0.75, optimal scale: 0.95x)
[TemplateMatcher] battle_0star.png -> max conf: 0.239 (needs 0.75, optimal scale: 0.90x)
[TemplateMatcher] pause_gear.png -> max conf: 0.470 (needs 0.7, optimal scale: 1.05x)
[DEBUG] 未匹配 [pause_gear] (要求阈值 0.7)
[TemplateMatcher] start_action.png -> max conf: 0.451 (needs 0.45, optimal scale: 0.80x)
[RESET] 找到 [start_action] (置信度 0.45 >= 0.45)，点击 (1101, 513)
[RESET] 点击开始行动，进入加载...
[TemplateMatcher] battle_3star.png -> max conf: 0.507 (needs 0.75, optimal scale: 0.80x)
[TemplateMatcher] battle_2star.png -> max conf: 0.359 (needs 0.75, optimal scale: 0.95x)
[TemplateMatcher] battle_0star.png -> max conf: 0.239 (needs 0.75, optimal scale: 0.90x)
[TemplateMatcher] battle_3star.png -> max conf: 0.507 (needs 0.75, optimal scale: 0.80x)
[TemplateMatcher] battle_2star.png -> max conf: 0.359 (needs 0.75, optimal scale: 0.95x)
[TemplateMatcher] battle_0star.png -> max conf: 0.239 (needs 0.75, optimal scale: 0.90x)
[TemplateMatcher] battle_3star.png -> max conf: 0.000 (needs 0.75, optimal scale: 0.80x)
[TemplateMatcher] battle_2star.png -> max conf: 0.000 (needs 0.75, optimal scale: 0.80x)
[TemplateMatcher] battle_0star.png -> max conf: 0.000 (needs 0.75, optimal scale: 0.80x)
[TemplateMatcher] battle_3star.png -> max conf: 0.000 (needs 0.75, optimal scale: 0.80x)
[TemplateMatcher] battle_2star.png -> max conf: 0.000 (needs 0.75, optimal scale: 0.80x)
[TemplateMatcher] battle_0star.png -> max conf: 0.000 (needs 0.75, optimal scale: 0.80x)
[TemplateMatcher] battle_3star.png -> max conf: 0.000 (needs 0.75, optimal scale: 0.80x)
[TemplateMatcher] battle_2star.png -> max conf: 0.000 (needs 0.75, optimal scale: 0.80x)
[TemplateMatcher] battle_0star.png -> max conf: 0.000 (needs 0.75, optimal scale: 0.80x)
[TemplateMatcher] battle_3star.png -> max conf: 0.000 (needs 0.75, optimal scale: 0.80x)
[TemplateMatcher] battle_2star.png -> max conf: 0.000 (needs 0.75, optimal scale: 0.80x)
[TemplateMatcher] battle_0star.png -> max conf: 0.000 (needs 0.75, optimal scale: 0.80x)
[TemplateMatcher] battle_3star.png -> max conf: 0.000 (needs 0.75, optimal scale: 0.80x)
[TemplateMatcher] battle_2star.png -> max conf: 0.000 (needs 0.75, optimal scale: 0.80x)
[TemplateMatcher] battle_0star.png -> max conf: 0.000 (needs 0.75, optimal scale: 0.80x)
[TemplateMatcher] battle_3star.png -> max conf: 0.000 (needs 0.75, optimal scale: 0.80x)
[TemplateMatcher] battle_2star.png -> max conf: 0.000 (needs 0.75, optimal scale: 0.80x)
[TemplateMatcher] battle_0star.png -> max conf: 0.000 (needs 0.75, optimal scale: 0.80x)
[TemplateMatcher] battle_3star.png -> max conf: 0.000 (needs 0.75, optimal scale: 0.80x)
[TemplateMatcher] battle_2star.png -> max conf: 0.000 (needs 0.75, optimal scale: 0.80x)
[TemplateMatcher] pause_gear.png -> max conf: 0.000 (needs 0.7, optimal scale: 0.80x)
[DEBUG] 未匹配 [pause_gear] (要求阈值 0.7)
[TemplateMatcher] battle_0star.png -> max conf: 0.000 (needs 0.75, optimal scale: 0.80x)
[TemplateMatcher] start_action.png -> max conf: 0.000 (needs 0.45, optimal scale: 0.80x)
[DEBUG] 未匹配 [start_action] (要求阈值 0.45)
[TemplateMatcher] practice.png -> max conf: 0.000 (needs 0.5, optimal scale: 0.80x)
[DEBUG] 未匹配 [practice] (要求阈值 0.5)
[TemplateMatcher] stage_1_7.png -> max conf: 0.000 (needs 0.5, optimal scale: 0.80x)
[DEBUG] 未匹配 [stage_1_7] (要求阈值 0.5)
[RESET] 尝试跳过动画/寻找入口... (尝试 11/100)
[TemplateMatcher] battle_3star.png -> max conf: 0.000 (needs 0.75, optimal scale: 0.80x)
[TemplateMatcher] battle_2star.png -> max conf: 0.000 (needs 0.75, optimal scale: 0.80x)
[TemplateMatcher] battle_0star.png -> max conf: 0.000 (needs 0.75, optimal scale: 0.80x)
[TemplateMatcher] battle_3star.png -> max conf: 0.000 (needs 0.75, optimal scale: 0.80x)
[TemplateMatcher] battle_2star.png -> max conf: 0.000 (needs 0.75, optimal scale: 0.80x)
[TemplateMatcher] battle_0star.png -> max conf: 0.000 (needs 0.75, optimal scale: 0.80x)
[TemplateMatcher] pause_gear.png -> max conf: 0.000 (needs 0.7, optimal scale: 0.80x)
[DEBUG] 未匹配 [pause_gear] (要求阈值 0.7)
[TemplateMatcher] battle_3star.png -> max conf: 0.000 (needs 0.75, optimal scale: 0.80x)
[TemplateMatcher] start_action.png -> max conf: 0.000 (needs 0.45, optimal scale: 0.80x)
[DEBUG] 未匹配 [start_action] (要求阈值 0.45)
[TemplateMatcher] battle_2star.png -> max conf: 0.000 (needs 0.75, optimal scale: 0.80x)
[TemplateMatcher] battle_0star.png -> max conf: 0.000 (needs 0.75, optimal scale: 0.80x)
[TemplateMatcher] practice.png -> max conf: 0.000 (needs 0.5, optimal scale: 0.80x)
[DEBUG] 未匹配 [practice] (要求阈值 0.5)
[TemplateMatcher] stage_1_7.png -> max conf: 0.000 (needs 0.5, optimal scale: 0.80x)
[DEBUG] 未匹配 [stage_1_7] (要求阈值 0.5)
[RESET] 尝试跳过动画/寻找入口... (尝试 12/100)
[TemplateMatcher] battle_3star.png -> max conf: 0.000 (needs 0.75, optimal scale: 0.80x)
[TemplateMatcher] battle_2star.png -> max conf: 0.000 (needs 0.75, optimal scale: 0.80x)
[TemplateMatcher] battle_0star.png -> max conf: 0.000 (needs 0.75, optimal scale: 0.80x)
[TemplateMatcher] battle_3star.png -> max conf: 0.000 (needs 0.75, optimal scale: 0.80x)
[TemplateMatcher] battle_2star.png -> max conf: 0.000 (needs 0.75, optimal scale: 0.80x)
[TemplateMatcher] battle_0star.png -> max conf: 0.000 (needs 0.75, optimal scale: 0.80x)
[TemplateMatcher] pause_gear.png -> max conf: 0.511 (needs 0.7, optimal scale: 1.20x)
[DEBUG] 未匹配 [pause_gear] (要求阈值 0.7)
[TemplateMatcher] start_action.png -> max conf: -0.063 (needs 0.45, optimal scale: 0.80x)
[DEBUG] 未匹配 [start_action] (要求阈值 0.45)
[TemplateMatcher] battle_3star.png -> max conf: 0.360 (needs 0.75, optimal scale: 0.80x)
[TemplateMatcher] practice.png -> max conf: 0.379 (needs 0.5, optimal scale: 0.90x)
[DEBUG] 未匹配 [practice] (要求阈值 0.5)
[TemplateMatcher] battle_2star.png -> max conf: 0.515 (needs 0.75, optimal scale: 0.90x)
[TemplateMatcher] battle_0star.png -> max conf: 0.314 (needs 0.75, optimal scale: 1.05x)
[TemplateMatcher] stage_1_7.png -> max conf: 0.411 (needs 0.5, optimal scale: 0.90x)
[DEBUG] 未匹配 [stage_1_7] (要求阈值 0.5)
[RESET] 尝试跳过动画/寻找入口... (尝试 13/100)
[TemplateMatcher] battle_3star.png -> max conf: 0.360 (needs 0.75, optimal scale: 0.80x)
[TemplateMatcher] battle_2star.png -> max conf: 0.515 (needs 0.75, optimal scale: 0.90x)
[TemplateMatcher] battle_0star.png -> max conf: 0.314 (needs 0.75, optimal scale: 1.05x)
[TemplateMatcher] battle_3star.png -> max conf: 0.360 (needs 0.75, optimal scale: 0.80x)
[TemplateMatcher] battle_2star.png -> max conf: 0.515 (needs 0.75, optimal scale: 0.90x)
[TemplateMatcher] battle_0star.png -> max conf: 0.314 (needs 0.75, optimal scale: 1.05x)
[TemplateMatcher] pause_gear.png -> max conf: 0.511 (needs 0.7, optimal scale: 1.20x)
[DEBUG] 未匹配 [pause_gear] (要求阈值 0.7)
[TemplateMatcher] start_action.png -> max conf: -0.063 (needs 0.45, optimal scale: 0.80x)
[DEBUG] 未匹配 [start_action] (要求阈值 0.45)
[TemplateMatcher] practice.png -> max conf: 0.379 (needs 0.5, optimal scale: 0.90x)
[DEBUG] 未匹配 [practice] (要求阈值 0.5)
[TemplateMatcher] battle_3star.png -> max conf: 0.360 (needs 0.75, optimal scale: 0.80x)
[TemplateMatcher] battle_2star.png -> max conf: 0.515 (needs 0.75, optimal scale: 0.90x)
[TemplateMatcher] battle_0star.png -> max conf: 0.314 (needs 0.75, optimal scale: 1.05x)
[TemplateMatcher] stage_1_7.png -> max conf: 0.411 (needs 0.5, optimal scale: 0.90x)
[DEBUG] 未匹配 [stage_1_7] (要求阈值 0.5)
[RESET] 尝试跳过动画/寻找入口... (尝试 14/100)
[TemplateMatcher] battle_3star.png -> max conf: 0.110 (needs 0.75, optimal scale: 0.80x)
[TemplateMatcher] battle_2star.png -> max conf: 0.031 (needs 0.75, optimal scale: 0.80x)
[TemplateMatcher] battle_0star.png -> max conf: 0.225 (needs 0.75, optimal scale: 1.05x)
[TemplateMatcher] battle_3star.png -> max conf: 0.115 (needs 0.75, optimal scale: 0.80x)
[TemplateMatcher] battle_2star.png -> max conf: -0.002 (needs 0.75, optimal scale: 0.80x)
[TemplateMatcher] battle_0star.png -> max conf: 0.222 (needs 0.75, optimal scale: 1.05x)
[TemplateMatcher] pause_gear.png -> max conf: 0.215 (needs 0.7, optimal scale: 1.20x)
[DEBUG] 未匹配 [pause_gear] (要求阈值 0.7)
[TemplateMatcher] start_action.png -> max conf: 0.224 (needs 0.45, optimal scale: 0.80x)
[DEBUG] 未匹配 [start_action] (要求阈值 0.45)
[TemplateMatcher] practice.png -> max conf: 0.373 (needs 0.5, optimal scale: 0.80x)
[DEBUG] 未匹配 [practice] (要求阈值 0.5)
[TemplateMatcher] battle_3star.png -> max conf: 0.115 (needs 0.75, optimal scale: 0.80x)
[TemplateMatcher] battle_2star.png -> max conf: -0.002 (needs 0.75, optimal scale: 0.80x)
[TemplateMatcher] stage_1_7.png -> max conf: 0.271 (needs 0.5, optimal scale: 0.80x)
[DEBUG] 未匹配 [stage_1_7] (要求阈值 0.5)
[RESET] 尝试跳过动画/寻找入口... (尝试 15/100)
[TemplateMatcher] battle_0star.png -> max conf: 0.222 (needs 0.75, optimal scale: 1.05x)
[TemplateMatcher] battle_3star.png -> max conf: 0.115 (needs 0.75, optimal scale: 0.80x)
[TemplateMatcher] battle_2star.png -> max conf: -0.002 (needs 0.75, optimal scale: 0.80x)
[TemplateMatcher] battle_0star.png -> max conf: 0.222 (needs 0.75, optimal scale: 1.05x)
[TemplateMatcher] battle_3star.png -> max conf: 0.112 (needs 0.75, optimal scale: 0.85x)
[TemplateMatcher] battle_2star.png -> max conf: 0.026 (needs 0.75, optimal scale: 0.80x)
[TemplateMatcher] battle_0star.png -> max conf: 0.219 (needs 0.75, optimal scale: 1.20x)
[TemplateMatcher] pause_gear.png -> max conf: 0.211 (needs 0.7, optimal scale: 1.05x)
[DEBUG] 未匹配 [pause_gear] (要求阈值 0.7)
[TemplateMatcher] start_action.png -> max conf: 0.202 (needs 0.45, optimal scale: 0.80x)
[DEBUG] 未匹配 [start_action] (要求阈值 0.45)
[TemplateMatcher] practice.png -> max conf: 0.297 (needs 0.5, optimal scale: 0.80x)
[DEBUG] 未匹配 [practice] (要求阈值 0.5)
[TemplateMatcher] stage_1_7.png -> max conf: 0.277 (needs 0.5, optimal scale: 0.85x)
[DEBUG] 未匹配 [stage_1_7] (要求阈值 0.5)
[RESET] 尝试跳过动画/寻找入口... (尝试 16/100)
[TemplateMatcher] battle_3star.png -> max conf: 0.112 (needs 0.75, optimal scale: 0.85x)
[TemplateMatcher] battle_2star.png -> max conf: 0.026 (needs 0.75, optimal scale: 0.80x)
[TemplateMatcher] battle_0star.png -> max conf: 0.219 (needs 0.75, optimal scale: 1.20x)
[TemplateMatcher] battle_3star.png -> max conf: 0.112 (needs 0.75, optimal scale: 0.85x)
[TemplateMatcher] battle_2star.png -> max conf: 0.026 (needs 0.75, optimal scale: 0.80x)
[TemplateMatcher] battle_0star.png -> max conf: 0.219 (needs 0.75, optimal scale: 1.20x)
[TemplateMatcher] battle_3star.png -> max conf: 0.302 (needs 0.75, optimal scale: 1.05x)
[TemplateMatcher] battle_2star.png -> max conf: 0.483 (needs 0.75, optimal scale: 0.80x)
[TemplateMatcher] battle_0star.png -> max conf: 0.257 (needs 0.75, optimal scale: 0.85x)
[TemplateMatcher] pause_gear.png -> max conf: 0.828 (needs 0.7, optimal scale: 0.80x)
[RESET] 找到 [pause_gear] (置信度 0.83 >= 0.7)，(仅检测，不点击)
[RESET] ✅ 检测到战斗画面右上角齿轮，重启成功！
[TemplateMatcher] battle_3star.png -> max conf: 0.298 (needs 0.75, optimal scale: 1.05x)
[TemplateMatcher] battle_2star.png -> max conf: 0.488 (needs 0.75, optimal scale: 0.80x)
[TemplateMatcher] battle_0star.png -> max conf: 0.253 (needs 0.75, optimal scale: 0.90x)
[TemplateMatcher] battle_3star.png -> max conf: 0.292 (needs 0.75, optimal scale: 0.85x)
[TemplateMatcher] battle_2star.png -> max conf: 0.489 (needs 0.75, optimal scale: 0.80x)
[TemplateMatcher] battle_0star.png -> max conf: 0.261 (needs 0.75, optimal scale: 0.90x)
[TemplateMatcher] battle_3star.png -> max conf: 0.301 (needs 0.75, optimal scale: 1.05x)
[TemplateMatcher] battle_2star.png -> max conf: 0.486 (needs 0.75, optimal scale: 0.80x)
[TemplateMatcher] battle_0star.png -> max conf: 0.257 (needs 0.75, optimal scale: 0.80x)
[TemplateMatcher] battle_3star.png -> max conf: 0.303 (needs 0.75, optimal scale: 1.05x)
[TemplateMatcher] battle_2star.png -> max conf: 0.478 (needs 0.75, optimal scale: 0.85x)
[TemplateMatcher] battle_0star.png -> max conf: 0.251 (needs 0.75, optimal scale: 0.80x)
[TemplateMatcher] battle_3star.png -> max conf: 0.292 (needs 0.75, optimal scale: 0.85x)
[TemplateMatcher] battle_2star.png -> max conf: 0.491 (needs 0.75, optimal scale: 0.80x)
[TemplateMatcher] battle_0star.png -> max conf: 0.253 (needs 0.75, optimal scale: 0.90x)
[TemplateMatcher] battle_3star.png -> max conf: 0.304 (needs 0.75, optimal scale: 1.05x)
[TemplateMatcher] battle_2star.png -> max conf: 0.483 (needs 0.75, optimal scale: 0.80x)
[TemplateMatcher] battle_0star.png -> max conf: 0.259 (needs 0.75, optimal scale: 0.90x)
================= 关卡重启流程结束 =================

--> [回合结束] 第 1 回合 | 奖励: 4.2 | 步数: 88

[STEP 1] 开始执行动作...
[TemplateMatcher] battle_3star.png -> max conf: 0.309 (needs 0.75, optimal scale: 1.05x)
[TemplateMatcher] battle_2star.png -> max conf: 0.479 (needs 0.75, optimal scale: 0.80x)
[TemplateMatcher] battle_0star.png -> max conf: 0.257 (needs 0.75, optimal scale: 0.90x)
[ACTION] AI决定: 💤 挂机 (Skip / Wait for Cost)
[TemplateMatcher] battle_3star.png -> max conf: 0.301 (needs 0.75, optimal scale: 0.90x)
[TemplateMatcher] battle_2star.png -> max conf: 0.490 (needs 0.75, optimal scale: 0.80x)
[TemplateMatcher] battle_0star.png -> max conf: 0.250 (needs 0.75, optimal scale: 0.80x)
[TemplateMatcher] battle_3star.png -> max conf: 0.294 (needs 0.75, optimal scale: 1.05x)
[TemplateMatcher] battle_2star.png -> max conf: 0.489 (needs 0.75, optimal scale: 0.80x)
[TemplateMatcher] battle_0star.png -> max conf: 0.250 (needs 0.75, optimal scale: 0.80x)
[TemplateMatcher] battle_3star.png -> max conf: 0.294 (needs 0.75, optimal scale: 0.85x)
[TemplateMatcher] battle_2star.png -> max conf: 0.492 (needs 0.75, optimal scale: 0.80x)
[TemplateMatcher] battle_0star.png -> max conf: 0.253 (needs 0.75, optimal scale: 0.90x)
[REWARD] 执行前血条数: 0 -> 最终确认血条数: 0
[REWARD] 💤 AI 主动挂机等费用，只扣除微小时间惩罚 -0.01
[TemplateMatcher] battle_3star.png -> max conf: 0.289 (needs 0.75, optimal scale: 1.05x)
[TemplateMatcher] battle_2star.png -> max conf: 0.486 (needs 0.75, optimal scale: 0.80x)
[TemplateMatcher] battle_0star.png -> max conf: 0.249 (needs 0.75, optimal scale: 0.90x)
[TemplateMatcher] pause_gear.png -> max conf: 0.908 (needs 0.5, optimal scale: 0.80x)

[STEP 2] 开始执行动作...
[ACTION] AI决定: 选卡 8 -> 放入网格(1,4) -> 朝向 0
         坐标映射: 拖拽从(1015,650)至(300,510) -> 方向滑动至(300,360)
[TemplateMatcher] battle_3star.png -> max conf: 0.306 (needs 0.75, optimal scale: 1.05x)
[TemplateMatcher] battle_2star.png -> max conf: 0.469 (needs 0.75, optimal scale: 0.80x)
[TemplateMatcher] battle_0star.png -> max conf: 0.254 (needs 0.75, optimal scale: 0.90x)
[ACTION] ⛔ Fast-Fail! 目标网格(1,4)非绿色高亮(绿像素:0)。取消拖拽。
[REWARD] 执行前血条数: 0 -> 最终确认血条数: 0
[REWARD] ⛔ 非法区域/无费用，已被 CV 阻断。奖励 -0.5 (连续无作为: 1次)
[TemplateMatcher] battle_3star.png -> max conf: 0.303 (needs 0.75, optimal scale: 1.05x)
[TemplateMatcher] battle_2star.png -> max conf: 0.487 (needs 0.75, optimal scale: 0.80x)
[TemplateMatcher] battle_0star.png -> max conf: 0.255 (needs 0.75, optimal scale: 0.90x)
[TemplateMatcher] pause_gear.png -> max conf: 0.908 (needs 0.5, optimal scale: 0.80x)

[STEP 3] 开始执行动作...
[TemplateMatcher] battle_3star.png -> max conf: 0.310 (needs 0.75, optimal scale: 1.05x)
[ACTION] AI决定: 选卡 8 -> 放入网格(0,0) -> 朝向 0
         坐标映射: 拖拽从(1015,650)至(200,190) -> 方向滑动至(200,40)
[TemplateMatcher] battle_2star.png -> max conf: 0.481 (needs 0.75, optimal scale: 0.85x)
[TemplateMatcher] battle_0star.png -> max conf: 0.260 (needs 0.75, optimal scale: 0.85x)
[ACTION] ⛔ Fast-Fail! 目标网格(0,0)非绿色高亮(绿像素:0)。取消拖拽。
[TemplateMatcher] battle_3star.png -> max conf: 0.330 (needs 0.75, optimal scale: 0.90x)
[TemplateMatcher] battle_2star.png -> max conf: 0.498 (needs 0.75, optimal scale: 0.80x)
[REWARD] 执行前血条数: 0 -> 最终确认血条数: 0[TemplateMatcher] battle_0star.png -> max conf: 0.305 (needs 0.75, optimal scale: 0.90x)
[REWARD] ⛔ 非法区域/无费用，已被 CV 阻断。奖励 -0.5 (连续无作为: 2次)

[TemplateMatcher] pause_gear.png -> max conf: 0.908 (needs 0.5, optimal scale: 0.80x)

[STEP 4] 开始执行动作...
[TemplateMatcher] battle_3star.png -> max conf: 0.301 (needs 0.75, optimal scale: 0.85x)
[TemplateMatcher] battle_2star.png -> max conf: 0.496 (needs 0.75, optimal scale: 0.80x)
[TemplateMatcher] battle_0star.png -> max conf: 0.249 (needs 0.75, optimal scale: 0.90x)
[ACTION] AI决定: 选卡 4 -> 放入网格(9,3) -> 朝向 2
         坐标映射: 拖拽从(655,650)至(1100,430) -> 方向滑动至(950,430)
[ACTION] ✅ CV校验通过！网格(9,3)具有高亮绿色(像素:812)，准许拖拽。
[TemplateMatcher] battle_3star.png -> max conf: 0.346 (needs 0.75, optimal scale: 0.80x)
[TemplateMatcher] battle_2star.png -> max conf: 0.488 (needs 0.75, optimal scale: 0.80x)
[TemplateMatcher] battle_0star.png -> max conf: 0.274 (needs 0.75, optimal scale: 0.80x)
[TemplateMatcher] battle_3star.png -> max conf: 0.349 (needs 0.75, optimal scale: 0.90x)
[TemplateMatcher] battle_2star.png -> max conf: 0.400 (needs 0.75, optimal scale: 0.80x)
[TemplateMatcher] battle_0star.png -> max conf: 0.272 (needs 0.75, optimal scale: 0.95x)
[REWARD] 动作已执行，开始 3 次心跳检测 (间隔 0.2s)...
[TemplateMatcher] battle_3star.png -> max conf: 0.348 (needs 0.75, optimal scale: 0.90x)
[TemplateMatcher] battle_2star.png -> max conf: 0.400 (needs 0.75, optimal scale: 0.80x)
[TemplateMatcher] battle_0star.png -> max conf: 0.272 (needs 0.75, optimal scale: 0.85x)
[REWARD] ✅ 第 1 次检测命中目标干员血条！
[REWARD] 执行前血条数: 0 -> 最终确认血条数: 1
[REWARD] 🛡️ 背对敌人！(角度: 259.9°)，严厉惩罚 -3.0
[TemplateMatcher] battle_3star.png -> max conf: 0.305 (needs 0.75, optimal scale: 1.05x)
[TemplateMatcher] battle_2star.png -> max conf: 0.486 (needs 0.75, optimal scale: 0.80x)
[TemplateMatcher] battle_0star.png -> max conf: 0.248 (needs 0.75, optimal scale: 0.80x)
[TemplateMatcher] pause_gear.png -> max conf: 0.908 (needs 0.5, optimal scale: 0.80x)

[STEP 5] 开始执行动作...
[ACTION] AI决定: 选卡 9 -> 放入网格(1,1) -> 朝向 3
         坐标映射: 拖拽从(1105,650)至(300,270) -> 方向滑动至(450,270)
[TemplateMatcher] battle_3star.png -> max conf: 0.286 (needs 0.75, optimal scale: 0.85x)
[TemplateMatcher] battle_2star.png -> max conf: 0.495 (needs 0.75, optimal scale: 0.85x)
[TemplateMatcher] battle_0star.png -> max conf: 0.255 (needs 0.75, optimal scale: 0.90x)
[ACTION] ✅ CV校验通过！网格(1,1)具有高亮绿色(像素:231)，准许拖拽。
[TemplateMatcher] battle_3star.png -> max conf: 0.374 (needs 0.75, optimal scale: 0.85x)
[TemplateMatcher] battle_2star.png -> max conf: 0.495 (needs 0.75, optimal scale: 0.80x)
[TemplateMatcher] battle_0star.png -> max conf: 0.292 (needs 0.75, optimal scale: 0.80x)
[REWARD] 动作已执行，开始 3 次心跳检测 (间隔 0.2s)...
[TemplateMatcher] battle_3star.png -> max conf: 0.374 (needs 0.75, optimal scale: 0.85x)
[TemplateMatcher] battle_2star.png -> max conf: 0.495 (needs 0.75, optimal scale: 0.80x)
[TemplateMatcher] battle_0star.png -> max conf: 0.292 (needs 0.75, optimal scale: 0.80x)
[REWARD] ❌ 第 1 次未检测到目标血条...
[TemplateMatcher] battle_3star.png -> max conf: 0.299 (needs 0.75, optimal scale: 1.05x)
[TemplateMatcher] battle_2star.png -> max conf: 0.486 (needs 0.75, optimal scale: 0.80x)
[TemplateMatcher] battle_0star.png -> max conf: 0.254 (needs 0.75, optimal scale: 0.90x)
[REWARD] ❌ 第 2 次未检测到目标血条...
[TemplateMatcher] battle_3star.png -> max conf: 0.298 (needs 0.75, optimal scale: 1.05x)
[TemplateMatcher] battle_2star.png -> max conf: 0.487 (needs 0.75, optimal scale: 0.80x)
[TemplateMatcher] battle_0star.png -> max conf: 0.254 (needs 0.75, optimal scale: 0.90x)
[REWARD] ❌ 第 3 次未检测到目标血条...
[REWARD] 执行前血条数: 1 -> 最终确认血条数: 1
[REWARD] 部署失败，计算前后帧 MSE (均方误差) = 108.61
[REWARD] 画面未发生明显变化(非法部署)。奖励 -0.5 (连续无作为: 1次)
[TemplateMatcher] pause_gear.png -> max conf: 0.908 (needs 0.5, optimal scale: 0.80x)

[STEP 6] 开始执行动作...
[TemplateMatcher] battle_3star.png -> max conf: 0.297 (needs 0.75, optimal scale: 0.85x)
[TemplateMatcher] battle_2star.png -> max conf: 0.489 (needs 0.75, optimal scale: 0.80x)
[TemplateMatcher] battle_0star.png -> max conf: 0.264 (needs 0.75, optimal scale: 0.90x)
[ACTION] AI决定: 选卡 6 -> 放入网格(3,1) -> 朝向 3
         坐标映射: 拖拽从(835,650)至(500,270) -> 方向滑动至(650,270)
[ACTION] ✅ CV校验通过！网格(3,1)具有高亮绿色(像素:755)，准许拖拽。
[TemplateMatcher] battle_3star.png -> max conf: 0.362 (needs 0.75, optimal scale: 0.90x)
[TemplateMatcher] battle_2star.png -> max conf: 0.558 (needs 0.75, optimal scale: 0.85x)
[TemplateMatcher] battle_0star.png -> max conf: 0.278 (needs 0.75, optimal scale: 0.80x)
[TemplateMatcher] battle_3star.png -> max conf: 0.362 (needs 0.75, optimal scale: 0.90x)
[TemplateMatcher] battle_2star.png -> max conf: 0.558 (needs 0.75, optimal scale: 0.85x)
[TemplateMatcher] battle_0star.png -> max conf: 0.278 (needs 0.75, optimal scale: 0.80x)
[REWARD] 动作已执行，开始 3 次心跳检测 (间隔 0.2s)...
[TemplateMatcher] battle_3star.png -> max conf: 0.362 (needs 0.75, optimal scale: 0.90x)
[TemplateMatcher] battle_2star.png -> max conf: 0.559 (needs 0.75, optimal scale: 0.85x)
[TemplateMatcher] battle_0star.png -> max conf: 0.278 (needs 0.75, optimal scale: 0.80x)
[REWARD] ❌ 第 1 次未检测到目标血条...
[TemplateMatcher] battle_3star.png -> max conf: 0.299 (needs 0.75, optimal scale: 1.05x)
[TemplateMatcher] battle_2star.png -> max conf: 0.487 (needs 0.75, optimal scale: 0.80x)
[TemplateMatcher] battle_0star.png -> max conf: 0.256 (needs 0.75, optimal scale: 0.80x)
[REWARD] ❌ 第 2 次未检测到目标血条...
[TemplateMatcher] battle_3star.png -> max conf: 0.309 (needs 0.75, optimal scale: 1.05x)
[TemplateMatcher] battle_2star.png -> max conf: 0.489 (needs 0.75, optimal scale: 0.80x)
[TemplateMatcher] battle_0star.png -> max conf: 0.254 (needs 0.75, optimal scale: 0.90x)
[REWARD] ❌ 第 3 次未检测到目标血条...
[REWARD] 执行前血条数: 1 -> 最终确认血条数: 1
[REWARD] 部署失败，计算前后帧 MSE (均方误差) = 112.63
[REWARD] 画面未发生明显变化(非法部署)。奖励 -0.5 (连续无作为: 2次)
[TemplateMatcher] pause_gear.png -> max conf: 0.908 (needs 0.5, optimal scale: 0.80x)

[STEP 7] 开始执行动作...
[TemplateMatcher] battle_3star.png -> max conf: 0.301 (needs 0.75, optimal scale: 0.85x)
[TemplateMatcher] battle_2star.png -> max conf: 0.486 (needs 0.75, optimal scale: 0.80x)
[TemplateMatcher] battle_0star.png -> max conf: 0.255 (needs 0.75, optimal scale: 0.90x)
[ACTION] AI决定: 选卡 0 -> 放入网格(0,3) -> 朝向 2
         坐标映射: 拖拽从(295,650)至(200,430) -> 方向滑动至(50,430)
[TemplateMatcher] battle_3star.png -> max conf: 0.345 (needs 0.75, optimal scale: 0.80x)
[ACTION] ⛔ Fast-Fail! 目标网格(0,3)非绿色高亮(绿像素:0)。取消拖拽。
[TemplateMatcher] battle_2star.png -> max conf: 0.366 (needs 0.75, optimal scale: 0.85x)
[TemplateMatcher] battle_0star.png -> max conf: 0.265 (needs 0.75, optimal scale: 0.90x)
[REWARD] 执行前血条数: 1 -> 最终确认血条数: 0
[REWARD] ⛔ 非法区域/无费用，已被 CV 阻断。奖励 -0.5 (连续无作为: 3次)
[TemplateMatcher] pause_gear.png -> max conf: 0.908 (needs 0.5, optimal scale: 0.80x)

[STEP 8] 开始执行动作...
[TemplateMatcher] battle_3star.png -> max conf: 0.300 (needs 0.75, optimal scale: 1.05x)
[TemplateMatcher] battle_2star.png -> max conf: 0.484 (needs 0.75, optimal scale: 0.80x)
[TemplateMatcher] battle_0star.png -> max conf: 0.252 (needs 0.75, optimal scale: 0.90x)
[ACTION] AI决定: 💤 挂机 (Skip / Wait for Cost)
[TemplateMatcher] battle_3star.png -> max conf: 0.296 (needs 0.75, optimal scale: 0.85x)
[TemplateMatcher] battle_2star.png -> max conf: 0.489 (needs 0.75, optimal scale: 0.80x)
[TemplateMatcher] battle_0star.png -> max conf: 0.256 (needs 0.75, optimal scale: 0.90x)
[TemplateMatcher] battle_3star.png -> max conf: 0.292 (needs 0.75, optimal scale: 0.85x)
[TemplateMatcher] battle_2star.png -> max conf: 0.488 (needs 0.75, optimal scale: 0.80x)
[TemplateMatcher] battle_0star.png -> max conf: 0.248 (needs 0.75, optimal scale: 0.80x)
[TemplateMatcher] battle_3star.png -> max conf: 0.297 (needs 0.75, optimal scale: 0.85x)
[TemplateMatcher] battle_2star.png -> max conf: 0.487 (needs 0.75, optimal scale: 0.80x)
[TemplateMatcher] battle_0star.png -> max conf: 0.255 (needs 0.75, optimal scale: 0.90x)
[REWARD] 执行前血条数: 1 -> 最终确认血条数: 0
[REWARD] 💤 AI 主动挂机等费用，只扣除微小时间惩罚 -0.01
[TemplateMatcher] battle_3star.png -> max conf: 0.298 (needs 0.75, optimal scale: 1.05x)
[TemplateMatcher] battle_2star.png -> max conf: 0.487 (needs 0.75, optimal scale: 0.80x)
[TemplateMatcher] battle_0star.png -> max conf: 0.255 (needs 0.75, optimal scale: 0.90x)
[TemplateMatcher] pause_gear.png -> max conf: 0.908 (needs 0.5, optimal scale: 0.80x)

[STEP 9] 开始执行动作...
[ACTION] AI决定: 选卡 6 -> 放入网格(0,3) -> 朝向 1
         坐标映射: 拖拽从(835,650)至(200,430) -> 方向滑动至(200,580)
[TemplateMatcher] battle_3star.png -> max conf: 0.299 (needs 0.75, optimal scale: 1.05x)
[TemplateMatcher] battle_2star.png -> max conf: 0.484 (needs 0.75, optimal scale: 0.80x)
[TemplateMatcher] battle_0star.png -> max conf: 0.258 (needs 0.75, optimal scale: 0.90x)
[ACTION] ⛔ Fast-Fail! 目标网格(0,3)非绿色高亮(绿像素:0)。取消拖拽。
[REWARD] 执行前血条数: 1 -> 最终确认血条数: 0
[REWARD] ⛔ 非法区域/无费用，已被 CV 阻断。奖励 -0.5 (连续无作为: 1次)
[TemplateMatcher] battle_3star.png -> max conf: 0.305 (needs 0.75, optimal scale: 1.05x)
[TemplateMatcher] battle_2star.png -> max conf: 0.482 (needs 0.75, optimal scale: 0.80x)
[TemplateMatcher] battle_0star.png -> max conf: 0.254 (needs 0.75, optimal scale: 0.90x)
[TemplateMatcher] pause_gear.png -> max conf: 0.908 (needs 0.5, optimal scale: 0.80x)

[STEP 10] 开始执行动作...
[ACTION] AI决定: 选卡 9 -> 放入网格(0,4) -> 朝向 3
         坐标映射: 拖拽从(1105,650)至(200,510) -> 方向滑动至(350,510)
[TemplateMatcher] battle_3star.png -> max conf: 0.296 (needs 0.75, optimal scale: 1.05x)
[TemplateMatcher] battle_2star.png -> max conf: 0.486 (needs 0.75, optimal scale: 0.80x)
[TemplateMatcher] battle_0star.png -> max conf: 0.254 (needs 0.75, optimal scale: 0.90x)
[ACTION] ⛔ Fast-Fail! 目标网格(0,4)非绿色高亮(绿像素:0)。取消拖拽。
[REWARD] 执行前血条数: 1 -> 最终确认血条数: 0
[REWARD] ⛔ 非法区域/无费用，已被 CV 阻断。奖励 -0.5 (连续无作为: 2次)
[TemplateMatcher] battle_3star.png -> max conf: 0.295 (needs 0.75, optimal scale: 1.05x)
[TemplateMatcher] battle_2star.png -> max conf: 0.483 (needs 0.75, optimal scale: 0.80x)
[TemplateMatcher] battle_0star.png -> max conf: 0.264 (needs 0.75, optimal scale: 0.90x)
[TemplateMatcher] pause_gear.png -> max conf: 0.908 (needs 0.5, optimal scale: 0.80x)

[STEP 11] 开始执行动作...
[TemplateMatcher] battle_3star.png -> max conf: 0.300 (needs 0.75, optimal scale: 1.05x)
[TemplateMatcher] battle_2star.png -> max conf: 0.485 (needs 0.75, optimal scale: 0.80x)
[ACTION] AI决定: 选卡 8 -> 放入网格(1,4) -> 朝向 1
         坐标映射: 拖拽从(1015,650)至(300,510) -> 方向滑动至(300,660)
[TemplateMatcher] battle_0star.png -> max conf: 0.260 (needs 0.75, optimal scale: 0.90x)
[ACTION] ⛔ Fast-Fail! 目标网格(1,4)非绿色高亮(绿像素:0)。取消拖拽。
[TemplateMatcher] battle_3star.png -> max conf: 0.422 (needs 0.75, optimal scale: 0.80x)
[TemplateMatcher] battle_2star.png -> max conf: 0.427 (needs 0.75, optimal scale: 0.80x)
[TemplateMatcher] battle_0star.png -> max conf: 0.305 (needs 0.75, optimal scale: 0.80x)
[REWARD] 执行前血条数: 1 -> 最终确认血条数: 0
[REWARD] ⛔ 非法区域/无费用，已被 CV 阻断。奖励 -0.5 (连续无作为: 3次)
[TemplateMatcher] pause_gear.png -> max conf: 0.908 (needs 0.5, optimal scale: 0.80x)

[STEP 12] 开始执行动作...
[TemplateMatcher] battle_3star.png -> max conf: 0.307 (needs 0.75, optimal scale: 0.85x)
[TemplateMatcher] battle_2star.png -> max conf: 0.484 (needs 0.75, optimal scale: 0.80x)
[TemplateMatcher] battle_0star.png -> max conf: 0.243 (needs 0.75, optimal scale: 0.80x)
[ACTION] AI决定: 选卡 1 -> 放入网格(4,2) -> 朝向 0
         坐标映射: 拖拽从(385,650)至(600,350) -> 方向滑动至(600,200)
[ACTION] ⛔ Fast-Fail! 目标网格(4,2)非绿色高亮(绿像素:0)。取消拖拽。
[TemplateMatcher] battle_3star.png -> max conf: 0.299 (needs 0.75, optimal scale: 0.85x)
[TemplateMatcher] battle_2star.png -> max conf: 0.401 (needs 0.75, optimal scale: 1.00x)
[TemplateMatcher] battle_0star.png -> max conf: 0.262 (needs 0.75, optimal scale: 0.80x)
[REWARD] 执行前血条数: 1 -> 最终确认血条数: 0
[REWARD] ⛔ 非法区域/无费用，已被 CV 阻断。奖励 -0.5 (连续无作为: 4次)
[TemplateMatcher] pause_gear.png -> max conf: 0.908 (needs 0.5, optimal scale: 0.80x)
[SAVE] 自动保存进度 (Step 100) -> policy_latest.zip

[STEP 13] 开始执行动作...
[TemplateMatcher] battle_3star.png -> max conf: 0.290 (needs 0.75, optimal scale: 0.85x)
[TemplateMatcher] battle_2star.png -> max conf: 0.505 (needs 0.75, optimal scale: 0.80x)
[TemplateMatcher] battle_0star.png -> max conf: 0.252 (needs 0.75, optimal scale: 0.90x)
[ACTION] AI决定: 选卡 4 -> 放入网格(7,1) -> 朝向 1
         坐标映射: 拖拽从(655,650)至(900,270) -> 方向滑动至(900,420)
[TemplateMatcher] battle_3star.png -> max conf: 0.392 (needs 0.75, optimal scale: 0.80x)
[TemplateMatcher] battle_2star.png -> max conf: 0.472 (needs 0.75, optimal scale: 0.80x)
[TemplateMatcher] battle_0star.png -> max conf: 0.272 (needs 0.75, optimal scale: 0.85x)
[ACTION] ✅ CV校验通过！网格(7,1)具有高亮绿色(像素:617)，准许拖拽。
[TemplateMatcher] battle_3star.png -> max conf: 0.374 (needs 0.75, optimal scale: 0.85x)
[TemplateMatcher] battle_2star.png -> max conf: 0.561 (needs 0.75, optimal scale: 0.85x)
[TemplateMatcher] battle_0star.png -> max conf: 0.279 (needs 0.75, optimal scale: 0.85x)
[REWARD] 动作已执行，开始 3 次心跳检测 (间隔 0.2s)...
[TemplateMatcher] battle_3star.png -> max conf: 0.375 (needs 0.75, optimal scale: 0.85x)
[TemplateMatcher] battle_2star.png -> max conf: 0.561 (needs 0.75, optimal scale: 0.85x)
[TemplateMatcher] battle_0star.png -> max conf: 0.279 (needs 0.75, optimal scale: 0.85x)
[TemplateMatcher] battle_3star.png -> max conf: 0.299 (needs 0.75, optimal scale: 1.05x)
[TemplateMatcher] battle_2star.png -> max conf: 0.485 (needs 0.75, optimal scale: 0.80x)
[TemplateMatcher] battle_0star.png -> max conf: 0.253 (needs 0.75, optimal scale: 0.80x)
[TemplateMatcher] battle_3star.png -> max conf: 0.302 (needs 0.75, optimal scale: 1.05x)
[TemplateMatcher] battle_2star.png -> max conf: 0.485 (needs 0.75, optimal scale: 0.80x)
[TemplateMatcher] battle_0star.png -> max conf: 0.242 (needs 0.75, optimal scale: 0.80x)
[REWARD] ✅ 第 1 次检测命中目标干员血条！
[REWARD] 执行前血条数: 1 -> 最终确认血条数: 2
[REWARD] 🎯 完美落子！部署点靠近敌人 (距离: 106.0)，奖励 +2.0
[REWARD] ⚔️ 完美朝向！正对敌人 (角度: 47.0°)，巨额奖励 +8.0
[TemplateMatcher] battle_3star.png -> max conf: 0.297 (needs 0.75, optimal scale: 0.85x)
[TemplateMatcher] battle_2star.png -> max conf: 0.488 (needs 0.75, optimal scale: 0.80x)
[TemplateMatcher] battle_0star.png -> max conf: 0.253 (needs 0.75, optimal scale: 0.80x)
[TemplateMatcher] pause_gear.png -> max conf: 0.908 (needs 0.5, optimal scale: 0.80x)

[STEP 14] 开始执行动作...
[ACTION] AI决定: 选卡 6 -> 放入网格(7,1) -> 朝向 2
         坐标映射: 拖拽从(835,650)至(900,270) -> 方向滑动至(750,270)
[TemplateMatcher] battle_3star.png -> max conf: 0.376 (needs 0.75, optimal scale: 0.90x)
[TemplateMatcher] battle_2star.png -> max conf: 0.622 (needs 0.75, optimal scale: 0.85x)
[TemplateMatcher] battle_0star.png -> max conf: 0.274 (needs 0.75, optimal scale: 0.80x)
[ACTION] ✅ CV校验通过！网格(7,1)具有高亮绿色(像素:272)，准许拖拽。
[TemplateMatcher] battle_3star.png -> max conf: 0.362 (needs 0.75, optimal scale: 0.90x)
[TemplateMatcher] battle_2star.png -> max conf: 0.559 (needs 0.75, optimal scale: 0.85x)
[TemplateMatcher] battle_0star.png -> max conf: 0.278 (needs 0.75, optimal scale: 0.80x)
[REWARD] 动作已执行，开始 3 次心跳检测 (间隔 0.2s)...
[TemplateMatcher] battle_3star.png -> max conf: 0.362 (needs 0.75, optimal scale: 0.90x)
[TemplateMatcher] battle_2star.png -> max conf: 0.559 (needs 0.75, optimal scale: 0.85x)
[TemplateMatcher] battle_0star.png -> max conf: 0.278 (needs 0.75, optimal scale: 0.80x)
[REWARD] ❌ 第 1 次未检测到目标血条...
[TemplateMatcher] battle_3star.png -> max conf: 0.301 (needs 0.75, optimal scale: 1.05x)
[TemplateMatcher] battle_2star.png -> max conf: 0.487 (needs 0.75, optimal scale: 0.80x)
[TemplateMatcher] battle_0star.png -> max conf: 0.251 (needs 0.75, optimal scale: 0.80x)
[REWARD] ❌ 第 2 次未检测到目标血条...
[TemplateMatcher] battle_3star.png -> max conf: 0.290 (needs 0.75, optimal scale: 0.80x)
[TemplateMatcher] battle_2star.png -> max conf: 0.493 (needs 0.75, optimal scale: 0.85x)
[TemplateMatcher] battle_0star.png -> max conf: 0.255 (needs 0.75, optimal scale: 0.90x)
[REWARD] ❌ 第 3 次未检测到目标血条...
[REWARD] 执行前血条数: 2 -> 最终确认血条数: 2
[REWARD] 部署失败，计算前后帧 MSE (均方误差) = 232.84
[REWARD] 画面未发生明显变化(非法部署)。奖励 -0.5 (连续无作为: 1次)
[TemplateMatcher] pause_gear.png -> max conf: 0.908 (needs 0.5, optimal scale: 0.80x)

[STEP 15] 开始执行动作...
[TemplateMatcher] battle_3star.png -> max conf: 0.294 (needs 0.75, optimal scale: 1.05x)
[TemplateMatcher] battle_2star.png -> max conf: 0.486 (needs 0.75, optimal scale: 0.80x)
[TemplateMatcher] battle_0star.png -> max conf: 0.253 (needs 0.75, optimal scale: 0.90x)
[ACTION] AI决定: 选卡 2 -> 放入网格(2,3) -> 朝向 1
         坐标映射: 拖拽从(475,650)至(400,430) -> 方向滑动至(400,580)
[TemplateMatcher] battle_3star.png -> max conf: 0.300 (needs 0.75, optimal scale: 0.85x)
[ACTION] ⛔ Fast-Fail! 目标网格(2,3)非绿色高亮(绿像素:0)。取消拖拽。
[TemplateMatcher] battle_2star.png -> max conf: 0.387 (needs 0.75, optimal scale: 1.00x)
[TemplateMatcher] battle_0star.png -> max conf: 0.262 (needs 0.75, optimal scale: 0.80x)
[REWARD] 执行前血条数: 2 -> 最终确认血条数: 0
[REWARD] ⛔ 非法区域/无费用，已被 CV 阻断。奖励 -0.5 (连续无作为: 2次)
[TemplateMatcher] pause_gear.png -> max conf: 0.907 (needs 0.5, optimal scale: 0.80x)

[STEP 16] 开始执行动作...
[TemplateMatcher] battle_3star.png -> max conf: 0.296 (needs 0.75, optimal scale: 0.85x)
[TemplateMatcher] battle_2star.png -> max conf: 0.490 (needs 0.75, optimal scale: 0.80x)
[TemplateMatcher] battle_0star.png -> max conf: 0.253 (needs 0.75, optimal scale: 0.90x)
[ACTION] AI决定: 选卡 6 -> 放入网格(0,1) -> 朝向 3
         坐标映射: 拖拽从(835,650)至(200,270) -> 方向滑动至(350,270)
[TemplateMatcher] battle_3star.png -> max conf: 0.362 (needs 0.75, optimal scale: 0.90x)
[TemplateMatcher] battle_2star.png -> max conf: 0.559 (needs 0.75, optimal scale: 0.85x)
[TemplateMatcher] battle_0star.png -> max conf: 0.278 (needs 0.75, optimal scale: 0.80x)
[ACTION] ⛔ Fast-Fail! 目标网格(0,1)非绿色高亮(绿像素:0)。取消拖拽。
[REWARD] 执行前血条数: 2 -> 最终确认血条数: 0
[REWARD] ⛔ 非法区域/无费用，已被 CV 阻断。奖励 -0.5 (连续无作为: 3次)
[TemplateMatcher] battle_3star.png -> max conf: 0.297 (needs 0.75, optimal scale: 1.05x)
[TemplateMatcher] battle_2star.png -> max conf: 0.487 (needs 0.75, optimal scale: 0.80x)
[TemplateMatcher] pause_gear.png -> max conf: 0.907 (needs 0.5, optimal scale: 0.80x)
[TemplateMatcher] battle_0star.png -> max conf: 0.255 (needs 0.75, optimal scale: 0.90x)

[STEP 17] 开始执行动作...
[ACTION] AI决定: 选卡 0 -> 放入网格(2,2) -> 朝向 1
         坐标映射: 拖拽从(295,650)至(400,350) -> 方向滑动至(400,500)
[TemplateMatcher] battle_3star.png -> max conf: 0.307 (needs 0.75, optimal scale: 0.90x)
[TemplateMatcher] battle_2star.png -> max conf: 0.458 (needs 0.75, optimal scale: 1.10x)
[TemplateMatcher] battle_0star.png -> max conf: 0.276 (needs 0.75, optimal scale: 0.80x)
[ACTION] ✅ CV校验通过！网格(2,2)具有高亮绿色(像素:74)，准许拖拽。
[TemplateMatcher] battle_3star.png -> max conf: 0.312 (needs 0.75, optimal scale: 0.95x)
[TemplateMatcher] battle_2star.png -> max conf: 0.465 (needs 0.75, optimal scale: 1.10x)
[TemplateMatcher] battle_0star.png -> max conf: 0.281 (needs 0.75, optimal scale: 0.80x)
[REWARD] 动作已执行，开始 3 次心跳检测 (间隔 0.2s)...
[TemplateMatcher] battle_3star.png -> max conf: 0.312 (needs 0.75, optimal scale: 0.95x)
[TemplateMatcher] battle_2star.png -> max conf: 0.469 (needs 0.75, optimal scale: 1.10x)
[TemplateMatcher] battle_0star.png -> max conf: 0.281 (needs 0.75, optimal scale: 0.80x)
[REWARD] ❌ 第 1 次未检测到目标血条...
[TemplateMatcher] battle_3star.png -> max conf: 0.312 (needs 0.75, optimal scale: 0.95x)
[TemplateMatcher] battle_2star.png -> max conf: 0.472 (needs 0.75, optimal scale: 1.10x)
[TemplateMatcher] battle_0star.png -> max conf: 0.281 (needs 0.75, optimal scale: 0.80x)
[REWARD] ❌ 第 2 次未检测到目标血条...
[TemplateMatcher] battle_3star.png -> max conf: 0.312 (needs 0.75, optimal scale: 0.95x)
[TemplateMatcher] battle_2star.png -> max conf: 0.471 (needs 0.75, optimal scale: 1.10x)
[TemplateMatcher] battle_0star.png -> max conf: 0.281 (needs 0.75, optimal scale: 0.80x)
[REWARD] ❌ 第 3 次未检测到目标血条...
[REWARD] 执行前血条数: 2 -> 最终确认血条数: 2
[REWARD] 部署失败，计算前后帧 MSE (均方误差) = 3139.76
[REWARD] 动作无效，但游戏仍在进行(画面有变化)。奖励 -0.2 (已清空无作为计数器)
[TemplateMatcher] pause_gear.png -> max conf: 0.908 (needs 0.5, optimal scale: 0.80x)

[STEP 18] 开始执行动作...
[TemplateMatcher] battle_3star.png -> max conf: 0.312 (needs 0.75, optimal scale: 0.95x)
[TemplateMatcher] battle_2star.png -> max conf: 0.472 (needs 0.75, optimal scale: 1.10x)
[TemplateMatcher] battle_0star.png -> max conf: 0.281 (needs 0.75, optimal scale: 0.80x)
[ACTION] AI决定: 选卡 9 -> 放入网格(0,0) -> 朝向 0
         坐标映射: 拖拽从(1105,650)至(200,190) -> 方向滑动至(200,40)
[ACTION] ✅ CV校验通过！网格(0,0)具有高亮绿色(像素:405)，准许拖拽。
[TemplateMatcher] battle_3star.png -> max conf: 0.374 (needs 0.75, optimal scale: 0.85x)
[TemplateMatcher] battle_2star.png -> max conf: 0.495 (needs 0.75, optimal scale: 0.80x)
[TemplateMatcher] battle_0star.png -> max conf: 0.292 (needs 0.75, optimal scale: 0.80x)
[TemplateMatcher] battle_3star.png -> max conf: 0.374 (needs 0.75, optimal scale: 0.85x)
[TemplateMatcher] battle_2star.png -> max conf: 0.495 (needs 0.75, optimal scale: 0.80x)
[TemplateMatcher] battle_0star.png -> max conf: 0.292 (needs 0.75, optimal scale: 0.80x)
[REWARD] 动作已执行，开始 3 次心跳检测 (间隔 0.2s)...
[TemplateMatcher] battle_3star.png -> max conf: 0.374 (needs 0.75, optimal scale: 0.85x)
[TemplateMatcher] battle_2star.png -> max conf: 0.496 (needs 0.75, optimal scale: 0.80x)
[TemplateMatcher] battle_0star.png -> max conf: 0.292 (needs 0.75, optimal scale: 0.80x)
[REWARD] ❌ 第 1 次未检测到目标血条...
[TemplateMatcher] battle_3star.png -> max conf: 0.305 (needs 0.75, optimal scale: 0.85x)
[TemplateMatcher] battle_2star.png -> max conf: 0.488 (needs 0.75, optimal scale: 0.80x)
[TemplateMatcher] battle_0star.png -> max conf: 0.246 (needs 0.75, optimal scale: 0.80x)
[REWARD] ❌ 第 2 次未检测到目标血条...
[TemplateMatcher] battle_3star.png -> max conf: 0.299 (needs 0.75, optimal scale: 0.85x)
[TemplateMatcher] battle_2star.png -> max conf: 0.492 (needs 0.75, optimal scale: 0.85x)
[TemplateMatcher] battle_0star.png -> max conf: 0.249 (needs 0.75, optimal scale: 0.90x)
[REWARD] ❌ 第 3 次未检测到目标血条...
[REWARD] 执行前血条数: 2 -> 最终确认血条数: 2
[REWARD] 部署失败，计算前后帧 MSE (均方误差) = 3180.95
[REWARD] 动作无效，但游戏仍在进行(画面有变化)。奖励 -0.2 (已清空无作为计数器)
[TemplateMatcher] pause_gear.png -> max conf: 0.908 (needs 0.5, optimal scale: 0.80x)
[TemplateMatcher] battle_3star.png -> max conf: 0.296 (needs 0.75, optimal scale: 0.85x)

[STEP 19] 开始执行动作...
[TemplateMatcher] battle_2star.png -> max conf: 0.488 (needs 0.75, optimal scale: 0.80x)
[TemplateMatcher] battle_0star.png -> max conf: 0.251 (needs 0.75, optimal scale: 0.90x)
[ACTION] AI决定: 选卡 9 -> 放入网格(6,0) -> 朝向 0
         坐标映射: 拖拽从(1105,650)至(800,190) -> 方向滑动至(800,40)
[TemplateMatcher] battle_3star.png -> max conf: 0.374 (needs 0.75, optimal scale: 0.85x)
[TemplateMatcher] battle_2star.png -> max conf: 0.495 (needs 0.75, optimal scale: 0.80x)
[TemplateMatcher] battle_0star.png -> max conf: 0.292 (needs 0.75, optimal scale: 0.80x)
[ACTION] ✅ CV校验通过！网格(6,0)具有高亮绿色(像素:475)，准许拖拽。
[TemplateMatcher] battle_3star.png -> max conf: 0.374 (needs 0.75, optimal scale: 0.85x)
[TemplateMatcher] battle_2star.png -> max conf: 0.495 (needs 0.75, optimal scale: 0.80x)
[TemplateMatcher] battle_0star.png -> max conf: 0.292 (needs 0.75, optimal scale: 0.80x)
[REWARD] 动作已执行，开始 3 次心跳检测 (间隔 0.2s)...
[TemplateMatcher] battle_3star.png -> max conf: 0.374 (needs 0.75, optimal scale: 0.85x)
[TemplateMatcher] battle_2star.png -> max conf: 0.495 (needs 0.75, optimal scale: 0.80x)
[TemplateMatcher] battle_0star.png -> max conf: 0.292 (needs 0.75, optimal scale: 0.80x)
[REWARD] ❌ 第 1 次未检测到目标血条...
[TemplateMatcher] battle_3star.png -> max conf: 0.293 (needs 0.75, optimal scale: 0.85x)
[TemplateMatcher] battle_2star.png -> max conf: 0.491 (needs 0.75, optimal scale: 0.80x)
[TemplateMatcher] battle_0star.png -> max conf: 0.254 (needs 0.75, optimal scale: 0.90x)
[REWARD] ❌ 第 2 次未检测到目标血条...
[TemplateMatcher] battle_3star.png -> max conf: 0.294 (needs 0.75, optimal scale: 1.05x)
[TemplateMatcher] battle_2star.png -> max conf: 0.484 (needs 0.75, optimal scale: 0.80x)
[REWARD] ❌ 第 3 次未检测到目标血条...
[TemplateMatcher] battle_0star.png -> max conf: 0.254 (needs 0.75, optimal scale: 0.90x)
[REWARD] 执行前血条数: 2 -> 最终确认血条数: 2
[REWARD] 部署失败，计算前后帧 MSE (均方误差) = 287.10
[REWARD] 画面未发生明显变化(非法部署)。奖励 -0.5 (连续无作为: 1次)
[TemplateMatcher] pause_gear.png -> max conf: 0.908 (needs 0.5, optimal scale: 0.80x)

[STEP 20] 开始执行动作...
[TemplateMatcher] battle_3star.png -> max conf: 0.298 (needs 0.75, optimal scale: 1.05x)
[TemplateMatcher] battle_2star.png -> max conf: 0.487 (needs 0.75, optimal scale: 0.80x)
[TemplateMatcher] battle_0star.png -> max conf: 0.254 (needs 0.75, optimal scale: 0.90x)
[ACTION] AI决定: 选卡 1 -> 放入网格(3,0) -> 朝向 0
         坐标映射: 拖拽从(385,650)至(500,190) -> 方向滑动至(500,40)
[ACTION] ✅ CV校验通过！网格(3,0)具有高亮绿色(像素:21)，准许拖拽。
[TemplateMatcher] battle_3star.png -> max conf: 0.345 (needs 0.75, optimal scale: 0.80x)
[TemplateMatcher] battle_2star.png -> max conf: 0.364 (needs 0.75, optimal scale: 0.85x)
[TemplateMatcher] battle_0star.png -> max conf: 0.265 (needs 0.75, optimal scale: 0.90x)
[TemplateMatcher] battle_3star.png -> max conf: 0.333 (needs 0.75, optimal scale: 0.85x)
[TemplateMatcher] battle_2star.png -> max conf: 0.434 (needs 0.75, optimal scale: 0.80x)
[TemplateMatcher] battle_0star.png -> max conf: 0.267 (needs 0.75, optimal scale: 0.80x)
[REWARD] 动作已执行，开始 3 次心跳检测 (间隔 0.2s)...
[TemplateMatcher] battle_3star.png -> max conf: 0.299 (needs 0.75, optimal scale: 0.85x)
[TemplateMatcher] battle_2star.png -> max conf: 0.466 (needs 0.75, optimal scale: 0.85x)
[TemplateMatcher] battle_0star.png -> max conf: 0.250 (needs 0.75, optimal scale: 0.80x)
[REWARD] ❌ 第 1 次未检测到目标血条...
[TemplateMatcher] battle_3star.png -> max conf: 0.305 (needs 0.75, optimal scale: 1.10x)
[TemplateMatcher] battle_2star.png -> max conf: 0.489 (needs 0.75, optimal scale: 0.80x)
[TemplateMatcher] battle_0star.png -> max conf: 0.253 (needs 0.75, optimal scale: 0.80x)
[REWARD] ❌ 第 2 次未检测到目标血条...
[TemplateMatcher] battle_3star.png -> max conf: 0.299 (needs 0.75, optimal scale: 1.05x)
[TemplateMatcher] battle_2star.png -> max conf: 0.487 (needs 0.75, optimal scale: 0.80x)
[TemplateMatcher] battle_0star.png -> max conf: 0.254 (needs 0.75, optimal scale: 0.90x)
[REWARD] ❌ 第 3 次未检测到目标血条...
[REWARD] 执行前血条数: 2 -> 最终确认血条数: 2
[REWARD] 部署失败，计算前后帧 MSE (均方误差) = 207.67
[REWARD] 画面未发生明显变化(非法部署)。奖励 -0.5 (连续无作为: 2次)
[TemplateMatcher] pause_gear.png -> max conf: 0.908 (needs 0.5, optimal scale: 0.80x)

[STEP 21] 开始执行动作...
[TemplateMatcher] battle_3star.png -> max conf: 0.300 (needs 0.75, optimal scale: 1.05x)
[TemplateMatcher] battle_2star.png -> max conf: 0.488 (needs 0.75, optimal scale: 0.80x)
[TemplateMatcher] battle_0star.png -> max conf: 0.256 (needs 0.75, optimal scale: 0.90x)
[ACTION] AI决定: 选卡 8 -> 放入网格(4,2) -> 朝向 1
         坐标映射: 拖拽从(1015,650)至(600,350) -> 方向滑动至(600,500)
[ACTION] ⛔ Fast-Fail! 目标网格(4,2)非绿色高亮(绿像素:0)。取消拖拽。
[TemplateMatcher] battle_3star.png -> max conf: 0.384 (needs 0.75, optimal scale: 0.80x)
[TemplateMatcher] battle_2star.png -> max conf: 0.471 (needs 0.75, optimal scale: 1.00x)
[TemplateMatcher] battle_0star.png -> max conf: 0.298 (needs 0.75, optimal scale: 0.80x)
[REWARD] 执行前血条数: 2 -> 最终确认血条数: 0
[REWARD] ⛔ 非法区域/无费用，已被 CV 阻断。奖励 -0.5 (连续无作为: 3次)
[TemplateMatcher] pause_gear.png -> max conf: 0.908 (needs 0.5, optimal scale: 0.80x)

[STEP 22] 开始执行动作...
[TemplateMatcher] battle_3star.png -> max conf: 0.301 (needs 0.75, optimal scale: 1.05x)
[TemplateMatcher] battle_2star.png -> max conf: 0.483 (needs 0.75, optimal scale: 0.80x)
[TemplateMatcher] battle_0star.png -> max conf: 0.255 (needs 0.75, optimal scale: 0.90x)
[ACTION] AI决定: 选卡 0 -> 放入网格(9,4) -> 朝向 1
         坐标映射: 拖拽从(295,650)至(1100,510) -> 方向滑动至(1100,660)
[TemplateMatcher] battle_3star.png -> max conf: 0.312 (needs 0.75, optimal scale: 0.95x)
[TemplateMatcher] battle_2star.png -> max conf: 0.467 (needs 0.75, optimal scale: 1.10x)
[ACTION] ✅ CV校验通过！网格(9,4)具有高亮绿色(像素:728)，准许拖拽。
[TemplateMatcher] battle_0star.png -> max conf: 0.281 (needs 0.75, optimal scale: 0.80x)
[TemplateMatcher] battle_3star.png -> max conf: 0.321 (needs 0.75, optimal scale: 0.90x)
[TemplateMatcher] battle_2star.png -> max conf: 0.501 (needs 0.75, optimal scale: 0.80x)
[TemplateMatcher] battle_0star.png -> max conf: 0.253 (needs 0.75, optimal scale: 0.85x)
[REWARD] 动作已执行，开始 3 次心跳检测 (间隔 0.2s)...
[TemplateMatcher] battle_3star.png -> max conf: 0.321 (needs 0.75, optimal scale: 0.90x)
[TemplateMatcher] battle_2star.png -> max conf: 0.499 (needs 0.75, optimal scale: 0.80x)
[TemplateMatcher] battle_0star.png -> max conf: 0.254 (needs 0.75, optimal scale: 0.85x)
[REWARD] ✅ 第 1 次检测命中目标干员血条！
[REWARD] 执行前血条数: 2 -> 最终确认血条数: 3
[REWARD] 🎯 完美落子！部署点靠近敌人 (距离: 154.5)，奖励 +2.0
[REWARD] 🛡️ 背对敌人！(角度: 177.0°)，严厉惩罚 -3.0
[TemplateMatcher] battle_3star.png -> max conf: 0.303 (needs 0.75, optimal scale: 1.05x)
[TemplateMatcher] battle_2star.png -> max conf: 0.483 (needs 0.75, optimal scale: 0.80x)
[TemplateMatcher] battle_0star.png -> max conf: 0.255 (needs 0.75, optimal scale: 0.90x)
[TemplateMatcher] pause_gear.png -> max conf: 0.908 (needs 0.5, optimal scale: 0.80x)

[STEP 23] 开始执行动作...
[ACTION] AI决定: 💤 挂机 (Skip / Wait for Cost)
[TemplateMatcher] battle_3star.png -> max conf: 0.297 (needs 0.75, optimal scale: 0.85x)
[TemplateMatcher] battle_2star.png -> max conf: 0.487 (needs 0.75, optimal scale: 0.80x)
[TemplateMatcher] battle_0star.png -> max conf: 0.255 (needs 0.75, optimal scale: 0.90x)
[TemplateMatcher] battle_3star.png -> max conf: 0.312 (needs 0.75, optimal scale: 0.85x)
[TemplateMatcher] battle_2star.png -> max conf: 0.485 (needs 0.75, optimal scale: 0.80x)
[TemplateMatcher] battle_0star.png -> max conf: 0.250 (needs 0.75, optimal scale: 0.80x)
[TemplateMatcher] battle_3star.png -> max conf: 0.301 (needs 0.75, optimal scale: 1.05x)
[TemplateMatcher] battle_2star.png -> max conf: 0.485 (needs 0.75, optimal scale: 0.80x)
[TemplateMatcher] battle_0star.png -> max conf: 0.251 (needs 0.75, optimal scale: 0.80x)
[TemplateMatcher] battle_3star.png -> max conf: 0.311 (needs 0.75, optimal scale: 1.05x)
[TemplateMatcher] battle_2star.png -> max conf: 0.482 (needs 0.75, optimal scale: 0.80x)
[TemplateMatcher] battle_0star.png -> max conf: 0.257 (needs 0.75, optimal scale: 0.85x)
[REWARD] 执行前血条数: 3 -> 最终确认血条数: 0
[REWARD] 💤 AI 主动挂机等费用，只扣除微小时间惩罚 -0.01
[TemplateMatcher] pause_gear.png -> max conf: 0.908 (needs 0.5, optimal scale: 0.80x)

[STEP 24] 开始执行动作...
[TemplateMatcher] battle_3star.png -> max conf: 0.297 (needs 0.75, optimal scale: 1.05x)
[TemplateMatcher] battle_2star.png -> max conf: 0.487 (needs 0.75, optimal scale: 0.80x)
[TemplateMatcher] battle_0star.png -> max conf: 0.252 (needs 0.75, optimal scale: 0.80x)
[ACTION] AI决定: 选卡 8 -> 放入网格(6,1) -> 朝向 1
         坐标映射: 拖拽从(1015,650)至(800,270) -> 方向滑动至(800,420)
[ACTION] ✅ CV校验通过！网格(6,1)具有高亮绿色(像素:893)，准许拖拽。
[TemplateMatcher] battle_3star.png -> max conf: 0.384 (needs 0.75, optimal scale: 0.80x)
[TemplateMatcher] battle_2star.png -> max conf: 0.471 (needs 0.75, optimal scale: 1.00x)
[TemplateMatcher] battle_0star.png -> max conf: 0.298 (needs 0.75, optimal scale: 0.80x)
[TemplateMatcher] battle_3star.png -> max conf: 0.384 (needs 0.75, optimal scale: 0.80x)
[TemplateMatcher] battle_2star.png -> max conf: 0.473 (needs 0.75, optimal scale: 1.00x)
[TemplateMatcher] battle_0star.png -> max conf: 0.298 (needs 0.75, optimal scale: 0.80x)
[REWARD] 动作已执行，开始 3 次心跳检测 (间隔 0.2s)...
[TemplateMatcher] battle_3star.png -> max conf: 0.384 (needs 0.75, optimal scale: 0.80x)
[TemplateMatcher] battle_2star.png -> max conf: 0.474 (needs 0.75, optimal scale: 1.00x)
[TemplateMatcher] battle_0star.png -> max conf: 0.298 (needs 0.75, optimal scale: 0.80x)
[REWARD] ❌ 第 1 次未检测到目标血条...
[TemplateMatcher] battle_3star.png -> max conf: 0.298 (needs 0.75, optimal scale: 1.05x)
[TemplateMatcher] battle_2star.png -> max conf: 0.487 (needs 0.75, optimal scale: 0.80x)
[TemplateMatcher] battle_0star.png -> max conf: 0.255 (needs 0.75, optimal scale: 0.90x)
[REWARD] ❌ 第 2 次未检测到目标血条...
[TemplateMatcher] battle_3star.png -> max conf: 0.298 (needs 0.75, optimal scale: 0.85x)
[TemplateMatcher] battle_2star.png -> max conf: 0.486 (needs 0.75, optimal scale: 0.80x)
[REWARD] ❌ 第 3 次未检测到目标血条...
[TemplateMatcher] battle_0star.png -> max conf: 0.252 (needs 0.75, optimal scale: 0.90x)
[REWARD] 执行前血条数: 3 -> 最终确认血条数: 3
[REWARD] 部署失败，计算前后帧 MSE (均方误差) = 319.03
[REWARD] 动作无效，但游戏仍在进行(画面有变化)。奖励 -0.2 (已清空无作为计数器)
[TemplateMatcher] pause_gear.png -> max conf: 0.908 (needs 0.5, optimal scale: 0.80x)

[STEP 25] 开始执行动作...
[TemplateMatcher] battle_3star.png -> max conf: 0.299 (needs 0.75, optimal scale: 1.05x)
[TemplateMatcher] battle_2star.png -> max conf: 0.487 (needs 0.75, optimal scale: 0.80x)
[TemplateMatcher] battle_0star.png -> max conf: 0.254 (needs 0.75, optimal scale: 0.90x)
[ACTION] AI决定: 选卡 1 -> 放入网格(8,4) -> 朝向 2
         坐标映射: 拖拽从(385,650)至(1000,510) -> 方向滑动至(850,510)
[ACTION] ✅ CV校验通过！网格(8,4)具有高亮绿色(像素:639)，准许拖拽。
[TemplateMatcher] battle_3star.png -> max conf: 0.345 (needs 0.75, optimal scale: 0.80x)
[TemplateMatcher] battle_2star.png -> max conf: 0.364 (needs 0.75, optimal scale: 0.85x)
[TemplateMatcher] battle_0star.png -> max conf: 0.265 (needs 0.75, optimal scale: 0.90x)
[TemplateMatcher] battle_3star.png -> max conf: 0.323 (needs 0.75, optimal scale: 0.80x)
[TemplateMatcher] battle_2star.png -> max conf: 0.417 (needs 0.75, optimal scale: 0.95x)
[TemplateMatcher] battle_0star.png -> max conf: 0.234 (needs 0.75, optimal scale: 0.80x)
[REWARD] 动作已执行，开始 3 次心跳检测 (间隔 0.2s)...
[TemplateMatcher] battle_3star.png -> max conf: 0.323 (needs 0.75, optimal scale: 0.80x)
[TemplateMatcher] battle_2star.png -> max conf: 0.414 (needs 0.75, optimal scale: 0.95x)
[TemplateMatcher] battle_0star.png -> max conf: 0.234 (needs 0.75, optimal scale: 0.80x)
[REWARD] ✅ 第 1 次检测命中目标干员血条！
[REWARD] 执行前血条数: 3 -> 最终确认血条数: 4
[REWARD] ⚔️ 完美朝向！正对敌人 (角度: 167.7°)，巨额奖励 +8.0
[TemplateMatcher] battle_3star.png -> max conf: 0.309 (needs 0.75, optimal scale: 1.05x)
[TemplateMatcher] battle_2star.png -> max conf: 0.458 (needs 0.75, optimal scale: 0.80x)
[TemplateMatcher] battle_0star.png -> max conf: 0.252 (needs 0.75, optimal scale: 0.90x)
[TemplateMatcher] pause_gear.png -> max conf: 0.908 (needs 0.5, optimal scale: 0.80x)

[STEP 26] 开始执行动作...
[ACTION] AI决定: 选卡 9 -> 放入网格(0,3) -> 朝向 1
         坐标映射: 拖拽从(1105,650)至(200,430) -> 方向滑动至(200,580)
[TemplateMatcher] battle_3star.png -> max conf: 0.308 (needs 0.75, optimal scale: 1.10x)
[TemplateMatcher] battle_2star.png -> max conf: 0.469 (needs 0.75, optimal scale: 0.85x)
[TemplateMatcher] battle_0star.png -> max conf: 0.252 (needs 0.75, optimal scale: 0.80x)
[ACTION] ⛔ Fast-Fail! 目标网格(0,3)非绿色高亮(绿像素:0)。取消拖拽。
[REWARD] 执行前血条数: 4 -> 最终确认血条数: 0
[REWARD] ⛔ 非法区域/无费用，已被 CV 阻断。奖励 -0.5 (连续无作为: 1次)
[TemplateMatcher] battle_3star.png -> max conf: 0.273 (needs 0.75, optimal scale: 1.05x)
[TemplateMatcher] battle_2star.png -> max conf: 0.463 (needs 0.75, optimal scale: 0.80x)
[TemplateMatcher] battle_0star.png -> max conf: 0.243 (needs 0.75, optimal scale: 0.90x)
[TemplateMatcher] pause_gear.png -> max conf: 0.908 (needs 0.5, optimal scale: 0.80x)

[STEP 27] 开始执行动作...
[ACTION] AI决定: 选卡 9 -> 放入网格(3,1) -> 朝向 3
         坐标映射: 拖拽从(1105,650)至(500,270) -> 方向滑动至(650,270)
[TemplateMatcher] battle_3star.png -> max conf: 0.283 (needs 0.75, optimal scale: 0.80x)
[TemplateMatcher] battle_2star.png -> max conf: 0.420 (needs 0.75, optimal scale: 0.80x)
[TemplateMatcher] battle_0star.png -> max conf: 0.250 (needs 0.75, optimal scale: 0.80x)
[ACTION] ✅ CV校验通过！网格(3,1)具有高亮绿色(像素:626)，准许拖拽。
[TemplateMatcher] battle_3star.png -> max conf: 0.374 (needs 0.75, optimal scale: 0.85x)
[TemplateMatcher] battle_2star.png -> max conf: 0.496 (needs 0.75, optimal scale: 0.80x)
[TemplateMatcher] battle_0star.png -> max conf: 0.292 (needs 0.75, optimal scale: 0.80x)
[REWARD] 动作已执行，开始 3 次心跳检测 (间隔 0.2s)...
[TemplateMatcher] battle_3star.png -> max conf: 0.374 (needs 0.75, optimal scale: 0.85x)
[TemplateMatcher] battle_2star.png -> max conf: 0.496 (needs 0.75, optimal scale: 0.80x)
[TemplateMatcher] battle_0star.png -> max conf: 0.292 (needs 0.75, optimal scale: 0.80x)
[REWARD] ❌ 第 1 次未检测到目标血条...
[TemplateMatcher] battle_3star.png -> max conf: 0.297 (needs 0.75, optimal scale: 1.15x)
[TemplateMatcher] battle_2star.png -> max conf: 0.476 (needs 0.75, optimal scale: 0.85x)
[TemplateMatcher] battle_0star.png -> max conf: 0.250 (needs 0.75, optimal scale: 0.90x)
[REWARD] ❌ 第 2 次未检测到目标血条...
[TemplateMatcher] battle_3star.png -> max conf: 0.304 (needs 0.75, optimal scale: 1.10x)
[TemplateMatcher] battle_2star.png -> max conf: 0.488 (needs 0.75, optimal scale: 0.80x)
[REWARD] ❌ 第 3 次未检测到目标血条...
[REWARD] 执行前血条数: 4 -> 最终确认血条数: 4
[REWARD] 部署失败，计算前后帧 MSE (均方误差) = 271.71
[REWARD] 画面未发生明显变化(非法部署)。奖励 -0.5 (连续无作为: 2次)
[TemplateMatcher] battle_0star.png -> max conf: 0.251 (needs 0.75, optimal scale: 0.80x)
[TemplateMatcher] pause_gear.png -> max conf: 0.908 (needs 0.5, optimal scale: 0.80x)

[STEP 28] 开始执行动作...
[TemplateMatcher] battle_3star.png -> max conf: 0.358 (needs 0.75, optimal scale: 1.00x)
[TemplateMatcher] battle_2star.png -> max conf: 0.488 (needs 0.75, optimal scale: 0.80x)
[TemplateMatcher] battle_0star.png -> max conf: 0.254 (needs 0.75, optimal scale: 0.80x)
[ACTION] AI决定: 选卡 2 -> 放入网格(9,4) -> 朝向 0
         坐标映射: 拖拽从(475,650)至(1100,510) -> 方向滑动至(1100,360)
[ACTION] ⛔ Fast-Fail! 目标网格(9,4)非绿色高亮(绿像素:0)。取消拖拽。
[TemplateMatcher] battle_3star.png -> max conf: 0.300 (needs 0.75, optimal scale: 0.85x)
[TemplateMatcher] battle_2star.png -> max conf: 0.403 (needs 0.75, optimal scale: 1.00x)
[TemplateMatcher] battle_0star.png -> max conf: 0.261 (needs 0.75, optimal scale: 0.80x)
[REWARD] 执行前血条数: 4 -> 最终确认血条数: 0
[REWARD] ⛔ 非法区域/无费用，已被 CV 阻断。奖励 -0.5 (连续无作为: 3次)
[TemplateMatcher] pause_gear.png -> max conf: 0.908 (needs 0.5, optimal scale: 0.80x)

[STEP 29] 开始执行动作...
[TemplateMatcher] battle_3star.png -> max conf: 0.294 (needs 0.75, optimal scale: 1.05x)
[TemplateMatcher] battle_2star.png -> max conf: 0.488 (needs 0.75, optimal scale: 0.80x)
[TemplateMatcher] battle_0star.png -> max conf: 0.245 (needs 0.75, optimal scale: 0.85x)
[ACTION] AI决定: 💤 挂机 (Skip / Wait for Cost)
[TemplateMatcher] battle_3star.png -> max conf: 0.278 (needs 0.75, optimal scale: 0.80x)
[TemplateMatcher] battle_2star.png -> max conf: 0.464 (needs 0.75, optimal scale: 0.80x)
[TemplateMatcher] battle_0star.png -> max conf: 0.253 (needs 0.75, optimal scale: 0.80x)
[TemplateMatcher] battle_3star.png -> max conf: 0.296 (needs 0.75, optimal scale: 0.85x)
[TemplateMatcher] battle_2star.png -> max conf: 0.489 (needs 0.75, optimal scale: 0.80x)
[TemplateMatcher] battle_0star.png -> max conf: 0.250 (needs 0.75, optimal scale: 0.80x)
[TemplateMatcher] battle_3star.png -> max conf: 0.298 (needs 0.75, optimal scale: 1.05x)
[TemplateMatcher] battle_2star.png -> max conf: 0.486 (needs 0.75, optimal scale: 0.80x)
[TemplateMatcher] battle_0star.png -> max conf: 0.260 (needs 0.75, optimal scale: 0.85x)
[REWARD] 执行前血条数: 4 -> 最终确认血条数: 0
[REWARD] 💤 AI 主动挂机等费用，只扣除微小时间惩罚 -0.01
[TemplateMatcher] battle_3star.png -> max conf: 0.301 (needs 0.75, optimal scale: 0.85x)
[TemplateMatcher] battle_2star.png -> max conf: 0.464 (needs 0.75, optimal scale: 0.80x)
[TemplateMatcher] battle_0star.png -> max conf: 0.250 (needs 0.75, optimal scale: 0.80x)
[TemplateMatcher] pause_gear.png -> max conf: 0.908 (needs 0.5, optimal scale: 0.80x)

[STEP 30] 开始执行动作...
[ACTION] AI决定: 选卡 1 -> 放入网格(4,0) -> 朝向 2
         坐标映射: 拖拽从(385,650)至(600,190) -> 方向滑动至(450,190)
[TemplateMatcher] battle_3star.png -> max conf: 0.279 (needs 0.75, optimal scale: 1.05x)
[TemplateMatcher] battle_2star.png -> max conf: 0.463 (needs 0.75, optimal scale: 0.80x)
[TemplateMatcher] battle_0star.png -> max conf: 0.249 (needs 0.75, optimal scale: 0.85x)
[ACTION] ✅ CV校验通过！网格(4,0)具有高亮绿色(像素:706)，准许拖拽。
[TemplateMatcher] battle_3star.png -> max conf: 0.300 (needs 0.75, optimal scale: 0.80x)
[TemplateMatcher] battle_2star.png -> max conf: 0.361 (needs 0.75, optimal scale: 0.80x)
[TemplateMatcher] battle_0star.png -> max conf: 0.302 (needs 0.75, optimal scale: 0.80x)
[REWARD] 动作已执行，开始 3 次心跳检测 (间隔 0.2s)...
[TemplateMatcher] battle_3star.png -> max conf: 0.284 (needs 0.75, optimal scale: 1.05x)
[TemplateMatcher] battle_2star.png -> max conf: 0.444 (needs 0.75, optimal scale: 0.85x)
[TemplateMatcher] battle_0star.png -> max conf: 0.263 (needs 0.75, optimal scale: 0.80x)
[REWARD] ❌ 第 1 次未检测到目标血条...
[TemplateMatcher] battle_3star.png -> max conf: 0.327 (needs 0.75, optimal scale: 0.90x)
[TemplateMatcher] battle_2star.png -> max conf: 0.465 (needs 0.75, optimal scale: 0.85x)
[TemplateMatcher] battle_0star.png -> max conf: 0.252 (needs 0.75, optimal scale: 0.85x)
[REWARD] ❌ 第 2 次未检测到目标血条...
[TemplateMatcher] battle_3star.png -> max conf: 0.297 (needs 0.75, optimal scale: 1.05x)
[TemplateMatcher] battle_2star.png -> max conf: 0.487 (needs 0.75, optimal scale: 0.80x)
[TemplateMatcher] battle_0star.png -> max conf: 0.260 (needs 0.75, optimal scale: 0.80x)
[REWARD] ❌ 第 3 次未检测到目标血条...
[REWARD] 执行前血条数: 4 -> 最终确认血条数: 4
[REWARD] 部署失败，计算前后帧 MSE (均方误差) = 447.76
[REWARD] 动作无效，但游戏仍在进行(画面有变化)。奖励 -0.2 (已清空无作为计数器)
[TemplateMatcher] pause_gear.png -> max conf: 0.908 (needs 0.5, optimal scale: 0.80x)

[STEP 31] 开始执行动作...
[TemplateMatcher] battle_3star.png -> max conf: 0.367 (needs 0.75, optimal scale: 1.00x)
[TemplateMatcher] battle_2star.png -> max conf: 0.462 (needs 0.75, optimal scale: 0.80x)
[TemplateMatcher] battle_0star.png -> max conf: 0.243 (needs 0.75, optimal scale: 0.80x)
[ACTION] AI决定: 选卡 1 -> 放入网格(2,1) -> 朝向 1
         坐标映射: 拖拽从(385,650)至(400,270) -> 方向滑动至(400,420)
[TemplateMatcher] battle_3star.png -> max conf: 0.267 (needs 0.75, optimal scale: 0.95x)
[ACTION] ⛔ Fast-Fail! 目标网格(2,1)非绿色高亮(绿像素:3)。取消拖拽。
[TemplateMatcher] battle_2star.png -> max conf: 0.350 (needs 0.75, optimal scale: 0.85x)
[TemplateMatcher] battle_0star.png -> max conf: 0.243 (needs 0.75, optimal scale: 0.80x)
[REWARD] 执行前血条数: 4 -> 最终确认血条数: 0
[REWARD] ⛔ 非法区域/无费用，已被 CV 阻断。奖励 -0.5 (连续无作为: 1次)
[TemplateMatcher] pause_gear.png -> max conf: 0.908 (needs 0.5, optimal scale: 0.80x)

[STEP 32] 开始执行动作...
[TemplateMatcher] battle_3star.png -> max conf: 0.296 (needs 0.75, optimal scale: 1.05x)
[TemplateMatcher] battle_2star.png -> max conf: 0.491 (needs 0.75, optimal scale: 0.80x)
[TemplateMatcher] battle_0star.png -> max conf: 0.248 (needs 0.75, optimal scale: 0.80x)
[ACTION] AI决定: 选卡 2 -> 放入网格(8,1) -> 朝向 3
         坐标映射: 拖拽从(475,650)至(1000,270) -> 方向滑动至(1150,270)
[TemplateMatcher] battle_3star.png -> max conf: 0.298 (needs 0.75, optimal scale: 0.85x)
[TemplateMatcher] battle_2star.png -> max conf: 0.392 (needs 0.75, optimal scale: 1.00x)
[ACTION] ✅ CV校验通过！网格(8,1)具有高亮绿色(像素:300)，准许拖拽。
[TemplateMatcher] battle_0star.png -> max conf: 0.261 (needs 0.75, optimal scale: 0.80x)
[TemplateMatcher] battle_3star.png -> max conf: 0.373 (needs 0.75, optimal scale: 0.80x)
[TemplateMatcher] battle_2star.png -> max conf: 0.320 (needs 0.75, optimal scale: 0.85x)
[TemplateMatcher] battle_0star.png -> max conf: 0.310 (needs 0.75, optimal scale: 0.80x)
[REWARD] 动作已执行，开始 3 次心跳检测 (间隔 0.2s)...
[TemplateMatcher] battle_3star.png -> max conf: 0.374 (needs 0.75, optimal scale: 0.80x)
[TemplateMatcher] battle_2star.png -> max conf: 0.318 (needs 0.75, optimal scale: 0.85x)
[TemplateMatcher] battle_0star.png -> max conf: 0.310 (needs 0.75, optimal scale: 0.80x)
[REWARD] ✅ 第 1 次检测命中目标干员血条！
[REWARD] 执行前血条数: 4 -> 最终确认血条数: 5
[REWARD] 🎯 完美落子！部署点靠近敌人 (距离: 159.8)，奖励 +2.0
[REWARD] 🛡️ 背对敌人！(角度: 157.1°)，严厉惩罚 -3.0
[TemplateMatcher] battle_3star.png -> max conf: 0.297 (needs 0.75, optimal scale: 0.85x)
[TemplateMatcher] battle_2star.png -> max conf: 0.488 (needs 0.75, optimal scale: 0.80x)
[TemplateMatcher] battle_0star.png -> max conf: 0.256 (needs 0.75, optimal scale: 0.80x)
[TemplateMatcher] pause_gear.png -> max conf: 0.908 (needs 0.5, optimal scale: 0.80x)

[STEP 33] 开始执行动作...
[ACTION] AI决定: 选卡 7 -> 放入网格(8,1) -> 朝向 0
         坐标映射: 拖拽从(925,650)至(1000,270) -> 方向滑动至(1000,120)
[TemplateMatcher] battle_3star.png -> max conf: 0.300 (needs 0.75, optimal scale: 1.05x)
[TemplateMatcher] battle_2star.png -> max conf: 0.488 (needs 0.75, optimal scale: 0.80x)
[TemplateMatcher] battle_0star.png -> max conf: 0.271 (needs 0.75, optimal scale: 0.80x)
[ACTION] ⛔ Fast-Fail! 目标网格(8,1)非绿色高亮(绿像素:0)。取消拖拽。
[REWARD] 执行前血条数: 5 -> 最终确认血条数: 0
[REWARD] ⛔ 非法区域/无费用，已被 CV 阻断。奖励 -0.5 (连续无作为: 1次)
[TemplateMatcher] battle_3star.png -> max conf: 0.301 (needs 0.75, optimal scale: 1.05x)
[TemplateMatcher] battle_2star.png -> max conf: 0.485 (needs 0.75, optimal scale: 0.80x)
[TemplateMatcher] battle_0star.png -> max conf: 0.266 (needs 0.75, optimal scale: 0.80x)
[TemplateMatcher] pause_gear.png -> max conf: 0.908 (needs 0.5, optimal scale: 0.80x)

[STEP 34] 开始执行动作...
[ACTION] AI决定: 选卡 5 -> 放入网格(2,4) -> 朝向 0
         坐标映射: 拖拽从(745,650)至(400,510) -> 方向滑动至(400,360)
[TemplateMatcher] battle_3star.png -> max conf: 0.297 (needs 0.75, optimal scale: 1.05x)
[TemplateMatcher] battle_2star.png -> max conf: 0.487 (needs 0.75, optimal scale: 0.80x)
[TemplateMatcher] battle_0star.png -> max conf: 0.269 (needs 0.75, optimal scale: 0.80x)
[ACTION] ⛔ Fast-Fail! 目标网格(2,4)非绿色高亮(绿像素:0)。取消拖拽。
[REWARD] 执行前血条数: 5 -> 最终确认血条数: 0
[REWARD] ⛔ 非法区域/无费用，已被 CV 阻断。奖励 -0.5 (连续无作为: 2次)
[TemplateMatcher] battle_3star.png -> max conf: 0.409 (needs 0.75, optimal scale: 0.80x)
[TemplateMatcher] battle_2star.png -> max conf: 0.397 (needs 0.75, optimal scale: 0.80x)
[TemplateMatcher] battle_0star.png -> max conf: 0.293 (needs 0.75, optimal scale: 0.80x)
[TemplateMatcher] pause_gear.png -> max conf: 0.681 (needs 0.5, optimal scale: 0.80x)

[STEP 35] 开始执行动作...
[ACTION] AI决定: 选卡 7 -> 放入网格(9,3) -> 朝向 2
         坐标映射: 拖拽从(925,650)至(1100,430) -> 方向滑动至(950,430)
[TemplateMatcher] battle_3star.png -> max conf: 0.396 (needs 0.75, optimal scale: 0.80x)
[TemplateMatcher] battle_2star.png -> max conf: 0.399 (needs 0.75, optimal scale: 0.80x)
[TemplateMatcher] battle_0star.png -> max conf: 0.293 (needs 0.75, optimal scale: 0.80x)
[ACTION] ⛔ Fast-Fail! 目标网格(9,3)非绿色高亮(绿像素:0)。取消拖拽。
[TemplateMatcher] battle_3star.png -> max conf: 0.000 (needs 0.75, optimal scale: 0.80x)
[REWARD] 执行前血条数: 0 -> 最终确认血条数: 0
[REWARD] ⛔ 非法区域/无费用，已被 CV 阻断。奖励 -0.5 (连续无作为: 3次)
[TemplateMatcher] battle_2star.png -> max conf: 0.000 (needs 0.75, optimal scale: 0.80x)
[TemplateMatcher] battle_0star.png -> max conf: 0.000 (needs 0.75, optimal scale: 0.80x)
[TemplateMatcher] pause_gear.png -> max conf: 0.000 (needs 0.5, optimal scale: 0.80x)
[ENV] ⚠️ 未检测到右上角齿轮图标！(连续 1/3 次)

[STEP 36] 开始执行动作...
[ACTION] AI决定: 选卡 7 -> 放入网格(7,0) -> 朝向 0
         坐标映射: 拖拽从(925,650)至(900,190) -> 方向滑动至(900,40)
[TemplateMatcher] battle_3star.png -> max conf: 0.000 (needs 0.75, optimal scale: 0.80x)
[TemplateMatcher] battle_2star.png -> max conf: 0.000 (needs 0.75, optimal scale: 0.80x)
[TemplateMatcher] battle_0star.png -> max conf: 0.000 (needs 0.75, optimal scale: 0.80x)
[ACTION] ⛔ Fast-Fail! 目标网格(7,0)非绿色高亮(绿像素:0)。取消拖拽。
[REWARD] 执行前血条数: 0 -> 最终确认血条数: 0
[REWARD] ⛔ 非法区域/无费用，已被 CV 阻断。奖励 -0.5 (连续无作为: 4次)
[TemplateMatcher] battle_3star.png -> max conf: 0.000 (needs 0.75, optimal scale: 0.80x)
[TemplateMatcher] battle_2star.png -> max conf: 0.000 (needs 0.75, optimal scale: 0.80x)
[TemplateMatcher] battle_0star.png -> max conf: 0.000 (needs 0.75, optimal scale: 0.80x)
[TemplateMatcher] pause_gear.png -> max conf: 0.000 (needs 0.5, optimal scale: 0.80x)
[ENV] ⚠️ 未检测到右上角齿轮图标！(连续 2/3 次)

[STEP 37] 开始执行动作...
[TemplateMatcher] battle_3star.png -> max conf: 0.000 (needs 0.75, optimal scale: 0.80x)
[ACTION] AI决定: 选卡 6 -> 放入网格(2,2) -> 朝向 2
         坐标映射: 拖拽从(835,650)至(400,350) -> 方向滑动至(250,350)
[TemplateMatcher] battle_2star.png -> max conf: 0.000 (needs 0.75, optimal scale: 0.80x)
[TemplateMatcher] battle_0star.png -> max conf: 0.000 (needs 0.75, optimal scale: 0.80x)
[ACTION] ⛔ Fast-Fail! 目标网格(2,2)非绿色高亮(绿像素:0)。取消拖拽。
[TemplateMatcher] battle_3star.png -> max conf: 0.000 (needs 0.75, optimal scale: 0.80x)
[TemplateMatcher] battle_2star.png -> max conf: 0.000 (needs 0.75, optimal scale: 0.80x)
[TemplateMatcher] battle_0star.png -> max conf: 0.000 (needs 0.75, optimal scale: 0.80x)
[REWARD] 执行前血条数: 0 -> 最终确认血条数: 0
[REWARD] ⛔ 非法区域/无费用，已被 CV 阻断。奖励 -0.5 (连续无作为: 5次)
[TemplateMatcher] pause_gear.png -> max conf: 0.000 (needs 0.5, optimal scale: 0.80x)
[ENV] ⚠️ 未检测到右上角齿轮图标！(连续 3/3 次)
[ENV] 🚨 优先级 3 触发：齿轮彻底消失，战斗已结束！

================= 回合结束，开始自动重启关卡 =================
[TemplateMatcher] pause_gear.png -> max conf: 0.000 (needs 0.7, optimal scale: 0.80x)
[DEBUG] 未匹配 [pause_gear] (要求阈值 0.7)
[TemplateMatcher] start_action.png -> max conf: 0.000 (needs 0.45, optimal scale: 0.80x)
[DEBUG] 未匹配 [start_action] (要求阈值 0.45)
[TemplateMatcher] practice.png -> max conf: 0.000 (needs 0.5, optimal scale: 0.80x)
[DEBUG] 未匹配 [practice] (要求阈值 0.5)
[TemplateMatcher] battle_3star.png -> max conf: 0.000 (needs 0.75, optimal scale: 0.80x)
[TemplateMatcher] stage_1_7.png -> max conf: 0.000 (needs 0.5, optimal scale: 0.80x)
[DEBUG] 未匹配 [stage_1_7] (要求阈值 0.5)
[RESET] 尝试跳过动画/寻找入口... (尝试 1/100)
[TemplateMatcher] battle_2star.png -> max conf: 0.000 (needs 0.75, optimal scale: 0.80x)
[TemplateMatcher] battle_0star.png -> max conf: 0.000 (needs 0.75, optimal scale: 0.80x)
[TemplateMatcher] battle_3star.png -> max conf: 0.348 (needs 0.75, optimal scale: 0.80x)
[TemplateMatcher] battle_2star.png -> max conf: 0.371 (needs 0.75, optimal scale: 0.80x)
[TemplateMatcher] battle_0star.png -> max conf: 0.264 (needs 0.75, optimal scale: 0.80x)
[TemplateMatcher] battle_3star.png -> max conf: 0.348 (needs 0.75, optimal scale: 0.80x)
[TemplateMatcher] battle_2star.png -> max conf: 0.371 (needs 0.75, optimal scale: 0.80x)
[TemplateMatcher] battle_0star.png -> max conf: 0.264 (needs 0.75, optimal scale: 0.80x)
[TemplateMatcher] pause_gear.png -> max conf: 0.434 (needs 0.7, optimal scale: 0.80x)
[DEBUG] 未匹配 [pause_gear] (要求阈值 0.7)
[TemplateMatcher] start_action.png -> max conf: -0.084 (needs 0.45, optimal scale: 0.80x)
[DEBUG] 未匹配 [start_action] (要求阈值 0.45)
[TemplateMatcher] practice.png -> max conf: 0.531 (needs 0.5, optimal scale: 0.80x)
[RESET] 找到 [practice] (置信度 0.53 >= 0.5)，点击 (679, 676)
[RESET] 点击演习按钮
[TemplateMatcher] battle_3star.png -> max conf: 0.348 (needs 0.75, optimal scale: 0.80x)
[TemplateMatcher] battle_2star.png -> max conf: 0.371 (needs 0.75, optimal scale: 0.80x)
[TemplateMatcher] battle_0star.png -> max conf: 0.264 (needs 0.75, optimal scale: 0.80x)
[TemplateMatcher] battle_3star.png -> max conf: 0.348 (needs 0.75, optimal scale: 0.80x)
[TemplateMatcher] battle_2star.png -> max conf: 0.371 (needs 0.75, optimal scale: 0.80x)
[TemplateMatcher] battle_0star.png -> max conf: 0.264 (needs 0.75, optimal scale: 0.80x)
[TemplateMatcher] battle_3star.png -> max conf: 0.348 (needs 0.75, optimal scale: 0.80x)
