[INFO] 正在查找 ADB 设备...
[SUCCESS] 连接到设备: MuMu安卓设备-MuMuPlayer12 v5 (127.0.0.1:16384)
[SUCCESS] 设备握手成功!
[INFO] 正在加载 YOLO 模型: D:\BiShe\MaAutomaton-main\MaAutomaton-main\models\yolo\best.pt
       使用设备: cpu
[SUCCESS] YOLO 模型加载完成!
[INFO] 正在加载模板匹配器...
[SUCCESS] 模板匹配器加载完成!
[INFO] 正在创建强化学习环境...
[ENV ERROR] 地形加载失败: [Errno 2] No such file or directory: 'D:\\BiShe\\MaAutomaton-main\\MaAutomaton-main\\Arknights-Tile-Pos-main\\Arknights-Tile-Pos-main\\levels.json'
[SUCCESS] 环境创建完成!
[INFO] 正在创建 PPO 模型...
[INFO] 未发现已有模型存档，创建全新的 PPO 婴儿大脑！
Using cpu device
[SUCCESS] PPO 模型创建完成!

================ 开始训练 ===================
总步数: 20000, 每次更新前收集步数: 128, 批次: 64
[ENV] 🛡️ 战斗全局异步监视器已启动...
[SILENT_LOG] [TemplateMatcher] pause_gear.png -> max conf: 0.215 (needs 0.55, optimal scale: 1.20x)
Logging to D:\BiShe\MaAutomaton-main\MaAutomaton-main\tensorboard_logs\PPO_1

[STEP 1] 开始执行动作...
[SILENT_LOG] [TemplateMatcher] pause_gear.png -> max conf: 0.215 (needs 0.55, optimal scale: 1.20x)

[MONITOR] 🚨 后台紧急熔断：连续 2 次未见右上角齿轮，战斗结束！
[ACTION MASKING] ⛔ 警告：手牌 8 亮度过低(无费/CD中)！代码直接拦截，不执行拖拽！
[REWARD] 执行前血条数: 0 -> 最终确认血条数: 0
[REWARD] ⛔ 动作被拦截 (非法地形/没钱/有人)。惩罚 -0.05 (连续无作为: 1次)
[ENV] 🚨 后台监视器触发熔断，本回合正式结束！

================= 回合结束，开始自动重启关卡 =================
[TemplateMatcher] pause_gear.png -> max conf: 0.215 (needs 0.7, optimal scale: 1.20x)
[DEBUG] 未匹配 [pause_gear] (要求阈值 0.7)
[TemplateMatcher] start_action.png -> max conf: 0.210 (needs 0.43, optimal scale: 0.80x)
[DEBUG] 未匹配 [start_action] (要求阈值 0.43)
[TemplateMatcher] practice.png -> max conf: 0.373 (needs 0.5, optimal scale: 0.80x)
[DEBUG] 未匹配 [practice] (要求阈值 0.5)
[TemplateMatcher] stage_1_7.png -> max conf: 0.271 (needs 0.5, optimal scale: 0.80x)
[DEBUG] 未匹配 [stage_1_7] (要求阈值 0.5)
[RESET] 尝试跳过动画/寻找入口... (尝试 1/100)
[TemplateMatcher] pause_gear.png -> max conf: 0.211 (needs 0.7, optimal scale: 1.05x)
[DEBUG] 未匹配 [pause_gear] (要求阈值 0.7)
[TemplateMatcher] start_action.png -> max conf: 0.187 (needs 0.43, optimal scale: 0.80x)
[DEBUG] 未匹配 [start_action] (要求阈值 0.43)
[TemplateMatcher] practice.png -> max conf: 0.297 (needs 0.5, optimal scale: 0.80x)
[DEBUG] 未匹配 [practice] (要求阈值 0.5)
[TemplateMatcher] stage_1_7.png -> max conf: 0.277 (needs 0.5, optimal scale: 0.85x)
[DEBUG] 未匹配 [stage_1_7] (要求阈值 0.5)
[RESET] 尝试跳过动画/寻找入口... (尝试 2/100)
[TemplateMatcher] pause_gear.png -> max conf: 0.828 (needs 0.7, optimal scale: 0.80x)
[RESET] 找到 [pause_gear] (置信度 0.83 >= 0.7)，(仅检测，不点击)
[RESET] ✅ 检测到战斗画面右上角齿轮，重启成功！
================= 关卡重启流程结束 =================

[ENV] 🛡️ 战斗全局异步监视器已启动...
[SILENT_LOG] [TemplateMatcher] pause_gear.png -> max conf: 0.908 (needs 0.55, optimal scale: 0.80x)
--> [回合结束] 第 1 回合 | 奖励: -0.1 | 步数: 1

[STEP 1] 开始执行动作...
[ACTION MASKING] ⛔ 警告：手牌 5 亮度过低(无费/CD中)！代码直接拦截，不执行拖拽！
[SILENT_LOG] [TemplateMatcher] pause_gear.png -> max conf: 0.908 (needs 0.55, optimal scale: 0.80x)
[REWARD] 执行前血条数: 0 -> 最终确认血条数: 0
[REWARD] ⛔ 动作被拦截 (非法地形/没钱/有人)。惩罚 -0.05 (连续无作为: 2次)

[STEP 2] 开始执行动作...
[ACTION MASKING] ⛔ 警告：手牌 5 亮度过低(无费/CD中)！代码直接拦截，不执行拖拽！
[SILENT_LOG] [TemplateMatcher] pause_gear.png -> max conf: 0.907 (needs 0.55, optimal scale: 0.80x)
[REWARD] 执行前血条数: 0 -> 最终确认血条数: 0
[REWARD] ⛔ 动作被拦截 (非法地形/没钱/有人)。惩罚 -0.05 (连续无作为: 3次)

[STEP 3] 开始执行动作...
[SILENT_LOG] [TemplateMatcher] pause_gear.png -> max conf: 0.908 (needs 0.55, optimal scale: 0.80x)
[ACTION] 盲狙执行: 选卡3 -> 拖拽至(8,1) 朝向2
[SILENT_LOG] [TemplateMatcher] pause_gear.png -> max conf: 0.887 (needs 0.55, optimal scale: 0.80x)
[SILENT_LOG] [TemplateMatcher] pause_gear.png -> max conf: 0.908 (needs 0.55, optimal scale: 0.80x)
[SILENT_LOG] [TemplateMatcher] pause_gear.png -> max conf: 0.908 (needs 0.55, optimal scale: 0.80x)
[SILENT_LOG] [TemplateMatcher] pause_gear.png -> max conf: 0.909 (needs 0.55, optimal scale: 0.80x)
[SILENT_LOG] [TemplateMatcher] pause_gear.png -> max conf: 0.908 (needs 0.55, optimal scale: 0.80x)
[SILENT_LOG] [TemplateMatcher] pause_gear.png -> max conf: 0.908 (needs 0.55, optimal scale: 0.80x)
[REWARD] 动作已执行，开始 3 次心跳检测血条 (间隔 0.2s)...
[SILENT_LOG] [TemplateMatcher] pause_gear.png -> max conf: 0.908 (needs 0.55, optimal scale: 0.80x)
[SILENT_LOG] [TemplateMatcher] pause_gear.png -> max conf: 0.908 (needs 0.55, optimal scale: 0.80x)
[SILENT_LOG] [TemplateMatcher] pause_gear.png -> max conf: 0.908 (needs 0.55, optimal scale: 0.80x)
[SILENT_LOG] [TemplateMatcher] pause_gear.png -> max conf: 0.907 (needs 0.55, optimal scale: 0.80x)
[REWARD] ❌ 未检测到新血条！判定为【费用不足或CD中】，强制挂机 2.0 秒等待费用恢复！
[SILENT_LOG] [TemplateMatcher] pause_gear.png -> max conf: 0.908 (needs 0.55, optimal scale: 0.80x)
[SILENT_LOG] [TemplateMatcher] pause_gear.png -> max conf: 0.908 (needs 0.55, optimal scale: 0.80x)
[SILENT_LOG] [TemplateMatcher] pause_gear.png -> max conf: 0.908 (needs 0.55, optimal scale: 0.80x)
[SILENT_LOG] [TemplateMatcher] pause_gear.png -> max conf: 0.908 (needs 0.55, optimal scale: 0.80x)
[SILENT_LOG] [TemplateMatcher] pause_gear.png -> max conf: 0.908 (needs 0.55, optimal scale: 0.80x)
[SILENT_LOG] [TemplateMatcher] pause_gear.png -> max conf: 0.908 (needs 0.55, optimal scale: 0.80x)
[REWARD] 执行前血条数: 0 -> 最终确认血条数: 0
[REWARD] ❌ 未产生血条 (游戏拒收/高低台错位/手滑)。惩罚 -0.05

[STEP 4] 开始执行动作...
[SILENT_LOG] [TemplateMatcher] pause_gear.png -> max conf: 0.908 (needs 0.55, optimal scale: 0.80x)
[ACTION] 盲狙执行: 选卡5 -> 拖拽至(1,4) 朝向3
[SILENT_LOG] [TemplateMatcher] pause_gear.png -> max conf: 0.895 (needs 0.55, optimal scale: 0.80x)
[SILENT_LOG] [TemplateMatcher] pause_gear.png -> max conf: 0.895 (needs 0.55, optimal scale: 0.80x)
[SILENT_LOG] [TemplateMatcher] pause_gear.png -> max conf: 0.892 (needs 0.55, optimal scale: 0.80x)
[SILENT_LOG] [TemplateMatcher] pause_gear.png -> max conf: 0.908 (needs 0.55, optimal scale: 0.80x)
[SILENT_LOG] [TemplateMatcher] pause_gear.png -> max conf: 0.908 (needs 0.55, optimal scale: 0.80x)
[SILENT_LOG] [TemplateMatcher] pause_gear.png -> max conf: 0.908 (needs 0.55, optimal scale: 0.80x)
[REWARD] 动作已执行，开始 3 次心跳检测血条 (间隔 0.2s)...
[SILENT_LOG] [TemplateMatcher] pause_gear.png -> max conf: 0.908 (needs 0.55, optimal scale: 0.80x)
[SILENT_LOG] [TemplateMatcher] pause_gear.png -> max conf: 0.908 (needs 0.55, optimal scale: 0.80x)
[REWARD] ✅ 第 1 次检测命中目标干员血条！
[REWARD] 执行前血条数: 0 -> 最终确认血条数: 1
[REWARD] ⚠️ 无效部署！距离敌人太远 (距离: 939.5)，惩罚 -0.2
[REWARD] ⚔️ 完美朝向！正对敌人 (角度: 329.9°)，额外奖励 +0.3

[STEP 5] 开始执行动作...
[ACTION MASKING] ⛔ 警告：手牌 6 亮度过低(无费/CD中)！代码直接拦截，不执行拖拽！
[SILENT_LOG] [TemplateMatcher] pause_gear.png -> max conf: 0.908 (needs 0.55, optimal scale: 0.80x)
[REWARD] 执行前血条数: 1 -> 最终确认血条数: 0
[REWARD] ⛔ 动作被拦截 (非法地形/没钱/有人)。惩罚 -0.05 (连续无作为: 1次)

[STEP 6] 开始执行动作...
[ACTION MASKING] ⛔ 警告：手牌 2 亮度过低(无费/CD中)！代码直接拦截，不执行拖拽！
[SILENT_LOG] [TemplateMatcher] pause_gear.png -> max conf: 0.908 (needs 0.55, optimal scale: 0.80x)
[REWARD] 执行前血条数: 1 -> 最终确认血条数: 0
[REWARD] ⛔ 动作被拦截 (非法地形/没钱/有人)。惩罚 -0.05 (连续无作为: 2次)

[STEP 7] 开始执行动作...
[ACTION MASKING] ⛔ 警告：手牌 2 亮度过低(无费/CD中)！代码直接拦截，不执行拖拽！
[SILENT_LOG] [TemplateMatcher] pause_gear.png -> max conf: 0.908 (needs 0.55, optimal scale: 0.80x)
[REWARD] 执行前血条数: 1 -> 最终确认血条数: 0
[REWARD] ⛔ 动作被拦截 (非法地形/没钱/有人)。惩罚 -0.05 (连续无作为: 3次)

[STEP 8] 开始执行动作...
[SILENT_LOG] [TemplateMatcher] pause_gear.png -> max conf: 0.908 (needs 0.55, optimal scale: 0.80x)
[ACTION MASKING] ⛔ 警告：手牌 6 亮度过低(无费/CD中)！代码直接拦截，不执行拖拽！
[REWARD] 执行前血条数: 1 -> 最终确认血条数: 0
[REWARD] ⛔ 动作被拦截 (非法地形/没钱/有人)。惩罚 -0.05 (连续无作为: 4次)

[STEP 9] 开始执行动作...
[SILENT_LOG] [TemplateMatcher] pause_gear.png -> max conf: 0.908 (needs 0.55, optimal scale: 0.80x)
[ACTION MASKING] ⛔ 警告：手牌 1 亮度过低(无费/CD中)！代码直接拦截，不执行拖拽！
[REWARD] 执行前血条数: 1 -> 最终确认血条数: 0
[REWARD] ⛔ 动作被拦截 (非法地形/没钱/有人)。惩罚 -0.05 (连续无作为: 5次)

[STEP 10] 开始执行动作...
[SILENT_LOG] [TemplateMatcher] pause_gear.png -> max conf: 0.908 (needs 0.55, optimal scale: 0.80x)
[ACTION MASKING] ⛔ 警告：手牌 8 亮度过低(无费/CD中)！代码直接拦截，不执行拖拽！
[REWARD] 执行前血条数: 1 -> 最终确认血条数: 0
[REWARD] ⛔ 动作被拦截 (非法地形/没钱/有人)。惩罚 -0.05 (连续无作为: 6次)

[STEP 11] 开始执行动作...
[SILENT_LOG] [TemplateMatcher] pause_gear.png -> max conf: 0.907 (needs 0.55, optimal scale: 0.80x)
[ACTION MASKING] ⛔ 警告：手牌 9 亮度过低(无费/CD中)！代码直接拦截，不执行拖拽！
[SILENT_LOG] [TemplateMatcher] pause_gear.png -> max conf: 0.908 (needs 0.55, optimal scale: 0.80x)
[REWARD] 执行前血条数: 1 -> 最终确认血条数: 0
[REWARD] ⛔ 动作被拦截 (非法地形/没钱/有人)。惩罚 -0.05 (连续无作为: 7次)

[STEP 12] 开始执行动作...
[ACTION MASKING] ⛔ 警告：手牌 3 亮度过低(无费/CD中)！代码直接拦截，不执行拖拽！
[SILENT_LOG] [TemplateMatcher] pause_gear.png -> max conf: 0.908 (needs 0.55, optimal scale: 0.80x)
[REWARD] 执行前血条数: 1 -> 最终确认血条数: 0
[REWARD] ⛔ 动作被拦截 (非法地形/没钱/有人)。惩罚 -0.05 (连续无作为: 8次)

[STEP 13] 开始执行动作...
[ACTION] 盲狙执行: 选卡10 -> 拖拽至(1,1) 朝向2
[SILENT_LOG] [TemplateMatcher] pause_gear.png -> max conf: 0.908 (needs 0.55, optimal scale: 0.80x)
[SILENT_LOG] [TemplateMatcher] pause_gear.png -> max conf: 0.908 (needs 0.55, optimal scale: 0.80x)
[SILENT_LOG] [TemplateMatcher] pause_gear.png -> max conf: 0.908 (needs 0.55, optimal scale: 0.80x)
[SILENT_LOG] [TemplateMatcher] pause_gear.png -> max conf: 0.908 (needs 0.55, optimal scale: 0.80x)
[SILENT_LOG] [TemplateMatcher] pause_gear.png -> max conf: 0.908 (needs 0.55, optimal scale: 0.80x)
[SILENT_LOG] [TemplateMatcher] pause_gear.png -> max conf: 0.908 (needs 0.55, optimal scale: 0.80x)
[REWARD] 动作已执行，开始 3 次心跳检测血条 (间隔 0.2s)...
[SILENT_LOG] [TemplateMatcher] pause_gear.png -> max conf: 0.908 (needs 0.55, optimal scale: 0.80x)
[SILENT_LOG] [TemplateMatcher] pause_gear.png -> max conf: 0.908 (needs 0.55, optimal scale: 0.80x)
[SILENT_LOG] [TemplateMatcher] pause_gear.png -> max conf: 0.908 (needs 0.55, optimal scale: 0.80x)
[SILENT_LOG] [TemplateMatcher] pause_gear.png -> max conf: 0.908 (needs 0.55, optimal scale: 0.80x)
[REWARD] ❌ 未检测到新血条！判定为【费用不足或CD中】，强制挂机 2.0 秒等待费用恢复！
[SILENT_LOG] [TemplateMatcher] pause_gear.png -> max conf: 0.908 (needs 0.55, optimal scale: 0.80x)
[SILENT_LOG] [TemplateMatcher] pause_gear.png -> max conf: 0.908 (needs 0.55, optimal scale: 0.80x)
[SILENT_LOG] [TemplateMatcher] pause_gear.png -> max conf: 0.908 (needs 0.55, optimal scale: 0.80x)
[SILENT_LOG] [TemplateMatcher] pause_gear.png -> max conf: 0.908 (needs 0.55, optimal scale: 0.80x)
[SILENT_LOG] [TemplateMatcher] pause_gear.png -> max conf: 0.908 (needs 0.55, optimal scale: 0.80x)
[SILENT_LOG] [TemplateMatcher] pause_gear.png -> max conf: 0.908 (needs 0.55, optimal scale: 0.80x)
[REWARD] 执行前血条数: 1 -> 最终确认血条数: 1
[REWARD] ❌ 未产生血条 (游戏拒收/高低台错位/手滑)。惩罚 -0.05

[STEP 14] 开始执行动作...
[ACTION] 盲狙执行: 选卡4 -> 拖拽至(8,4) 朝向3
[SILENT_LOG] [TemplateMatcher] pause_gear.png -> max conf: 0.908 (needs 0.55, optimal scale: 0.80x)
[SILENT_LOG] [TemplateMatcher] pause_gear.png -> max conf: 0.886 (needs 0.55, optimal scale: 0.80x)
[SILENT_LOG] [TemplateMatcher] pause_gear.png -> max conf: 0.908 (needs 0.55, optimal scale: 0.80x)
[SILENT_LOG] [TemplateMatcher] pause_gear.png -> max conf: 0.908 (needs 0.55, optimal scale: 0.80x)
[SILENT_LOG] [TemplateMatcher] pause_gear.png -> max conf: 0.908 (needs 0.55, optimal scale: 0.80x)
[SILENT_LOG] [TemplateMatcher] pause_gear.png -> max conf: 0.908 (needs 0.55, optimal scale: 0.80x)
[SILENT_LOG] [TemplateMatcher] pause_gear.png -> max conf: 0.908 (needs 0.55, optimal scale: 0.80x)
[REWARD] 动作已执行，开始 3 次心跳检测血条 (间隔 0.2s)...
[SILENT_LOG] [TemplateMatcher] pause_gear.png -> max conf: 0.908 (needs 0.55, optimal scale: 0.80x)
[SILENT_LOG] [TemplateMatcher] pause_gear.png -> max conf: 0.908 (needs 0.55, optimal scale: 0.80x)
[SILENT_LOG] [TemplateMatcher] pause_gear.png -> max conf: 0.908 (needs 0.55, optimal scale: 0.80x)
[SILENT_LOG] [TemplateMatcher] pause_gear.png -> max conf: 0.908 (needs 0.55, optimal scale: 0.80x)
[REWARD] ❌ 未检测到新血条！判定为【费用不足或CD中】，强制挂机 2.0 秒等待费用恢复！
[SILENT_LOG] [TemplateMatcher] pause_gear.png -> max conf: 0.908 (needs 0.55, optimal scale: 0.80x)
[SILENT_LOG] [TemplateMatcher] pause_gear.png -> max conf: 0.908 (needs 0.55, optimal scale: 0.80x)
[SILENT_LOG] [TemplateMatcher] pause_gear.png -> max conf: 0.908 (needs 0.55, optimal scale: 0.80x)
[SILENT_LOG] [TemplateMatcher] pause_gear.png -> max conf: 0.908 (needs 0.55, optimal scale: 0.80x)
[SILENT_LOG] [TemplateMatcher] pause_gear.png -> max conf: 0.909 (needs 0.55, optimal scale: 0.80x)
[SILENT_LOG] [TemplateMatcher] pause_gear.png -> max conf: 0.908 (needs 0.55, optimal scale: 0.80x)
[REWARD] 执行前血条数: 1 -> 最终确认血条数: 1
[REWARD] ❌ 未产生血条 (游戏拒收/高低台错位/手滑)。惩罚 -0.05

[STEP 15] 开始执行动作...
[ACTION MASKING] ⛔ 警告：手牌 0 亮度过低(无费/CD中)！代码直接拦截，不执行拖拽！
[SILENT_LOG] [TemplateMatcher] pause_gear.png -> max conf: 0.908 (needs 0.55, optimal scale: 0.80x)
[REWARD] 执行前血条数: 1 -> 最终确认血条数: 0
[REWARD] ⛔ 动作被拦截 (非法地形/没钱/有人)。惩罚 -0.05 (连续无作为: 11次)

[STEP 16] 开始执行动作...
[SILENT_LOG] [TemplateMatcher] pause_gear.png -> max conf: 0.908 (needs 0.55, optimal scale: 0.80x)
[ACTION] 盲狙执行: 选卡8 -> 拖拽至(8,2) 朝向3
[SILENT_LOG] [TemplateMatcher] pause_gear.png -> max conf: 0.855 (needs 0.55, optimal scale: 0.80x)
[SILENT_LOG] [TemplateMatcher] pause_gear.png -> max conf: 0.908 (needs 0.55, optimal scale: 0.80x)
[SILENT_LOG] [TemplateMatcher] pause_gear.png -> max conf: 0.908 (needs 0.55, optimal scale: 0.80x)
[SILENT_LOG] [TemplateMatcher] pause_gear.png -> max conf: 0.908 (needs 0.55, optimal scale: 0.80x)
[SILENT_LOG] [TemplateMatcher] pause_gear.png -> max conf: 0.908 (needs 0.55, optimal scale: 0.80x)
[SILENT_LOG] [TemplateMatcher] pause_gear.png -> max conf: 0.908 (needs 0.55, optimal scale: 0.80x)
[REWARD] 动作已执行，开始 3 次心跳检测血条 (间隔 0.2s)...
[SILENT_LOG] [TemplateMatcher] pause_gear.png -> max conf: 0.908 (needs 0.55, optimal scale: 0.80x)
[SILENT_LOG] [TemplateMatcher] pause_gear.png -> max conf: 0.908 (needs 0.55, optimal scale: 0.80x)
[SILENT_LOG] [TemplateMatcher] pause_gear.png -> max conf: 0.908 (needs 0.55, optimal scale: 0.80x)
[SILENT_LOG] [TemplateMatcher] pause_gear.png -> max conf: 0.908 (needs 0.55, optimal scale: 0.80x)
[REWARD] ❌ 未检测到新血条！判定为【费用不足或CD中】，强制挂机 2.0 秒等待费用恢复！
[SILENT_LOG] [TemplateMatcher] pause_gear.png -> max conf: 0.908 (needs 0.55, optimal scale: 0.80x)
[SILENT_LOG] [TemplateMatcher] pause_gear.png -> max conf: 0.908 (needs 0.55, optimal scale: 0.80x)
[SILENT_LOG] [TemplateMatcher] pause_gear.png -> max conf: 0.908 (needs 0.55, optimal scale: 0.80x)
[SILENT_LOG] [TemplateMatcher] pause_gear.png -> max conf: 0.908 (needs 0.55, optimal scale: 0.80x)
[SILENT_LOG] [TemplateMatcher] pause_gear.png -> max conf: 0.908 (needs 0.55, optimal scale: 0.80x)
[SILENT_LOG] [TemplateMatcher] pause_gear.png -> max conf: 0.908 (needs 0.55, optimal scale: 0.80x)
[REWARD] 执行前血条数: 1 -> 最终确认血条数: 1
[REWARD] ❌ 未产生血条 (游戏拒收/高低台错位/手滑)。惩罚 -0.05

[STEP 17] 开始执行动作...
[SILENT_LOG] [TemplateMatcher] pause_gear.png -> max conf: 0.908 (needs 0.55, optimal scale: 0.80x)
[ACTION] 盲狙执行: 选卡4 -> 拖拽至(4,2) 朝向1
[SILENT_LOG] [TemplateMatcher] pause_gear.png -> max conf: 0.885 (needs 0.55, optimal scale: 0.80x)
[SILENT_LOG] [TemplateMatcher] pause_gear.png -> max conf: 0.908 (needs 0.55, optimal scale: 0.80x)
[SILENT_LOG] [TemplateMatcher] pause_gear.png -> max conf: 0.908 (needs 0.55, optimal scale: 0.80x)
[SILENT_LOG] [TemplateMatcher] pause_gear.png -> max conf: 0.908 (needs 0.55, optimal scale: 0.80x)
[SILENT_LOG] [TemplateMatcher] pause_gear.png -> max conf: 0.908 (needs 0.55, optimal scale: 0.80x)
[SILENT_LOG] [TemplateMatcher] pause_gear.png -> max conf: 0.908 (needs 0.55, optimal scale: 0.80x)
[REWARD] 动作已执行，开始 3 次心跳检测血条 (间隔 0.2s)...
[SILENT_LOG] [TemplateMatcher] pause_gear.png -> max conf: 0.908 (needs 0.55, optimal scale: 0.80x)
[SILENT_LOG] [TemplateMatcher] pause_gear.png -> max conf: 0.908 (needs 0.55, optimal scale: 0.80x)
[SILENT_LOG] [TemplateMatcher] pause_gear.png -> max conf: 0.908 (needs 0.55, optimal scale: 0.80x)
[SILENT_LOG] [TemplateMatcher] pause_gear.png -> max conf: 0.908 (needs 0.55, optimal scale: 0.80x)
[REWARD] ❌ 未检测到新血条！判定为【费用不足或CD中】，强制挂机 2.0 秒等待费用恢复！
[SILENT_LOG] [TemplateMatcher] pause_gear.png -> max conf: 0.908 (needs 0.55, optimal scale: 0.80x)
[SILENT_LOG] [TemplateMatcher] pause_gear.png -> max conf: 0.908 (needs 0.55, optimal scale: 0.80x)
[SILENT_LOG] [TemplateMatcher] pause_gear.png -> max conf: 0.908 (needs 0.55, optimal scale: 0.80x)
[SILENT_LOG] [TemplateMatcher] pause_gear.png -> max conf: 0.908 (needs 0.55, optimal scale: 0.80x)
[SILENT_LOG] [TemplateMatcher] pause_gear.png -> max conf: 0.908 (needs 0.55, optimal scale: 0.80x)
[SILENT_LOG] [TemplateMatcher] pause_gear.png -> max conf: 0.908 (needs 0.55, optimal scale: 0.80x)
[REWARD] 执行前血条数: 1 -> 最终确认血条数: 1
[REWARD] ❌ 未产生血条 (游戏拒收/高低台错位/手滑)。惩罚 -0.05

[STEP 18] 开始执行动作...
[ACTION] 盲狙执行: 选卡6 -> 拖拽至(1,4) 朝向0
[SILENT_LOG] [TemplateMatcher] pause_gear.png -> max conf: 0.908 (needs 0.55, optimal scale: 0.80x)
[SILENT_LOG] [TemplateMatcher] pause_gear.png -> max conf: 0.886 (needs 0.55, optimal scale: 0.80x)
[SILENT_LOG] [TemplateMatcher] pause_gear.png -> max conf: 0.908 (needs 0.55, optimal scale: 0.80x)
[SILENT_LOG] [TemplateMatcher] pause_gear.png -> max conf: 0.908 (needs 0.55, optimal scale: 0.80x)
[SILENT_LOG] [TemplateMatcher] pause_gear.png -> max conf: 0.908 (needs 0.55, optimal scale: 0.80x)
[SILENT_LOG] [TemplateMatcher] pause_gear.png -> max conf: 0.908 (needs 0.55, optimal scale: 0.80x)
[SILENT_LOG] [TemplateMatcher] pause_gear.png -> max conf: 0.908 (needs 0.55, optimal scale: 0.80x)
[REWARD] 动作已执行，开始 3 次心跳检测血条 (间隔 0.2s)...
[SILENT_LOG] [TemplateMatcher] pause_gear.png -> max conf: 0.908 (needs 0.55, optimal scale: 0.80x)
[SILENT_LOG] [TemplateMatcher] pause_gear.png -> max conf: 0.908 (needs 0.55, optimal scale: 0.80x)
[SILENT_LOG] [TemplateMatcher] pause_gear.png -> max conf: 0.908 (needs 0.55, optimal scale: 0.80x)
[SILENT_LOG] [TemplateMatcher] pause_gear.png -> max conf: 0.908 (needs 0.55, optimal scale: 0.80x)
[REWARD] ❌ 未检测到新血条！判定为【费用不足或CD中】，强制挂机 2.0 秒等待费用恢复！
[SILENT_LOG] [TemplateMatcher] pause_gear.png -> max conf: 0.908 (needs 0.55, optimal scale: 0.80x)
[SILENT_LOG] [TemplateMatcher] pause_gear.png -> max conf: 0.908 (needs 0.55, optimal scale: 0.80x)
[SILENT_LOG] [TemplateMatcher] pause_gear.png -> max conf: 0.908 (needs 0.55, optimal scale: 0.80x)
[SILENT_LOG] [TemplateMatcher] pause_gear.png -> max conf: 0.908 (needs 0.55, optimal scale: 0.80x)
[SILENT_LOG] [TemplateMatcher] pause_gear.png -> max conf: 0.908 (needs 0.55, optimal scale: 0.80x)
[SILENT_LOG] [TemplateMatcher] pause_gear.png -> max conf: 0.908 (needs 0.55, optimal scale: 0.80x)
[REWARD] 执行前血条数: 1 -> 最终确认血条数: 1
[REWARD] ❌ 未产生血条 (游戏拒收/高低台错位/手滑)。惩罚 -0.05

[STEP 19] 开始执行动作...
[ACTION] 盲狙执行: 选卡5 -> 拖拽至(4,3) 朝向2
[SILENT_LOG] [TemplateMatcher] pause_gear.png -> max conf: 0.908 (needs 0.55, optimal scale: 0.80x)
[SILENT_LOG] [TemplateMatcher] pause_gear.png -> max conf: 0.885 (needs 0.55, optimal scale: 0.80x)
[SILENT_LOG] [TemplateMatcher] pause_gear.png -> max conf: 0.908 (needs 0.55, optimal scale: 0.80x)
[SILENT_LOG] [TemplateMatcher] pause_gear.png -> max conf: 0.908 (needs 0.55, optimal scale: 0.80x)
[SILENT_LOG] [TemplateMatcher] pause_gear.png -> max conf: 0.908 (needs 0.55, optimal scale: 0.80x)
[SILENT_LOG] [TemplateMatcher] pause_gear.png -> max conf: 0.908 (needs 0.55, optimal scale: 0.80x)
[SILENT_LOG] [TemplateMatcher] pause_gear.png -> max conf: 0.908 (needs 0.55, optimal scale: 0.80x)
[REWARD] 动作已执行，开始 3 次心跳检测血条 (间隔 0.2s)...
[SILENT_LOG] [TemplateMatcher] pause_gear.png -> max conf: 0.909 (needs 0.55, optimal scale: 0.80x)
[SILENT_LOG] [TemplateMatcher] pause_gear.png -> max conf: 0.908 (needs 0.55, optimal scale: 0.80x)
[SILENT_LOG] [TemplateMatcher] pause_gear.png -> max conf: 0.908 (needs 0.55, optimal scale: 0.80x)
[SILENT_LOG] [TemplateMatcher] pause_gear.png -> max conf: 0.908 (needs 0.55, optimal scale: 0.80x)
[REWARD] ❌ 未检测到新血条！判定为【费用不足或CD中】，强制挂机 2.0 秒等待费用恢复！
[SILENT_LOG] [TemplateMatcher] pause_gear.png -> max conf: 0.908 (needs 0.55, optimal scale: 0.80x)
[SILENT_LOG] [TemplateMatcher] pause_gear.png -> max conf: 0.908 (needs 0.55, optimal scale: 0.80x)
[SILENT_LOG] [TemplateMatcher] pause_gear.png -> max conf: 0.908 (needs 0.55, optimal scale: 0.80x)
[SILENT_LOG] [TemplateMatcher] pause_gear.png -> max conf: 0.908 (needs 0.55, optimal scale: 0.80x)
[SILENT_LOG] [TemplateMatcher] pause_gear.png -> max conf: 0.908 (needs 0.55, optimal scale: 0.80x)
[SILENT_LOG] [TemplateMatcher] pause_gear.png -> max conf: 0.908 (needs 0.55, optimal scale: 0.80x)
[REWARD] 执行前血条数: 1 -> 最终确认血条数: 1
[REWARD] ❌ 未产生血条 (游戏拒收/高低台错位/手滑)。惩罚 -0.05
[SAVE] 自动保存进度 (Step 20) -> policy_latest.zip

[STEP 20] 开始执行动作...
[SILENT_LOG] [TemplateMatcher] pause_gear.png -> max conf: 0.908 (needs 0.55, optimal scale: 0.80x)
[ACTION] 盲狙执行: 选卡8 -> 拖拽至(9,2) 朝向2
[SILENT_LOG] [TemplateMatcher] pause_gear.png -> max conf: 0.887 (needs 0.55, optimal scale: 0.80x)
[SILENT_LOG] [TemplateMatcher] pause_gear.png -> max conf: 0.908 (needs 0.55, optimal scale: 0.80x)
[SILENT_LOG] [TemplateMatcher] pause_gear.png -> max conf: 0.906 (needs 0.55, optimal scale: 0.80x)
[SILENT_LOG] [TemplateMatcher] pause_gear.png -> max conf: 0.553 (needs 0.55, optimal scale: 0.80x)
[SILENT_LOG] [TemplateMatcher] pause_gear.png -> max conf: 0.553 (needs 0.55, optimal scale: 0.80x)
[SILENT_LOG] [TemplateMatcher] pause_gear.png -> max conf: 0.553 (needs 0.55, optimal scale: 0.80x)
[REWARD] 动作已执行，开始 3 次心跳检测血条 (间隔 0.2s)...
[SILENT_LOG] [TemplateMatcher] pause_gear.png -> max conf: 0.553 (needs 0.55, optimal scale: 0.80x)
[SILENT_LOG] [TemplateMatcher] pause_gear.png -> max conf: 0.553 (needs 0.55, optimal scale: 0.80x)
[SILENT_LOG] [TemplateMatcher] pause_gear.png -> max conf: 0.553 (needs 0.55, optimal scale: 0.80x)
[SILENT_LOG] [TemplateMatcher] pause_gear.png -> max conf: 0.553 (needs 0.55, optimal scale: 0.80x)
[REWARD] ❌ 未检测到新血条！判定为【费用不足或CD中】，强制挂机 2.0 秒等待费用恢复！
[SILENT_LOG] [TemplateMatcher] pause_gear.png -> max conf: 0.553 (needs 0.55, optimal scale: 0.80x)
[SILENT_LOG] [TemplateMatcher] pause_gear.png -> max conf: 0.553 (needs 0.55, optimal scale: 0.80x)
[SILENT_LOG] [TemplateMatcher] pause_gear.png -> max conf: 0.553 (needs 0.55, optimal scale: 0.80x)
[SILENT_LOG] [TemplateMatcher] pause_gear.png -> max conf: 0.553 (needs 0.55, optimal scale: 0.80x)
[SILENT_LOG] [TemplateMatcher] pause_gear.png -> max conf: 0.553 (needs 0.55, optimal scale: 0.80x)
[SILENT_LOG] [TemplateMatcher] pause_gear.png -> max conf: 0.553 (needs 0.55, optimal scale: 0.80x)
[REWARD] 执行前血条数: 1 -> 最终确认血条数: 0
[REWARD] ❌ 未产生血条 (游戏拒收/高低台错位/手滑)。惩罚 -0.05

[STEP 21] 开始执行动作...
[ACTION MASKING] ⛔ 警告：手牌 8 亮度过低(无费/CD中)！代码直接拦截，不执行拖拽！
[SILENT_LOG] [TemplateMatcher] pause_gear.png -> max conf: 0.553 (needs 0.55, optimal scale: 0.80x)
[REWARD] 执行前血条数: 0 -> 最终确认血条数: 0
[REWARD] ⛔ 动作被拦截 (非法地形/没钱/有人)。惩罚 -0.05 (连续无作为: 17次)

[STEP 22] 开始执行动作...
[SILENT_LOG] [TemplateMatcher] pause_gear.png -> max conf: 0.553 (needs 0.55, optimal scale: 0.80x)
[ACTION MASKING] ⛔ 警告：手牌 3 亮度过低(无费/CD中)！代码直接拦截，不执行拖拽！
[REWARD] 执行前血条数: 0 -> 最终确认血条数: 0
[REWARD] ⛔ 动作被拦截 (非法地形/没钱/有人)。惩罚 -0.05 (连续无作为: 18次)

[STEP 23] 开始执行动作...
[SILENT_LOG] [TemplateMatcher] pause_gear.png -> max conf: 0.553 (needs 0.55, optimal scale: 0.80x)
[ACTION MASKING] ⛔ 警告：手牌 9 亮度过低(无费/CD中)！代码直接拦截，不执行拖拽！
[REWARD] 执行前血条数: 0 -> 最终确认血条数: 0
[REWARD] ⛔ 动作被拦截 (非法地形/没钱/有人)。惩罚 -0.05 (连续无作为: 19次)

[STEP 24] 开始执行动作...
[SILENT_LOG] [TemplateMatcher] pause_gear.png -> max conf: 0.553 (needs 0.55, optimal scale: 0.80x)
[ACTION MASKING] ⛔ 警告：手牌 5 亮度过低(无费/CD中)！代码直接拦截，不执行拖拽！
[SILENT_LOG] [TemplateMatcher] pause_gear.png -> max conf: 0.553 (needs 0.55, optimal scale: 0.80x)
[REWARD] 执行前血条数: 0 -> 最终确认血条数: 0
[REWARD] ⛔ 动作被拦截 (非法地形/没钱/有人)。惩罚 -0.05 (连续无作为: 20次)

[STEP 25] 开始执行动作...
[ACTION MASKING] ⛔ 警告：手牌 8 亮度过低(无费/CD中)！代码直接拦截，不执行拖拽！
[SILENT_LOG] [TemplateMatcher] pause_gear.png -> max conf: 0.553 (needs 0.55, optimal scale: 0.80x)
[REWARD] 执行前血条数: 0 -> 最终确认血条数: 0
[REWARD] ⛔ 动作被拦截 (非法地形/没钱/有人)。惩罚 -0.05 (连续无作为: 21次)

[STEP 26] 开始执行动作...
[ACTION MASKING] ⛔ 警告：手牌 8 亮度过低(无费/CD中)！代码直接拦截，不执行拖拽！
[SILENT_LOG] [TemplateMatcher] pause_gear.png -> max conf: 0.553 (needs 0.55, optimal scale: 0.80x)
[REWARD] 执行前血条数: 0 -> 最终确认血条数: 0
[REWARD] ⛔ 动作被拦截 (非法地形/没钱/有人)。惩罚 -0.05 (连续无作为: 22次)

[STEP 27] 开始执行动作...
[SILENT_LOG] [TemplateMatcher] pause_gear.png -> max conf: 0.553 (needs 0.55, optimal scale: 0.80x)
[ACTION MASKING] ⛔ 警告：手牌 7 亮度过低(无费/CD中)！代码直接拦截，不执行拖拽！
[REWARD] 执行前血条数: 0 -> 最终确认血条数: 0
[REWARD] ⛔ 动作被拦截 (非法地形/没钱/有人)。惩罚 -0.05 (连续无作为: 23次)

[STEP 28] 开始执行动作...
[SILENT_LOG] [TemplateMatcher] pause_gear.png -> max conf: 0.553 (needs 0.55, optimal scale: 0.80x)
[ACTION MASKING] ⛔ 警告：手牌 8 亮度过低(无费/CD中)！代码直接拦截，不执行拖拽！
[REWARD] 执行前血条数: 0 -> 最终确认血条数: 0
[REWARD] ⛔ 动作被拦截 (非法地形/没钱/有人)。惩罚 -0.05 (连续无作为: 24次)

[STEP 29] 开始执行动作...
[SILENT_LOG] [TemplateMatcher] pause_gear.png -> max conf: 0.553 (needs 0.55, optimal scale: 0.80x)
[ACTION MASKING] ⛔ 警告：手牌 6 亮度过低(无费/CD中)！代码直接拦截，不执行拖拽！
[REWARD] 执行前血条数: 0 -> 最终确认血条数: 0
[REWARD] ⛔ 动作被拦截 (非法地形/没钱/有人)。惩罚 -0.05 (连续无作为: 25次)

[STEP 30] 开始执行动作...
[SILENT_LOG] [TemplateMatcher] pause_gear.png -> max conf: 0.553 (needs 0.55, optimal scale: 0.80x)
[ACTION MASKING] ⛔ 警告：手牌 9 亮度过低(无费/CD中)！代码直接拦截，不执行拖拽！
[SILENT_LOG] [TemplateMatcher] pause_gear.png -> max conf: 0.553 (needs 0.55, optimal scale: 0.80x)
[REWARD] 执行前血条数: 0 -> 最终确认血条数: 0
[REWARD] ⛔ 动作被拦截 (非法地形/没钱/有人)。惩罚 -0.05 (连续无作为: 26次)

[STEP 31] 开始执行动作...
[ACTION MASKING] ⛔ 警告：手牌 9 亮度过低(无费/CD中)！代码直接拦截，不执行拖拽！
[SILENT_LOG] [TemplateMatcher] pause_gear.png -> max conf: 0.553 (needs 0.55, optimal scale: 0.80x)
[REWARD] 执行前血条数: 0 -> 最终确认血条数: 0
[REWARD] ⛔ 动作被拦截 (非法地形/没钱/有人)。惩罚 -0.05 (连续无作为: 27次)

[STEP 32] 开始执行动作...
[ACTION MASKING] ⛔ 警告：手牌 4 亮度过低(无费/CD中)！代码直接拦截，不执行拖拽！
[SILENT_LOG] [TemplateMatcher] pause_gear.png -> max conf: 0.553 (needs 0.55, optimal scale: 0.80x)
[REWARD] 执行前血条数: 0 -> 最终确认血条数: 0
[REWARD] ⛔ 动作被拦截 (非法地形/没钱/有人)。惩罚 -0.05 (连续无作为: 28次)

[STEP 33] 开始执行动作...
[ACTION MASKING] ⛔ 警告：手牌 2 亮度过低(无费/CD中)！代码直接拦截，不执行拖拽！
[SILENT_LOG] [TemplateMatcher] pause_gear.png -> max conf: 0.553 (needs 0.55, optimal scale: 0.80x)
[REWARD] 执行前血条数: 0 -> 最终确认血条数: 0
[REWARD] ⛔ 动作被拦截 (非法地形/没钱/有人)。惩罚 -0.05 (连续无作为: 29次)

[STEP 34] 开始执行动作...
[SILENT_LOG] [TemplateMatcher] pause_gear.png -> max conf: 0.553 (needs 0.55, optimal scale: 0.80x)
[ACTION MASKING] ⛔ 警告：手牌 4 亮度过低(无费/CD中)！代码直接拦截，不执行拖拽！
[REWARD] 执行前血条数: 0 -> 最终确认血条数: 0
[REWARD] ⛔ 动作被拦截 (非法地形/没钱/有人)。惩罚 -0.05 (连续无作为: 30次)

[STEP 35] 开始执行动作...
[SILENT_LOG] [TemplateMatcher] pause_gear.png -> max conf: 0.553 (needs 0.55, optimal scale: 0.80x)
[ACTION] 盲狙执行: 选卡10 -> 拖拽至(5,1) 朝向3
[SILENT_LOG] [TemplateMatcher] pause_gear.png -> max conf: 0.556 (needs 0.55, optimal scale: 0.80x)
[SILENT_LOG] [TemplateMatcher] pause_gear.png -> max conf: 0.675 (needs 0.55, optimal scale: 0.80x)

[MONITOR] 🚨 后台紧急熔断：画面剧变 (MSE=8239.29 > 8000)！
[REWARD] 动作已执行，开始 3 次心跳检测血条 (间隔 0.2s)...
[REWARD] ❌ 未检测到新血条！判定为【费用不足或CD中】，强制挂机 2.0 秒等待费用恢复！
[REWARD] 执行前血条数: 0 -> 最终确认血条数: 0
[REWARD] ❌ 未产生血条 (游戏拒收/高低台错位/手滑)。惩罚 -0.05
[ENV] 🚨 后台监视器触发熔断，本回合正式结束！

================= 回合结束，开始自动重启关卡 =================
[TemplateMatcher] pause_gear.png -> max conf: 0.000 (needs 0.7, optimal scale: 0.80x)
[DEBUG] 未匹配 [pause_gear] (要求阈值 0.7)
[TemplateMatcher] start_action.png -> max conf: 0.000 (needs 0.43, optimal scale: 0.80x)
[DEBUG] 未匹配 [start_action] (要求阈值 0.43)
[TemplateMatcher] practice.png -> max conf: 0.000 (needs 0.5, optimal scale: 0.80x)
[DEBUG] 未匹配 [practice] (要求阈值 0.5)
[TemplateMatcher] stage_1_7.png -> max conf: 0.000 (needs 0.5, optimal scale: 0.80x)
[DEBUG] 未匹配 [stage_1_7] (要求阈值 0.5)
[RESET] 尝试跳过动画/寻找入口... (尝试 1/100)
[TemplateMatcher] pause_gear.png -> max conf: 0.447 (needs 0.7, optimal scale: 0.80x)
[DEBUG] 未匹配 [pause_gear] (要求阈值 0.7)
[TemplateMatcher] start_action.png -> max conf: 0.058 (needs 0.43, optimal scale: 0.80x)
[DEBUG] 未匹配 [start_action] (要求阈值 0.43)
[TemplateMatcher] practice.png -> max conf: 0.587 (needs 0.5, optimal scale: 1.10x)
[RESET] 找到 [practice] (置信度 0.59 >= 0.5)，点击 (849, 673)
[RESET] 点击演习按钮
[TemplateMatcher] pause_gear.png -> max conf: 0.447 (needs 0.7, optimal scale: 0.80x)
[DEBUG] 未匹配 [pause_gear] (要求阈值 0.7)
[TemplateMatcher] start_action.png -> max conf: 0.058 (needs 0.43, optimal scale: 0.80x)
[DEBUG] 未匹配 [start_action] (要求阈值 0.43)
[TemplateMatcher] practice.png -> max conf: 0.587 (needs 0.5, optimal scale: 1.10x)
[RESET] 找到 [practice] (置信度 0.59 >= 0.5)，点击 (849, 673)
[RESET] 点击演习按钮
[TemplateMatcher] pause_gear.png -> max conf: 0.490 (needs 0.7, optimal scale: 0.80x)
[DEBUG] 未匹配 [pause_gear] (要求阈值 0.7)
[TemplateMatcher] start_action.png -> max conf: -0.011 (needs 0.43, optimal scale: 0.80x)
[DEBUG] 未匹配 [start_action] (要求阈值 0.43)
[TemplateMatcher] practice.png -> max conf: 0.522 (needs 0.5, optimal scale: 0.80x)
[RESET] 找到 [practice] (置信度 0.52 >= 0.5)，点击 (533, 603)
[RESET] 点击演习按钮
[TemplateMatcher] pause_gear.png -> max conf: 0.490 (needs 0.7, optimal scale: 0.80x)
[DEBUG] 未匹配 [pause_gear] (要求阈值 0.7)
[TemplateMatcher] start_action.png -> max conf: -0.011 (needs 0.43, optimal scale: 0.80x)
[DEBUG] 未匹配 [start_action] (要求阈值 0.43)
[TemplateMatcher] practice.png -> max conf: 0.522 (needs 0.5, optimal scale: 0.80x)
[RESET] 找到 [practice] (置信度 0.52 >= 0.5)，点击 (533, 603)
[RESET] 点击演习按钮
[TemplateMatcher] pause_gear.png -> max conf: 0.490 (needs 0.7, optimal scale: 0.80x)
[DEBUG] 未匹配 [pause_gear] (要求阈值 0.7)
[TemplateMatcher] start_action.png -> max conf: -0.011 (needs 0.43, optimal scale: 0.80x)
[DEBUG] 未匹配 [start_action] (要求阈值 0.43)
[TemplateMatcher] practice.png -> max conf: 0.522 (needs 0.5, optimal scale: 0.80x)
[RESET] 找到 [practice] (置信度 0.52 >= 0.5)，点击 (533, 603)
[RESET] 点击演习按钮
[TemplateMatcher] pause_gear.png -> max conf: 0.473 (needs 0.7, optimal scale: 0.90x)
[DEBUG] 未匹配 [pause_gear] (要求阈值 0.7)
[TemplateMatcher] start_action.png -> max conf: 0.027 (needs 0.43, optimal scale: 0.80x)
[DEBUG] 未匹配 [start_action] (要求阈值 0.43)
[TemplateMatcher] practice.png -> max conf: 0.489 (needs 0.5, optimal scale: 0.85x)
[DEBUG] 未匹配 [practice] (要求阈值 0.5)
[TemplateMatcher] stage_1_7.png -> max conf: 0.712 (needs 0.5, optimal scale: 0.80x)
[RESET] 找到 [stage_1_7] (置信度 0.71 >= 0.5)，点击 (638, 224)
[RESET] 点击关卡 1-7 图标
[TemplateMatcher] pause_gear.png -> max conf: 0.612 (needs 0.7, optimal scale: 1.10x)
[DEBUG] 未匹配 [pause_gear] (要求阈值 0.7)
[TemplateMatcher] start_action.png -> max conf: 0.103 (needs 0.43, optimal scale: 0.80x)
[DEBUG] 未匹配 [start_action] (要求阈值 0.43)
[TemplateMatcher] practice.png -> max conf: 0.687 (needs 0.5, optimal scale: 0.80x)
[RESET] 找到 [practice] (置信度 0.69 >= 0.5)，点击 (935, 660)
[RESET] 点击演习按钮
[TemplateMatcher] pause_gear.png -> max conf: 0.470 (needs 0.7, optimal scale: 1.05x)
[DEBUG] 未匹配 [pause_gear] (要求阈值 0.7)
[TemplateMatcher] start_action.png -> max conf: 0.431 (needs 0.43, optimal scale: 0.80x)
[RESET] 找到 [start_action] (置信度 0.43 >= 0.43)，点击 (1101, 516)
[RESET] 点击开始行动，进入加载...
[TemplateMatcher] pause_gear.png -> max conf: 0.000 (needs 0.7, optimal scale: 0.80x)
[DEBUG] 未匹配 [pause_gear] (要求阈值 0.7)
[TemplateMatcher] start_action.png -> max conf: 0.000 (needs 0.43, optimal scale: 0.80x)
[DEBUG] 未匹配 [start_action] (要求阈值 0.43)
[TemplateMatcher] practice.png -> max conf: 0.000 (needs 0.5, optimal scale: 0.80x)
[DEBUG] 未匹配 [practice] (要求阈值 0.5)
[TemplateMatcher] stage_1_7.png -> max conf: 0.000 (needs 0.5, optimal scale: 0.80x)
[DEBUG] 未匹配 [stage_1_7] (要求阈值 0.5)
[RESET] 尝试跳过动画/寻找入口... (尝试 10/100)
[TemplateMatcher] pause_gear.png -> max conf: 0.000 (needs 0.7, optimal scale: 0.80x)
[DEBUG] 未匹配 [pause_gear] (要求阈值 0.7)
[TemplateMatcher] start_action.png -> max conf: 0.000 (needs 0.43, optimal scale: 0.80x)
[DEBUG] 未匹配 [start_action] (要求阈值 0.43)
[TemplateMatcher] practice.png -> max conf: 0.000 (needs 0.5, optimal scale: 0.80x)
[DEBUG] 未匹配 [practice] (要求阈值 0.5)
[TemplateMatcher] stage_1_7.png -> max conf: 0.000 (needs 0.5, optimal scale: 0.80x)
[DEBUG] 未匹配 [stage_1_7] (要求阈值 0.5)
[RESET] 尝试跳过动画/寻找入口... (尝试 11/100)
[TemplateMatcher] pause_gear.png -> max conf: 0.000 (needs 0.7, optimal scale: 0.80x)
[DEBUG] 未匹配 [pause_gear] (要求阈值 0.7)
[TemplateMatcher] start_action.png -> max conf: 0.000 (needs 0.43, optimal scale: 0.80x)
[DEBUG] 未匹配 [start_action] (要求阈值 0.43)
[TemplateMatcher] practice.png -> max conf: 0.000 (needs 0.5, optimal scale: 0.80x)
[DEBUG] 未匹配 [practice] (要求阈值 0.5)
[TemplateMatcher] stage_1_7.png -> max conf: 0.000 (needs 0.5, optimal scale: 0.80x)
[DEBUG] 未匹配 [stage_1_7] (要求阈值 0.5)
[RESET] 尝试跳过动画/寻找入口... (尝试 12/100)
[TemplateMatcher] pause_gear.png -> max conf: 0.511 (needs 0.7, optimal scale: 1.20x)
[DEBUG] 未匹配 [pause_gear] (要求阈值 0.7)
[TemplateMatcher] start_action.png -> max conf: -0.052 (needs 0.43, optimal scale: 0.80x)
[DEBUG] 未匹配 [start_action] (要求阈值 0.43)
[TemplateMatcher] practice.png -> max conf: 0.379 (needs 0.5, optimal scale: 0.90x)
[DEBUG] 未匹配 [practice] (要求阈值 0.5)
[TemplateMatcher] stage_1_7.png -> max conf: 0.411 (needs 0.5, optimal scale: 0.90x)
[DEBUG] 未匹配 [stage_1_7] (要求阈值 0.5)
[RESET] 尝试跳过动画/寻找入口... (尝试 13/100)
[TemplateMatcher] pause_gear.png -> max conf: 0.511 (needs 0.7, optimal scale: 1.20x)
[DEBUG] 未匹配 [pause_gear] (要求阈值 0.7)
[TemplateMatcher] start_action.png -> max conf: -0.052 (needs 0.43, optimal scale: 0.80x)
[DEBUG] 未匹配 [start_action] (要求阈值 0.43)
[TemplateMatcher] practice.png -> max conf: 0.379 (needs 0.5, optimal scale: 0.90x)
[DEBUG] 未匹配 [practice] (要求阈值 0.5)
[TemplateMatcher] stage_1_7.png -> max conf: 0.411 (needs 0.5, optimal scale: 0.90x)
[DEBUG] 未匹配 [stage_1_7] (要求阈值 0.5)
[RESET] 尝试跳过动画/寻找入口... (尝试 14/100)
[TemplateMatcher] pause_gear.png -> max conf: 0.215 (needs 0.7, optimal scale: 1.20x)
[DEBUG] 未匹配 [pause_gear] (要求阈值 0.7)
[TemplateMatcher] start_action.png -> max conf: 0.210 (needs 0.43, optimal scale: 0.80x)
[DEBUG] 未匹配 [start_action] (要求阈值 0.43)
[TemplateMatcher] practice.png -> max conf: 0.373 (needs 0.5, optimal scale: 0.80x)
[DEBUG] 未匹配 [practice] (要求阈值 0.5)
[TemplateMatcher] stage_1_7.png -> max conf: 0.271 (needs 0.5, optimal scale: 0.80x)
[DEBUG] 未匹配 [stage_1_7] (要求阈值 0.5)
[RESET] 尝试跳过动画/寻找入口... (尝试 15/100)
[TemplateMatcher] pause_gear.png -> max conf: 0.215 (needs 0.7, optimal scale: 1.20x)
[DEBUG] 未匹配 [pause_gear] (要求阈值 0.7)
[TemplateMatcher] start_action.png -> max conf: 0.210 (needs 0.43, optimal scale: 0.80x)
[DEBUG] 未匹配 [start_action] (要求阈值 0.43)
[TemplateMatcher] practice.png -> max conf: 0.373 (needs 0.5, optimal scale: 0.80x)
[DEBUG] 未匹配 [practice] (要求阈值 0.5)
[TemplateMatcher] stage_1_7.png -> max conf: 0.271 (needs 0.5, optimal scale: 0.80x)
[DEBUG] 未匹配 [stage_1_7] (要求阈值 0.5)
[RESET] 尝试跳过动画/寻找入口... (尝试 16/100)
[TemplateMatcher] pause_gear.png -> max conf: 0.211 (needs 0.7, optimal scale: 1.05x)
[DEBUG] 未匹配 [pause_gear] (要求阈值 0.7)
[TemplateMatcher] start_action.png -> max conf: 0.187 (needs 0.43, optimal scale: 0.80x)
[DEBUG] 未匹配 [start_action] (要求阈值 0.43)
[TemplateMatcher] practice.png -> max conf: 0.297 (needs 0.5, optimal scale: 0.80x)
[DEBUG] 未匹配 [practice] (要求阈值 0.5)
[TemplateMatcher] stage_1_7.png -> max conf: 0.277 (needs 0.5, optimal scale: 0.85x)
[DEBUG] 未匹配 [stage_1_7] (要求阈值 0.5)
[RESET] 尝试跳过动画/寻找入口... (尝试 17/100)
[TemplateMatcher] pause_gear.png -> max conf: 0.867 (needs 0.7, optimal scale: 0.80x)
[RESET] 找到 [pause_gear] (置信度 0.87 >= 0.7)，(仅检测，不点击)
[RESET] ✅ 检测到战斗画面右上角齿轮，重启成功！
================= 关卡重启流程结束 =================

[ENV] 🛡️ 战斗全局异步监视器已启动...
[SILENT_LOG] [TemplateMatcher] pause_gear.png -> max conf: 0.907 (needs 0.55, optimal scale: 0.80x)
--> [回合结束] 第 2 回合 | 奖励: -0.6 | 步数: 35

[STEP 1] 开始执行动作...
[ACTION MASKING] ⛔ 警告：手牌 4 亮度过低(无费/CD中)！代码直接拦截，不执行拖拽！
[SILENT_LOG] [TemplateMatcher] pause_gear.png -> max conf: 0.908 (needs 0.55, optimal scale: 0.80x)
[REWARD] 执行前血条数: 0 -> 最终确认血条数: 0
[REWARD] ⛔ 动作被拦截 (非法地形/没钱/有人)。惩罚 -0.05 (连续无作为: 32次)

[STEP 2] 开始执行动作...
[SILENT_LOG] [TemplateMatcher] pause_gear.png -> max conf: 0.908 (needs 0.55, optimal scale: 0.80x)
[ACTION MASKING] ⛔ 警告：手牌 0 亮度过低(无费/CD中)！代码直接拦截，不执行拖拽！
[REWARD] 执行前血条数: 0 -> 最终确认血条数: 0
[REWARD] ⛔ 动作被拦截 (非法地形/没钱/有人)。惩罚 -0.05 (连续无作为: 33次)

[STEP 3] 开始执行动作...
[SILENT_LOG] [TemplateMatcher] pause_gear.png -> max conf: 0.908 (needs 0.55, optimal scale: 0.80x)
[ACTION MASKING] ⛔ 警告：手牌 8 亮度过低(无费/CD中)！代码直接拦截，不执行拖拽！
[SILENT_LOG] [TemplateMatcher] pause_gear.png -> max conf: 0.908 (needs 0.55, optimal scale: 0.80x)
[REWARD] 执行前血条数: 0 -> 最终确认血条数: 0
[REWARD] ⛔ 动作被拦截 (非法地形/没钱/有人)。惩罚 -0.05 (连续无作为: 34次)

[STEP 4] 开始执行动作...
[ACTION] 盲狙执行: 选卡4 -> 拖拽至(0,2) 朝向3
[SILENT_LOG] [TemplateMatcher] pause_gear.png -> max conf: 0.891 (needs 0.55, optimal scale: 0.80x)
[SILENT_LOG] [TemplateMatcher] pause_gear.png -> max conf: 0.908 (needs 0.55, optimal scale: 0.80x)
[SILENT_LOG] [TemplateMatcher] pause_gear.png -> max conf: 0.908 (needs 0.55, optimal scale: 0.80x)
[SILENT_LOG] [TemplateMatcher] pause_gear.png -> max conf: 0.908 (needs 0.55, optimal scale: 0.80x)
[SILENT_LOG] [TemplateMatcher] pause_gear.png -> max conf: 0.908 (needs 0.55, optimal scale: 0.80x)
[SILENT_LOG] [TemplateMatcher] pause_gear.png -> max conf: 0.908 (needs 0.55, optimal scale: 0.80x)
[REWARD] 动作已执行，开始 3 次心跳检测血条 (间隔 0.2s)...
[SILENT_LOG] [TemplateMatcher] pause_gear.png -> max conf: 0.908 (needs 0.55, optimal scale: 0.80x)
[SILENT_LOG] [TemplateMatcher] pause_gear.png -> max conf: 0.908 (needs 0.55, optimal scale: 0.80x)
[SILENT_LOG] [TemplateMatcher] pause_gear.png -> max conf: 0.908 (needs 0.55, optimal scale: 0.80x)
[SILENT_LOG] [TemplateMatcher] pause_gear.png -> max conf: 0.908 (needs 0.55, optimal scale: 0.80x)
[REWARD] ❌ 未检测到新血条！判定为【费用不足或CD中】，强制挂机 2.0 秒等待费用恢复！
[SILENT_LOG] [TemplateMatcher] pause_gear.png -> max conf: 0.908 (needs 0.55, optimal scale: 0.80x)
[SILENT_LOG] [TemplateMatcher] pause_gear.png -> max conf: 0.908 (needs 0.55, optimal scale: 0.80x)
[SILENT_LOG] [TemplateMatcher] pause_gear.png -> max conf: 0.908 (needs 0.55, optimal scale: 0.80x)
[SILENT_LOG] [TemplateMatcher] pause_gear.png -> max conf: 0.908 (needs 0.55, optimal scale: 0.80x)
[SILENT_LOG] [TemplateMatcher] pause_gear.png -> max conf: 0.908 (needs 0.55, optimal scale: 0.80x)
[SILENT_LOG] [TemplateMatcher] pause_gear.png -> max conf: 0.908 (needs 0.55, optimal scale: 0.80x)
[REWARD] 执行前血条数: 0 -> 最终确认血条数: 0
[REWARD] ❌ 未产生血条 (游戏拒收/高低台错位/手滑)。惩罚 -0.05
[SAVE] 自动保存进度 (Step 40) -> policy_latest.zip

[STEP 5] 开始执行动作...
[SILENT_LOG] [TemplateMatcher] pause_gear.png -> max conf: 0.908 (needs 0.55, optimal scale: 0.80x)
[ACTION] 盲狙执行: 选卡11 -> 拖拽至(6,3) 朝向3
[SILENT_LOG] [TemplateMatcher] pause_gear.png -> max conf: 0.908 (needs 0.55, optimal scale: 0.80x)
[SILENT_LOG] [TemplateMatcher] pause_gear.png -> max conf: 0.908 (needs 0.55, optimal scale: 0.80x)
[SILENT_LOG] [TemplateMatcher] pause_gear.png -> max conf: 0.908 (needs 0.55, optimal scale: 0.80x)
[SILENT_LOG] [TemplateMatcher] pause_gear.png -> max conf: 0.908 (needs 0.55, optimal scale: 0.80x)
[SILENT_LOG] [TemplateMatcher] pause_gear.png -> max conf: 0.908 (needs 0.55, optimal scale: 0.80x)
[SILENT_LOG] [TemplateMatcher] pause_gear.png -> max conf: 0.907 (needs 0.55, optimal scale: 0.80x)
[REWARD] 动作已执行，开始 3 次心跳检测血条 (间隔 0.2s)...
[SILENT_LOG] [TemplateMatcher] pause_gear.png -> max conf: 0.908 (needs 0.55, optimal scale: 0.80x)
[SILENT_LOG] [TemplateMatcher] pause_gear.png -> max conf: 0.908 (needs 0.55, optimal scale: 0.80x)
[SILENT_LOG] [TemplateMatcher] pause_gear.png -> max conf: 0.908 (needs 0.55, optimal scale: 0.80x)
[SILENT_LOG] [TemplateMatcher] pause_gear.png -> max conf: 0.908 (needs 0.55, optimal scale: 0.80x)
[REWARD] ❌ 未检测到新血条！判定为【费用不足或CD中】，强制挂机 2.0 秒等待费用恢复！
[SILENT_LOG] [TemplateMatcher] pause_gear.png -> max conf: 0.908 (needs 0.55, optimal scale: 0.80x)
[SILENT_LOG] [TemplateMatcher] pause_gear.png -> max conf: 0.908 (needs 0.55, optimal scale: 0.80x)
[SILENT_LOG] [TemplateMatcher] pause_gear.png -> max conf: 0.908 (needs 0.55, optimal scale: 0.80x)
[SILENT_LOG] [TemplateMatcher] pause_gear.png -> max conf: 0.908 (needs 0.55, optimal scale: 0.80x)
[SILENT_LOG] [TemplateMatcher] pause_gear.png -> max conf: 0.908 (needs 0.55, optimal scale: 0.80x)
[SILENT_LOG] [TemplateMatcher] pause_gear.png -> max conf: 0.908 (needs 0.55, optimal scale: 0.80x)
[REWARD] 执行前血条数: 0 -> 最终确认血条数: 0
[REWARD] ❌ 未产生血条 (游戏拒收/高低台错位/手滑)。惩罚 -0.05

[STEP 6] 开始执行动作...
[ACTION] 盲狙执行: 选卡6 -> 拖拽至(8,0) 朝向1
[SILENT_LOG] [TemplateMatcher] pause_gear.png -> max conf: 0.908 (needs 0.55, optimal scale: 0.80x)
[SILENT_LOG] [TemplateMatcher] pause_gear.png -> max conf: 0.893 (needs 0.55, optimal scale: 0.80x)
[SILENT_LOG] [TemplateMatcher] pause_gear.png -> max conf: 0.892 (needs 0.55, optimal scale: 0.80x)
[SILENT_LOG] [TemplateMatcher] pause_gear.png -> max conf: 0.890 (needs 0.55, optimal scale: 0.80x)
[SILENT_LOG] [TemplateMatcher] pause_gear.png -> max conf: 0.908 (needs 0.55, optimal scale: 0.80x)
[SILENT_LOG] [TemplateMatcher] pause_gear.png -> max conf: 0.908 (needs 0.55, optimal scale: 0.80x)
[SILENT_LOG] [TemplateMatcher] pause_gear.png -> max conf: 0.908 (needs 0.55, optimal scale: 0.80x)
[REWARD] 动作已执行，开始 3 次心跳检测血条 (间隔 0.2s)...
[SILENT_LOG] [TemplateMatcher] pause_gear.png -> max conf: 0.908 (needs 0.55, optimal scale: 0.80x)
[SILENT_LOG] [TemplateMatcher] pause_gear.png -> max conf: 0.908 (needs 0.55, optimal scale: 0.80x)
[REWARD] ✅ 第 1 次检测命中目标干员血条！
[REWARD] 执行前血条数: 0 -> 最终确认血条数: 1
[REWARD] 🎯 完美落子！部署点靠近敌人 (距离: 251.0)，奖励 +0.5
[REWARD] 🛡️ 偏离/背对敌人！(角度: 44.2°)，微小惩罚 -0.1

[STEP 7] 开始执行动作...
[ACTION] 盲狙执行: 选卡2 -> 拖拽至(1,2) 朝向3
[SILENT_LOG] [TemplateMatcher] pause_gear.png -> max conf: 0.888 (needs 0.55, optimal scale: 0.80x)
[SILENT_LOG] [TemplateMatcher] pause_gear.png -> max conf: 0.908 (needs 0.55, optimal scale: 0.80x)
[SILENT_LOG] [TemplateMatcher] pause_gear.png -> max conf: 0.908 (needs 0.55, optimal scale: 0.80x)
[SILENT_LOG] [TemplateMatcher] pause_gear.png -> max conf: 0.908 (needs 0.55, optimal scale: 0.80x)
[SILENT_LOG] [TemplateMatcher] pause_gear.png -> max conf: 0.908 (needs 0.55, optimal scale: 0.80x)
[SILENT_LOG] [TemplateMatcher] pause_gear.png -> max conf: 0.908 (needs 0.55, optimal scale: 0.80x)
[REWARD] 动作已执行，开始 3 次心跳检测血条 (间隔 0.2s)...
[SILENT_LOG] [TemplateMatcher] pause_gear.png -> max conf: 0.908 (needs 0.55, optimal scale: 0.80x)
[SILENT_LOG] [TemplateMatcher] pause_gear.png -> max conf: 0.908 (needs 0.55, optimal scale: 0.80x)
[SILENT_LOG] [TemplateMatcher] pause_gear.png -> max conf: 0.908 (needs 0.55, optimal scale: 0.80x)
[SILENT_LOG] [TemplateMatcher] pause_gear.png -> max conf: 0.908 (needs 0.55, optimal scale: 0.80x)
[REWARD] ❌ 未检测到新血条！判定为【费用不足或CD中】，强制挂机 2.0 秒等待费用恢复！
[SILENT_LOG] [TemplateMatcher] pause_gear.png -> max conf: 0.908 (needs 0.55, optimal scale: 0.80x)
[SILENT_LOG] [TemplateMatcher] pause_gear.png -> max conf: 0.908 (needs 0.55, optimal scale: 0.80x)
[SILENT_LOG] [TemplateMatcher] pause_gear.png -> max conf: 0.908 (needs 0.55, optimal scale: 0.80x)
[SILENT_LOG] [TemplateMatcher] pause_gear.png -> max conf: 0.908 (needs 0.55, optimal scale: 0.80x)
[SILENT_LOG] [TemplateMatcher] pause_gear.png -> max conf: 0.908 (needs 0.55, optimal scale: 0.80x)
[SILENT_LOG] [TemplateMatcher] pause_gear.png -> max conf: 0.908 (needs 0.55, optimal scale: 0.80x)
[REWARD] 执行前血条数: 1 -> 最终确认血条数: 1
[REWARD] ❌ 未产生血条 (游戏拒收/高低台错位/手滑)。惩罚 -0.05

[STEP 8] 开始执行动作...
[SILENT_LOG] [TemplateMatcher] pause_gear.png -> max conf: 0.908 (needs 0.55, optimal scale: 0.80x)
[ACTION] 盲狙执行: 选卡11 -> 拖拽至(8,0) 朝向3
[SILENT_LOG] [TemplateMatcher] pause_gear.png -> max conf: 0.908 (needs 0.55, optimal scale: 0.80x)
[SILENT_LOG] [TemplateMatcher] pause_gear.png -> max conf: 0.908 (needs 0.55, optimal scale: 0.80x)
[SILENT_LOG] [TemplateMatcher] pause_gear.png -> max conf: 0.908 (needs 0.55, optimal scale: 0.80x)
[SILENT_LOG] [TemplateMatcher] pause_gear.png -> max conf: 0.908 (needs 0.55, optimal scale: 0.80x)
[SILENT_LOG] [TemplateMatcher] pause_gear.png -> max conf: 0.908 (needs 0.55, optimal scale: 0.80x)
[SILENT_LOG] [TemplateMatcher] pause_gear.png -> max conf: 0.908 (needs 0.55, optimal scale: 0.80x)
[REWARD] 动作已执行，开始 3 次心跳检测血条 (间隔 0.2s)...
[SILENT_LOG] [TemplateMatcher] pause_gear.png -> max conf: 0.908 (needs 0.55, optimal scale: 0.80x)
[SILENT_LOG] [TemplateMatcher] pause_gear.png -> max conf: 0.908 (needs 0.55, optimal scale: 0.80x)
[REWARD] ✅ 第 1 次检测命中目标干员血条！
[REWARD] 执行前血条数: 1 -> 最终确认血条数: 1
[REWARD] 场上暂无移动目标，仅发放基础部署奖励 +1.0

[STEP 9] 开始执行动作...
[ACTION] 盲狙执行: 选卡10 -> 拖拽至(5,0) 朝向0
[SILENT_LOG] [TemplateMatcher] pause_gear.png -> max conf: 0.908 (needs 0.55, optimal scale: 0.80x)
[SILENT_LOG] [TemplateMatcher] pause_gear.png -> max conf: 0.883 (needs 0.55, optimal scale: 0.80x)
[SILENT_LOG] [TemplateMatcher] pause_gear.png -> max conf: 0.908 (needs 0.55, optimal scale: 0.80x)
[SILENT_LOG] [TemplateMatcher] pause_gear.png -> max conf: 0.908 (needs 0.55, optimal scale: 0.80x)
[SILENT_LOG] [TemplateMatcher] pause_gear.png -> max conf: 0.908 (needs 0.55, optimal scale: 0.80x)
[SILENT_LOG] [TemplateMatcher] pause_gear.png -> max conf: 0.908 (needs 0.55, optimal scale: 0.80x)
[SILENT_LOG] [TemplateMatcher] pause_gear.png -> max conf: 0.908 (needs 0.55, optimal scale: 0.80x)
[REWARD] 动作已执行，开始 3 次心跳检测血条 (间隔 0.2s)...
[SILENT_LOG] [TemplateMatcher] pause_gear.png -> max conf: 0.908 (needs 0.55, optimal scale: 0.80x)
[SILENT_LOG] [TemplateMatcher] pause_gear.png -> max conf: 0.908 (needs 0.55, optimal scale: 0.80x)
[SILENT_LOG] [TemplateMatcher] pause_gear.png -> max conf: 0.908 (needs 0.55, optimal scale: 0.80x)
[SILENT_LOG] [TemplateMatcher] pause_gear.png -> max conf: 0.908 (needs 0.55, optimal scale: 0.80x)
[REWARD] ❌ 未检测到新血条！判定为【费用不足或CD中】，强制挂机 2.0 秒等待费用恢复！
[SILENT_LOG] [TemplateMatcher] pause_gear.png -> max conf: 0.908 (needs 0.55, optimal scale: 0.80x)
[SILENT_LOG] [TemplateMatcher] pause_gear.png -> max conf: 0.908 (needs 0.55, optimal scale: 0.80x)
[SILENT_LOG] [TemplateMatcher] pause_gear.png -> max conf: 0.908 (needs 0.55, optimal scale: 0.80x)
[SILENT_LOG] [TemplateMatcher] pause_gear.png -> max conf: 0.908 (needs 0.55, optimal scale: 0.80x)
[SILENT_LOG] [TemplateMatcher] pause_gear.png -> max conf: 0.908 (needs 0.55, optimal scale: 0.80x)
[SILENT_LOG] [TemplateMatcher] pause_gear.png -> max conf: 0.908 (needs 0.55, optimal scale: 0.80x)
[REWARD] 执行前血条数: 1 -> 最终确认血条数: 1
[REWARD] ❌ 未产生血条 (游戏拒收/高低台错位/手滑)。惩罚 -0.05

[STEP 10] 开始执行动作...
[SILENT_LOG] [TemplateMatcher] pause_gear.png -> max conf: 0.908 (needs 0.55, optimal scale: 0.80x)
[ACTION] 盲狙执行: 选卡3 -> 拖拽至(9,3) 朝向3
[SILENT_LOG] [TemplateMatcher] pause_gear.png -> max conf: 0.893 (needs 0.55, optimal scale: 0.80x)
[SILENT_LOG] [TemplateMatcher] pause_gear.png -> max conf: 0.897 (needs 0.55, optimal scale: 0.80x)
[SILENT_LOG] [TemplateMatcher] pause_gear.png -> max conf: 0.898 (needs 0.55, optimal scale: 0.80x)
[SILENT_LOG] [TemplateMatcher] pause_gear.png -> max conf: 0.908 (needs 0.55, optimal scale: 0.80x)
[SILENT_LOG] [TemplateMatcher] pause_gear.png -> max conf: 0.908 (needs 0.55, optimal scale: 0.80x)
[SILENT_LOG] [TemplateMatcher] pause_gear.png -> max conf: 0.908 (needs 0.55, optimal scale: 0.80x)
[REWARD] 动作已执行，开始 3 次心跳检测血条 (间隔 0.2s)...
[SILENT_LOG] [TemplateMatcher] pause_gear.png -> max conf: 0.908 (needs 0.55, optimal scale: 0.80x)
[SILENT_LOG] [TemplateMatcher] pause_gear.png -> max conf: 0.908 (needs 0.55, optimal scale: 0.80x)
[REWARD] ✅ 第 1 次检测命中目标干员血条！
[REWARD] 执行前血条数: 1 -> 最终确认血条数: 2
[REWARD] 场上暂无移动目标，仅发放基础部署奖励 +1.0

[STEP 11] 开始执行动作...
[ACTION] 盲狙执行: 选卡11 -> 拖拽至(3,0) 朝向1
[SILENT_LOG] [TemplateMatcher] pause_gear.png -> max conf: 0.908 (needs 0.55, optimal scale: 0.80x)
[SILENT_LOG] [TemplateMatcher] pause_gear.png -> max conf: 0.908 (needs 0.55, optimal scale: 0.80x)
[SILENT_LOG] [TemplateMatcher] pause_gear.png -> max conf: 0.908 (needs 0.55, optimal scale: 0.80x)
[SILENT_LOG] [TemplateMatcher] pause_gear.png -> max conf: 0.908 (needs 0.55, optimal scale: 0.80x)
[SILENT_LOG] [TemplateMatcher] pause_gear.png -> max conf: 0.908 (needs 0.55, optimal scale: 0.80x)
[SILENT_LOG] [TemplateMatcher] pause_gear.png -> max conf: 0.908 (needs 0.55, optimal scale: 0.80x)
[REWARD] 动作已执行，开始 3 次心跳检测血条 (间隔 0.2s)...
[SILENT_LOG] [TemplateMatcher] pause_gear.png -> max conf: 0.908 (needs 0.55, optimal scale: 0.80x)
[SILENT_LOG] [TemplateMatcher] pause_gear.png -> max conf: 0.908 (needs 0.55, optimal scale: 0.80x)
[SILENT_LOG] [TemplateMatcher] pause_gear.png -> max conf: 0.908 (needs 0.55, optimal scale: 0.80x)
[SILENT_LOG] [TemplateMatcher] pause_gear.png -> max conf: 0.908 (needs 0.55, optimal scale: 0.80x)
[REWARD] ❌ 未检测到新血条！判定为【费用不足或CD中】，强制挂机 2.0 秒等待费用恢复！
[SILENT_LOG] [TemplateMatcher] pause_gear.png -> max conf: 0.909 (needs 0.55, optimal scale: 0.80x)
[SILENT_LOG] [TemplateMatcher] pause_gear.png -> max conf: 0.908 (needs 0.55, optimal scale: 0.80x)
[SILENT_LOG] [TemplateMatcher] pause_gear.png -> max conf: 0.908 (needs 0.55, optimal scale: 0.80x)
[SILENT_LOG] [TemplateMatcher] pause_gear.png -> max conf: 0.908 (needs 0.55, optimal scale: 0.80x)
[SILENT_LOG] [TemplateMatcher] pause_gear.png -> max conf: 0.908 (needs 0.55, optimal scale: 0.80x)
[REWARD] 执行前血条数: 2 -> 最终确认血条数: 2
[REWARD] ❌ 未产生血条 (游戏拒收/高低台错位/手滑)。惩罚 -0.05
[SILENT_LOG] [TemplateMatcher] pause_gear.png -> max conf: 0.908 (needs 0.55, optimal scale: 0.80x)

[STEP 12] 开始执行动作...
[ACTION] 盲狙执行: 选卡6 -> 拖拽至(6,0) 朝向0
[SILENT_LOG] [TemplateMatcher] pause_gear.png -> max conf: 0.885 (needs 0.55, optimal scale: 0.80x)
[SILENT_LOG] [TemplateMatcher] pause_gear.png -> max conf: 0.885 (needs 0.55, optimal scale: 0.80x)
[SILENT_LOG] [TemplateMatcher] pause_gear.png -> max conf: 0.885 (needs 0.55, optimal scale: 0.80x)
[SILENT_LOG] [TemplateMatcher] pause_gear.png -> max conf: 0.908 (needs 0.55, optimal scale: 0.80x)
[SILENT_LOG] [TemplateMatcher] pause_gear.png -> max conf: 0.908 (needs 0.55, optimal scale: 0.80x)
[SILENT_LOG] [TemplateMatcher] pause_gear.png -> max conf: 0.908 (needs 0.55, optimal scale: 0.80x)
[REWARD] 动作已执行，开始 3 次心跳检测血条 (间隔 0.2s)...
[SILENT_LOG] [TemplateMatcher] pause_gear.png -> max conf: 0.908 (needs 0.55, optimal scale: 0.80x)
[SILENT_LOG] [TemplateMatcher] pause_gear.png -> max conf: 0.908 (needs 0.55, optimal scale: 0.80x)
[REWARD] ✅ 第 1 次检测命中目标干员血条！
[REWARD] 执行前血条数: 2 -> 最终确认血条数: 4
[REWARD] 场上暂无移动目标，仅发放基础部署奖励 +1.0

[STEP 13] 开始执行动作...
[ACTION MASKING] ⛔ 警告：手牌 5 亮度过低(无费/CD中)！代码直接拦截，不执行拖拽！
[SILENT_LOG] [TemplateMatcher] pause_gear.png -> max conf: 0.908 (needs 0.55, optimal scale: 0.80x)
[REWARD] 执行前血条数: 4 -> 最终确认血条数: 0
[REWARD] ⛔ 动作被拦截 (非法地形/没钱/有人)。惩罚 -0.05 (连续无作为: 1次)

[STEP 14] 开始执行动作...
[SILENT_LOG] [TemplateMatcher] pause_gear.png -> max conf: 0.908 (needs 0.55, optimal scale: 0.80x)
[ACTION] 盲狙执行: 选卡11 -> 拖拽至(7,0) 朝向0
[SILENT_LOG] [TemplateMatcher] pause_gear.png -> max conf: 0.908 (needs 0.55, optimal scale: 0.80x)
[SILENT_LOG] [TemplateMatcher] pause_gear.png -> max conf: 0.908 (needs 0.55, optimal scale: 0.80x)
[SILENT_LOG] [TemplateMatcher] pause_gear.png -> max conf: 0.908 (needs 0.55, optimal scale: 0.80x)
[SILENT_LOG] [TemplateMatcher] pause_gear.png -> max conf: 0.908 (needs 0.55, optimal scale: 0.80x)
[SILENT_LOG] [TemplateMatcher] pause_gear.png -> max conf: 0.908 (needs 0.55, optimal scale: 0.80x)
[SILENT_LOG] [TemplateMatcher] pause_gear.png -> max conf: 0.908 (needs 0.55, optimal scale: 0.80x)
[REWARD] 动作已执行，开始 3 次心跳检测血条 (间隔 0.2s)...
[SILENT_LOG] [TemplateMatcher] pause_gear.png -> max conf: 0.908 (needs 0.55, optimal scale: 0.80x)
[SILENT_LOG] [TemplateMatcher] pause_gear.png -> max conf: 0.908 (needs 0.55, optimal scale: 0.80x)
[SILENT_LOG] [TemplateMatcher] pause_gear.png -> max conf: 0.908 (needs 0.55, optimal scale: 0.80x)
[SILENT_LOG] [TemplateMatcher] pause_gear.png -> max conf: 0.908 (needs 0.55, optimal scale: 0.80x)
[REWARD] ❌ 未检测到新血条！判定为【费用不足或CD中】，强制挂机 2.0 秒等待费用恢复！
[SILENT_LOG] [TemplateMatcher] pause_gear.png -> max conf: 0.908 (needs 0.55, optimal scale: 0.80x)
[SILENT_LOG] [TemplateMatcher] pause_gear.png -> max conf: 0.908 (needs 0.55, optimal scale: 0.80x)
[SILENT_LOG] [TemplateMatcher] pause_gear.png -> max conf: 0.908 (needs 0.55, optimal scale: 0.80x)
[SILENT_LOG] [TemplateMatcher] pause_gear.png -> max conf: 0.908 (needs 0.55, optimal scale: 0.80x)
[SILENT_LOG] [TemplateMatcher] pause_gear.png -> max conf: 0.909 (needs 0.55, optimal scale: 0.80x)
[SILENT_LOG] [TemplateMatcher] pause_gear.png -> max conf: 0.908 (needs 0.55, optimal scale: 0.80x)
[REWARD] 执行前血条数: 4 -> 最终确认血条数: 4
[REWARD] ❌ 未产生血条 (游戏拒收/高低台错位/手滑)。惩罚 -0.05

[STEP 15] 开始执行动作...
[ACTION MASKING] ⛔ 警告：目标网格(8,4)已被友方干员驻守！代码直接拦截！
[SILENT_LOG] [TemplateMatcher] pause_gear.png -> max conf: 0.908 (needs 0.55, optimal scale: 0.80x)
[REWARD] 执行前血条数: 4 -> 最终确认血条数: 0
[REWARD] ⛔ 动作被拦截 (非法地形/没钱/有人)。惩罚 -0.05 (连续无作为: 3次)

[STEP 16] 开始执行动作...
[SILENT_LOG] [TemplateMatcher] pause_gear.png -> max conf: 0.908 (needs 0.55, optimal scale: 0.80x)
[ACTION MASKING] ⛔ 警告：手牌 9 亮度过低(无费/CD中)！代码直接拦截，不执行拖拽！
[REWARD] 执行前血条数: 4 -> 最终确认血条数: 0
[REWARD] ⛔ 动作被拦截 (非法地形/没钱/有人)。惩罚 -0.05 (连续无作为: 4次)

[STEP 17] 开始执行动作...
[SILENT_LOG] [TemplateMatcher] pause_gear.png -> max conf: 0.908 (needs 0.55, optimal scale: 0.80x)
[ACTION] 盲狙执行: 选卡2 -> 拖拽至(9,3) 朝向1
[SILENT_LOG] [TemplateMatcher] pause_gear.png -> max conf: 0.888 (needs 0.55, optimal scale: 0.80x)
[SILENT_LOG] [TemplateMatcher] pause_gear.png -> max conf: 0.908 (needs 0.55, optimal scale: 0.80x)
[SILENT_LOG] [TemplateMatcher] pause_gear.png -> max conf: 0.908 (needs 0.55, optimal scale: 0.80x)
[SILENT_LOG] [TemplateMatcher] pause_gear.png -> max conf: 0.908 (needs 0.55, optimal scale: 0.80x)
[SILENT_LOG] [TemplateMatcher] pause_gear.png -> max conf: 0.908 (needs 0.55, optimal scale: 0.80x)
[SILENT_LOG] [TemplateMatcher] pause_gear.png -> max conf: 0.908 (needs 0.55, optimal scale: 0.80x)
[REWARD] 动作已执行，开始 3 次心跳检测血条 (间隔 0.2s)...
[SILENT_LOG] [TemplateMatcher] pause_gear.png -> max conf: 0.908 (needs 0.55, optimal scale: 0.80x)
[SILENT_LOG] [TemplateMatcher] pause_gear.png -> max conf: 0.908 (needs 0.55, optimal scale: 0.80x)
[SILENT_LOG] [TemplateMatcher] pause_gear.png -> max conf: 0.908 (needs 0.55, optimal scale: 0.80x)
[SILENT_LOG] [TemplateMatcher] pause_gear.png -> max conf: 0.908 (needs 0.55, optimal scale: 0.80x)
[REWARD] ❌ 未检测到新血条！判定为【费用不足或CD中】，强制挂机 2.0 秒等待费用恢复！
[SILENT_LOG] [TemplateMatcher] pause_gear.png -> max conf: 0.908 (needs 0.55, optimal scale: 0.80x)
[SILENT_LOG] [TemplateMatcher] pause_gear.png -> max conf: 0.908 (needs 0.55, optimal scale: 0.80x)
[SILENT_LOG] [TemplateMatcher] pause_gear.png -> max conf: 0.908 (needs 0.55, optimal scale: 0.80x)
[SILENT_LOG] [TemplateMatcher] pause_gear.png -> max conf: 0.908 (needs 0.55, optimal scale: 0.80x)
[SILENT_LOG] [TemplateMatcher] pause_gear.png -> max conf: 0.908 (needs 0.55, optimal scale: 0.80x)
[SILENT_LOG] [TemplateMatcher] pause_gear.png -> max conf: 0.908 (needs 0.55, optimal scale: 0.80x)
[REWARD] 执行前血条数: 4 -> 最终确认血条数: 4
[REWARD] ❌ 未产生血条 (游戏拒收/高低台错位/手滑)。惩罚 -0.05

[STEP 18] 开始执行动作...
[SILENT_LOG] [TemplateMatcher] pause_gear.png -> max conf: 0.908 (needs 0.55, optimal scale: 0.80x)
[ACTION MASKING] ⛔ 警告：手牌 8 亮度过低(无费/CD中)！代码直接拦截，不执行拖拽！
[REWARD] 执行前血条数: 4 -> 最终确认血条数: 0
[REWARD] ⛔ 动作被拦截 (非法地形/没钱/有人)。惩罚 -0.05 (连续无作为: 6次)

[STEP 19] 开始执行动作...
[SILENT_LOG] [TemplateMatcher] pause_gear.png -> max conf: 0.561 (needs 0.55, optimal scale: 0.80x)
[ACTION MASKING] ⛔ 警告：手牌 3 亮度过低(无费/CD中)！代码直接拦截，不执行拖拽！
[SILENT_LOG] [TemplateMatcher] pause_gear.png -> max conf: 0.551 (needs 0.55, optimal scale: 1.05x)
[REWARD] 执行前血条数: 0 -> 最终确认血条数: 0
[REWARD] ⛔ 动作被拦截 (非法地形/没钱/有人)。惩罚 -0.05 (连续无作为: 7次)

[STEP 20] 开始执行动作...
[ACTION MASKING] ⛔ 警告：手牌 5 亮度过低(无费/CD中)！代码直接拦截，不执行拖拽！
[SILENT_LOG] [TemplateMatcher] pause_gear.png -> max conf: 0.551 (needs 0.55, optimal scale: 1.05x)
[REWARD] 执行前血条数: 0 -> 最终确认血条数: 0
[REWARD] ⛔ 动作被拦截 (非法地形/没钱/有人)。惩罚 -0.05 (连续无作为: 8次)

[STEP 21] 开始执行动作...
[ACTION] 盲狙执行: 选卡10 -> 拖拽至(0,4) 朝向3
[SILENT_LOG] [TemplateMatcher] pause_gear.png -> max conf: 0.551 (needs 0.55, optimal scale: 1.05x)
[SILENT_LOG] [TemplateMatcher] pause_gear.png -> max conf: 0.551 (needs 0.55, optimal scale: 1.05x)
[SILENT_LOG] [TemplateMatcher] pause_gear.png -> max conf: 0.676 (needs 0.55, optimal scale: 0.80x)
[SILENT_LOG] [TemplateMatcher] pause_gear.png -> max conf: 0.000 (needs 0.55, optimal scale: 0.80x)
[SILENT_LOG] [TemplateMatcher] pause_gear.png -> max conf: 0.000 (needs 0.55, optimal scale: 0.80x)

[MONITOR] 🚨 后台紧急熔断：连续 2 次未见右上角齿轮，战斗结束！
[REWARD] 动作已执行，开始 3 次心跳检测血条 (间隔 0.2s)...
[REWARD] ❌ 未检测到新血条！判定为【费用不足或CD中】，强制挂机 2.0 秒等待费用恢复！
[REWARD] 执行前血条数: 0 -> 最终确认血条数: 0
[REWARD] ❌ 未产生血条 (游戏拒收/高低台错位/手滑)。惩罚 -0.05
[ENV] 🚨 后台监视器触发熔断，本回合正式结束！

================= 回合结束，开始自动重启关卡 =================
[TemplateMatcher] pause_gear.png -> max conf: 0.000 (needs 0.7, optimal scale: 0.80x)
[DEBUG] 未匹配 [pause_gear] (要求阈值 0.7)
[TemplateMatcher] start_action.png -> max conf: 0.000 (needs 0.43, optimal scale: 0.80x)
[DEBUG] 未匹配 [start_action] (要求阈值 0.43)
[TemplateMatcher] practice.png -> max conf: 0.000 (needs 0.5, optimal scale: 0.80x)
[DEBUG] 未匹配 [practice] (要求阈值 0.5)
[TemplateMatcher] stage_1_7.png -> max conf: 0.000 (needs 0.5, optimal scale: 0.80x)
[DEBUG] 未匹配 [stage_1_7] (要求阈值 0.5)
[RESET] 尝试跳过动画/寻找入口... (尝试 1/100)
[TemplateMatcher] pause_gear.png -> max conf: 0.432 (needs 0.7, optimal scale: 0.80x)
[DEBUG] 未匹配 [pause_gear] (要求阈值 0.7)
[TemplateMatcher] start_action.png -> max conf: -0.081 (needs 0.43, optimal scale: 0.80x)
[DEBUG] 未匹配 [start_action] (要求阈值 0.43)
[TemplateMatcher] practice.png -> max conf: 0.531 (needs 0.5, optimal scale: 0.80x)
[RESET] 找到 [practice] (置信度 0.53 >= 0.5)，点击 (679, 676)
[RESET] 点击演习按钮
[TemplateMatcher] pause_gear.png -> max conf: 0.432 (needs 0.7, optimal scale: 0.80x)
[DEBUG] 未匹配 [pause_gear] (要求阈值 0.7)
[TemplateMatcher] start_action.png -> max conf: -0.081 (needs 0.43, optimal scale: 0.80x)
[DEBUG] 未匹配 [start_action] (要求阈值 0.43)
[TemplateMatcher] practice.png -> max conf: 0.531 (needs 0.5, optimal scale: 0.80x)
[RESET] 找到 [practice] (置信度 0.53 >= 0.5)，点击 (679, 676)
[RESET] 点击演习按钮
[TemplateMatcher] pause_gear.png -> max conf: 0.490 (needs 0.7, optimal scale: 0.80x)
[DEBUG] 未匹配 [pause_gear] (要求阈值 0.7)
[TemplateMatcher] start_action.png -> max conf: -0.018 (needs 0.43, optimal scale: 0.80x)
[DEBUG] 未匹配 [start_action] (要求阈值 0.43)
[TemplateMatcher] practice.png -> max conf: 0.522 (needs 0.5, optimal scale: 0.80x)
[RESET] 找到 [practice] (置信度 0.52 >= 0.5)，点击 (533, 603)
[RESET] 点击演习按钮
[TemplateMatcher] pause_gear.png -> max conf: 0.490 (needs 0.7, optimal scale: 0.80x)
[DEBUG] 未匹配 [pause_gear] (要求阈值 0.7)
[TemplateMatcher] start_action.png -> max conf: -0.018 (needs 0.43, optimal scale: 0.80x)
[DEBUG] 未匹配 [start_action] (要求阈值 0.43)
[TemplateMatcher] practice.png -> max conf: 0.522 (needs 0.5, optimal scale: 0.80x)
[RESET] 找到 [practice] (置信度 0.52 >= 0.5)，点击 (533, 603)
[RESET] 点击演习按钮
[TemplateMatcher] pause_gear.png -> max conf: 0.490 (needs 0.7, optimal scale: 0.80x)
[DEBUG] 未匹配 [pause_gear] (要求阈值 0.7)
[TemplateMatcher] start_action.png -> max conf: -0.018 (needs 0.43, optimal scale: 0.80x)
[DEBUG] 未匹配 [start_action] (要求阈值 0.43)
[TemplateMatcher] practice.png -> max conf: 0.522 (needs 0.5, optimal scale: 0.80x)
[RESET] 找到 [practice] (置信度 0.52 >= 0.5)，点击 (533, 603)
[RESET] 点击演习按钮
[TemplateMatcher] pause_gear.png -> max conf: 0.473 (needs 0.7, optimal scale: 0.90x)
[DEBUG] 未匹配 [pause_gear] (要求阈值 0.7)
[TemplateMatcher] start_action.png -> max conf: 0.027 (needs 0.43, optimal scale: 0.80x)
[DEBUG] 未匹配 [start_action] (要求阈值 0.43)
[TemplateMatcher] practice.png -> max conf: 0.489 (needs 0.5, optimal scale: 0.85x)
[DEBUG] 未匹配 [practice] (要求阈值 0.5)
[TemplateMatcher] stage_1_7.png -> max conf: 0.712 (needs 0.5, optimal scale: 0.80x)
[RESET] 找到 [stage_1_7] (置信度 0.71 >= 0.5)，点击 (638, 224)
[RESET] 点击关卡 1-7 图标
[TemplateMatcher] pause_gear.png -> max conf: 0.612 (needs 0.7, optimal scale: 1.10x)
[DEBUG] 未匹配 [pause_gear] (要求阈值 0.7)
[TemplateMatcher] start_action.png -> max conf: 0.103 (needs 0.43, optimal scale: 0.80x)
[DEBUG] 未匹配 [start_action] (要求阈值 0.43)
[TemplateMatcher] practice.png -> max conf: 0.687 (needs 0.5, optimal scale: 0.80x)
[RESET] 找到 [practice] (置信度 0.69 >= 0.5)，点击 (935, 660)
[RESET] 点击演习按钮
[TemplateMatcher] pause_gear.png -> max conf: 0.470 (needs 0.7, optimal scale: 1.05x)
[DEBUG] 未匹配 [pause_gear] (要求阈值 0.7)
[TemplateMatcher] start_action.png -> max conf: 0.431 (needs 0.43, optimal scale: 0.80x)
[RESET] 找到 [start_action] (置信度 0.43 >= 0.43)，点击 (1101, 516)
[RESET] 点击开始行动，进入加载...
[TemplateMatcher] pause_gear.png -> max conf: 0.000 (needs 0.7, optimal scale: 0.80x)
[DEBUG] 未匹配 [pause_gear] (要求阈值 0.7)
[TemplateMatcher] start_action.png -> max conf: 0.000 (needs 0.43, optimal scale: 0.80x)
[DEBUG] 未匹配 [start_action] (要求阈值 0.43)
[TemplateMatcher] practice.png -> max conf: 0.000 (needs 0.5, optimal scale: 0.80x)
[DEBUG] 未匹配 [practice] (要求阈值 0.5)
[TemplateMatcher] stage_1_7.png -> max conf: 0.000 (needs 0.5, optimal scale: 0.80x)
[DEBUG] 未匹配 [stage_1_7] (要求阈值 0.5)
[RESET] 尝试跳过动画/寻找入口... (尝试 10/100)
[TemplateMatcher] pause_gear.png -> max conf: 0.000 (needs 0.7, optimal scale: 0.80x)
[DEBUG] 未匹配 [pause_gear] (要求阈值 0.7)
[TemplateMatcher] start_action.png -> max conf: 0.000 (needs 0.43, optimal scale: 0.80x)
[DEBUG] 未匹配 [start_action] (要求阈值 0.43)
[TemplateMatcher] practice.png -> max conf: 0.000 (needs 0.5, optimal scale: 0.80x)
[DEBUG] 未匹配 [practice] (要求阈值 0.5)
[TemplateMatcher] stage_1_7.png -> max conf: 0.000 (needs 0.5, optimal scale: 0.80x)
[DEBUG] 未匹配 [stage_1_7] (要求阈值 0.5)
[RESET] 尝试跳过动画/寻找入口... (尝试 11/100)
[TemplateMatcher] pause_gear.png -> max conf: 0.000 (needs 0.7, optimal scale: 0.80x)
[DEBUG] 未匹配 [pause_gear] (要求阈值 0.7)
[TemplateMatcher] start_action.png -> max conf: 0.000 (needs 0.43, optimal scale: 0.80x)
[DEBUG] 未匹配 [start_action] (要求阈值 0.43)
[TemplateMatcher] practice.png -> max conf: 0.000 (needs 0.5, optimal scale: 0.80x)
[DEBUG] 未匹配 [practice] (要求阈值 0.5)
[TemplateMatcher] stage_1_7.png -> max conf: 0.000 (needs 0.5, optimal scale: 0.80x)
[DEBUG] 未匹配 [stage_1_7] (要求阈值 0.5)
[RESET] 尝试跳过动画/寻找入口... (尝试 12/100)
[TemplateMatcher] pause_gear.png -> max conf: 0.511 (needs 0.7, optimal scale: 1.20x)
[DEBUG] 未匹配 [pause_gear] (要求阈值 0.7)
[TemplateMatcher] start_action.png -> max conf: -0.052 (needs 0.43, optimal scale: 0.80x)
[DEBUG] 未匹配 [start_action] (要求阈值 0.43)
[TemplateMatcher] practice.png -> max conf: 0.379 (needs 0.5, optimal scale: 0.90x)
[DEBUG] 未匹配 [practice] (要求阈值 0.5)
[TemplateMatcher] stage_1_7.png -> max conf: 0.411 (needs 0.5, optimal scale: 0.90x)
[DEBUG] 未匹配 [stage_1_7] (要求阈值 0.5)
[RESET] 尝试跳过动画/寻找入口... (尝试 13/100)
[TemplateMatcher] pause_gear.png -> max conf: 0.511 (needs 0.7, optimal scale: 1.20x)
[DEBUG] 未匹配 [pause_gear] (要求阈值 0.7)
[TemplateMatcher] start_action.png -> max conf: -0.052 (needs 0.43, optimal scale: 0.80x)
[DEBUG] 未匹配 [start_action] (要求阈值 0.43)
[TemplateMatcher] practice.png -> max conf: 0.379 (needs 0.5, optimal scale: 0.90x)
[DEBUG] 未匹配 [practice] (要求阈值 0.5)
[TemplateMatcher] stage_1_7.png -> max conf: 0.411 (needs 0.5, optimal scale: 0.90x)
[DEBUG] 未匹配 [stage_1_7] (要求阈值 0.5)
[RESET] 尝试跳过动画/寻找入口... (尝试 14/100)
[TemplateMatcher] pause_gear.png -> max conf: 0.215 (needs 0.7, optimal scale: 1.20x)
[DEBUG] 未匹配 [pause_gear] (要求阈值 0.7)
[TemplateMatcher] start_action.png -> max conf: 0.210 (needs 0.43, optimal scale: 0.80x)
[DEBUG] 未匹配 [start_action] (要求阈值 0.43)
[TemplateMatcher] practice.png -> max conf: 0.373 (needs 0.5, optimal scale: 0.80x)
[DEBUG] 未匹配 [practice] (要求阈值 0.5)
[TemplateMatcher] stage_1_7.png -> max conf: 0.271 (needs 0.5, optimal scale: 0.80x)
[DEBUG] 未匹配 [stage_1_7] (要求阈值 0.5)
[RESET] 尝试跳过动画/寻找入口... (尝试 15/100)
[TemplateMatcher] pause_gear.png -> max conf: 0.215 (needs 0.7, optimal scale: 1.20x)
[DEBUG] 未匹配 [pause_gear] (要求阈值 0.7)
[TemplateMatcher] start_action.png -> max conf: 0.210 (needs 0.43, optimal scale: 0.80x)
[DEBUG] 未匹配 [start_action] (要求阈值 0.43)
[TemplateMatcher] practice.png -> max conf: 0.373 (needs 0.5, optimal scale: 0.80x)
[DEBUG] 未匹配 [practice] (要求阈值 0.5)
[TemplateMatcher] stage_1_7.png -> max conf: 0.271 (needs 0.5, optimal scale: 0.80x)
[DEBUG] 未匹配 [stage_1_7] (要求阈值 0.5)
[RESET] 尝试跳过动画/寻找入口... (尝试 16/100)
[TemplateMatcher] pause_gear.png -> max conf: 0.211 (needs 0.7, optimal scale: 1.05x)
[DEBUG] 未匹配 [pause_gear] (要求阈值 0.7)
[TemplateMatcher] start_action.png -> max conf: 0.187 (needs 0.43, optimal scale: 0.80x)
[DEBUG] 未匹配 [start_action] (要求阈值 0.43)
[TemplateMatcher] practice.png -> max conf: 0.297 (needs 0.5, optimal scale: 0.80x)
[DEBUG] 未匹配 [practice] (要求阈值 0.5)
[TemplateMatcher] stage_1_7.png -> max conf: 0.277 (needs 0.5, optimal scale: 0.85x)
[DEBUG] 未匹配 [stage_1_7] (要求阈值 0.5)
[RESET] 尝试跳过动画/寻找入口... (尝试 17/100)
[TemplateMatcher] pause_gear.png -> max conf: 0.847 (needs 0.7, optimal scale: 0.80x)
[RESET] 找到 [pause_gear] (置信度 0.85 >= 0.7)，(仅检测，不点击)
[RESET] ✅ 检测到战斗画面右上角齿轮，重启成功！
================= 关卡重启流程结束 =================

[ENV] 🛡️ 战斗全局异步监视器已启动...
[SILENT_LOG] [TemplateMatcher] pause_gear.png -> max conf: 0.908 (needs 0.55, optimal scale: 0.80x)
--> [回合结束] 第 3 回合 | 奖励: 3.6 | 步数: 21

[STEP 1] 开始执行动作...
[ACTION MASKING] ⛔ 警告：手牌 0 亮度过低(无费/CD中)！代码直接拦截，不执行拖拽！
[SILENT_LOG] [TemplateMatcher] pause_gear.png -> max conf: 0.907 (needs 0.55, optimal scale: 0.80x)
[REWARD] 执行前血条数: 0 -> 最终确认血条数: 0
[REWARD] ⛔ 动作被拦截 (非法地形/没钱/有人)。惩罚 -0.05 (连续无作为: 10次)

[STEP 2] 开始执行动作...
[SILENT_LOG] [TemplateMatcher] pause_gear.png -> max conf: 0.908 (needs 0.55, optimal scale: 0.80x)
[ACTION MASKING] ⛔ 警告：手牌 8 亮度过低(无费/CD中)！代码直接拦截，不执行拖拽！
[REWARD] 执行前血条数: 0 -> 最终确认血条数: 0
[REWARD] ⛔ 动作被拦截 (非法地形/没钱/有人)。惩罚 -0.05 (连续无作为: 11次)

[STEP 3] 开始执行动作...
[SILENT_LOG] [TemplateMatcher] pause_gear.png -> max conf: 0.908 (needs 0.55, optimal scale: 0.80x)
[ACTION] 盲狙执行: 选卡2 -> 拖拽至(3,2) 朝向1
[SILENT_LOG] [TemplateMatcher] pause_gear.png -> max conf: 0.894 (needs 0.55, optimal scale: 0.80x)
[SILENT_LOG] [TemplateMatcher] pause_gear.png -> max conf: 0.908 (needs 0.55, optimal scale: 0.80x)
[SILENT_LOG] [TemplateMatcher] pause_gear.png -> max conf: 0.908 (needs 0.55, optimal scale: 0.80x)
[SILENT_LOG] [TemplateMatcher] pause_gear.png -> max conf: 0.908 (needs 0.55, optimal scale: 0.80x)
[SILENT_LOG] [TemplateMatcher] pause_gear.png -> max conf: 0.908 (needs 0.55, optimal scale: 0.80x)
[SILENT_LOG] [TemplateMatcher] pause_gear.png -> max conf: 0.908 (needs 0.55, optimal scale: 0.80x)
[REWARD] 动作已执行，开始 3 次心跳检测血条 (间隔 0.2s)...
[SILENT_LOG] [TemplateMatcher] pause_gear.png -> max conf: 0.908 (needs 0.55, optimal scale: 0.80x)
[SILENT_LOG] [TemplateMatcher] pause_gear.png -> max conf: 0.908 (needs 0.55, optimal scale: 0.80x)
[SILENT_LOG] [TemplateMatcher] pause_gear.png -> max conf: 0.908 (needs 0.55, optimal scale: 0.80x)
[SILENT_LOG] [TemplateMatcher] pause_gear.png -> max conf: 0.908 (needs 0.55, optimal scale: 0.80x)
[REWARD] ❌ 未检测到新血条！判定为【费用不足或CD中】，强制挂机 2.0 秒等待费用恢复！
[SILENT_LOG] [TemplateMatcher] pause_gear.png -> max conf: 0.908 (needs 0.55, optimal scale: 0.80x)
[SILENT_LOG] [TemplateMatcher] pause_gear.png -> max conf: 0.908 (needs 0.55, optimal scale: 0.80x)
[SILENT_LOG] [TemplateMatcher] pause_gear.png -> max conf: 0.908 (needs 0.55, optimal scale: 0.80x)
[SILENT_LOG] [TemplateMatcher] pause_gear.png -> max conf: 0.908 (needs 0.55, optimal scale: 0.80x)
[SILENT_LOG] [TemplateMatcher] pause_gear.png -> max conf: 0.908 (needs 0.55, optimal scale: 0.80x)
[SILENT_LOG] [TemplateMatcher] pause_gear.png -> max conf: 0.908 (needs 0.55, optimal scale: 0.80x)
[REWARD] 执行前血条数: 0 -> 最终确认血条数: 0
[REWARD] ❌ 未产生血条 (游戏拒收/高低台错位/手滑)。惩罚 -0.05
[SAVE] 自动保存进度 (Step 60) -> policy_latest.zip

[STEP 4] 开始执行动作...
[SILENT_LOG] [TemplateMatcher] pause_gear.png -> max conf: 0.908 (needs 0.55, optimal scale: 0.80x)
[ACTION] 盲狙执行: 选卡1 -> 拖拽至(1,0) 朝向1
[SILENT_LOG] [TemplateMatcher] pause_gear.png -> max conf: 0.887 (needs 0.55, optimal scale: 0.80x)
[SILENT_LOG] [TemplateMatcher] pause_gear.png -> max conf: 0.908 (needs 0.55, optimal scale: 0.80x)
[SILENT_LOG] [TemplateMatcher] pause_gear.png -> max conf: 0.908 (needs 0.55, optimal scale: 0.80x)
[SILENT_LOG] [TemplateMatcher] pause_gear.png -> max conf: 0.908 (needs 0.55, optimal scale: 0.80x)
[SILENT_LOG] [TemplateMatcher] pause_gear.png -> max conf: 0.908 (needs 0.55, optimal scale: 0.80x)
[SILENT_LOG] [TemplateMatcher] pause_gear.png -> max conf: 0.908 (needs 0.55, optimal scale: 0.80x)
[REWARD] 动作已执行，开始 3 次心跳检测血条 (间隔 0.2s)...
[SILENT_LOG] [TemplateMatcher] pause_gear.png -> max conf: 0.908 (needs 0.55, optimal scale: 0.80x)
[SILENT_LOG] [TemplateMatcher] pause_gear.png -> max conf: 0.908 (needs 0.55, optimal scale: 0.80x)
[SILENT_LOG] [TemplateMatcher] pause_gear.png -> max conf: 0.908 (needs 0.55, optimal scale: 0.80x)
[SILENT_LOG] [TemplateMatcher] pause_gear.png -> max conf: 0.908 (needs 0.55, optimal scale: 0.80x)
[REWARD] ❌ 未检测到新血条！判定为【费用不足或CD中】，强制挂机 2.0 秒等待费用恢复！
[SILENT_LOG] [TemplateMatcher] pause_gear.png -> max conf: 0.908 (needs 0.55, optimal scale: 0.80x)
[SILENT_LOG] [TemplateMatcher] pause_gear.png -> max conf: 0.908 (needs 0.55, optimal scale: 0.80x)
[SILENT_LOG] [TemplateMatcher] pause_gear.png -> max conf: 0.908 (needs 0.55, optimal scale: 0.80x)
[SILENT_LOG] [TemplateMatcher] pause_gear.png -> max conf: 0.908 (needs 0.55, optimal scale: 0.80x)
[SILENT_LOG] [TemplateMatcher] pause_gear.png -> max conf: 0.908 (needs 0.55, optimal scale: 0.80x)
[SILENT_LOG] [TemplateMatcher] pause_gear.png -> max conf: 0.908 (needs 0.55, optimal scale: 0.80x)
[REWARD] 执行前血条数: 0 -> 最终确认血条数: 0
[REWARD] ❌ 未产生血条 (游戏拒收/高低台错位/手滑)。惩罚 -0.05

[STEP 5] 开始执行动作...
[SILENT_LOG] [TemplateMatcher] pause_gear.png -> max conf: 0.908 (needs 0.55, optimal scale: 0.80x)
[ACTION] 盲狙执行: 选卡4 -> 拖拽至(5,3) 朝向3
[SILENT_LOG] [TemplateMatcher] pause_gear.png -> max conf: 0.891 (needs 0.55, optimal scale: 0.80x)
[SILENT_LOG] [TemplateMatcher] pause_gear.png -> max conf: 0.889 (needs 0.55, optimal scale: 0.80x)
[SILENT_LOG] [TemplateMatcher] pause_gear.png -> max conf: 0.888 (needs 0.55, optimal scale: 0.80x)
[SILENT_LOG] [TemplateMatcher] pause_gear.png -> max conf: 0.908 (needs 0.55, optimal scale: 0.80x)
[SILENT_LOG] [TemplateMatcher] pause_gear.png -> max conf: 0.908 (needs 0.55, optimal scale: 0.80x)
[SILENT_LOG] [TemplateMatcher] pause_gear.png -> max conf: 0.908 (needs 0.55, optimal scale: 0.80x)
[REWARD] 动作已执行，开始 3 次心跳检测血条 (间隔 0.2s)...
[SILENT_LOG] [TemplateMatcher] pause_gear.png -> max conf: 0.908 (needs 0.55, optimal scale: 0.80x)
[SILENT_LOG] [TemplateMatcher] pause_gear.png -> max conf: 0.908 (needs 0.55, optimal scale: 0.80x)
[REWARD] ✅ 第 1 次检测命中目标干员血条！
[REWARD] 执行前血条数: 0 -> 最终确认血条数: 1
[REWARD] 🛡️ 偏离/背对敌人！(角度: 71.9°)，微小惩罚 -0.1

[STEP 6] 开始执行动作...
[ACTION MASKING] ⛔ 警告：手牌 7 亮度过低(无费/CD中)！代码直接拦截，不执行拖拽！
[SILENT_LOG] [TemplateMatcher] pause_gear.png -> max conf: 0.908 (needs 0.55, optimal scale: 0.80x)
[REWARD] 执行前血条数: 1 -> 最终确认血条数: 0
[REWARD] ⛔ 动作被拦截 (非法地形/没钱/有人)。惩罚 -0.05 (连续无作为: 1次)

[STEP 7] 开始执行动作...
[ACTION] 盲狙执行: 选卡5 -> 拖拽至(3,0) 朝向0
[SILENT_LOG] [TemplateMatcher] pause_gear.png -> max conf: 0.908 (needs 0.55, optimal scale: 0.80x)
[SILENT_LOG] [TemplateMatcher] pause_gear.png -> max conf: 0.890 (needs 0.55, optimal scale: 0.80x)
[SILENT_LOG] [TemplateMatcher] pause_gear.png -> max conf: 0.890 (needs 0.55, optimal scale: 0.80x)
[SILENT_LOG] [TemplateMatcher] pause_gear.png -> max conf: 0.888 (needs 0.55, optimal scale: 0.80x)
[SILENT_LOG] [TemplateMatcher] pause_gear.png -> max conf: 0.908 (needs 0.55, optimal scale: 0.80x)
[SILENT_LOG] [TemplateMatcher] pause_gear.png -> max conf: 0.908 (needs 0.55, optimal scale: 0.80x)
[SILENT_LOG] [TemplateMatcher] pause_gear.png -> max conf: 0.908 (needs 0.55, optimal scale: 0.80x)
[REWARD] 动作已执行，开始 3 次心跳检测血条 (间隔 0.2s)...
[SILENT_LOG] [TemplateMatcher] pause_gear.png -> max conf: 0.908 (needs 0.55, optimal scale: 0.80x)
[SILENT_LOG] [TemplateMatcher] pause_gear.png -> max conf: 0.908 (needs 0.55, optimal scale: 0.80x)
[REWARD] ✅ 第 1 次检测命中目标干员血条！
[REWARD] 执行前血条数: 1 -> 最终确认血条数: 2
[REWARD] 场上暂无移动目标，仅发放基础部署奖励 +1.0

[STEP 8] 开始执行动作...
[ACTION MASKING] ⛔ 警告：手牌 7 亮度过低(无费/CD中)！代码直接拦截，不执行拖拽！
[SILENT_LOG] [TemplateMatcher] pause_gear.png -> max conf: 0.908 (needs 0.55, optimal scale: 0.80x)
[REWARD] 执行前血条数: 2 -> 最终确认血条数: 0
[REWARD] ⛔ 动作被拦截 (非法地形/没钱/有人)。惩罚 -0.05 (连续无作为: 1次)

[STEP 9] 开始执行动作...
[ACTION] 盲狙执行: 选卡11 -> 拖拽至(7,1) 朝向1
[SILENT_LOG] [TemplateMatcher] pause_gear.png -> max conf: 0.908 (needs 0.55, optimal scale: 0.80x)
[SILENT_LOG] [TemplateMatcher] pause_gear.png -> max conf: 0.908 (needs 0.55, optimal scale: 0.80x)
[SILENT_LOG] [TemplateMatcher] pause_gear.png -> max conf: 0.908 (needs 0.55, optimal scale: 0.80x)
[SILENT_LOG] [TemplateMatcher] pause_gear.png -> max conf: 0.908 (needs 0.55, optimal scale: 0.80x)
[SILENT_LOG] [TemplateMatcher] pause_gear.png -> max conf: 0.908 (needs 0.55, optimal scale: 0.80x)
[SILENT_LOG] [TemplateMatcher] pause_gear.png -> max conf: 0.908 (needs 0.55, optimal scale: 0.80x)
[SILENT_LOG] [TemplateMatcher] pause_gear.png -> max conf: 0.908 (needs 0.55, optimal scale: 0.80x)
[REWARD] 动作已执行，开始 3 次心跳检测血条 (间隔 0.2s)...
[SILENT_LOG] [TemplateMatcher] pause_gear.png -> max conf: 0.908 (needs 0.55, optimal scale: 0.80x)
[SILENT_LOG] [TemplateMatcher] pause_gear.png -> max conf: 0.908 (needs 0.55, optimal scale: 0.80x)
[SILENT_LOG] [TemplateMatcher] pause_gear.png -> max conf: 0.908 (needs 0.55, optimal scale: 0.80x)
[SILENT_LOG] [TemplateMatcher] pause_gear.png -> max conf: 0.908 (needs 0.55, optimal scale: 0.80x)
[REWARD] ❌ 未检测到新血条！判定为【费用不足或CD中】，强制挂机 2.0 秒等待费用恢复！
[SILENT_LOG] [TemplateMatcher] pause_gear.png -> max conf: 0.908 (needs 0.55, optimal scale: 0.80x)
[SILENT_LOG] [TemplateMatcher] pause_gear.png -> max conf: 0.908 (needs 0.55, optimal scale: 0.80x)
[SILENT_LOG] [TemplateMatcher] pause_gear.png -> max conf: 0.909 (needs 0.55, optimal scale: 0.80x)
[SILENT_LOG] [TemplateMatcher] pause_gear.png -> max conf: 0.908 (needs 0.55, optimal scale: 0.80x)
[SILENT_LOG] [TemplateMatcher] pause_gear.png -> max conf: 0.908 (needs 0.55, optimal scale: 0.80x)
[SILENT_LOG] [TemplateMatcher] pause_gear.png -> max conf: 0.908 (needs 0.55, optimal scale: 0.80x)
[REWARD] 执行前血条数: 2 -> 最终确认血条数: 2
[REWARD] ❌ 未产生血条 (游戏拒收/高低台错位/手滑)。惩罚 -0.05

[STEP 10] 开始执行动作...
[ACTION MASKING] ⛔ 警告：手牌 0 亮度过低(无费/CD中)！代码直接拦截，不执行拖拽！
[SILENT_LOG] [TemplateMatcher] pause_gear.png -> max conf: 0.908 (needs 0.55, optimal scale: 0.80x)
[REWARD] 执行前血条数: 2 -> 最终确认血条数: 0
[REWARD] ⛔ 动作被拦截 (非法地形/没钱/有人)。惩罚 -0.05 (连续无作为: 3次)

[STEP 11] 开始执行动作...
[ACTION MASKING] ⛔ 警告：手牌 5 亮度过低(无费/CD中)！代码直接拦截，不执行拖拽！
[SILENT_LOG] [TemplateMatcher] pause_gear.png -> max conf: 0.908 (needs 0.55, optimal scale: 0.80x)
[REWARD] 执行前血条数: 2 -> 最终确认血条数: 0
[REWARD] ⛔ 动作被拦截 (非法地形/没钱/有人)。惩罚 -0.05 (连续无作为: 4次)

[STEP 12] 开始执行动作...
[ACTION MASKING] ⛔ 警告：手牌 5 亮度过低(无费/CD中)！代码直接拦截，不执行拖拽！
[SILENT_LOG] [TemplateMatcher] pause_gear.png -> max conf: 0.908 (needs 0.55, optimal scale: 0.80x)
[REWARD] 执行前血条数: 2 -> 最终确认血条数: 0
[REWARD] ⛔ 动作被拦截 (非法地形/没钱/有人)。惩罚 -0.05 (连续无作为: 5次)

[STEP 13] 开始执行动作...
[SILENT_LOG] [TemplateMatcher] pause_gear.png -> max conf: 0.908 (needs 0.55, optimal scale: 0.80x)
[ACTION MASKING] ⛔ 警告：手牌 9 亮度过低(无费/CD中)！代码直接拦截，不执行拖拽！
[REWARD] 执行前血条数: 2 -> 最终确认血条数: 0
[REWARD] ⛔ 动作被拦截 (非法地形/没钱/有人)。惩罚 -0.05 (连续无作为: 6次)

[STEP 14] 开始执行动作...
[SILENT_LOG] [TemplateMatcher] pause_gear.png -> max conf: 0.908 (needs 0.55, optimal scale: 0.80x)
[ACTION] 盲狙执行: 选卡10 -> 拖拽至(0,1) 朝向3
[SILENT_LOG] [TemplateMatcher] pause_gear.png -> max conf: 0.908 (needs 0.55, optimal scale: 0.80x)
[SILENT_LOG] [TemplateMatcher] pause_gear.png -> max conf: 0.908 (needs 0.55, optimal scale: 0.80x)
[SILENT_LOG] [TemplateMatcher] pause_gear.png -> max conf: 0.908 (needs 0.55, optimal scale: 0.80x)
[SILENT_LOG] [TemplateMatcher] pause_gear.png -> max conf: 0.908 (needs 0.55, optimal scale: 0.80x)
[SILENT_LOG] [TemplateMatcher] pause_gear.png -> max conf: 0.908 (needs 0.55, optimal scale: 0.80x)
[SILENT_LOG] [TemplateMatcher] pause_gear.png -> max conf: 0.908 (needs 0.55, optimal scale: 0.80x)
[REWARD] 动作已执行，开始 3 次心跳检测血条 (间隔 0.2s)...
[SILENT_LOG] [TemplateMatcher] pause_gear.png -> max conf: 0.908 (needs 0.55, optimal scale: 0.80x)
[SILENT_LOG] [TemplateMatcher] pause_gear.png -> max conf: 0.908 (needs 0.55, optimal scale: 0.80x)
[SILENT_LOG] [TemplateMatcher] pause_gear.png -> max conf: 0.908 (needs 0.55, optimal scale: 0.80x)
[SILENT_LOG] [TemplateMatcher] pause_gear.png -> max conf: 0.908 (needs 0.55, optimal scale: 0.80x)
[REWARD] ❌ 未检测到新血条！判定为【费用不足或CD中】，强制挂机 2.0 秒等待费用恢复！
[SILENT_LOG] [TemplateMatcher] pause_gear.png -> max conf: 0.908 (needs 0.55, optimal scale: 0.80x)
[SILENT_LOG] [TemplateMatcher] pause_gear.png -> max conf: 0.908 (needs 0.55, optimal scale: 0.80x)
[SILENT_LOG] [TemplateMatcher] pause_gear.png -> max conf: 0.908 (needs 0.55, optimal scale: 0.80x)
[SILENT_LOG] [TemplateMatcher] pause_gear.png -> max conf: 0.907 (needs 0.55, optimal scale: 0.80x)
[SILENT_LOG] [TemplateMatcher] pause_gear.png -> max conf: 0.908 (needs 0.55, optimal scale: 0.80x)
[SILENT_LOG] [TemplateMatcher] pause_gear.png -> max conf: 0.908 (needs 0.55, optimal scale: 0.80x)
[REWARD] 执行前血条数: 2 -> 最终确认血条数: 2
[REWARD] ❌ 未产生血条 (游戏拒收/高低台错位/手滑)。惩罚 -0.05

[STEP 15] 开始执行动作...
[ACTION] 盲狙执行: 选卡3 -> 拖拽至(6,3) 朝向3
[SILENT_LOG] [TemplateMatcher] pause_gear.png -> max conf: 0.893 (needs 0.55, optimal scale: 0.80x)
[SILENT_LOG] [TemplateMatcher] pause_gear.png -> max conf: 0.893 (needs 0.55, optimal scale: 0.80x)
[SILENT_LOG] [TemplateMatcher] pause_gear.png -> max conf: 0.891 (needs 0.55, optimal scale: 0.80x)
[SILENT_LOG] [TemplateMatcher] pause_gear.png -> max conf: 0.908 (needs 0.55, optimal scale: 0.80x)
[SILENT_LOG] [TemplateMatcher] pause_gear.png -> max conf: 0.908 (needs 0.55, optimal scale: 0.80x)
[SILENT_LOG] [TemplateMatcher] pause_gear.png -> max conf: 0.908 (needs 0.55, optimal scale: 0.80x)
[REWARD] 动作已执行，开始 3 次心跳检测血条 (间隔 0.2s)...
[SILENT_LOG] [TemplateMatcher] pause_gear.png -> max conf: 0.908 (needs 0.55, optimal scale: 0.80x)
[SILENT_LOG] [TemplateMatcher] pause_gear.png -> max conf: 0.908 (needs 0.55, optimal scale: 0.80x)
[REWARD] ✅ 第 1 次检测命中目标干员血条！
[REWARD] 执行前血条数: 2 -> 最终确认血条数: 3
[REWARD] 🎯 完美落子！部署点靠近敌人 (距离: 99.3)，奖励 +0.5
[REWARD] 🛡️ 偏离/背对敌人！(角度: 46.6°)，微小惩罚 -0.1

[STEP 16] 开始执行动作...
[SILENT_LOG] [TemplateMatcher] pause_gear.png -> max conf: 0.908 (needs 0.55, optimal scale: 0.80x)
[ACTION MASKING] ⛔ 警告：手牌 4 亮度过低(无费/CD中)！代码直接拦截，不执行拖拽！
[REWARD] 执行前血条数: 3 -> 最终确认血条数: 0
[REWARD] ⛔ 动作被拦截 (非法地形/没钱/有人)。惩罚 -0.05 (连续无作为: 1次)

[STEP 17] 开始执行动作...
[SILENT_LOG] [TemplateMatcher] pause_gear.png -> max conf: 0.908 (needs 0.55, optimal scale: 0.80x)
[ACTION MASKING] ⛔ 警告：手牌 6 亮度过低(无费/CD中)！代码直接拦截，不执行拖拽！
[SILENT_LOG] [TemplateMatcher] pause_gear.png -> max conf: 0.908 (needs 0.55, optimal scale: 0.80x)
[REWARD] 执行前血条数: 3 -> 最终确认血条数: 0
[REWARD] ⛔ 动作被拦截 (非法地形/没钱/有人)。惩罚 -0.05 (连续无作为: 2次)

[STEP 18] 开始执行动作...
[ACTION MASKING] ⛔ 警告：手牌 5 亮度过低(无费/CD中)！代码直接拦截，不执行拖拽！
[SILENT_LOG] [TemplateMatcher] pause_gear.png -> max conf: 0.908 (needs 0.55, optimal scale: 0.80x)
[REWARD] 执行前血条数: 3 -> 最终确认血条数: 0
[REWARD] ⛔ 动作被拦截 (非法地形/没钱/有人)。惩罚 -0.05 (连续无作为: 3次)

[STEP 19] 开始执行动作...
[ACTION] 盲狙执行: 选卡10 -> 拖拽至(2,4) 朝向1
[SILENT_LOG] [TemplateMatcher] pause_gear.png -> max conf: 0.908 (needs 0.55, optimal scale: 0.80x)
[SILENT_LOG] [TemplateMatcher] pause_gear.png -> max conf: 0.908 (needs 0.55, optimal scale: 0.80x)
[SILENT_LOG] [TemplateMatcher] pause_gear.png -> max conf: 0.908 (needs 0.55, optimal scale: 0.80x)
[SILENT_LOG] [TemplateMatcher] pause_gear.png -> max conf: 0.908 (needs 0.55, optimal scale: 0.80x)
[SILENT_LOG] [TemplateMatcher] pause_gear.png -> max conf: 0.908 (needs 0.55, optimal scale: 0.80x)
[SILENT_LOG] [TemplateMatcher] pause_gear.png -> max conf: 0.908 (needs 0.55, optimal scale: 0.80x)
[REWARD] 动作已执行，开始 3 次心跳检测血条 (间隔 0.2s)...
[SILENT_LOG] [TemplateMatcher] pause_gear.png -> max conf: 0.908 (needs 0.55, optimal scale: 0.80x)
[SILENT_LOG] [TemplateMatcher] pause_gear.png -> max conf: 0.908 (needs 0.55, optimal scale: 0.80x)
[SILENT_LOG] [TemplateMatcher] pause_gear.png -> max conf: 0.908 (needs 0.55, optimal scale: 0.80x)
[SILENT_LOG] [TemplateMatcher] pause_gear.png -> max conf: 0.908 (needs 0.55, optimal scale: 0.80x)
[REWARD] ❌ 未检测到新血条！判定为【费用不足或CD中】，强制挂机 2.0 秒等待费用恢复！
[SILENT_LOG] [TemplateMatcher] pause_gear.png -> max conf: 0.908 (needs 0.55, optimal scale: 0.80x)
[SILENT_LOG] [TemplateMatcher] pause_gear.png -> max conf: 0.908 (needs 0.55, optimal scale: 0.80x)
[SILENT_LOG] [TemplateMatcher] pause_gear.png -> max conf: 0.908 (needs 0.55, optimal scale: 0.80x)
[SILENT_LOG] [TemplateMatcher] pause_gear.png -> max conf: 0.908 (needs 0.55, optimal scale: 0.80x)
[SILENT_LOG] [TemplateMatcher] pause_gear.png -> max conf: 0.908 (needs 0.55, optimal scale: 0.80x)
[SILENT_LOG] [TemplateMatcher] pause_gear.png -> max conf: 0.908 (needs 0.55, optimal scale: 0.80x)
[REWARD] 执行前血条数: 3 -> 最终确认血条数: 3
[REWARD] ❌ 未产生血条 (游戏拒收/高低台错位/手滑)。惩罚 -0.05

[STEP 20] 开始执行动作...
[ACTION] 盲狙执行: 选卡3 -> 拖拽至(8,0) 朝向2
[SILENT_LOG] [TemplateMatcher] pause_gear.png -> max conf: 0.890 (needs 0.55, optimal scale: 0.80x)
[SILENT_LOG] [TemplateMatcher] pause_gear.png -> max conf: 0.908 (needs 0.55, optimal scale: 0.80x)
[SILENT_LOG] [TemplateMatcher] pause_gear.png -> max conf: 0.908 (needs 0.55, optimal scale: 0.80x)
[SILENT_LOG] [TemplateMatcher] pause_gear.png -> max conf: 0.909 (needs 0.55, optimal scale: 0.80x)
[SILENT_LOG] [TemplateMatcher] pause_gear.png -> max conf: 0.908 (needs 0.55, optimal scale: 0.80x)
[SILENT_LOG] [TemplateMatcher] pause_gear.png -> max conf: 0.908 (needs 0.55, optimal scale: 0.80x)
[REWARD] 动作已执行，开始 3 次心跳检测血条 (间隔 0.2s)...
[SILENT_LOG] [TemplateMatcher] pause_gear.png -> max conf: 0.908 (needs 0.55, optimal scale: 0.80x)
[SILENT_LOG] [TemplateMatcher] pause_gear.png -> max conf: 0.908 (needs 0.55, optimal scale: 0.80x)
[SILENT_LOG] [TemplateMatcher] pause_gear.png -> max conf: 0.908 (needs 0.55, optimal scale: 0.80x)
[SILENT_LOG] [TemplateMatcher] pause_gear.png -> max conf: 0.908 (needs 0.55, optimal scale: 0.80x)
[SILENT_LOG] [TemplateMatcher] pause_gear.png -> max conf: 0.908 (needs 0.55, optimal scale: 0.80x)
[REWARD] ❌ 未检测到新血条！判定为【费用不足或CD中】，强制挂机 2.0 秒等待费用恢复！
[SILENT_LOG] [TemplateMatcher] pause_gear.png -> max conf: 0.908 (needs 0.55, optimal scale: 0.80x)
[SILENT_LOG] [TemplateMatcher] pause_gear.png -> max conf: 0.908 (needs 0.55, optimal scale: 0.80x)
[SILENT_LOG] [TemplateMatcher] pause_gear.png -> max conf: 0.908 (needs 0.55, optimal scale: 0.80x)
[SILENT_LOG] [TemplateMatcher] pause_gear.png -> max conf: 0.908 (needs 0.55, optimal scale: 0.80x)
[SILENT_LOG] [TemplateMatcher] pause_gear.png -> max conf: 0.908 (needs 0.55, optimal scale: 0.80x)
[SILENT_LOG] [TemplateMatcher] pause_gear.png -> max conf: 0.908 (needs 0.55, optimal scale: 0.80x)
[REWARD] 执行前血条数: 3 -> 最终确认血条数: 3
[REWARD] ❌ 未产生血条 (游戏拒收/高低台错位/手滑)。惩罚 -0.05

[STEP 21] 开始执行动作...
[ACTION] 盲狙执行: 选卡3 -> 拖拽至(1,0) 朝向1
[SILENT_LOG] [TemplateMatcher] pause_gear.png -> max conf: 0.908 (needs 0.55, optimal scale: 0.80x)
[SILENT_LOG] [TemplateMatcher] pause_gear.png -> max conf: 0.888 (needs 0.55, optimal scale: 0.80x)
[SILENT_LOG] [TemplateMatcher] pause_gear.png -> max conf: 0.908 (needs 0.55, optimal scale: 0.80x)
[SILENT_LOG] [TemplateMatcher] pause_gear.png -> max conf: 0.908 (needs 0.55, optimal scale: 0.80x)
[SILENT_LOG] [TemplateMatcher] pause_gear.png -> max conf: 0.908 (needs 0.55, optimal scale: 0.80x)
[SILENT_LOG] [TemplateMatcher] pause_gear.png -> max conf: 0.908 (needs 0.55, optimal scale: 0.80x)
[SILENT_LOG] [TemplateMatcher] pause_gear.png -> max conf: 0.908 (needs 0.55, optimal scale: 0.80x)
[REWARD] 动作已执行，开始 3 次心跳检测血条 (间隔 0.2s)...
[SILENT_LOG] [TemplateMatcher] pause_gear.png -> max conf: 0.908 (needs 0.55, optimal scale: 0.80x)
[SILENT_LOG] [TemplateMatcher] pause_gear.png -> max conf: 0.908 (needs 0.55, optimal scale: 0.80x)
[SILENT_LOG] [TemplateMatcher] pause_gear.png -> max conf: 0.908 (needs 0.55, optimal scale: 0.80x)
[SILENT_LOG] [TemplateMatcher] pause_gear.png -> max conf: 0.908 (needs 0.55, optimal scale: 0.80x)
[REWARD] ❌ 未检测到新血条！判定为【费用不足或CD中】，强制挂机 2.0 秒等待费用恢复！
[SILENT_LOG] [TemplateMatcher] pause_gear.png -> max conf: 0.908 (needs 0.55, optimal scale: 0.80x)
[SILENT_LOG] [TemplateMatcher] pause_gear.png -> max conf: 0.908 (needs 0.55, optimal scale: 0.80x)
[SILENT_LOG] [TemplateMatcher] pause_gear.png -> max conf: 0.908 (needs 0.55, optimal scale: 0.80x)
[SILENT_LOG] [TemplateMatcher] pause_gear.png -> max conf: 0.908 (needs 0.55, optimal scale: 0.80x)
[SILENT_LOG] [TemplateMatcher] pause_gear.png -> max conf: 0.908 (needs 0.55, optimal scale: 0.80x)
[SILENT_LOG] [TemplateMatcher] pause_gear.png -> max conf: 0.908 (needs 0.55, optimal scale: 0.80x)
[REWARD] 执行前血条数: 3 -> 最终确认血条数: 3
[REWARD] ❌ 未产生血条 (游戏拒收/高低台错位/手滑)。惩罚 -0.05

[STEP 22] 开始执行动作...
[SILENT_LOG] [TemplateMatcher] pause_gear.png -> max conf: 0.908 (needs 0.55, optimal scale: 0.80x)
[ACTION MASKING] ⛔ 警告：手牌 0 亮度过低(无费/CD中)！代码直接拦截，不执行拖拽！
[REWARD] 执行前血条数: 3 -> 最终确认血条数: 0
[REWARD] ⛔ 动作被拦截 (非法地形/没钱/有人)。惩罚 -0.05 (连续无作为: 7次)

[STEP 23] 开始执行动作...
[SILENT_LOG] [TemplateMatcher] pause_gear.png -> max conf: 0.909 (needs 0.55, optimal scale: 0.80x)
[ACTION] 盲狙执行: 选卡10 -> 拖拽至(8,4) 朝向1
[SILENT_LOG] [TemplateMatcher] pause_gear.png -> max conf: 0.890 (needs 0.55, optimal scale: 0.80x)
[SILENT_LOG] [TemplateMatcher] pause_gear.png -> max conf: 0.908 (needs 0.55, optimal scale: 0.80x)
[SILENT_LOG] [TemplateMatcher] pause_gear.png -> max conf: 0.908 (needs 0.55, optimal scale: 0.80x)
[SILENT_LOG] [TemplateMatcher] pause_gear.png -> max conf: 0.908 (needs 0.55, optimal scale: 0.80x)
[SILENT_LOG] [TemplateMatcher] pause_gear.png -> max conf: 0.908 (needs 0.55, optimal scale: 0.80x)
[SILENT_LOG] [TemplateMatcher] pause_gear.png -> max conf: 0.908 (needs 0.55, optimal scale: 0.80x)
[REWARD] 动作已执行，开始 3 次心跳检测血条 (间隔 0.2s)...
[SILENT_LOG] [TemplateMatcher] pause_gear.png -> max conf: 0.908 (needs 0.55, optimal scale: 0.80x)
[SILENT_LOG] [TemplateMatcher] pause_gear.png -> max conf: 0.908 (needs 0.55, optimal scale: 0.80x)
[SILENT_LOG] [TemplateMatcher] pause_gear.png -> max conf: 0.908 (needs 0.55, optimal scale: 0.80x)
[SILENT_LOG] [TemplateMatcher] pause_gear.png -> max conf: 0.908 (needs 0.55, optimal scale: 0.80x)
[REWARD] ❌ 未检测到新血条！判定为【费用不足或CD中】，强制挂机 2.0 秒等待费用恢复！
[SILENT_LOG] [TemplateMatcher] pause_gear.png -> max conf: 0.908 (needs 0.55, optimal scale: 0.80x)
[SILENT_LOG] [TemplateMatcher] pause_gear.png -> max conf: 0.908 (needs 0.55, optimal scale: 0.80x)
[SILENT_LOG] [TemplateMatcher] pause_gear.png -> max conf: 0.908 (needs 0.55, optimal scale: 0.80x)
[SILENT_LOG] [TemplateMatcher] pause_gear.png -> max conf: 0.908 (needs 0.55, optimal scale: 0.80x)
[SILENT_LOG] [TemplateMatcher] pause_gear.png -> max conf: 0.908 (needs 0.55, optimal scale: 0.80x)
[SILENT_LOG] [TemplateMatcher] pause_gear.png -> max conf: 0.908 (needs 0.55, optimal scale: 0.80x)
[REWARD] 执行前血条数: 3 -> 最终确认血条数: 3
[REWARD] ❌ 未产生血条 (游戏拒收/高低台错位/手滑)。惩罚 -0.05
[SAVE] 自动保存进度 (Step 80) -> policy_latest.zip

[STEP 24] 开始执行动作...
[SILENT_LOG] [TemplateMatcher] pause_gear.png -> max conf: 0.908 (needs 0.55, optimal scale: 0.80x)
[ACTION MASKING] ⛔ 警告：手牌 0 亮度过低(无费/CD中)！代码直接拦截，不执行拖拽！
[REWARD] 执行前血条数: 3 -> 最终确认血条数: 0
[REWARD] ⛔ 动作被拦截 (非法地形/没钱/有人)。惩罚 -0.05 (连续无作为: 9次)

[STEP 25] 开始执行动作...
[SILENT_LOG] [TemplateMatcher] pause_gear.png -> max conf: 0.908 (needs 0.55, optimal scale: 0.80x)
[ACTION] 盲狙执行: 选卡6 -> 拖拽至(7,3) 朝向0
[SILENT_LOG] [TemplateMatcher] pause_gear.png -> max conf: 0.885 (needs 0.55, optimal scale: 0.80x)
[SILENT_LOG] [TemplateMatcher] pause_gear.png -> max conf: 0.908 (needs 0.55, optimal scale: 0.80x)
[SILENT_LOG] [TemplateMatcher] pause_gear.png -> max conf: 0.908 (needs 0.55, optimal scale: 0.80x)
[SILENT_LOG] [TemplateMatcher] pause_gear.png -> max conf: 0.908 (needs 0.55, optimal scale: 0.80x)
[SILENT_LOG] [TemplateMatcher] pause_gear.png -> max conf: 0.907 (needs 0.55, optimal scale: 0.80x)
[SILENT_LOG] [TemplateMatcher] pause_gear.png -> max conf: 0.908 (needs 0.55, optimal scale: 0.80x)
[REWARD] 动作已执行，开始 3 次心跳检测血条 (间隔 0.2s)...
[SILENT_LOG] [TemplateMatcher] pause_gear.png -> max conf: 0.908 (needs 0.55, optimal scale: 0.80x)
[SILENT_LOG] [TemplateMatcher] pause_gear.png -> max conf: 0.908 (needs 0.55, optimal scale: 0.80x)
[SILENT_LOG] [TemplateMatcher] pause_gear.png -> max conf: 0.908 (needs 0.55, optimal scale: 0.80x)
[SILENT_LOG] [TemplateMatcher] pause_gear.png -> max conf: 0.908 (needs 0.55, optimal scale: 0.80x)
[REWARD] ❌ 未检测到新血条！判定为【费用不足或CD中】，强制挂机 2.0 秒等待费用恢复！
[SILENT_LOG] [TemplateMatcher] pause_gear.png -> max conf: 0.908 (needs 0.55, optimal scale: 0.80x)
[SILENT_LOG] [TemplateMatcher] pause_gear.png -> max conf: 0.909 (needs 0.55, optimal scale: 0.80x)
[SILENT_LOG] [TemplateMatcher] pause_gear.png -> max conf: 0.908 (needs 0.55, optimal scale: 0.80x)
[SILENT_LOG] [TemplateMatcher] pause_gear.png -> max conf: 0.908 (needs 0.55, optimal scale: 0.80x)
[SILENT_LOG] [TemplateMatcher] pause_gear.png -> max conf: 0.908 (needs 0.55, optimal scale: 0.80x)
[SILENT_LOG] [TemplateMatcher] pause_gear.png -> max conf: 0.908 (needs 0.55, optimal scale: 0.80x)
[REWARD] 执行前血条数: 3 -> 最终确认血条数: 3
[REWARD] ❌ 未产生血条 (游戏拒收/高低台错位/手滑)。惩罚 -0.05

[STEP 26] 开始执行动作...
[SILENT_LOG] [TemplateMatcher] pause_gear.png -> max conf: 0.908 (needs 0.55, optimal scale: 0.80x)
[ACTION] 盲狙执行: 选卡11 -> 拖拽至(8,0) 朝向3
[SILENT_LOG] [TemplateMatcher] pause_gear.png -> max conf: 0.885 (needs 0.55, optimal scale: 0.80x)
[SILENT_LOG] [TemplateMatcher] pause_gear.png -> max conf: 0.908 (needs 0.55, optimal scale: 0.80x)
[SILENT_LOG] [TemplateMatcher] pause_gear.png -> max conf: 0.908 (needs 0.55, optimal scale: 0.80x)
[SILENT_LOG] [TemplateMatcher] pause_gear.png -> max conf: 0.908 (needs 0.55, optimal scale: 0.80x)
[SILENT_LOG] [TemplateMatcher] pause_gear.png -> max conf: 0.908 (needs 0.55, optimal scale: 0.80x)
[SILENT_LOG] [TemplateMatcher] pause_gear.png -> max conf: 0.908 (needs 0.55, optimal scale: 0.80x)
[REWARD] 动作已执行，开始 3 次心跳检测血条 (间隔 0.2s)...
[SILENT_LOG] [TemplateMatcher] pause_gear.png -> max conf: 0.908 (needs 0.55, optimal scale: 0.80x)
[SILENT_LOG] [TemplateMatcher] pause_gear.png -> max conf: 0.908 (needs 0.55, optimal scale: 0.80x)
[SILENT_LOG] [TemplateMatcher] pause_gear.png -> max conf: 0.908 (needs 0.55, optimal scale: 0.80x)
[SILENT_LOG] [TemplateMatcher] pause_gear.png -> max conf: 0.908 (needs 0.55, optimal scale: 0.80x)
[REWARD] ❌ 未检测到新血条！判定为【费用不足或CD中】，强制挂机 2.0 秒等待费用恢复！
[SILENT_LOG] [TemplateMatcher] pause_gear.png -> max conf: 0.908 (needs 0.55, optimal scale: 0.80x)
[SILENT_LOG] [TemplateMatcher] pause_gear.png -> max conf: 0.908 (needs 0.55, optimal scale: 0.80x)
[SILENT_LOG] [TemplateMatcher] pause_gear.png -> max conf: 0.908 (needs 0.55, optimal scale: 0.80x)
[SILENT_LOG] [TemplateMatcher] pause_gear.png -> max conf: 0.908 (needs 0.55, optimal scale: 0.80x)
[SILENT_LOG] [TemplateMatcher] pause_gear.png -> max conf: 0.908 (needs 0.55, optimal scale: 0.80x)
[SILENT_LOG] [TemplateMatcher] pause_gear.png -> max conf: 0.908 (needs 0.55, optimal scale: 0.80x)
[REWARD] 执行前血条数: 3 -> 最终确认血条数: 3
[REWARD] ❌ 未产生血条 (游戏拒收/高低台错位/手滑)。惩罚 -0.05

[STEP 27] 开始执行动作...
[SILENT_LOG] [TemplateMatcher] pause_gear.png -> max conf: 0.908 (needs 0.55, optimal scale: 0.80x)
[ACTION] 盲狙执行: 选卡1 -> 拖拽至(0,3) 朝向2
[SILENT_LOG] [TemplateMatcher] pause_gear.png -> max conf: 0.893 (needs 0.55, optimal scale: 0.80x)
[SILENT_LOG] [TemplateMatcher] pause_gear.png -> max conf: 0.908 (needs 0.55, optimal scale: 0.80x)
[SILENT_LOG] [TemplateMatcher] pause_gear.png -> max conf: 0.908 (needs 0.55, optimal scale: 0.80x)
[SILENT_LOG] [TemplateMatcher] pause_gear.png -> max conf: 0.908 (needs 0.55, optimal scale: 0.80x)
[SILENT_LOG] [TemplateMatcher] pause_gear.png -> max conf: 0.908 (needs 0.55, optimal scale: 0.80x)
[SILENT_LOG] [TemplateMatcher] pause_gear.png -> max conf: 0.908 (needs 0.55, optimal scale: 0.80x)
[REWARD] 动作已执行，开始 3 次心跳检测血条 (间隔 0.2s)...
[SILENT_LOG] [TemplateMatcher] pause_gear.png -> max conf: 0.908 (needs 0.55, optimal scale: 0.80x)
[SILENT_LOG] [TemplateMatcher] pause_gear.png -> max conf: 0.909 (needs 0.55, optimal scale: 0.80x)
[SILENT_LOG] [TemplateMatcher] pause_gear.png -> max conf: 0.908 (needs 0.55, optimal scale: 0.80x)
[SILENT_LOG] [TemplateMatcher] pause_gear.png -> max conf: 0.908 (needs 0.55, optimal scale: 0.80x)
[REWARD] ❌ 未检测到新血条！判定为【费用不足或CD中】，强制挂机 2.0 秒等待费用恢复！
[SILENT_LOG] [TemplateMatcher] pause_gear.png -> max conf: 0.908 (needs 0.55, optimal scale: 0.80x)
[SILENT_LOG] [TemplateMatcher] pause_gear.png -> max conf: 0.908 (needs 0.55, optimal scale: 0.80x)
[SILENT_LOG] [TemplateMatcher] pause_gear.png -> max conf: 0.908 (needs 0.55, optimal scale: 0.80x)
[SILENT_LOG] [TemplateMatcher] pause_gear.png -> max conf: 0.908 (needs 0.55, optimal scale: 0.80x)
[SILENT_LOG] [TemplateMatcher] pause_gear.png -> max conf: 0.908 (needs 0.55, optimal scale: 0.80x)
[SILENT_LOG] [TemplateMatcher] pause_gear.png -> max conf: 0.908 (needs 0.55, optimal scale: 0.80x)
[REWARD] 执行前血条数: 3 -> 最终确认血条数: 3
[REWARD] ❌ 未产生血条 (游戏拒收/高低台错位/手滑)。惩罚 -0.05

[STEP 28] 开始执行动作...
[SILENT_LOG] [TemplateMatcher] pause_gear.png -> max conf: 0.908 (needs 0.55, optimal scale: 0.80x)
[ACTION MASKING] ⛔ 警告：手牌 8 亮度过低(无费/CD中)！代码直接拦截，不执行拖拽！
[REWARD] 执行前血条数: 3 -> 最终确认血条数: 0
[REWARD] ⛔ 动作被拦截 (非法地形/没钱/有人)。惩罚 -0.05 (连续无作为: 13次)

[STEP 29] 开始执行动作...
[SILENT_LOG] [TemplateMatcher] pause_gear.png -> max conf: 0.908 (needs 0.55, optimal scale: 0.80x)
[ACTION] 盲狙执行: 选卡6 -> 拖拽至(8,0) 朝向3
[SILENT_LOG] [TemplateMatcher] pause_gear.png -> max conf: 0.887 (needs 0.55, optimal scale: 0.80x)
[SILENT_LOG] [TemplateMatcher] pause_gear.png -> max conf: 0.908 (needs 0.55, optimal scale: 0.80x)
[SILENT_LOG] [TemplateMatcher] pause_gear.png -> max conf: 0.908 (needs 0.55, optimal scale: 0.80x)
[SILENT_LOG] [TemplateMatcher] pause_gear.png -> max conf: 0.908 (needs 0.55, optimal scale: 0.80x)
[SILENT_LOG] [TemplateMatcher] pause_gear.png -> max conf: 0.908 (needs 0.55, optimal scale: 0.80x)
[SILENT_LOG] [TemplateMatcher] pause_gear.png -> max conf: 0.908 (needs 0.55, optimal scale: 0.80x)
[REWARD] 动作已执行，开始 3 次心跳检测血条 (间隔 0.2s)...
[SILENT_LOG] [TemplateMatcher] pause_gear.png -> max conf: 0.908 (needs 0.55, optimal scale: 0.80x)
[SILENT_LOG] [TemplateMatcher] pause_gear.png -> max conf: 0.908 (needs 0.55, optimal scale: 0.80x)
[SILENT_LOG] [TemplateMatcher] pause_gear.png -> max conf: 0.908 (needs 0.55, optimal scale: 0.80x)
[SILENT_LOG] [TemplateMatcher] pause_gear.png -> max conf: 0.908 (needs 0.55, optimal scale: 0.80x)
[REWARD] ❌ 未检测到新血条！判定为【费用不足或CD中】，强制挂机 2.0 秒等待费用恢复！
[SILENT_LOG] [TemplateMatcher] pause_gear.png -> max conf: 0.908 (needs 0.55, optimal scale: 0.80x)
[SILENT_LOG] [TemplateMatcher] pause_gear.png -> max conf: 0.908 (needs 0.55, optimal scale: 0.80x)
[SILENT_LOG] [TemplateMatcher] pause_gear.png -> max conf: 0.908 (needs 0.55, optimal scale: 0.80x)
[SILENT_LOG] [TemplateMatcher] pause_gear.png -> max conf: 0.908 (needs 0.55, optimal scale: 0.80x)
[SILENT_LOG] [TemplateMatcher] pause_gear.png -> max conf: 0.907 (needs 0.55, optimal scale: 0.80x)
[SILENT_LOG] [TemplateMatcher] pause_gear.png -> max conf: 0.908 (needs 0.55, optimal scale: 0.80x)
[REWARD] 执行前血条数: 3 -> 最终确认血条数: 3
[REWARD] ❌ 未产生血条 (游戏拒收/高低台错位/手滑)。惩罚 -0.05

[STEP 30] 开始执行动作...
[ACTION MASKING] ⛔ 警告：目标网格(4,3)已被友方干员驻守！代码直接拦截！
[SILENT_LOG] [TemplateMatcher] pause_gear.png -> max conf: 0.908 (needs 0.55, optimal scale: 0.80x)
[REWARD] 执行前血条数: 3 -> 最终确认血条数: 0
[REWARD] ⛔ 动作被拦截 (非法地形/没钱/有人)。惩罚 -0.05 (连续无作为: 15次)

[STEP 31] 开始执行动作...
[SILENT_LOG] [TemplateMatcher] pause_gear.png -> max conf: 0.908 (needs 0.55, optimal scale: 0.80x)
[ACTION MASKING] ⛔ 警告：目标网格(6,3)已被友方干员驻守！代码直接拦截！
[SILENT_LOG] [TemplateMatcher] pause_gear.png -> max conf: 0.908 (needs 0.55, optimal scale: 0.80x)
[REWARD] 执行前血条数: 3 -> 最终确认血条数: 0
[REWARD] ⛔ 动作被拦截 (非法地形/没钱/有人)。惩罚 -0.05 (连续无作为: 16次)

[STEP 32] 开始执行动作...
[ACTION] 盲狙执行: 选卡5 -> 拖拽至(8,3) 朝向2
[SILENT_LOG] [TemplateMatcher] pause_gear.png -> max conf: 0.889 (needs 0.55, optimal scale: 0.80x)
[SILENT_LOG] [TemplateMatcher] pause_gear.png -> max conf: 0.889 (needs 0.55, optimal scale: 0.80x)
[SILENT_LOG] [TemplateMatcher] pause_gear.png -> max conf: 0.890 (needs 0.55, optimal scale: 0.80x)
[SILENT_LOG] [TemplateMatcher] pause_gear.png -> max conf: 0.908 (needs 0.55, optimal scale: 0.80x)
[SILENT_LOG] [TemplateMatcher] pause_gear.png -> max conf: 0.908 (needs 0.55, optimal scale: 0.80x)
[SILENT_LOG] [TemplateMatcher] pause_gear.png -> max conf: 0.908 (needs 0.55, optimal scale: 0.80x)
[REWARD] 动作已执行，开始 3 次心跳检测血条 (间隔 0.2s)...
[SILENT_LOG] [TemplateMatcher] pause_gear.png -> max conf: 0.908 (needs 0.55, optimal scale: 0.80x)
[SILENT_LOG] [TemplateMatcher] pause_gear.png -> max conf: 0.908 (needs 0.55, optimal scale: 0.80x)
[REWARD] ✅ 第 1 次检测命中目标干员血条！
[REWARD] 执行前血条数: 3 -> 最终确认血条数: 4
[REWARD] 🎯 完美落子！部署点靠近敌人 (距离: 158.7)，奖励 +0.5
[REWARD] 🛡️ 偏离/背对敌人！(角度: 285.6°)，微小惩罚 -0.1

[STEP 33] 开始执行动作...
[ACTION] 盲狙执行: 选卡5 -> 拖拽至(4,2) 朝向3
[SILENT_LOG] [TemplateMatcher] pause_gear.png -> max conf: 0.908 (needs 0.55, optimal scale: 0.80x)
[SILENT_LOG] [TemplateMatcher] pause_gear.png -> max conf: 0.886 (needs 0.55, optimal scale: 0.80x)
[SILENT_LOG] [TemplateMatcher] pause_gear.png -> max conf: 0.885 (needs 0.55, optimal scale: 0.80x)
[SILENT_LOG] [TemplateMatcher] pause_gear.png -> max conf: 0.884 (needs 0.55, optimal scale: 0.80x)
[SILENT_LOG] [TemplateMatcher] pause_gear.png -> max conf: 0.908 (needs 0.55, optimal scale: 0.80x)
[SILENT_LOG] [TemplateMatcher] pause_gear.png -> max conf: 0.550 (needs 0.55, optimal scale: 0.80x)
[SILENT_LOG] [TemplateMatcher] pause_gear.png -> max conf: 0.549 (needs 0.55, optimal scale: 0.80x)
[REWARD] 动作已执行，开始 3 次心跳检测血条 (间隔 0.2s)...
[SILENT_LOG] [TemplateMatcher] pause_gear.png -> max conf: 0.549 (needs 0.55, optimal scale: 0.80x)

[MONITOR] 🚨 后台紧急熔断：连续 2 次未见右上角齿轮，战斗结束！
[REWARD] ❌ 未检测到新血条！判定为【费用不足或CD中】，强制挂机 2.0 秒等待费用恢复！
[REWARD] 执行前血条数: 4 -> 最终确认血条数: 0
[REWARD] ❌ 未产生血条 (游戏拒收/高低台错位/手滑)。惩罚 -0.05
[ENV] 🚨 后台监视器触发熔断，本回合正式结束！

================= 回合结束，开始自动重启关卡 =================
[TemplateMatcher] pause_gear.png -> max conf: 0.549 (needs 0.7, optimal scale: 0.80x)
[DEBUG] 未匹配 [pause_gear] (要求阈值 0.7)
[TemplateMatcher] start_action.png -> max conf: 0.246 (needs 0.43, optimal scale: 0.80x)
[DEBUG] 未匹配 [start_action] (要求阈值 0.43)
[TemplateMatcher] practice.png -> max conf: 0.567 (needs 0.5, optimal scale: 1.20x)
[RESET] 找到 [practice] (置信度 0.57 >= 0.5)，点击 (1055, 677)
[RESET] 点击演习按钮
[TemplateMatcher] pause_gear.png -> max conf: 0.000 (needs 0.7, optimal scale: 0.80x)
[DEBUG] 未匹配 [pause_gear] (要求阈值 0.7)
[TemplateMatcher] start_action.png -> max conf: 0.000 (needs 0.43, optimal scale: 0.80x)
[DEBUG] 未匹配 [start_action] (要求阈值 0.43)
[TemplateMatcher] practice.png -> max conf: 0.000 (needs 0.5, optimal scale: 0.80x)
[DEBUG] 未匹配 [practice] (要求阈值 0.5)
[TemplateMatcher] stage_1_7.png -> max conf: 0.000 (needs 0.5, optimal scale: 0.80x)
[DEBUG] 未匹配 [stage_1_7] (要求阈值 0.5)
[RESET] 尝试跳过动画/寻找入口... (尝试 2/100)
[TemplateMatcher] pause_gear.png -> max conf: 0.000 (needs 0.7, optimal scale: 0.80x)
[DEBUG] 未匹配 [pause_gear] (要求阈值 0.7)
[TemplateMatcher] start_action.png -> max conf: 0.000 (needs 0.43, optimal scale: 0.80x)
[DEBUG] 未匹配 [start_action] (要求阈值 0.43)
[TemplateMatcher] practice.png -> max conf: 0.000 (needs 0.5, optimal scale: 0.80x)
[DEBUG] 未匹配 [practice] (要求阈值 0.5)
[TemplateMatcher] stage_1_7.png -> max conf: 0.000 (needs 0.5, optimal scale: 0.80x)
[DEBUG] 未匹配 [stage_1_7] (要求阈值 0.5)
[RESET] 尝试跳过动画/寻找入口... (尝试 3/100)
[TemplateMatcher] pause_gear.png -> max conf: 0.000 (needs 0.7, optimal scale: 0.80x)
[DEBUG] 未匹配 [pause_gear] (要求阈值 0.7)
[TemplateMatcher] start_action.png -> max conf: 0.000 (needs 0.43, optimal scale: 0.80x)
[DEBUG] 未匹配 [start_action] (要求阈值 0.43)
[TemplateMatcher] practice.png -> max conf: 0.000 (needs 0.5, optimal scale: 0.80x)
[DEBUG] 未匹配 [practice] (要求阈值 0.5)
[TemplateMatcher] stage_1_7.png -> max conf: 0.000 (needs 0.5, optimal scale: 0.80x)
[DEBUG] 未匹配 [stage_1_7] (要求阈值 0.5)
[RESET] 尝试跳过动画/寻找入口... (尝试 4/100)
[TemplateMatcher] pause_gear.png -> max conf: 0.435 (needs 0.7, optimal scale: 0.80x)
[DEBUG] 未匹配 [pause_gear] (要求阈值 0.7)
[TemplateMatcher] start_action.png -> max conf: -0.081 (needs 0.43, optimal scale: 0.80x)
[DEBUG] 未匹配 [start_action] (要求阈值 0.43)
[TemplateMatcher] practice.png -> max conf: 0.531 (needs 0.5, optimal scale: 0.80x)
[RESET] 找到 [practice] (置信度 0.53 >= 0.5)，点击 (679, 676)
[RESET] 点击演习按钮
[TemplateMatcher] pause_gear.png -> max conf: 0.435 (needs 0.7, optimal scale: 0.80x)
[DEBUG] 未匹配 [pause_gear] (要求阈值 0.7)
[TemplateMatcher] start_action.png -> max conf: -0.081 (needs 0.43, optimal scale: 0.80x)
[DEBUG] 未匹配 [start_action] (要求阈值 0.43)
[TemplateMatcher] practice.png -> max conf: 0.531 (needs 0.5, optimal scale: 0.80x)
[RESET] 找到 [practice] (置信度 0.53 >= 0.5)，点击 (679, 676)
[RESET] 点击演习按钮
[TemplateMatcher] pause_gear.png -> max conf: 0.490 (needs 0.7, optimal scale: 0.80x)
[DEBUG] 未匹配 [pause_gear] (要求阈值 0.7)
[TemplateMatcher] start_action.png -> max conf: -0.018 (needs 0.43, optimal scale: 0.80x)
[DEBUG] 未匹配 [start_action] (要求阈值 0.43)
[TemplateMatcher] practice.png -> max conf: 0.522 (needs 0.5, optimal scale: 0.80x)
[RESET] 找到 [practice] (置信度 0.52 >= 0.5)，点击 (533, 603)
[RESET] 点击演习按钮
[TemplateMatcher] pause_gear.png -> max conf: 0.490 (needs 0.7, optimal scale: 0.80x)
[DEBUG] 未匹配 [pause_gear] (要求阈值 0.7)
[TemplateMatcher] start_action.png -> max conf: -0.018 (needs 0.43, optimal scale: 0.80x)
[DEBUG] 未匹配 [start_action] (要求阈值 0.43)
[TemplateMatcher] practice.png -> max conf: 0.522 (needs 0.5, optimal scale: 0.80x)
[RESET] 找到 [practice] (置信度 0.52 >= 0.5)，点击 (533, 603)
[RESET] 点击演习按钮
[TemplateMatcher] pause_gear.png -> max conf: 0.490 (needs 0.7, optimal scale: 0.80x)
[DEBUG] 未匹配 [pause_gear] (要求阈值 0.7)
[TemplateMatcher] start_action.png -> max conf: -0.018 (needs 0.43, optimal scale: 0.80x)
[DEBUG] 未匹配 [start_action] (要求阈值 0.43)
[TemplateMatcher] practice.png -> max conf: 0.522 (needs 0.5, optimal scale: 0.80x)
[RESET] 找到 [practice] (置信度 0.52 >= 0.5)，点击 (533, 603)
[RESET] 点击演习按钮
[TemplateMatcher] pause_gear.png -> max conf: 0.473 (needs 0.7, optimal scale: 0.90x)
[DEBUG] 未匹配 [pause_gear] (要求阈值 0.7)
[TemplateMatcher] start_action.png -> max conf: 0.027 (needs 0.43, optimal scale: 0.80x)
[DEBUG] 未匹配 [start_action] (要求阈值 0.43)
[TemplateMatcher] practice.png -> max conf: 0.489 (needs 0.5, optimal scale: 0.85x)
[DEBUG] 未匹配 [practice] (要求阈值 0.5)
[TemplateMatcher] stage_1_7.png -> max conf: 0.712 (needs 0.5, optimal scale: 0.80x)
[RESET] 找到 [stage_1_7] (置信度 0.71 >= 0.5)，点击 (638, 224)
[RESET] 点击关卡 1-7 图标
[TemplateMatcher] pause_gear.png -> max conf: 0.612 (needs 0.7, optimal scale: 1.10x)
[DEBUG] 未匹配 [pause_gear] (要求阈值 0.7)
[TemplateMatcher] start_action.png -> max conf: 0.103 (needs 0.43, optimal scale: 0.80x)
[DEBUG] 未匹配 [start_action] (要求阈值 0.43)
[TemplateMatcher] practice.png -> max conf: 0.687 (needs 0.5, optimal scale: 0.80x)
[RESET] 找到 [practice] (置信度 0.69 >= 0.5)，点击 (935, 660)
[RESET] 点击演习按钮
[TemplateMatcher] pause_gear.png -> max conf: 0.470 (needs 0.7, optimal scale: 1.05x)
[DEBUG] 未匹配 [pause_gear] (要求阈值 0.7)
[TemplateMatcher] start_action.png -> max conf: 0.431 (needs 0.43, optimal scale: 0.80x)
[RESET] 找到 [start_action] (置信度 0.43 >= 0.43)，点击 (1101, 516)
[RESET] 点击开始行动，进入加载...
[TemplateMatcher] pause_gear.png -> max conf: 0.000 (needs 0.7, optimal scale: 0.80x)
[DEBUG] 未匹配 [pause_gear] (要求阈值 0.7)
[TemplateMatcher] start_action.png -> max conf: 0.000 (needs 0.43, optimal scale: 0.80x)
[DEBUG] 未匹配 [start_action] (要求阈值 0.43)
[TemplateMatcher] practice.png -> max conf: 0.000 (needs 0.5, optimal scale: 0.80x)
[DEBUG] 未匹配 [practice] (要求阈值 0.5)
[TemplateMatcher] stage_1_7.png -> max conf: 0.000 (needs 0.5, optimal scale: 0.80x)
[DEBUG] 未匹配 [stage_1_7] (要求阈值 0.5)
[RESET] 尝试跳过动画/寻找入口... (尝试 13/100)
[TemplateMatcher] pause_gear.png -> max conf: 0.000 (needs 0.7, optimal scale: 0.80x)
[DEBUG] 未匹配 [pause_gear] (要求阈值 0.7)
[TemplateMatcher] start_action.png -> max conf: 0.000 (needs 0.43, optimal scale: 0.80x)
[DEBUG] 未匹配 [start_action] (要求阈值 0.43)
[TemplateMatcher] practice.png -> max conf: 0.000 (needs 0.5, optimal scale: 0.80x)
[DEBUG] 未匹配 [practice] (要求阈值 0.5)
[TemplateMatcher] stage_1_7.png -> max conf: 0.000 (needs 0.5, optimal scale: 0.80x)
[DEBUG] 未匹配 [stage_1_7] (要求阈值 0.5)
[RESET] 尝试跳过动画/寻找入口... (尝试 14/100)
[TemplateMatcher] pause_gear.png -> max conf: 0.000 (needs 0.7, optimal scale: 0.80x)
[DEBUG] 未匹配 [pause_gear] (要求阈值 0.7)
[TemplateMatcher] start_action.png -> max conf: 0.000 (needs 0.43, optimal scale: 0.80x)
[DEBUG] 未匹配 [start_action] (要求阈值 0.43)
[TemplateMatcher] practice.png -> max conf: 0.000 (needs 0.5, optimal scale: 0.80x)
[DEBUG] 未匹配 [practice] (要求阈值 0.5)
[TemplateMatcher] stage_1_7.png -> max conf: 0.000 (needs 0.5, optimal scale: 0.80x)
[DEBUG] 未匹配 [stage_1_7] (要求阈值 0.5)
[RESET] 尝试跳过动画/寻找入口... (尝试 15/100)
[TemplateMatcher] pause_gear.png -> max conf: 0.511 (needs 0.7, optimal scale: 1.20x)
[DEBUG] 未匹配 [pause_gear] (要求阈值 0.7)
[TemplateMatcher] start_action.png -> max conf: -0.052 (needs 0.43, optimal scale: 0.80x)
[DEBUG] 未匹配 [start_action] (要求阈值 0.43)
[TemplateMatcher] practice.png -> max conf: 0.379 (needs 0.5, optimal scale: 0.90x)
[DEBUG] 未匹配 [practice] (要求阈值 0.5)
[TemplateMatcher] stage_1_7.png -> max conf: 0.411 (needs 0.5, optimal scale: 0.90x)
[DEBUG] 未匹配 [stage_1_7] (要求阈值 0.5)
[RESET] 尝试跳过动画/寻找入口... (尝试 16/100)
[TemplateMatcher] pause_gear.png -> max conf: 0.511 (needs 0.7, optimal scale: 1.20x)
[DEBUG] 未匹配 [pause_gear] (要求阈值 0.7)
[TemplateMatcher] start_action.png -> max conf: -0.052 (needs 0.43, optimal scale: 0.80x)
[DEBUG] 未匹配 [start_action] (要求阈值 0.43)
[TemplateMatcher] practice.png -> max conf: 0.379 (needs 0.5, optimal scale: 0.90x)
[DEBUG] 未匹配 [practice] (要求阈值 0.5)
[TemplateMatcher] stage_1_7.png -> max conf: 0.411 (needs 0.5, optimal scale: 0.90x)
[DEBUG] 未匹配 [stage_1_7] (要求阈值 0.5)
[RESET] 尝试跳过动画/寻找入口... (尝试 17/100)
[TemplateMatcher] pause_gear.png -> max conf: 0.215 (needs 0.7, optimal scale: 1.20x)
[DEBUG] 未匹配 [pause_gear] (要求阈值 0.7)
[TemplateMatcher] start_action.png -> max conf: 0.210 (needs 0.43, optimal scale: 0.80x)
[DEBUG] 未匹配 [start_action] (要求阈值 0.43)
[TemplateMatcher] practice.png -> max conf: 0.372 (needs 0.5, optimal scale: 0.80x)
[DEBUG] 未匹配 [practice] (要求阈值 0.5)
[TemplateMatcher] stage_1_7.png -> max conf: 0.271 (needs 0.5, optimal scale: 0.80x)
[DEBUG] 未匹配 [stage_1_7] (要求阈值 0.5)
[RESET] 尝试跳过动画/寻找入口... (尝试 18/100)
[TemplateMatcher] pause_gear.png -> max conf: 0.211 (needs 0.7, optimal scale: 1.05x)
[DEBUG] 未匹配 [pause_gear] (要求阈值 0.7)
[TemplateMatcher] start_action.png -> max conf: 0.187 (needs 0.43, optimal scale: 0.80x)
[DEBUG] 未匹配 [start_action] (要求阈值 0.43)
[TemplateMatcher] practice.png -> max conf: 0.297 (needs 0.5, optimal scale: 0.80x)
[DEBUG] 未匹配 [practice] (要求阈值 0.5)
[TemplateMatcher] stage_1_7.png -> max conf: 0.277 (needs 0.5, optimal scale: 0.85x)
[DEBUG] 未匹配 [stage_1_7] (要求阈值 0.5)
[RESET] 尝试跳过动画/寻找入口... (尝试 19/100)
[TemplateMatcher] pause_gear.png -> max conf: 0.211 (needs 0.7, optimal scale: 1.05x)
[DEBUG] 未匹配 [pause_gear] (要求阈值 0.7)
[TemplateMatcher] start_action.png -> max conf: 0.187 (needs 0.43, optimal scale: 0.80x)
[DEBUG] 未匹配 [start_action] (要求阈值 0.43)
[TemplateMatcher] practice.png -> max conf: 0.297 (needs 0.5, optimal scale: 0.80x)
[DEBUG] 未匹配 [practice] (要求阈值 0.5)
[TemplateMatcher] stage_1_7.png -> max conf: 0.277 (needs 0.5, optimal scale: 0.85x)
[DEBUG] 未匹配 [stage_1_7] (要求阈值 0.5)
[RESET] 尝试跳过动画/寻找入口... (尝试 20/100)
[TemplateMatcher] pause_gear.png -> max conf: 0.865 (needs 0.7, optimal scale: 0.80x)
[RESET] 找到 [pause_gear] (置信度 0.87 >= 0.7)，(仅检测，不点击)
[RESET] ✅ 检测到战斗画面右上角齿轮，重启成功！
================= 关卡重启流程结束 =================

[ENV] 🛡️ 战斗全局异步监视器已启动...
[SILENT_LOG] [TemplateMatcher] pause_gear.png -> max conf: 0.908 (needs 0.55, optimal scale: 0.80x)
--> [回合结束] 第 4 回合 | 奖励: 3.3 | 步数: 33

[STEP 1] 开始执行动作...
[ACTION MASKING] ⛔ 警告：手牌 5 亮度过低(无费/CD中)！代码直接拦截，不执行拖拽！
[SILENT_LOG] [TemplateMatcher] pause_gear.png -> max conf: 0.908 (needs 0.55, optimal scale: 0.80x)
[REWARD] 执行前血条数: 0 -> 最终确认血条数: 0
[REWARD] ⛔ 动作被拦截 (非法地形/没钱/有人)。惩罚 -0.05 (连续无作为: 2次)

[STEP 2] 开始执行动作...
[SILENT_LOG] [TemplateMatcher] pause_gear.png -> max conf: 0.908 (needs 0.55, optimal scale: 0.80x)
[ACTION MASKING] ⛔ 警告：手牌 6 亮度过低(无费/CD中)！代码直接拦截，不执行拖拽！
[REWARD] 执行前血条数: 0 -> 最终确认血条数: 0
[REWARD] ⛔ 动作被拦截 (非法地形/没钱/有人)。惩罚 -0.05 (连续无作为: 3次)

[STEP 3] 开始执行动作...
[SILENT_LOG] [TemplateMatcher] pause_gear.png -> max conf: 0.908 (needs 0.55, optimal scale: 0.80x)
[ACTION MASKING] ⛔ 警告：手牌 6 亮度过低(无费/CD中)！代码直接拦截，不执行拖拽！
[REWARD] 执行前血条数: 0 -> 最终确认血条数: 0
[REWARD] ⛔ 动作被拦截 (非法地形/没钱/有人)。惩罚 -0.05 (连续无作为: 4次)

[STEP 4] 开始执行动作...
[SILENT_LOG] [TemplateMatcher] pause_gear.png -> max conf: 0.908 (needs 0.55, optimal scale: 0.80x)
[ACTION MASKING] ⛔ 警告：手牌 8 亮度过低(无费/CD中)！代码直接拦截，不执行拖拽！
[REWARD] 执行前血条数: 0 -> 最终确认血条数: 0
[REWARD] ⛔ 动作被拦截 (非法地形/没钱/有人)。惩罚 -0.05 (连续无作为: 5次)

[STEP 5] 开始执行动作...
[SILENT_LOG] [TemplateMatcher] pause_gear.png -> max conf: 0.908 (needs 0.55, optimal scale: 0.80x)
[ACTION MASKING] ⛔ 警告：手牌 8 亮度过低(无费/CD中)！代码直接拦截，不执行拖拽！
[SILENT_LOG] [TemplateMatcher] pause_gear.png -> max conf: 0.908 (needs 0.55, optimal scale: 0.80x)
[REWARD] 执行前血条数: 0 -> 最终确认血条数: 0
[REWARD] ⛔ 动作被拦截 (非法地形/没钱/有人)。惩罚 -0.05 (连续无作为: 6次)

[STEP 6] 开始执行动作...
[ACTION MASKING] ⛔ 警告：手牌 8 亮度过低(无费/CD中)！代码直接拦截，不执行拖拽！
[SILENT_LOG] [TemplateMatcher] pause_gear.png -> max conf: 0.909 (needs 0.55, optimal scale: 0.80x)
[REWARD] 执行前血条数: 0 -> 最终确认血条数: 0
[REWARD] ⛔ 动作被拦截 (非法地形/没钱/有人)。惩罚 -0.05 (连续无作为: 7次)

[STEP 7] 开始执行动作...
[ACTION MASKING] ⛔ 警告：手牌 0 亮度过低(无费/CD中)！代码直接拦截，不执行拖拽！
[SILENT_LOG] [TemplateMatcher] pause_gear.png -> max conf: 0.908 (needs 0.55, optimal scale: 0.80x)
[REWARD] 执行前血条数: 0 -> 最终确认血条数: 0
[REWARD] ⛔ 动作被拦截 (非法地形/没钱/有人)。惩罚 -0.05 (连续无作为: 8次)

[STEP 8] 开始执行动作...
[SILENT_LOG] [TemplateMatcher] pause_gear.png -> max conf: 0.908 (needs 0.55, optimal scale: 0.80x)
[ACTION MASKING] ⛔ 警告：手牌 9 亮度过低(无费/CD中)！代码直接拦截，不执行拖拽！
[REWARD] 执行前血条数: 0 -> 最终确认血条数: 0
[REWARD] ⛔ 动作被拦截 (非法地形/没钱/有人)。惩罚 -0.05 (连续无作为: 9次)

[STEP 9] 开始执行动作...
[SILENT_LOG] [TemplateMatcher] pause_gear.png -> max conf: 0.908 (needs 0.55, optimal scale: 0.80x)
[ACTION MASKING] ⛔ 警告：手牌 7 亮度过低(无费/CD中)！代码直接拦截，不执行拖拽！
[SILENT_LOG] [TemplateMatcher] pause_gear.png -> max conf: 0.908 (needs 0.55, optimal scale: 0.80x)
[REWARD] 执行前血条数: 0 -> 最终确认血条数: 0
[REWARD] ⛔ 动作被拦截 (非法地形/没钱/有人)。惩罚 -0.05 (连续无作为: 10次)

[STEP 10] 开始执行动作...
[ACTION MASKING] ⛔ 警告：手牌 7 亮度过低(无费/CD中)！代码直接拦截，不执行拖拽！
[SILENT_LOG] [TemplateMatcher] pause_gear.png -> max conf: 0.908 (needs 0.55, optimal scale: 0.80x)
[REWARD] 执行前血条数: 0 -> 最终确认血条数: 0
[REWARD] ⛔ 动作被拦截 (非法地形/没钱/有人)。惩罚 -0.05 (连续无作为: 11次)
[SAVE] 自动保存进度 (Step 100) -> policy_latest.zip

[STEP 11] 开始执行动作...
[SILENT_LOG] [TemplateMatcher] pause_gear.png -> max conf: 0.908 (needs 0.55, optimal scale: 0.80x)
[ACTION] 盲狙执行: 选卡5 -> 拖拽至(7,4) 朝向0
[SILENT_LOG] [TemplateMatcher] pause_gear.png -> max conf: 0.885 (needs 0.55, optimal scale: 0.80x)
[SILENT_LOG] [TemplateMatcher] pause_gear.png -> max conf: 0.908 (needs 0.55, optimal scale: 0.80x)
[SILENT_LOG] [TemplateMatcher] pause_gear.png -> max conf: 0.908 (needs 0.55, optimal scale: 0.80x)
[SILENT_LOG] [TemplateMatcher] pause_gear.png -> max conf: 0.908 (needs 0.55, optimal scale: 0.80x)
[SILENT_LOG] [TemplateMatcher] pause_gear.png -> max conf: 0.908 (needs 0.55, optimal scale: 0.80x)
[SILENT_LOG] [TemplateMatcher] pause_gear.png -> max conf: 0.908 (needs 0.55, optimal scale: 0.80x)
[REWARD] 动作已执行，开始 3 次心跳检测血条 (间隔 0.2s)...
[SILENT_LOG] [TemplateMatcher] pause_gear.png -> max conf: 0.908 (needs 0.55, optimal scale: 0.80x)
[SILENT_LOG] [TemplateMatcher] pause_gear.png -> max conf: 0.908 (needs 0.55, optimal scale: 0.80x)
[SILENT_LOG] [TemplateMatcher] pause_gear.png -> max conf: 0.908 (needs 0.55, optimal scale: 0.80x)
[SILENT_LOG] [TemplateMatcher] pause_gear.png -> max conf: 0.908 (needs 0.55, optimal scale: 0.80x)
[REWARD] ❌ 未检测到新血条！判定为【费用不足或CD中】，强制挂机 2.0 秒等待费用恢复！
[SILENT_LOG] [TemplateMatcher] pause_gear.png -> max conf: 0.908 (needs 0.55, optimal scale: 0.80x)
[SILENT_LOG] [TemplateMatcher] pause_gear.png -> max conf: 0.908 (needs 0.55, optimal scale: 0.80x)
[SILENT_LOG] [TemplateMatcher] pause_gear.png -> max conf: 0.908 (needs 0.55, optimal scale: 0.80x)
[SILENT_LOG] [TemplateMatcher] pause_gear.png -> max conf: 0.908 (needs 0.55, optimal scale: 0.80x)
[SILENT_LOG] [TemplateMatcher] pause_gear.png -> max conf: 0.908 (needs 0.55, optimal scale: 0.80x)
[SILENT_LOG] [TemplateMatcher] pause_gear.png -> max conf: 0.908 (needs 0.55, optimal scale: 0.80x)
[REWARD] 执行前血条数: 0 -> 最终确认血条数: 0
[REWARD] ❌ 未产生血条 (游戏拒收/高低台错位/手滑)。惩罚 -0.05

[STEP 12] 开始执行动作...
[ACTION] 盲狙执行: 选卡9 -> 拖拽至(0,2) 朝向0
[SILENT_LOG] [TemplateMatcher] pause_gear.png -> max conf: 0.908 (needs 0.55, optimal scale: 0.80x)
[SILENT_LOG] [TemplateMatcher] pause_gear.png -> max conf: 0.883 (needs 0.55, optimal scale: 0.80x)
[SILENT_LOG] [TemplateMatcher] pause_gear.png -> max conf: 0.908 (needs 0.55, optimal scale: 0.80x)
[SILENT_LOG] [TemplateMatcher] pause_gear.png -> max conf: 0.908 (needs 0.55, optimal scale: 0.80x)
[SILENT_LOG] [TemplateMatcher] pause_gear.png -> max conf: 0.908 (needs 0.55, optimal scale: 0.80x)
[SILENT_LOG] [TemplateMatcher] pause_gear.png -> max conf: 0.908 (needs 0.55, optimal scale: 0.80x)
[SILENT_LOG] [TemplateMatcher] pause_gear.png -> max conf: 0.908 (needs 0.55, optimal scale: 0.80x)
[REWARD] 动作已执行，开始 3 次心跳检测血条 (间隔 0.2s)...
[SILENT_LOG] [TemplateMatcher] pause_gear.png -> max conf: 0.909 (needs 0.55, optimal scale: 0.80x)
[SILENT_LOG] [TemplateMatcher] pause_gear.png -> max conf: 0.908 (needs 0.55, optimal scale: 0.80x)
[SILENT_LOG] [TemplateMatcher] pause_gear.png -> max conf: 0.908 (needs 0.55, optimal scale: 0.80x)
[SILENT_LOG] [TemplateMatcher] pause_gear.png -> max conf: 0.908 (needs 0.55, optimal scale: 0.80x)
[REWARD] ❌ 未检测到新血条！判定为【费用不足或CD中】，强制挂机 2.0 秒等待费用恢复！
[SILENT_LOG] [TemplateMatcher] pause_gear.png -> max conf: 0.908 (needs 0.55, optimal scale: 0.80x)
[SILENT_LOG] [TemplateMatcher] pause_gear.png -> max conf: 0.908 (needs 0.55, optimal scale: 0.80x)
[SILENT_LOG] [TemplateMatcher] pause_gear.png -> max conf: 0.908 (needs 0.55, optimal scale: 0.80x)
[SILENT_LOG] [TemplateMatcher] pause_gear.png -> max conf: 0.908 (needs 0.55, optimal scale: 0.80x)
[SILENT_LOG] [TemplateMatcher] pause_gear.png -> max conf: 0.908 (needs 0.55, optimal scale: 0.80x)
[SILENT_LOG] [TemplateMatcher] pause_gear.png -> max conf: 0.908 (needs 0.55, optimal scale: 0.80x)
[REWARD] 执行前血条数: 0 -> 最终确认血条数: 0
[REWARD] ❌ 未产生血条 (游戏拒收/高低台错位/手滑)。惩罚 -0.05

[STEP 13] 开始执行动作...
[SILENT_LOG] [TemplateMatcher] pause_gear.png -> max conf: 0.908 (needs 0.55, optimal scale: 0.80x)
[ACTION] 盲狙执行: 选卡8 -> 拖拽至(4,2) 朝向2
[SILENT_LOG] [TemplateMatcher] pause_gear.png -> max conf: 0.885 (needs 0.55, optimal scale: 0.80x)
[SILENT_LOG] [TemplateMatcher] pause_gear.png -> max conf: 0.885 (needs 0.55, optimal scale: 0.80x)
[SILENT_LOG] [TemplateMatcher] pause_gear.png -> max conf: 0.886 (needs 0.55, optimal scale: 0.80x)
[SILENT_LOG] [TemplateMatcher] pause_gear.png -> max conf: 0.908 (needs 0.55, optimal scale: 0.80x)
[SILENT_LOG] [TemplateMatcher] pause_gear.png -> max conf: 0.908 (needs 0.55, optimal scale: 0.80x)
[SILENT_LOG] [TemplateMatcher] pause_gear.png -> max conf: 0.908 (needs 0.55, optimal scale: 0.80x)
[REWARD] 动作已执行，开始 3 次心跳检测血条 (间隔 0.2s)...
[SILENT_LOG] [TemplateMatcher] pause_gear.png -> max conf: 0.908 (needs 0.55, optimal scale: 0.80x)
[SILENT_LOG] [TemplateMatcher] pause_gear.png -> max conf: 0.908 (needs 0.55, optimal scale: 0.80x)
[REWARD] ✅ 第 1 次检测命中目标干员血条！
[REWARD] 执行前血条数: 0 -> 最终确认血条数: 1
[REWARD] 🎯 完美落子！部署点靠近敌人 (距离: 223.1)，奖励 +0.5
[REWARD] ⚔️ 完美朝向！正对敌人 (角度: 214.6°)，额外奖励 +0.3

[STEP 14] 开始执行动作...
[ACTION] 盲狙执行: 选卡11 -> 拖拽至(7,2) 朝向0
[SILENT_LOG] [TemplateMatcher] pause_gear.png -> max conf: 0.908 (needs 0.55, optimal scale: 0.80x)
[SILENT_LOG] [TemplateMatcher] pause_gear.png -> max conf: 0.908 (needs 0.55, optimal scale: 0.80x)
[SILENT_LOG] [TemplateMatcher] pause_gear.png -> max conf: 0.908 (needs 0.55, optimal scale: 0.80x)
[SILENT_LOG] [TemplateMatcher] pause_gear.png -> max conf: 0.908 (needs 0.55, optimal scale: 0.80x)
[SILENT_LOG] [TemplateMatcher] pause_gear.png -> max conf: 0.907 (needs 0.55, optimal scale: 0.80x)
[SILENT_LOG] [TemplateMatcher] pause_gear.png -> max conf: 0.908 (needs 0.55, optimal scale: 0.80x)
[REWARD] 动作已执行，开始 3 次心跳检测血条 (间隔 0.2s)...
[SILENT_LOG] [TemplateMatcher] pause_gear.png -> max conf: 0.908 (needs 0.55, optimal scale: 0.80x)
[SILENT_LOG] [TemplateMatcher] pause_gear.png -> max conf: 0.908 (needs 0.55, optimal scale: 0.80x)
[SILENT_LOG] [TemplateMatcher] pause_gear.png -> max conf: 0.908 (needs 0.55, optimal scale: 0.80x)
[SILENT_LOG] [TemplateMatcher] pause_gear.png -> max conf: 0.909 (needs 0.55, optimal scale: 0.80x)
[REWARD] ❌ 未检测到新血条！判定为【费用不足或CD中】，强制挂机 2.0 秒等待费用恢复！
[SILENT_LOG] [TemplateMatcher] pause_gear.png -> max conf: 0.908 (needs 0.55, optimal scale: 0.80x)
[SILENT_LOG] [TemplateMatcher] pause_gear.png -> max conf: 0.908 (needs 0.55, optimal scale: 0.80x)
[SILENT_LOG] [TemplateMatcher] pause_gear.png -> max conf: 0.908 (needs 0.55, optimal scale: 0.80x)
[SILENT_LOG] [TemplateMatcher] pause_gear.png -> max conf: 0.908 (needs 0.55, optimal scale: 0.80x)
[SILENT_LOG] [TemplateMatcher] pause_gear.png -> max conf: 0.908 (needs 0.55, optimal scale: 0.80x)
[SILENT_LOG] [TemplateMatcher] pause_gear.png -> max conf: 0.908 (needs 0.55, optimal scale: 0.80x)
[REWARD] 执行前血条数: 1 -> 最终确认血条数: 1
[REWARD] ❌ 未产生血条 (游戏拒收/高低台错位/手滑)。惩罚 -0.05

[STEP 15] 开始执行动作...
[SILENT_LOG] [TemplateMatcher] pause_gear.png -> max conf: 0.908 (needs 0.55, optimal scale: 0.80x)
[ACTION] 盲狙执行: 选卡11 -> 拖拽至(9,0) 朝向0
[SILENT_LOG] [TemplateMatcher] pause_gear.png -> max conf: 0.908 (needs 0.55, optimal scale: 0.80x)
[SILENT_LOG] [TemplateMatcher] pause_gear.png -> max conf: 0.908 (needs 0.55, optimal scale: 0.80x)
[SILENT_LOG] [TemplateMatcher] pause_gear.png -> max conf: 0.908 (needs 0.55, optimal scale: 0.80x)
[SILENT_LOG] [TemplateMatcher] pause_gear.png -> max conf: 0.908 (needs 0.55, optimal scale: 0.80x)
[SILENT_LOG] [TemplateMatcher] pause_gear.png -> max conf: 0.908 (needs 0.55, optimal scale: 0.80x)
[SILENT_LOG] [TemplateMatcher] pause_gear.png -> max conf: 0.908 (needs 0.55, optimal scale: 0.80x)
[REWARD] 动作已执行，开始 3 次心跳检测血条 (间隔 0.2s)...
[SILENT_LOG] [TemplateMatcher] pause_gear.png -> max conf: 0.908 (needs 0.55, optimal scale: 0.80x)
[SILENT_LOG] [TemplateMatcher] pause_gear.png -> max conf: 0.908 (needs 0.55, optimal scale: 0.80x)
[SILENT_LOG] [TemplateMatcher] pause_gear.png -> max conf: 0.908 (needs 0.55, optimal scale: 0.80x)
[SILENT_LOG] [TemplateMatcher] pause_gear.png -> max conf: 0.908 (needs 0.55, optimal scale: 0.80x)
[REWARD] ❌ 未检测到新血条！判定为【费用不足或CD中】，强制挂机 2.0 秒等待费用恢复！
[SILENT_LOG] [TemplateMatcher] pause_gear.png -> max conf: 0.908 (needs 0.55, optimal scale: 0.80x)
[SILENT_LOG] [TemplateMatcher] pause_gear.png -> max conf: 0.908 (needs 0.55, optimal scale: 0.80x)
[SILENT_LOG] [TemplateMatcher] pause_gear.png -> max conf: 0.908 (needs 0.55, optimal scale: 0.80x)
[SILENT_LOG] [TemplateMatcher] pause_gear.png -> max conf: 0.908 (needs 0.55, optimal scale: 0.80x)
[SILENT_LOG] [TemplateMatcher] pause_gear.png -> max conf: 0.908 (needs 0.55, optimal scale: 0.80x)
[SILENT_LOG] [TemplateMatcher] pause_gear.png -> max conf: 0.908 (needs 0.55, optimal scale: 0.80x)
[REWARD] 执行前血条数: 1 -> 最终确认血条数: 1
[REWARD] ❌ 未产生血条 (游戏拒收/高低台错位/手滑)。惩罚 -0.05

[STEP 16] 开始执行动作...
[ACTION MASKING] ⛔ 警告：手牌 0 亮度过低(无费/CD中)！代码直接拦截，不执行拖拽！
[SILENT_LOG] [TemplateMatcher] pause_gear.png -> max conf: 0.908 (needs 0.55, optimal scale: 0.80x)
[REWARD] 执行前血条数: 1 -> 最终确认血条数: 0
[REWARD] ⛔ 动作被拦截 (非法地形/没钱/有人)。惩罚 -0.05 (连续无作为: 3次)

[STEP 17] 开始执行动作...
[SILENT_LOG] [TemplateMatcher] pause_gear.png -> max conf: 0.908 (needs 0.55, optimal scale: 0.80x)
[ACTION MASKING] ⛔ 警告：手牌 0 亮度过低(无费/CD中)！代码直接拦截，不执行拖拽！
[REWARD] 执行前血条数: 1 -> 最终确认血条数: 0
[REWARD] ⛔ 动作被拦截 (非法地形/没钱/有人)。惩罚 -0.05 (连续无作为: 4次)

[STEP 18] 开始执行动作...
[SILENT_LOG] [TemplateMatcher] pause_gear.png -> max conf: 0.908 (needs 0.55, optimal scale: 0.80x)
[ACTION] 盲狙执行: 选卡1 -> 拖拽至(9,1) 朝向3
[SILENT_LOG] [TemplateMatcher] pause_gear.png -> max conf: 0.894 (needs 0.55, optimal scale: 0.80x)
[SILENT_LOG] [TemplateMatcher] pause_gear.png -> max conf: 0.908 (needs 0.55, optimal scale: 0.80x)
[SILENT_LOG] [TemplateMatcher] pause_gear.png -> max conf: 0.908 (needs 0.55, optimal scale: 0.80x)
[SILENT_LOG] [TemplateMatcher] pause_gear.png -> max conf: 0.908 (needs 0.55, optimal scale: 0.80x)
[SILENT_LOG] [TemplateMatcher] pause_gear.png -> max conf: 0.908 (needs 0.55, optimal scale: 0.80x)
[SILENT_LOG] [TemplateMatcher] pause_gear.png -> max conf: 0.908 (needs 0.55, optimal scale: 0.80x)
[REWARD] 动作已执行，开始 3 次心跳检测血条 (间隔 0.2s)...
[SILENT_LOG] [TemplateMatcher] pause_gear.png -> max conf: 0.908 (needs 0.55, optimal scale: 0.80x)
[SILENT_LOG] [TemplateMatcher] pause_gear.png -> max conf: 0.908 (needs 0.55, optimal scale: 0.80x)
[SILENT_LOG] [TemplateMatcher] pause_gear.png -> max conf: 0.908 (needs 0.55, optimal scale: 0.80x)
[SILENT_LOG] [TemplateMatcher] pause_gear.png -> max conf: 0.908 (needs 0.55, optimal scale: 0.80x)
[REWARD] ❌ 未检测到新血条！判定为【费用不足或CD中】，强制挂机 2.0 秒等待费用恢复！
[SILENT_LOG] [TemplateMatcher] pause_gear.png -> max conf: 0.908 (needs 0.55, optimal scale: 0.80x)
[SILENT_LOG] [TemplateMatcher] pause_gear.png -> max conf: 0.908 (needs 0.55, optimal scale: 0.80x)
[SILENT_LOG] [TemplateMatcher] pause_gear.png -> max conf: 0.908 (needs 0.55, optimal scale: 0.80x)
[SILENT_LOG] [TemplateMatcher] pause_gear.png -> max conf: 0.908 (needs 0.55, optimal scale: 0.80x)
[SILENT_LOG] [TemplateMatcher] pause_gear.png -> max conf: 0.908 (needs 0.55, optimal scale: 0.80x)
[SILENT_LOG] [TemplateMatcher] pause_gear.png -> max conf: 0.908 (needs 0.55, optimal scale: 0.80x)
[REWARD] 执行前血条数: 1 -> 最终确认血条数: 1
[REWARD] ❌ 未产生血条 (游戏拒收/高低台错位/手滑)。惩罚 -0.05

[STEP 19] 开始执行动作...
[ACTION] 盲狙执行: 选卡7 -> 拖拽至(2,4) 朝向0
[SILENT_LOG] [TemplateMatcher] pause_gear.png -> max conf: 0.908 (needs 0.55, optimal scale: 0.80x)
[SILENT_LOG] [TemplateMatcher] pause_gear.png -> max conf: 0.898 (needs 0.55, optimal scale: 0.80x)
[SILENT_LOG] [TemplateMatcher] pause_gear.png -> max conf: 0.897 (needs 0.55, optimal scale: 0.80x)
[SILENT_LOG] [TemplateMatcher] pause_gear.png -> max conf: 0.893 (needs 0.55, optimal scale: 0.80x)
[SILENT_LOG] [TemplateMatcher] pause_gear.png -> max conf: 0.908 (needs 0.55, optimal scale: 0.80x)
[SILENT_LOG] [TemplateMatcher] pause_gear.png -> max conf: 0.908 (needs 0.55, optimal scale: 0.80x)
[SILENT_LOG] [TemplateMatcher] pause_gear.png -> max conf: 0.908 (needs 0.55, optimal scale: 0.80x)
[REWARD] 动作已执行，开始 3 次心跳检测血条 (间隔 0.2s)...
[SILENT_LOG] [TemplateMatcher] pause_gear.png -> max conf: 0.908 (needs 0.55, optimal scale: 0.80x)
[SILENT_LOG] [TemplateMatcher] pause_gear.png -> max conf: 0.908 (needs 0.55, optimal scale: 0.80x)
[REWARD] ✅ 第 1 次检测命中目标干员血条！
[REWARD] 执行前血条数: 1 -> 最终确认血条数: 2
[REWARD] 🎯 完美落子！部署点靠近敌人 (距离: 169.2)，奖励 +0.5
[REWARD] 🛡️ 偏离/背对敌人！(角度: 323.4°)，微小惩罚 -0.1

[STEP 20] 开始执行动作...
[ACTION] 盲狙执行: 选卡8 -> 拖拽至(6,0) 朝向1
[SILENT_LOG] [TemplateMatcher] pause_gear.png -> max conf: 0.908 (needs 0.55, optimal scale: 0.80x)
[SILENT_LOG] [TemplateMatcher] pause_gear.png -> max conf: 0.885 (needs 0.55, optimal scale: 0.80x)
[SILENT_LOG] [TemplateMatcher] pause_gear.png -> max conf: 0.884 (needs 0.55, optimal scale: 0.80x)
[SILENT_LOG] [TemplateMatcher] pause_gear.png -> max conf: 0.885 (needs 0.55, optimal scale: 0.80x)
[SILENT_LOG] [TemplateMatcher] pause_gear.png -> max conf: 0.908 (needs 0.55, optimal scale: 0.80x)
[SILENT_LOG] [TemplateMatcher] pause_gear.png -> max conf: 0.908 (needs 0.55, optimal scale: 0.80x)
[SILENT_LOG] [TemplateMatcher] pause_gear.png -> max conf: 0.908 (needs 0.55, optimal scale: 0.80x)
[REWARD] 动作已执行，开始 3 次心跳检测血条 (间隔 0.2s)...
[SILENT_LOG] [TemplateMatcher] pause_gear.png -> max conf: 0.908 (needs 0.55, optimal scale: 0.80x)
[SILENT_LOG] [TemplateMatcher] pause_gear.png -> max conf: 0.908 (needs 0.55, optimal scale: 0.80x)
[REWARD] ✅ 第 1 次检测命中目标干员血条！
[REWARD] 执行前血条数: 2 -> 最终确认血条数: 4
[REWARD] 场上暂无移动目标，仅发放基础部署奖励 +1.0

[STEP 21] 开始执行动作...
[ACTION MASKING] ⛔ 警告：手牌 6 亮度过低(无费/CD中)！代码直接拦截，不执行拖拽！
[SILENT_LOG] [TemplateMatcher] pause_gear.png -> max conf: 0.908 (needs 0.55, optimal scale: 0.80x)
[REWARD] 执行前血条数: 4 -> 最终确认血条数: 0
[REWARD] ⛔ 动作被拦截 (非法地形/没钱/有人)。惩罚 -0.05 (连续无作为: 1次)

[STEP 22] 开始执行动作...
[SILENT_LOG] [TemplateMatcher] pause_gear.png -> max conf: 0.908 (needs 0.55, optimal scale: 0.80x)
[ACTION] 盲狙执行: 选卡1 -> 拖拽至(7,4) 朝向0
[SILENT_LOG] [TemplateMatcher] pause_gear.png -> max conf: 0.909 (needs 0.55, optimal scale: 0.80x)
[SILENT_LOG] [TemplateMatcher] pause_gear.png -> max conf: 0.908 (needs 0.55, optimal scale: 0.80x)
[SILENT_LOG] [TemplateMatcher] pause_gear.png -> max conf: 0.908 (needs 0.55, optimal scale: 0.80x)
[SILENT_LOG] [TemplateMatcher] pause_gear.png -> max conf: 0.908 (needs 0.55, optimal scale: 0.80x)
[SILENT_LOG] [TemplateMatcher] pause_gear.png -> max conf: 0.908 (needs 0.55, optimal scale: 0.80x)
[SILENT_LOG] [TemplateMatcher] pause_gear.png -> max conf: 0.908 (needs 0.55, optimal scale: 0.80x)
[REWARD] 动作已执行，开始 3 次心跳检测血条 (间隔 0.2s)...
[SILENT_LOG] [TemplateMatcher] pause_gear.png -> max conf: 0.908 (needs 0.55, optimal scale: 0.80x)
[SILENT_LOG] [TemplateMatcher] pause_gear.png -> max conf: 0.908 (needs 0.55, optimal scale: 0.80x)
[SILENT_LOG] [TemplateMatcher] pause_gear.png -> max conf: 0.908 (needs 0.55, optimal scale: 0.80x)
[SILENT_LOG] [TemplateMatcher] pause_gear.png -> max conf: 0.908 (needs 0.55, optimal scale: 0.80x)
[REWARD] ❌ 未检测到新血条！判定为【费用不足或CD中】，强制挂机 2.0 秒等待费用恢复！
[SILENT_LOG] [TemplateMatcher] pause_gear.png -> max conf: 0.908 (needs 0.55, optimal scale: 0.80x)
[SILENT_LOG] [TemplateMatcher] pause_gear.png -> max conf: 0.908 (needs 0.55, optimal scale: 0.80x)
[SILENT_LOG] [TemplateMatcher] pause_gear.png -> max conf: 0.908 (needs 0.55, optimal scale: 0.80x)
[SILENT_LOG] [TemplateMatcher] pause_gear.png -> max conf: 0.908 (needs 0.55, optimal scale: 0.80x)
[SILENT_LOG] [TemplateMatcher] pause_gear.png -> max conf: 0.908 (needs 0.55, optimal scale: 0.80x)
[SILENT_LOG] [TemplateMatcher] pause_gear.png -> max conf: 0.908 (needs 0.55, optimal scale: 0.80x)
[REWARD] 执行前血条数: 4 -> 最终确认血条数: 4
[REWARD] ❌ 未产生血条 (游戏拒收/高低台错位/手滑)。惩罚 -0.05

[STEP 23] 开始执行动作...
[ACTION] 盲狙执行: 选卡2 -> 拖拽至(2,4) 朝向3
[SILENT_LOG] [TemplateMatcher] pause_gear.png -> max conf: 0.908 (needs 0.55, optimal scale: 0.80x)
[SILENT_LOG] [TemplateMatcher] pause_gear.png -> max conf: 0.886 (needs 0.55, optimal scale: 0.80x)
[SILENT_LOG] [TemplateMatcher] pause_gear.png -> max conf: 0.908 (needs 0.55, optimal scale: 0.80x)
[SILENT_LOG] [TemplateMatcher] pause_gear.png -> max conf: 0.908 (needs 0.55, optimal scale: 0.80x)
[SILENT_LOG] [TemplateMatcher] pause_gear.png -> max conf: 0.908 (needs 0.55, optimal scale: 0.80x)
[SILENT_LOG] [TemplateMatcher] pause_gear.png -> max conf: 0.908 (needs 0.55, optimal scale: 0.80x)
[SILENT_LOG] [TemplateMatcher] pause_gear.png -> max conf: 0.908 (needs 0.55, optimal scale: 0.80x)
[REWARD] 动作已执行，开始 3 次心跳检测血条 (间隔 0.2s)...
[SILENT_LOG] [TemplateMatcher] pause_gear.png -> max conf: 0.908 (needs 0.55, optimal scale: 0.80x)
[SILENT_LOG] [TemplateMatcher] pause_gear.png -> max conf: 0.908 (needs 0.55, optimal scale: 0.80x)
[SILENT_LOG] [TemplateMatcher] pause_gear.png -> max conf: 0.908 (needs 0.55, optimal scale: 0.80x)
[SILENT_LOG] [TemplateMatcher] pause_gear.png -> max conf: 0.908 (needs 0.55, optimal scale: 0.80x)
[REWARD] ❌ 未检测到新血条！判定为【费用不足或CD中】，强制挂机 2.0 秒等待费用恢复！
[SILENT_LOG] [TemplateMatcher] pause_gear.png -> max conf: 0.908 (needs 0.55, optimal scale: 0.80x)
[SILENT_LOG] [TemplateMatcher] pause_gear.png -> max conf: 0.908 (needs 0.55, optimal scale: 0.80x)
[SILENT_LOG] [TemplateMatcher] pause_gear.png -> max conf: 0.908 (needs 0.55, optimal scale: 0.80x)
[SILENT_LOG] [TemplateMatcher] pause_gear.png -> max conf: 0.908 (needs 0.55, optimal scale: 0.80x)
[SILENT_LOG] [TemplateMatcher] pause_gear.png -> max conf: 0.908 (needs 0.55, optimal scale: 0.80x)
[SILENT_LOG] [TemplateMatcher] pause_gear.png -> max conf: 0.908 (needs 0.55, optimal scale: 0.80x)
[REWARD] 执行前血条数: 4 -> 最终确认血条数: 4
[REWARD] ❌ 未产生血条 (游戏拒收/高低台错位/手滑)。惩罚 -0.05

[STEP 24] 开始执行动作...
[ACTION] 盲狙执行: 选卡10 -> 拖拽至(6,2) 朝向2
[SILENT_LOG] [TemplateMatcher] pause_gear.png -> max conf: 0.908 (needs 0.55, optimal scale: 0.80x)
[SILENT_LOG] [TemplateMatcher] pause_gear.png -> max conf: 0.887 (needs 0.55, optimal scale: 0.80x)
[SILENT_LOG] [TemplateMatcher] pause_gear.png -> max conf: 0.908 (needs 0.55, optimal scale: 0.80x)
[SILENT_LOG] [TemplateMatcher] pause_gear.png -> max conf: 0.908 (needs 0.55, optimal scale: 0.80x)
[SILENT_LOG] [TemplateMatcher] pause_gear.png -> max conf: 0.908 (needs 0.55, optimal scale: 0.80x)
[SILENT_LOG] [TemplateMatcher] pause_gear.png -> max conf: 0.908 (needs 0.55, optimal scale: 0.80x)
[SILENT_LOG] [TemplateMatcher] pause_gear.png -> max conf: 0.908 (needs 0.55, optimal scale: 0.80x)
[REWARD] 动作已执行，开始 3 次心跳检测血条 (间隔 0.2s)...
[SILENT_LOG] [TemplateMatcher] pause_gear.png -> max conf: 0.908 (needs 0.55, optimal scale: 0.80x)
[SILENT_LOG] [TemplateMatcher] pause_gear.png -> max conf: 0.908 (needs 0.55, optimal scale: 0.80x)
[SILENT_LOG] [TemplateMatcher] pause_gear.png -> max conf: 0.908 (needs 0.55, optimal scale: 0.80x)
[SILENT_LOG] [TemplateMatcher] pause_gear.png -> max conf: 0.908 (needs 0.55, optimal scale: 0.80x)
[REWARD] ❌ 未检测到新血条！判定为【费用不足或CD中】，强制挂机 2.0 秒等待费用恢复！
[SILENT_LOG] [TemplateMatcher] pause_gear.png -> max conf: 0.908 (needs 0.55, optimal scale: 0.80x)
[SILENT_LOG] [TemplateMatcher] pause_gear.png -> max conf: 0.908 (needs 0.55, optimal scale: 0.80x)
[SILENT_LOG] [TemplateMatcher] pause_gear.png -> max conf: 0.908 (needs 0.55, optimal scale: 0.80x)
[SILENT_LOG] [TemplateMatcher] pause_gear.png -> max conf: 0.908 (needs 0.55, optimal scale: 0.80x)
[SILENT_LOG] [TemplateMatcher] pause_gear.png -> max conf: 0.908 (needs 0.55, optimal scale: 0.80x)
[SILENT_LOG] [TemplateMatcher] pause_gear.png -> max conf: 0.908 (needs 0.55, optimal scale: 0.80x)
[REWARD] 执行前血条数: 4 -> 最终确认血条数: 4
[REWARD] ❌ 未产生血条 (游戏拒收/高低台错位/手滑)。惩罚 -0.05

[STEP 25] 开始执行动作...
[ACTION] 盲狙执行: 选卡8 -> 拖拽至(0,3) 朝向0
[SILENT_LOG] [TemplateMatcher] pause_gear.png -> max conf: 0.908 (needs 0.55, optimal scale: 0.80x)
[SILENT_LOG] [TemplateMatcher] pause_gear.png -> max conf: 0.885 (needs 0.55, optimal scale: 0.80x)
[SILENT_LOG] [TemplateMatcher] pause_gear.png -> max conf: 0.908 (needs 0.55, optimal scale: 0.80x)
[SILENT_LOG] [TemplateMatcher] pause_gear.png -> max conf: 0.908 (needs 0.55, optimal scale: 0.80x)
[SILENT_LOG] [TemplateMatcher] pause_gear.png -> max conf: 0.908 (needs 0.55, optimal scale: 0.80x)
[SILENT_LOG] [TemplateMatcher] pause_gear.png -> max conf: 0.908 (needs 0.55, optimal scale: 0.80x)
[SILENT_LOG] [TemplateMatcher] pause_gear.png -> max conf: 0.908 (needs 0.55, optimal scale: 0.80x)
[REWARD] 动作已执行，开始 3 次心跳检测血条 (间隔 0.2s)...
[SILENT_LOG] [TemplateMatcher] pause_gear.png -> max conf: 0.908 (needs 0.55, optimal scale: 0.80x)
[SILENT_LOG] [TemplateMatcher] pause_gear.png -> max conf: 0.908 (needs 0.55, optimal scale: 0.80x)
[SILENT_LOG] [TemplateMatcher] pause_gear.png -> max conf: 0.908 (needs 0.55, optimal scale: 0.80x)
[SILENT_LOG] [TemplateMatcher] pause_gear.png -> max conf: 0.908 (needs 0.55, optimal scale: 0.80x)
[REWARD] ❌ 未检测到新血条！判定为【费用不足或CD中】，强制挂机 2.0 秒等待费用恢复！
[SILENT_LOG] [TemplateMatcher] pause_gear.png -> max conf: 0.908 (needs 0.55, optimal scale: 0.80x)
[SILENT_LOG] [TemplateMatcher] pause_gear.png -> max conf: 0.908 (needs 0.55, optimal scale: 0.80x)
[SILENT_LOG] [TemplateMatcher] pause_gear.png -> max conf: 0.908 (needs 0.55, optimal scale: 0.80x)
[SILENT_LOG] [TemplateMatcher] pause_gear.png -> max conf: 0.908 (needs 0.55, optimal scale: 0.80x)
[SILENT_LOG] [TemplateMatcher] pause_gear.png -> max conf: 0.908 (needs 0.55, optimal scale: 0.80x)
[SILENT_LOG] [TemplateMatcher] pause_gear.png -> max conf: 0.908 (needs 0.55, optimal scale: 0.80x)
[REWARD] 执行前血条数: 4 -> 最终确认血条数: 4
[REWARD] ❌ 未产生血条 (游戏拒收/高低台错位/手滑)。惩罚 -0.05

[STEP 26] 开始执行动作...
[SILENT_LOG] [TemplateMatcher] pause_gear.png -> max conf: 0.908 (needs 0.55, optimal scale: 0.80x)
[ACTION] 盲狙执行: 选卡3 -> 拖拽至(8,2) 朝向1
[SILENT_LOG] [TemplateMatcher] pause_gear.png -> max conf: 0.885 (needs 0.55, optimal scale: 0.80x)
[SILENT_LOG] [TemplateMatcher] pause_gear.png -> max conf: 0.908 (needs 0.55, optimal scale: 0.80x)
[SILENT_LOG] [TemplateMatcher] pause_gear.png -> max conf: 0.908 (needs 0.55, optimal scale: 0.80x)
[SILENT_LOG] [TemplateMatcher] pause_gear.png -> max conf: 0.908 (needs 0.55, optimal scale: 0.80x)
[SILENT_LOG] [TemplateMatcher] pause_gear.png -> max conf: 0.908 (needs 0.55, optimal scale: 0.80x)
[SILENT_LOG] [TemplateMatcher] pause_gear.png -> max conf: 0.908 (needs 0.55, optimal scale: 0.80x)
[REWARD] 动作已执行，开始 3 次心跳检测血条 (间隔 0.2s)...
[SILENT_LOG] [TemplateMatcher] pause_gear.png -> max conf: 0.908 (needs 0.55, optimal scale: 0.80x)
[SILENT_LOG] [TemplateMatcher] pause_gear.png -> max conf: 0.908 (needs 0.55, optimal scale: 0.80x)
[SILENT_LOG] [TemplateMatcher] pause_gear.png -> max conf: 0.908 (needs 0.55, optimal scale: 0.80x)
[SILENT_LOG] [TemplateMatcher] pause_gear.png -> max conf: 0.908 (needs 0.55, optimal scale: 0.80x)
[REWARD] ❌ 未检测到新血条！判定为【费用不足或CD中】，强制挂机 2.0 秒等待费用恢复！
[SILENT_LOG] [TemplateMatcher] pause_gear.png -> max conf: 0.908 (needs 0.55, optimal scale: 0.80x)
[SILENT_LOG] [TemplateMatcher] pause_gear.png -> max conf: 0.908 (needs 0.55, optimal scale: 0.80x)
[SILENT_LOG] [TemplateMatcher] pause_gear.png -> max conf: 0.908 (needs 0.55, optimal scale: 0.80x)
[SILENT_LOG] [TemplateMatcher] pause_gear.png -> max conf: 0.908 (needs 0.55, optimal scale: 0.80x)
[SILENT_LOG] [TemplateMatcher] pause_gear.png -> max conf: 0.908 (needs 0.55, optimal scale: 0.80x)
[SILENT_LOG] [TemplateMatcher] pause_gear.png -> max conf: 0.908 (needs 0.55, optimal scale: 0.80x)
[REWARD] 执行前血条数: 4 -> 最终确认血条数: 4
[REWARD] ❌ 未产生血条 (游戏拒收/高低台错位/手滑)。惩罚 -0.05

[STEP 27] 开始执行动作...
[ACTION] 盲狙执行: 选卡7 -> 拖拽至(6,3) 朝向3
[SILENT_LOG] [TemplateMatcher] pause_gear.png -> max conf: 0.908 (needs 0.55, optimal scale: 0.80x)
[SILENT_LOG] [TemplateMatcher] pause_gear.png -> max conf: 0.884 (needs 0.55, optimal scale: 0.80x)
[SILENT_LOG] [TemplateMatcher] pause_gear.png -> max conf: 0.884 (needs 0.55, optimal scale: 0.80x)
[SILENT_LOG] [TemplateMatcher] pause_gear.png -> max conf: 0.884 (needs 0.55, optimal scale: 0.80x)
[SILENT_LOG] [TemplateMatcher] pause_gear.png -> max conf: 0.907 (needs 0.55, optimal scale: 0.80x)
[SILENT_LOG] [TemplateMatcher] pause_gear.png -> max conf: 0.908 (needs 0.55, optimal scale: 0.80x)
[SILENT_LOG] [TemplateMatcher] pause_gear.png -> max conf: 0.908 (needs 0.55, optimal scale: 0.80x)
[REWARD] 动作已执行，开始 3 次心跳检测血条 (间隔 0.2s)...
[SILENT_LOG] [TemplateMatcher] pause_gear.png -> max conf: 0.908 (needs 0.55, optimal scale: 0.80x)
[SILENT_LOG] [TemplateMatcher] pause_gear.png -> max conf: 0.908 (needs 0.55, optimal scale: 0.80x)
[REWARD] ✅ 第 1 次检测命中目标干员血条！
[REWARD] 执行前血条数: 4 -> 最终确认血条数: 5
[REWARD] 🎯 完美落子！部署点靠近敌人 (距离: 272.3)，奖励 +0.5
[REWARD] 🛡️ 偏离/背对敌人！(角度: 202.3°)，微小惩罚 -0.1

[STEP 28] 开始执行动作...
[ACTION MASKING] ⛔ 警告：手牌 1 亮度过低(无费/CD中)！代码直接拦截，不执行拖拽！
[SILENT_LOG] [TemplateMatcher] pause_gear.png -> max conf: 0.908 (needs 0.55, optimal scale: 0.80x)
[REWARD] 执行前血条数: 4 -> 最终确认血条数: 0
[REWARD] ⛔ 动作被拦截 (非法地形/没钱/有人)。惩罚 -0.05 (连续无作为: 1次)

[STEP 29] 开始执行动作...
[SILENT_LOG] [TemplateMatcher] pause_gear.png -> max conf: 0.908 (needs 0.55, optimal scale: 0.80x)
[ACTION] 盲狙执行: 选卡5 -> 拖拽至(4,4) 朝向3
[SILENT_LOG] [TemplateMatcher] pause_gear.png -> max conf: 0.888 (needs 0.55, optimal scale: 0.80x)
[SILENT_LOG] [TemplateMatcher] pause_gear.png -> max conf: 0.888 (needs 0.55, optimal scale: 0.80x)
[SILENT_LOG] [TemplateMatcher] pause_gear.png -> max conf: 0.888 (needs 0.55, optimal scale: 0.80x)
[SILENT_LOG] [TemplateMatcher] pause_gear.png -> max conf: 0.908 (needs 0.55, optimal scale: 0.80x)
[SILENT_LOG] [TemplateMatcher] pause_gear.png -> max conf: 0.908 (needs 0.55, optimal scale: 0.80x)
[SILENT_LOG] [TemplateMatcher] pause_gear.png -> max conf: 0.908 (needs 0.55, optimal scale: 0.80x)
[REWARD] 动作已执行，开始 3 次心跳检测血条 (间隔 0.2s)...
[SILENT_LOG] [TemplateMatcher] pause_gear.png -> max conf: 0.908 (needs 0.55, optimal scale: 0.80x)
[SILENT_LOG] [TemplateMatcher] pause_gear.png -> max conf: 0.908 (needs 0.55, optimal scale: 0.80x)
[REWARD] ✅ 第 1 次检测命中目标干员血条！
[REWARD] 执行前血条数: 5 -> 最终确认血条数: 6
[REWARD] 🛡️ 偏离/背对敌人！(角度: 259.2°)，微小惩罚 -0.1

[STEP 30] 开始执行动作...
[ACTION MASKING] ⛔ 警告：手牌 0 亮度过低(无费/CD中)！代码直接拦截，不执行拖拽！
[SILENT_LOG] [TemplateMatcher] pause_gear.png -> max conf: 0.908 (needs 0.55, optimal scale: 0.80x)
[REWARD] 执行前血条数: 5 -> 最终确认血条数: 0
[REWARD] ⛔ 动作被拦截 (非法地形/没钱/有人)。惩罚 -0.05 (连续无作为: 1次)
[SAVE] 自动保存进度 (Step 120) -> policy_latest.zip

[STEP 31] 开始执行动作...
[SILENT_LOG] [TemplateMatcher] pause_gear.png -> max conf: 0.571 (needs 0.55, optimal scale: 1.05x)
[ACTION MASKING] ⛔ 警告：手牌 2 亮度过低(无费/CD中)！代码直接拦截，不执行拖拽！
[REWARD] 执行前血条数: 5 -> 最终确认血条数: 0
[REWARD] ⛔ 动作被拦截 (非法地形/没钱/有人)。惩罚 -0.05 (连续无作为: 2次)

[STEP 32] 开始执行动作...
[SILENT_LOG] [TemplateMatcher] pause_gear.png -> max conf: 0.593 (needs 0.55, optimal scale: 0.95x)
[ACTION] 盲狙执行: 选卡10 -> 拖拽至(5,0) 朝向1
[SILENT_LOG] [TemplateMatcher] pause_gear.png -> max conf: 0.589 (needs 0.55, optimal scale: 0.95x)
[SILENT_LOG] [TemplateMatcher] pause_gear.png -> max conf: 0.678 (needs 0.55, optimal scale: 0.80x)
[SILENT_LOG] [TemplateMatcher] pause_gear.png -> max conf: 0.000 (needs 0.55, optimal scale: 0.80x)
[SILENT_LOG] [TemplateMatcher] pause_gear.png -> max conf: 0.000 (needs 0.55, optimal scale: 0.80x)

[MONITOR] 🚨 后台紧急熔断：连续 2 次未见右上角齿轮，战斗结束！
[REWARD] 动作已执行，开始 3 次心跳检测血条 (间隔 0.2s)...
[REWARD] ❌ 未检测到新血条！判定为【费用不足或CD中】，强制挂机 2.0 秒等待费用恢复！
[REWARD] 执行前血条数: 0 -> 最终确认血条数: 0
[REWARD] ❌ 未产生血条 (游戏拒收/高低台错位/手滑)。惩罚 -0.05
[ENV] 🚨 后台监视器触发熔断，本回合正式结束！

================= 回合结束，开始自动重启关卡 =================
[TemplateMatcher] pause_gear.png -> max conf: 0.616 (needs 0.7, optimal scale: 0.80x)
[DEBUG] 未匹配 [pause_gear] (要求阈值 0.7)
[TemplateMatcher] start_action.png -> max conf: -0.047 (needs 0.43, optimal scale: 0.80x)
[DEBUG] 未匹配 [start_action] (要求阈值 0.43)
[TemplateMatcher] practice.png -> max conf: 0.471 (needs 0.5, optimal scale: 0.80x)
[DEBUG] 未匹配 [practice] (要求阈值 0.5)
[TemplateMatcher] stage_1_7.png -> max conf: 0.384 (needs 0.5, optimal scale: 0.95x)
[DEBUG] 未匹配 [stage_1_7] (要求阈值 0.5)
[RESET] 尝试跳过动画/寻找入口... (尝试 1/100)
[TemplateMatcher] pause_gear.png -> max conf: 0.616 (needs 0.7, optimal scale: 0.80x)
[DEBUG] 未匹配 [pause_gear] (要求阈值 0.7)
[TemplateMatcher] start_action.png -> max conf: -0.047 (needs 0.43, optimal scale: 0.80x)
[DEBUG] 未匹配 [start_action] (要求阈值 0.43)
[TemplateMatcher] practice.png -> max conf: 0.471 (needs 0.5, optimal scale: 0.80x)
[DEBUG] 未匹配 [practice] (要求阈值 0.5)
[TemplateMatcher] stage_1_7.png -> max conf: 0.384 (needs 0.5, optimal scale: 0.95x)
[DEBUG] 未匹配 [stage_1_7] (要求阈值 0.5)
[RESET] 尝试跳过动画/寻找入口... (尝试 2/100)
[TemplateMatcher] pause_gear.png -> max conf: 0.490 (needs 0.7, optimal scale: 0.80x)
[DEBUG] 未匹配 [pause_gear] (要求阈值 0.7)
[TemplateMatcher] start_action.png -> max conf: -0.018 (needs 0.43, optimal scale: 0.80x)
[DEBUG] 未匹配 [start_action] (要求阈值 0.43)
[TemplateMatcher] practice.png -> max conf: 0.522 (needs 0.5, optimal scale: 0.80x)
[RESET] 找到 [practice] (置信度 0.52 >= 0.5)，点击 (533, 603)
[RESET] 点击演习按钮
[TemplateMatcher] pause_gear.png -> max conf: 0.490 (needs 0.7, optimal scale: 0.80x)
[DEBUG] 未匹配 [pause_gear] (要求阈值 0.7)
[TemplateMatcher] start_action.png -> max conf: -0.018 (needs 0.43, optimal scale: 0.80x)
[DEBUG] 未匹配 [start_action] (要求阈值 0.43)
[TemplateMatcher] practice.png -> max conf: 0.522 (needs 0.5, optimal scale: 0.80x)
[RESET] 找到 [practice] (置信度 0.52 >= 0.5)，点击 (533, 603)
[RESET] 点击演习按钮
[TemplateMatcher] pause_gear.png -> max conf: 0.490 (needs 0.7, optimal scale: 0.80x)
[DEBUG] 未匹配 [pause_gear] (要求阈值 0.7)
[TemplateMatcher] start_action.png -> max conf: -0.018 (needs 0.43, optimal scale: 0.80x)
[DEBUG] 未匹配 [start_action] (要求阈值 0.43)
[TemplateMatcher] practice.png -> max conf: 0.522 (needs 0.5, optimal scale: 0.80x)
[RESET] 找到 [practice] (置信度 0.52 >= 0.5)，点击 (533, 603)
[RESET] 点击演习按钮
[TemplateMatcher] pause_gear.png -> max conf: 0.490 (needs 0.7, optimal scale: 0.80x)
[DEBUG] 未匹配 [pause_gear] (要求阈值 0.7)
[TemplateMatcher] start_action.png -> max conf: -0.018 (needs 0.43, optimal scale: 0.80x)
[DEBUG] 未匹配 [start_action] (要求阈值 0.43)
[TemplateMatcher] practice.png -> max conf: 0.522 (needs 0.5, optimal scale: 0.80x)
[RESET] 找到 [practice] (置信度 0.52 >= 0.5)，点击 (533, 603)
[RESET] 点击演习按钮
[TemplateMatcher] pause_gear.png -> max conf: 0.473 (needs 0.7, optimal scale: 0.90x)
[DEBUG] 未匹配 [pause_gear] (要求阈值 0.7)
[TemplateMatcher] start_action.png -> max conf: 0.027 (needs 0.43, optimal scale: 0.80x)
[DEBUG] 未匹配 [start_action] (要求阈值 0.43)
[TemplateMatcher] practice.png -> max conf: 0.489 (needs 0.5, optimal scale: 0.85x)
[DEBUG] 未匹配 [practice] (要求阈值 0.5)
[TemplateMatcher] stage_1_7.png -> max conf: 0.712 (needs 0.5, optimal scale: 0.80x)
[RESET] 找到 [stage_1_7] (置信度 0.71 >= 0.5)，点击 (638, 224)
[RESET] 点击关卡 1-7 图标
[TemplateMatcher] pause_gear.png -> max conf: 0.612 (needs 0.7, optimal scale: 1.10x)
[DEBUG] 未匹配 [pause_gear] (要求阈值 0.7)
[TemplateMatcher] start_action.png -> max conf: 0.103 (needs 0.43, optimal scale: 0.80x)
[DEBUG] 未匹配 [start_action] (要求阈值 0.43)
[TemplateMatcher] practice.png -> max conf: 0.687 (needs 0.5, optimal scale: 0.80x)
[RESET] 找到 [practice] (置信度 0.69 >= 0.5)，点击 (935, 660)
[RESET] 点击演习按钮
[TemplateMatcher] pause_gear.png -> max conf: 0.470 (needs 0.7, optimal scale: 1.05x)
[DEBUG] 未匹配 [pause_gear] (要求阈值 0.7)
[TemplateMatcher] start_action.png -> max conf: 0.431 (needs 0.43, optimal scale: 0.80x)
[RESET] 找到 [start_action] (置信度 0.43 >= 0.43)，点击 (1101, 516)
[RESET] 点击开始行动，进入加载...
[TemplateMatcher] pause_gear.png -> max conf: 0.000 (needs 0.7, optimal scale: 0.80x)
[DEBUG] 未匹配 [pause_gear] (要求阈值 0.7)
[TemplateMatcher] start_action.png -> max conf: 0.000 (needs 0.43, optimal scale: 0.80x)
[DEBUG] 未匹配 [start_action] (要求阈值 0.43)
[TemplateMatcher] practice.png -> max conf: 0.000 (needs 0.5, optimal scale: 0.80x)
[DEBUG] 未匹配 [practice] (要求阈值 0.5)
[TemplateMatcher] stage_1_7.png -> max conf: 0.000 (needs 0.5, optimal scale: 0.80x)
[DEBUG] 未匹配 [stage_1_7] (要求阈值 0.5)
[RESET] 尝试跳过动画/寻找入口... (尝试 10/100)
[TemplateMatcher] pause_gear.png -> max conf: 0.000 (needs 0.7, optimal scale: 0.80x)
[DEBUG] 未匹配 [pause_gear] (要求阈值 0.7)
[TemplateMatcher] start_action.png -> max conf: 0.000 (needs 0.43, optimal scale: 0.80x)
[DEBUG] 未匹配 [start_action] (要求阈值 0.43)
[TemplateMatcher] practice.png -> max conf: 0.000 (needs 0.5, optimal scale: 0.80x)
[DEBUG] 未匹配 [practice] (要求阈值 0.5)
[TemplateMatcher] stage_1_7.png -> max conf: 0.000 (needs 0.5, optimal scale: 0.80x)
[DEBUG] 未匹配 [stage_1_7] (要求阈值 0.5)
[RESET] 尝试跳过动画/寻找入口... (尝试 11/100)
[TemplateMatcher] pause_gear.png -> max conf: 0.000 (needs 0.7, optimal scale: 0.80x)
[DEBUG] 未匹配 [pause_gear] (要求阈值 0.7)
[TemplateMatcher] start_action.png -> max conf: 0.000 (needs 0.43, optimal scale: 0.80x)
[DEBUG] 未匹配 [start_action] (要求阈值 0.43)
[TemplateMatcher] practice.png -> max conf: 0.000 (needs 0.5, optimal scale: 0.80x)
[DEBUG] 未匹配 [practice] (要求阈值 0.5)
[TemplateMatcher] stage_1_7.png -> max conf: 0.000 (needs 0.5, optimal scale: 0.80x)
[DEBUG] 未匹配 [stage_1_7] (要求阈值 0.5)
[RESET] 尝试跳过动画/寻找入口... (尝试 12/100)
[TemplateMatcher] pause_gear.png -> max conf: 0.000 (needs 0.7, optimal scale: 0.80x)
[DEBUG] 未匹配 [pause_gear] (要求阈值 0.7)
[TemplateMatcher] start_action.png -> max conf: 0.000 (needs 0.43, optimal scale: 0.80x)
[DEBUG] 未匹配 [start_action] (要求阈值 0.43)
[TemplateMatcher] practice.png -> max conf: 0.000 (needs 0.5, optimal scale: 0.80x)
[DEBUG] 未匹配 [practice] (要求阈值 0.5)
[TemplateMatcher] stage_1_7.png -> max conf: 0.000 (needs 0.5, optimal scale: 0.80x)
[DEBUG] 未匹配 [stage_1_7] (要求阈值 0.5)
[RESET] 尝试跳过动画/寻找入口... (尝试 13/100)
[TemplateMatcher] pause_gear.png -> max conf: 0.511 (needs 0.7, optimal scale: 1.20x)
[DEBUG] 未匹配 [pause_gear] (要求阈值 0.7)
[TemplateMatcher] start_action.png -> max conf: -0.052 (needs 0.43, optimal scale: 0.80x)
[DEBUG] 未匹配 [start_action] (要求阈值 0.43)
[TemplateMatcher] practice.png -> max conf: 0.381 (needs 0.5, optimal scale: 0.80x)
[DEBUG] 未匹配 [practice] (要求阈值 0.5)
[TemplateMatcher] stage_1_7.png -> max conf: 0.411 (needs 0.5, optimal scale: 0.90x)
[DEBUG] 未匹配 [stage_1_7] (要求阈值 0.5)
[RESET] 尝试跳过动画/寻找入口... (尝试 14/100)
[TemplateMatcher] pause_gear.png -> max conf: 0.511 (needs 0.7, optimal scale: 1.20x)
[DEBUG] 未匹配 [pause_gear] (要求阈值 0.7)
[TemplateMatcher] start_action.png -> max conf: -0.052 (needs 0.43, optimal scale: 0.80x)
[DEBUG] 未匹配 [start_action] (要求阈值 0.43)
[TemplateMatcher] practice.png -> max conf: 0.381 (needs 0.5, optimal scale: 0.80x)
[DEBUG] 未匹配 [practice] (要求阈值 0.5)
[TemplateMatcher] stage_1_7.png -> max conf: 0.411 (needs 0.5, optimal scale: 0.90x)
[DEBUG] 未匹配 [stage_1_7] (要求阈值 0.5)
[RESET] 尝试跳过动画/寻找入口... (尝试 15/100)
[TemplateMatcher] pause_gear.png -> max conf: 0.215 (needs 0.7, optimal scale: 1.20x)
[DEBUG] 未匹配 [pause_gear] (要求阈值 0.7)
[TemplateMatcher] start_action.png -> max conf: 0.210 (needs 0.43, optimal scale: 0.80x)
[DEBUG] 未匹配 [start_action] (要求阈值 0.43)
[TemplateMatcher] practice.png -> max conf: 0.378 (needs 0.5, optimal scale: 0.80x)
[DEBUG] 未匹配 [practice] (要求阈值 0.5)
[TemplateMatcher] stage_1_7.png -> max conf: 0.271 (needs 0.5, optimal scale: 0.80x)
[DEBUG] 未匹配 [stage_1_7] (要求阈值 0.5)
[RESET] 尝试跳过动画/寻找入口... (尝试 16/100)
[TemplateMatcher] pause_gear.png -> max conf: 0.211 (needs 0.7, optimal scale: 1.05x)
[DEBUG] 未匹配 [pause_gear] (要求阈值 0.7)
[TemplateMatcher] start_action.png -> max conf: 0.187 (needs 0.43, optimal scale: 0.80x)
[DEBUG] 未匹配 [start_action] (要求阈值 0.43)
[TemplateMatcher] practice.png -> max conf: 0.297 (needs 0.5, optimal scale: 0.80x)
[DEBUG] 未匹配 [practice] (要求阈值 0.5)
[TemplateMatcher] stage_1_7.png -> max conf: 0.277 (needs 0.5, optimal scale: 0.85x)
[DEBUG] 未匹配 [stage_1_7] (要求阈值 0.5)
[RESET] 尝试跳过动画/寻找入口... (尝试 17/100)
[TemplateMatcher] pause_gear.png -> max conf: 0.211 (needs 0.7, optimal scale: 1.05x)
[DEBUG] 未匹配 [pause_gear] (要求阈值 0.7)
[TemplateMatcher] start_action.png -> max conf: 0.187 (needs 0.43, optimal scale: 0.80x)
[DEBUG] 未匹配 [start_action] (要求阈值 0.43)
[TemplateMatcher] practice.png -> max conf: 0.297 (needs 0.5, optimal scale: 0.80x)
[DEBUG] 未匹配 [practice] (要求阈值 0.5)
[TemplateMatcher] stage_1_7.png -> max conf: 0.277 (needs 0.5, optimal scale: 0.85x)
[DEBUG] 未匹配 [stage_1_7] (要求阈值 0.5)
[RESET] 尝试跳过动画/寻找入口... (尝试 18/100)
[TemplateMatcher] pause_gear.png -> max conf: 0.858 (needs 0.7, optimal scale: 0.80x)
[RESET] 找到 [pause_gear] (置信度 0.86 >= 0.7)，(仅检测，不点击)
[RESET] ✅ 检测到战斗画面右上角齿轮，重启成功！
================= 关卡重启流程结束 =================

[ENV] 🛡️ 战斗全局异步监视器已启动...
[SILENT_LOG] [TemplateMatcher] pause_gear.png -> max conf: 0.908 (needs 0.55, optimal scale: 0.80x)
--> [回合结束] 第 5 回合 | 奖励: 5.1 | 步数: 32

[STEP 1] 开始执行动作...
[SILENT_LOG] [TemplateMatcher] pause_gear.png -> max conf: 0.908 (needs 0.55, optimal scale: 0.80x)
[ACTION MASKING] ⛔ 警告：手牌 6 亮度过低(无费/CD中)！代码直接拦截，不执行拖拽！
[REWARD] 执行前血条数: 0 -> 最终确认血条数: 0
[REWARD] ⛔ 动作被拦截 (非法地形/没钱/有人)。惩罚 -0.05 (连续无作为: 4次)

[STEP 2] 开始执行动作...
[SILENT_LOG] [TemplateMatcher] pause_gear.png -> max conf: 0.908 (needs 0.55, optimal scale: 0.80x)
[ACTION] 盲狙执行: 选卡3 -> 拖拽至(8,4) 朝向3
[SILENT_LOG] [TemplateMatcher] pause_gear.png -> max conf: 0.888 (needs 0.55, optimal scale: 0.80x)
[SILENT_LOG] [TemplateMatcher] pause_gear.png -> max conf: 0.908 (needs 0.55, optimal scale: 0.80x)
[SILENT_LOG] [TemplateMatcher] pause_gear.png -> max conf: 0.908 (needs 0.55, optimal scale: 0.80x)
[SILENT_LOG] [TemplateMatcher] pause_gear.png -> max conf: 0.909 (needs 0.55, optimal scale: 0.80x)
[SILENT_LOG] [TemplateMatcher] pause_gear.png -> max conf: 0.908 (needs 0.55, optimal scale: 0.80x)
[SILENT_LOG] [TemplateMatcher] pause_gear.png -> max conf: 0.908 (needs 0.55, optimal scale: 0.80x)
[REWARD] 动作已执行，开始 3 次心跳检测血条 (间隔 0.2s)...
[SILENT_LOG] [TemplateMatcher] pause_gear.png -> max conf: 0.908 (needs 0.55, optimal scale: 0.80x)
[SILENT_LOG] [TemplateMatcher] pause_gear.png -> max conf: 0.908 (needs 0.55, optimal scale: 0.80x)
[SILENT_LOG] [TemplateMatcher] pause_gear.png -> max conf: 0.908 (needs 0.55, optimal scale: 0.80x)
[SILENT_LOG] [TemplateMatcher] pause_gear.png -> max conf: 0.908 (needs 0.55, optimal scale: 0.80x)
[REWARD] ❌ 未检测到新血条！判定为【费用不足或CD中】，强制挂机 2.0 秒等待费用恢复！
[SILENT_LOG] [TemplateMatcher] pause_gear.png -> max conf: 0.908 (needs 0.55, optimal scale: 0.80x)
[SILENT_LOG] [TemplateMatcher] pause_gear.png -> max conf: 0.908 (needs 0.55, optimal scale: 0.80x)
[SILENT_LOG] [TemplateMatcher] pause_gear.png -> max conf: 0.908 (needs 0.55, optimal scale: 0.80x)
[SILENT_LOG] [TemplateMatcher] pause_gear.png -> max conf: 0.908 (needs 0.55, optimal scale: 0.80x)
[SILENT_LOG] [TemplateMatcher] pause_gear.png -> max conf: 0.908 (needs 0.55, optimal scale: 0.80x)
[SILENT_LOG] [TemplateMatcher] pause_gear.png -> max conf: 0.908 (needs 0.55, optimal scale: 0.80x)
[REWARD] 执行前血条数: 0 -> 最终确认血条数: 0
[REWARD] ❌ 未产生血条 (游戏拒收/高低台错位/手滑)。惩罚 -0.05

[STEP 3] 开始执行动作...
[SILENT_LOG] [TemplateMatcher] pause_gear.png -> max conf: 0.908 (needs 0.55, optimal scale: 0.80x)
[ACTION] 盲狙执行: 选卡5 -> 拖拽至(1,3) 朝向2
[SILENT_LOG] [TemplateMatcher] pause_gear.png -> max conf: 0.893 (needs 0.55, optimal scale: 0.80x)
[SILENT_LOG] [TemplateMatcher] pause_gear.png -> max conf: 0.893 (needs 0.55, optimal scale: 0.80x)
[SILENT_LOG] [TemplateMatcher] pause_gear.png -> max conf: 0.889 (needs 0.55, optimal scale: 0.80x)
[SILENT_LOG] [TemplateMatcher] pause_gear.png -> max conf: 0.908 (needs 0.55, optimal scale: 0.80x)
[SILENT_LOG] [TemplateMatcher] pause_gear.png -> max conf: 0.908 (needs 0.55, optimal scale: 0.80x)
[SILENT_LOG] [TemplateMatcher] pause_gear.png -> max conf: 0.908 (needs 0.55, optimal scale: 0.80x)
[REWARD] 动作已执行，开始 3 次心跳检测血条 (间隔 0.2s)...
[SILENT_LOG] [TemplateMatcher] pause_gear.png -> max conf: 0.908 (needs 0.55, optimal scale: 0.80x)
[REWARD] ✅ 第 1 次检测命中目标干员血条！
[SILENT_LOG] [TemplateMatcher] pause_gear.png -> max conf: 0.908 (needs 0.55, optimal scale: 0.80x)
[REWARD] 执行前血条数: 0 -> 最终确认血条数: 1
[REWARD] 🛡️ 偏离/背对敌人！(角度: 359.9°)，微小惩罚 -0.1

[STEP 4] 开始执行动作...
[ACTION MASKING] ⛔ 警告：手牌 3 亮度过低(无费/CD中)！代码直接拦截，不执行拖拽！
[SILENT_LOG] [TemplateMatcher] pause_gear.png -> max conf: 0.908 (needs 0.55, optimal scale: 0.80x)
[REWARD] 执行前血条数: 1 -> 最终确认血条数: 0
[REWARD] ⛔ 动作被拦截 (非法地形/没钱/有人)。惩罚 -0.05 (连续无作为: 1次)

[STEP 5] 开始执行动作...
[ACTION] 盲狙执行: 选卡10 -> 拖拽至(0,0) 朝向3
[SILENT_LOG] [TemplateMatcher] pause_gear.png -> max conf: 0.908 (needs 0.55, optimal scale: 0.80x)
[SILENT_LOG] [TemplateMatcher] pause_gear.png -> max conf: 0.908 (needs 0.55, optimal scale: 0.80x)
[SILENT_LOG] [TemplateMatcher] pause_gear.png -> max conf: 0.908 (needs 0.55, optimal scale: 0.80x)
[SILENT_LOG] [TemplateMatcher] pause_gear.png -> max conf: 0.908 (needs 0.55, optimal scale: 0.80x)
[SILENT_LOG] [TemplateMatcher] pause_gear.png -> max conf: 0.908 (needs 0.55, optimal scale: 0.80x)
[SILENT_LOG] [TemplateMatcher] pause_gear.png -> max conf: 0.908 (needs 0.55, optimal scale: 0.80x)
[REWARD] 动作已执行，开始 3 次心跳检测血条 (间隔 0.2s)...
[SILENT_LOG] [TemplateMatcher] pause_gear.png -> max conf: 0.908 (needs 0.55, optimal scale: 0.80x)
[SILENT_LOG] [TemplateMatcher] pause_gear.png -> max conf: 0.908 (needs 0.55, optimal scale: 0.80x)
[SILENT_LOG] [TemplateMatcher] pause_gear.png -> max conf: 0.908 (needs 0.55, optimal scale: 0.80x)
[SILENT_LOG] [TemplateMatcher] pause_gear.png -> max conf: 0.908 (needs 0.55, optimal scale: 0.80x)
[REWARD] ❌ 未检测到新血条！判定为【费用不足或CD中】，强制挂机 2.0 秒等待费用恢复！
[SILENT_LOG] [TemplateMatcher] pause_gear.png -> max conf: 0.908 (needs 0.55, optimal scale: 0.80x)
[SILENT_LOG] [TemplateMatcher] pause_gear.png -> max conf: 0.908 (needs 0.55, optimal scale: 0.80x)
[SILENT_LOG] [TemplateMatcher] pause_gear.png -> max conf: 0.908 (needs 0.55, optimal scale: 0.80x)
[SILENT_LOG] [TemplateMatcher] pause_gear.png -> max conf: 0.908 (needs 0.55, optimal scale: 0.80x)
[SILENT_LOG] [TemplateMatcher] pause_gear.png -> max conf: 0.908 (needs 0.55, optimal scale: 0.80x)
[SILENT_LOG] [TemplateMatcher] pause_gear.png -> max conf: 0.908 (needs 0.55, optimal scale: 0.80x)
[REWARD] 执行前血条数: 1 -> 最终确认血条数: 1
[REWARD] ❌ 未产生血条 (游戏拒收/高低台错位/手滑)。惩罚 -0.05

[STEP 6] 开始执行动作...
[ACTION] 盲狙执行: 选卡11 -> 拖拽至(4,0) 朝向3
[SILENT_LOG] [TemplateMatcher] pause_gear.png -> max conf: 0.908 (needs 0.55, optimal scale: 0.80x)
[SILENT_LOG] [TemplateMatcher] pause_gear.png -> max conf: 0.908 (needs 0.55, optimal scale: 0.80x)
[SILENT_LOG] [TemplateMatcher] pause_gear.png -> max conf: 0.908 (needs 0.55, optimal scale: 0.80x)
[SILENT_LOG] [TemplateMatcher] pause_gear.png -> max conf: 0.908 (needs 0.55, optimal scale: 0.80x)
[SILENT_LOG] [TemplateMatcher] pause_gear.png -> max conf: 0.908 (needs 0.55, optimal scale: 0.80x)
[SILENT_LOG] [TemplateMatcher] pause_gear.png -> max conf: 0.908 (needs 0.55, optimal scale: 0.80x)
[REWARD] 动作已执行，开始 3 次心跳检测血条 (间隔 0.2s)...
[SILENT_LOG] [TemplateMatcher] pause_gear.png -> max conf: 0.908 (needs 0.55, optimal scale: 0.80x)
[SILENT_LOG] [TemplateMatcher] pause_gear.png -> max conf: 0.908 (needs 0.55, optimal scale: 0.80x)
[SILENT_LOG] [TemplateMatcher] pause_gear.png -> max conf: 0.908 (needs 0.55, optimal scale: 0.80x)
[SILENT_LOG] [TemplateMatcher] pause_gear.png -> max conf: 0.908 (needs 0.55, optimal scale: 0.80x)
[REWARD] ❌ 未检测到新血条！判定为【费用不足或CD中】，强制挂机 2.0 秒等待费用恢复！
[SILENT_LOG] [TemplateMatcher] pause_gear.png -> max conf: 0.908 (needs 0.55, optimal scale: 0.80x)
[SILENT_LOG] [TemplateMatcher] pause_gear.png -> max conf: 0.908 (needs 0.55, optimal scale: 0.80x)
[SILENT_LOG] [TemplateMatcher] pause_gear.png -> max conf: 0.907 (needs 0.55, optimal scale: 0.80x)
[SILENT_LOG] [TemplateMatcher] pause_gear.png -> max conf: 0.908 (needs 0.55, optimal scale: 0.80x)
[SILENT_LOG] [TemplateMatcher] pause_gear.png -> max conf: 0.908 (needs 0.55, optimal scale: 0.80x)
[SILENT_LOG] [TemplateMatcher] pause_gear.png -> max conf: 0.908 (needs 0.55, optimal scale: 0.80x)
[REWARD] 执行前血条数: 1 -> 最终确认血条数: 1
[REWARD] ❌ 未产生血条 (游戏拒收/高低台错位/手滑)。惩罚 -0.05
----------------------------
| time/              |     |
|    fps             | 0   |
|    iterations      | 1   |
|    time_elapsed    | 635 |
|    total_timesteps | 128 |
----------------------------
[SILENT_LOG] [TemplateMatcher] pause_gear.png -> max conf: 0.908 (needs 0.55, optimal scale: 0.80x)
[SILENT_LOG] [TemplateMatcher] pause_gear.png -> max conf: 0.908 (needs 0.55, optimal scale: 0.80x)
[SILENT_LOG] [TemplateMatcher] pause_gear.png -> max conf: 0.908 (needs 0.55, optimal scale: 0.80x)

[STEP 7] 开始执行动作...
[ACTION] 盲狙执行: 选卡6 -> 拖拽至(5,0) 朝向2
[SILENT_LOG] [TemplateMatcher] pause_gear.png -> max conf: 0.909 (needs 0.55, optimal scale: 0.80x)
[SILENT_LOG] [TemplateMatcher] pause_gear.png -> max conf: 0.888 (needs 0.55, optimal scale: 0.80x)
[SILENT_LOG] [TemplateMatcher] pause_gear.png -> max conf: 0.888 (needs 0.55, optimal scale: 0.80x)
[SILENT_LOG] [TemplateMatcher] pause_gear.png -> max conf: 0.888 (needs 0.55, optimal scale: 0.80x)
[SILENT_LOG] [TemplateMatcher] pause_gear.png -> max conf: 0.908 (needs 0.55, optimal scale: 0.80x)
[SILENT_LOG] [TemplateMatcher] pause_gear.png -> max conf: 0.908 (needs 0.55, optimal scale: 0.80x)
[SILENT_LOG] [TemplateMatcher] pause_gear.png -> max conf: 0.908 (needs 0.55, optimal scale: 0.80x)
[REWARD] 动作已执行，开始 3 次心跳检测血条 (间隔 0.2s)...
[SILENT_LOG] [TemplateMatcher] pause_gear.png -> max conf: 0.908 (needs 0.55, optimal scale: 0.80x)
[SILENT_LOG] [TemplateMatcher] pause_gear.png -> max conf: 0.908 (needs 0.55, optimal scale: 0.80x)
[REWARD] ✅ 第 1 次检测命中目标干员血条！
[REWARD] 执行前血条数: 1 -> 最终确认血条数: 2
[REWARD] 🎯 完美落子！部署点靠近敌人 (距离: 238.5)，奖励 +0.5
[REWARD] 🛡️ 偏离/背对敌人！(角度: 268.9°)，微小惩罚 -0.1

[STEP 8] 开始执行动作...
[ACTION MASKING] ⛔ 警告：手牌 1 亮度过低(无费/CD中)！代码直接拦截，不执行拖拽！
[SILENT_LOG] [TemplateMatcher] pause_gear.png -> max conf: 0.908 (needs 0.55, optimal scale: 0.80x)
[REWARD] 执行前血条数: 2 -> 最终确认血条数: 0
[REWARD] ⛔ 动作被拦截 (非法地形/没钱/有人)。惩罚 -0.05 (连续无作为: 1次)

[STEP 9] 开始执行动作...
[ACTION] 盲狙执行: 选卡11 -> 拖拽至(2,2) 朝向1
[SILENT_LOG] [TemplateMatcher] pause_gear.png -> max conf: 0.908 (needs 0.55, optimal scale: 0.80x)
[SILENT_LOG] [TemplateMatcher] pause_gear.png -> max conf: 0.908 (needs 0.55, optimal scale: 0.80x)
[SILENT_LOG] [TemplateMatcher] pause_gear.png -> max conf: 0.908 (needs 0.55, optimal scale: 0.80x)
[SILENT_LOG] [TemplateMatcher] pause_gear.png -> max conf: 0.908 (needs 0.55, optimal scale: 0.80x)
[SILENT_LOG] [TemplateMatcher] pause_gear.png -> max conf: 0.908 (needs 0.55, optimal scale: 0.80x)
[SILENT_LOG] [TemplateMatcher] pause_gear.png -> max conf: 0.908 (needs 0.55, optimal scale: 0.80x)
[REWARD] 动作已执行，开始 3 次心跳检测血条 (间隔 0.2s)...
[SILENT_LOG] [TemplateMatcher] pause_gear.png -> max conf: 0.908 (needs 0.55, optimal scale: 0.80x)
[SILENT_LOG] [TemplateMatcher] pause_gear.png -> max conf: 0.908 (needs 0.55, optimal scale: 0.80x)
[SILENT_LOG] [TemplateMatcher] pause_gear.png -> max conf: 0.908 (needs 0.55, optimal scale: 0.80x)
[SILENT_LOG] [TemplateMatcher] pause_gear.png -> max conf: 0.908 (needs 0.55, optimal scale: 0.80x)
[REWARD] ❌ 未检测到新血条！判定为【费用不足或CD中】，强制挂机 2.0 秒等待费用恢复！
[SILENT_LOG] [TemplateMatcher] pause_gear.png -> max conf: 0.908 (needs 0.55, optimal scale: 0.80x)
[SILENT_LOG] [TemplateMatcher] pause_gear.png -> max conf: 0.908 (needs 0.55, optimal scale: 0.80x)
[SILENT_LOG] [TemplateMatcher] pause_gear.png -> max conf: 0.908 (needs 0.55, optimal scale: 0.80x)
[SILENT_LOG] [TemplateMatcher] pause_gear.png -> max conf: 0.907 (needs 0.55, optimal scale: 0.80x)
[SILENT_LOG] [TemplateMatcher] pause_gear.png -> max conf: 0.908 (needs 0.55, optimal scale: 0.80x)
[SILENT_LOG] [TemplateMatcher] pause_gear.png -> max conf: 0.908 (needs 0.55, optimal scale: 0.80x)
[REWARD] 执行前血条数: 2 -> 最终确认血条数: 3
[REWARD] ❌ 未产生血条 (游戏拒收/高低台错位/手滑)。惩罚 -0.05

[STEP 10] 开始执行动作...
[ACTION] 盲狙执行: 选卡4 -> 拖拽至(5,1) 朝向0
[SILENT_LOG] [TemplateMatcher] pause_gear.png -> max conf: 0.892 (needs 0.55, optimal scale: 0.80x)
[SILENT_LOG] [TemplateMatcher] pause_gear.png -> max conf: 0.892 (needs 0.55, optimal scale: 0.80x)
[SILENT_LOG] [TemplateMatcher] pause_gear.png -> max conf: 0.890 (needs 0.55, optimal scale: 0.80x)
[SILENT_LOG] [TemplateMatcher] pause_gear.png -> max conf: 0.908 (needs 0.55, optimal scale: 0.80x)
[SILENT_LOG] [TemplateMatcher] pause_gear.png -> max conf: 0.908 (needs 0.55, optimal scale: 0.80x)
[SILENT_LOG] [TemplateMatcher] pause_gear.png -> max conf: 0.908 (needs 0.55, optimal scale: 0.80x)
[REWARD] 动作已执行，开始 3 次心跳检测血条 (间隔 0.2s)...
[SILENT_LOG] [TemplateMatcher] pause_gear.png -> max conf: 0.908 (needs 0.55, optimal scale: 0.80x)
[SILENT_LOG] [TemplateMatcher] pause_gear.png -> max conf: 0.908 (needs 0.55, optimal scale: 0.80x)
[REWARD] ✅ 第 1 次检测命中目标干员血条！
[REWARD] 执行前血条数: 3 -> 最终确认血条数: 4
[REWARD] 🛡️ 偏离/背对敌人！(角度: 58.8°)，微小惩罚 -0.1

[STEP 11] 开始执行动作...
[ACTION MASKING] ⛔ 警告：手牌 0 亮度过低(无费/CD中)！代码直接拦截，不执行拖拽！
[SILENT_LOG] [TemplateMatcher] pause_gear.png -> max conf: 0.908 (needs 0.55, optimal scale: 0.80x)
[REWARD] 执行前血条数: 4 -> 最终确认血条数: 0
[REWARD] ⛔ 动作被拦截 (非法地形/没钱/有人)。惩罚 -0.05 (连续无作为: 1次)

[STEP 12] 开始执行动作...
[SILENT_LOG] [TemplateMatcher] pause_gear.png -> max conf: 0.908 (needs 0.55, optimal scale: 0.80x)
[ACTION MASKING] ⛔ 警告：手牌 5 亮度过低(无费/CD中)！代码直接拦截，不执行拖拽！
[REWARD] 执行前血条数: 4 -> 最终确认血条数: 0
[REWARD] ⛔ 动作被拦截 (非法地形/没钱/有人)。惩罚 -0.05 (连续无作为: 2次)

[STEP 13] 开始执行动作...
[SILENT_LOG] [TemplateMatcher] pause_gear.png -> max conf: 0.908 (needs 0.55, optimal scale: 0.80x)
[ACTION MASKING] ⛔ 警告：手牌 2 亮度过低(无费/CD中)！代码直接拦截，不执行拖拽！
[REWARD] 执行前血条数: 4 -> 最终确认血条数: 0
[REWARD] ⛔ 动作被拦截 (非法地形/没钱/有人)。惩罚 -0.05 (连续无作为: 3次)

[STEP 14] 开始执行动作...
[SILENT_LOG] [TemplateMatcher] pause_gear.png -> max conf: 0.908 (needs 0.55, optimal scale: 0.80x)
[ACTION MASKING] ⛔ 警告：手牌 9 亮度过低(无费/CD中)！代码直接拦截，不执行拖拽！
[REWARD] 执行前血条数: 4 -> 最终确认血条数: 0
[REWARD] ⛔ 动作被拦截 (非法地形/没钱/有人)。惩罚 -0.05 (连续无作为: 4次)

[STEP 15] 开始执行动作...
[SILENT_LOG] [TemplateMatcher] pause_gear.png -> max conf: 0.908 (needs 0.55, optimal scale: 0.80x)
[ACTION] 盲狙执行: 选卡1 -> 拖拽至(5,2) 朝向3
[SILENT_LOG] [TemplateMatcher] pause_gear.png -> max conf: 0.908 (needs 0.55, optimal scale: 0.80x)
[SILENT_LOG] [TemplateMatcher] pause_gear.png -> max conf: 0.908 (needs 0.55, optimal scale: 0.80x)
[SILENT_LOG] [TemplateMatcher] pause_gear.png -> max conf: 0.908 (needs 0.55, optimal scale: 0.80x)
[SILENT_LOG] [TemplateMatcher] pause_gear.png -> max conf: 0.908 (needs 0.55, optimal scale: 0.80x)
[SILENT_LOG] [TemplateMatcher] pause_gear.png -> max conf: 0.908 (needs 0.55, optimal scale: 0.80x)
[SILENT_LOG] [TemplateMatcher] pause_gear.png -> max conf: 0.908 (needs 0.55, optimal scale: 0.80x)
[REWARD] 动作已执行，开始 3 次心跳检测血条 (间隔 0.2s)...
[SILENT_LOG] [TemplateMatcher] pause_gear.png -> max conf: 0.908 (needs 0.55, optimal scale: 0.80x)
[SILENT_LOG] [TemplateMatcher] pause_gear.png -> max conf: 0.908 (needs 0.55, optimal scale: 0.80x)
[SILENT_LOG] [TemplateMatcher] pause_gear.png -> max conf: 0.908 (needs 0.55, optimal scale: 0.80x)
[SILENT_LOG] [TemplateMatcher] pause_gear.png -> max conf: 0.908 (needs 0.55, optimal scale: 0.80x)
[REWARD] ❌ 未检测到新血条！判定为【费用不足或CD中】，强制挂机 2.0 秒等待费用恢复！
[SILENT_LOG] [TemplateMatcher] pause_gear.png -> max conf: 0.908 (needs 0.55, optimal scale: 0.80x)
[SILENT_LOG] [TemplateMatcher] pause_gear.png -> max conf: 0.908 (needs 0.55, optimal scale: 0.80x)
[SILENT_LOG] [TemplateMatcher] pause_gear.png -> max conf: 0.908 (needs 0.55, optimal scale: 0.80x)
[SILENT_LOG] [TemplateMatcher] pause_gear.png -> max conf: 0.908 (needs 0.55, optimal scale: 0.80x)
[SILENT_LOG] [TemplateMatcher] pause_gear.png -> max conf: 0.908 (needs 0.55, optimal scale: 0.80x)
[SILENT_LOG] [TemplateMatcher] pause_gear.png -> max conf: 0.908 (needs 0.55, optimal scale: 0.80x)
[REWARD] 执行前血条数: 5 -> 最终确认血条数: 4
[REWARD] ❌ 未产生血条 (游戏拒收/高低台错位/手滑)。惩罚 -0.05

[STEP 16] 开始执行动作...
[ACTION MASKING] ⛔ 警告：手牌 9 亮度过低(无费/CD中)！代码直接拦截，不执行拖拽！
[SILENT_LOG] [TemplateMatcher] pause_gear.png -> max conf: 0.908 (needs 0.55, optimal scale: 0.80x)
[REWARD] 执行前血条数: 4 -> 最终确认血条数: 0
[REWARD] ⛔ 动作被拦截 (非法地形/没钱/有人)。惩罚 -0.05 (连续无作为: 6次)

[STEP 17] 开始执行动作...
[ACTION] 盲狙执行: 选卡2 -> 拖拽至(7,1) 朝向0
[SILENT_LOG] [TemplateMatcher] pause_gear.png -> max conf: 0.908 (needs 0.55, optimal scale: 0.80x)
[SILENT_LOG] [TemplateMatcher] pause_gear.png -> max conf: 0.891 (needs 0.55, optimal scale: 0.80x)
[SILENT_LOG] [TemplateMatcher] pause_gear.png -> max conf: 0.908 (needs 0.55, optimal scale: 0.80x)
[SILENT_LOG] [TemplateMatcher] pause_gear.png -> max conf: 0.908 (needs 0.55, optimal scale: 0.80x)
[SILENT_LOG] [TemplateMatcher] pause_gear.png -> max conf: 0.908 (needs 0.55, optimal scale: 0.80x)
[SILENT_LOG] [TemplateMatcher] pause_gear.png -> max conf: 0.908 (needs 0.55, optimal scale: 0.80x)
[SILENT_LOG] [TemplateMatcher] pause_gear.png -> max conf: 0.908 (needs 0.55, optimal scale: 0.80x)
[REWARD] 动作已执行，开始 3 次心跳检测血条 (间隔 0.2s)...
[SILENT_LOG] [TemplateMatcher] pause_gear.png -> max conf: 0.908 (needs 0.55, optimal scale: 0.80x)
[SILENT_LOG] [TemplateMatcher] pause_gear.png -> max conf: 0.908 (needs 0.55, optimal scale: 0.80x)
[SILENT_LOG] [TemplateMatcher] pause_gear.png -> max conf: 0.908 (needs 0.55, optimal scale: 0.80x)
[SILENT_LOG] [TemplateMatcher] pause_gear.png -> max conf: 0.908 (needs 0.55, optimal scale: 0.80x)
[SILENT_LOG] [TemplateMatcher] pause_gear.png -> max conf: 0.908 (needs 0.55, optimal scale: 0.80x)
[REWARD] ❌ 未检测到新血条！判定为【费用不足或CD中】，强制挂机 2.0 秒等待费用恢复！
[SILENT_LOG] [TemplateMatcher] pause_gear.png -> max conf: 0.908 (needs 0.55, optimal scale: 0.80x)
[SILENT_LOG] [TemplateMatcher] pause_gear.png -> max conf: 0.908 (needs 0.55, optimal scale: 0.80x)
[SILENT_LOG] [TemplateMatcher] pause_gear.png -> max conf: 0.908 (needs 0.55, optimal scale: 0.80x)
[SILENT_LOG] [TemplateMatcher] pause_gear.png -> max conf: 0.908 (needs 0.55, optimal scale: 0.80x)
[SILENT_LOG] [TemplateMatcher] pause_gear.png -> max conf: 0.908 (needs 0.55, optimal scale: 0.80x)
[SILENT_LOG] [TemplateMatcher] pause_gear.png -> max conf: 0.908 (needs 0.55, optimal scale: 0.80x)
[REWARD] 执行前血条数: 4 -> 最终确认血条数: 4
[REWARD] ❌ 未产生血条 (游戏拒收/高低台错位/手滑)。惩罚 -0.05

[STEP 18] 开始执行动作...
[ACTION MASKING] ⛔ 警告：手牌 0 亮度过低(无费/CD中)！代码直接拦截，不执行拖拽！
[SILENT_LOG] [TemplateMatcher] pause_gear.png -> max conf: 0.908 (needs 0.55, optimal scale: 0.80x)
[REWARD] 执行前血条数: 4 -> 最终确认血条数: 0
[REWARD] ⛔ 动作被拦截 (非法地形/没钱/有人)。惩罚 -0.05 (连续无作为: 8次)
[SAVE] 自动保存进度 (Step 140) -> policy_latest.zip

[STEP 19] 开始执行动作...
[SILENT_LOG] [TemplateMatcher] pause_gear.png -> max conf: 0.908 (needs 0.55, optimal scale: 0.80x)
[ACTION] 盲狙执行: 选卡6 -> 拖拽至(6,1) 朝向2
[SILENT_LOG] [TemplateMatcher] pause_gear.png -> max conf: 0.885 (needs 0.55, optimal scale: 0.80x)
[SILENT_LOG] [TemplateMatcher] pause_gear.png -> max conf: 0.887 (needs 0.55, optimal scale: 0.80x)
[SILENT_LOG] [TemplateMatcher] pause_gear.png -> max conf: 0.891 (needs 0.55, optimal scale: 0.80x)
[SILENT_LOG] [TemplateMatcher] pause_gear.png -> max conf: 0.908 (needs 0.55, optimal scale: 0.80x)
[SILENT_LOG] [TemplateMatcher] pause_gear.png -> max conf: 0.908 (needs 0.55, optimal scale: 0.80x)
[SILENT_LOG] [TemplateMatcher] pause_gear.png -> max conf: 0.908 (needs 0.55, optimal scale: 0.80x)
[REWARD] 动作已执行，开始 3 次心跳检测血条 (间隔 0.2s)...
[SILENT_LOG] [TemplateMatcher] pause_gear.png -> max conf: 0.908 (needs 0.55, optimal scale: 0.80x)
[SILENT_LOG] [TemplateMatcher] pause_gear.png -> max conf: 0.908 (needs 0.55, optimal scale: 0.80x)
[REWARD] ✅ 第 1 次检测命中目标干员血条！
[REWARD] 执行前血条数: 4 -> 最终确认血条数: 5
[REWARD] 🎯 完美落子！部署点靠近敌人 (距离: 58.8)，奖励 +0.5
[REWARD] 🛡️ 偏离/背对敌人！(角度: 12.1°)，微小惩罚 -0.1

[STEP 20] 开始执行动作...
[ACTION MASKING] ⛔ 警告：手牌 7 亮度过低(无费/CD中)！代码直接拦截，不执行拖拽！
[SILENT_LOG] [TemplateMatcher] pause_gear.png -> max conf: 0.908 (needs 0.55, optimal scale: 0.80x)
[REWARD] 执行前血条数: 6 -> 最终确认血条数: 0
[REWARD] ⛔ 动作被拦截 (非法地形/没钱/有人)。惩罚 -0.05 (连续无作为: 1次)

[STEP 21] 开始执行动作...
[ACTION MASKING] ⛔ 警告：手牌 7 亮度过低(无费/CD中)！代码直接拦截，不执行拖拽！
[SILENT_LOG] [TemplateMatcher] pause_gear.png -> max conf: 0.908 (needs 0.55, optimal scale: 0.80x)
[REWARD] 执行前血条数: 5 -> 最终确认血条数: 0
[REWARD] ⛔ 动作被拦截 (非法地形/没钱/有人)。惩罚 -0.05 (连续无作为: 2次)

[STEP 22] 开始执行动作...
[SILENT_LOG] [TemplateMatcher] pause_gear.png -> max conf: 0.908 (needs 0.55, optimal scale: 0.80x)
[ACTION] 盲狙执行: 选卡6 -> 拖拽至(9,3) 朝向3
[SILENT_LOG] [TemplateMatcher] pause_gear.png -> max conf: 0.889 (needs 0.55, optimal scale: 0.80x)
[SILENT_LOG] [TemplateMatcher] pause_gear.png -> max conf: 0.889 (needs 0.55, optimal scale: 0.80x)
[SILENT_LOG] [TemplateMatcher] pause_gear.png -> max conf: 0.887 (needs 0.55, optimal scale: 0.80x)
[SILENT_LOG] [TemplateMatcher] pause_gear.png -> max conf: 0.908 (needs 0.55, optimal scale: 0.80x)
[SILENT_LOG] [TemplateMatcher] pause_gear.png -> max conf: 0.908 (needs 0.55, optimal scale: 0.80x)
[SILENT_LOG] [TemplateMatcher] pause_gear.png -> max conf: 0.908 (needs 0.55, optimal scale: 0.80x)
[REWARD] 动作已执行，开始 3 次心跳检测血条 (间隔 0.2s)...
[SILENT_LOG] [TemplateMatcher] pause_gear.png -> max conf: 0.908 (needs 0.55, optimal scale: 0.80x)
[SILENT_LOG] [TemplateMatcher] pause_gear.png -> max conf: 0.909 (needs 0.55, optimal scale: 0.80x)
[REWARD] ✅ 第 1 次检测命中目标干员血条！
[REWARD] 执行前血条数: 4 -> 最终确认血条数: 7
[REWARD] 🛡️ 偏离/背对敌人！(角度: 193.6°)，微小惩罚 -0.1

[STEP 23] 开始执行动作...
[ACTION MASKING] ⛔ 警告：手牌 8 亮度过低(无费/CD中)！代码直接拦截，不执行拖拽！
[SILENT_LOG] [TemplateMatcher] pause_gear.png -> max conf: 0.908 (needs 0.55, optimal scale: 0.80x)
[REWARD] 执行前血条数: 5 -> 最终确认血条数: 0
[REWARD] ⛔ 动作被拦截 (非法地形/没钱/有人)。惩罚 -0.05 (连续无作为: 1次)

[STEP 24] 开始执行动作...
[SILENT_LOG] [TemplateMatcher] pause_gear.png -> max conf: 0.908 (needs 0.55, optimal scale: 0.80x)
[ACTION MASKING] ⛔ 警告：手牌 1 亮度过低(无费/CD中)！代码直接拦截，不执行拖拽！
[REWARD] 执行前血条数: 7 -> 最终确认血条数: 0
[REWARD] ⛔ 动作被拦截 (非法地形/没钱/有人)。惩罚 -0.05 (连续无作为: 2次)

[STEP 25] 开始执行动作...
[SILENT_LOG] [TemplateMatcher] pause_gear.png -> max conf: 0.908 (needs 0.55, optimal scale: 0.80x)
[ACTION] 盲狙执行: 选卡2 -> 拖拽至(1,3) 朝向1
[SILENT_LOG] [TemplateMatcher] pause_gear.png -> max conf: 0.891 (needs 0.55, optimal scale: 0.80x)
[SILENT_LOG] [TemplateMatcher] pause_gear.png -> max conf: 0.908 (needs 0.55, optimal scale: 0.80x)
[SILENT_LOG] [TemplateMatcher] pause_gear.png -> max conf: 0.908 (needs 0.55, optimal scale: 0.80x)
[SILENT_LOG] [TemplateMatcher] pause_gear.png -> max conf: 0.908 (needs 0.55, optimal scale: 0.80x)
[SILENT_LOG] [TemplateMatcher] pause_gear.png -> max conf: 0.908 (needs 0.55, optimal scale: 0.80x)
[SILENT_LOG] [TemplateMatcher] pause_gear.png -> max conf: 0.908 (needs 0.55, optimal scale: 0.80x)
[REWARD] 动作已执行，开始 3 次心跳检测血条 (间隔 0.2s)...
[SILENT_LOG] [TemplateMatcher] pause_gear.png -> max conf: 0.908 (needs 0.55, optimal scale: 0.80x)
[SILENT_LOG] [TemplateMatcher] pause_gear.png -> max conf: 0.908 (needs 0.55, optimal scale: 0.80x)
[SILENT_LOG] [TemplateMatcher] pause_gear.png -> max conf: 0.908 (needs 0.55, optimal scale: 0.80x)
[SILENT_LOG] [TemplateMatcher] pause_gear.png -> max conf: 0.908 (needs 0.55, optimal scale: 0.80x)
[REWARD] ❌ 未检测到新血条！判定为【费用不足或CD中】，强制挂机 2.0 秒等待费用恢复！
[SILENT_LOG] [TemplateMatcher] pause_gear.png -> max conf: 0.908 (needs 0.55, optimal scale: 0.80x)
[SILENT_LOG] [TemplateMatcher] pause_gear.png -> max conf: 0.908 (needs 0.55, optimal scale: 0.80x)
[SILENT_LOG] [TemplateMatcher] pause_gear.png -> max conf: 0.908 (needs 0.55, optimal scale: 0.80x)
[SILENT_LOG] [TemplateMatcher] pause_gear.png -> max conf: 0.908 (needs 0.55, optimal scale: 0.80x)
[SILENT_LOG] [TemplateMatcher] pause_gear.png -> max conf: 0.908 (needs 0.55, optimal scale: 0.80x)
[SILENT_LOG] [TemplateMatcher] pause_gear.png -> max conf: 0.908 (needs 0.55, optimal scale: 0.80x)
[REWARD] 执行前血条数: 6 -> 最终确认血条数: 5
[REWARD] ❌ 未产生血条 (游戏拒收/高低台错位/手滑)。惩罚 -0.05

[STEP 26] 开始执行动作...
[ACTION MASKING] ⛔ 警告：手牌 8 亮度过低(无费/CD中)！代码直接拦截，不执行拖拽！
[SILENT_LOG] [TemplateMatcher] pause_gear.png -> max conf: 0.908 (needs 0.55, optimal scale: 0.80x)
[REWARD] 执行前血条数: 6 -> 最终确认血条数: 0
[REWARD] ⛔ 动作被拦截 (非法地形/没钱/有人)。惩罚 -0.05 (连续无作为: 4次)

[STEP 27] 开始执行动作...
[ACTION MASKING] ⛔ 警告：手牌 0 亮度过低(无费/CD中)！代码直接拦截，不执行拖拽！
[SILENT_LOG] [TemplateMatcher] pause_gear.png -> max conf: 0.906 (needs 0.55, optimal scale: 0.80x)
[REWARD] 执行前血条数: 5 -> 最终确认血条数: 0
[REWARD] ⛔ 动作被拦截 (非法地形/没钱/有人)。惩罚 -0.05 (连续无作为: 5次)

[STEP 28] 开始执行动作...
[SILENT_LOG] [TemplateMatcher] pause_gear.png -> max conf: 0.553 (needs 0.55, optimal scale: 0.80x)
[ACTION MASKING] ⛔ 警告：手牌 8 亮度过低(无费/CD中)！代码直接拦截，不执行拖拽！
[REWARD] 执行前血条数: 0 -> 最终确认血条数: 0
[REWARD] ⛔ 动作被拦截 (非法地形/没钱/有人)。惩罚 -0.05 (连续无作为: 6次)

[STEP 29] 开始执行动作...
[SILENT_LOG] [TemplateMatcher] pause_gear.png -> max conf: 0.553 (needs 0.55, optimal scale: 0.80x)
[ACTION MASKING] ⛔ 警告：手牌 4 亮度过低(无费/CD中)！代码直接拦截，不执行拖拽！
[REWARD] 执行前血条数: 0 -> 最终确认血条数: 0
[REWARD] ⛔ 动作被拦截 (非法地形/没钱/有人)。惩罚 -0.05 (连续无作为: 7次)

[STEP 30] 开始执行动作...
[SILENT_LOG] [TemplateMatcher] pause_gear.png -> max conf: 0.553 (needs 0.55, optimal scale: 0.80x)
[ACTION MASKING] ⛔ 警告：手牌 0 亮度过低(无费/CD中)！代码直接拦截，不执行拖拽！
[REWARD] 执行前血条数: 0 -> 最终确认血条数: 0
[REWARD] ⛔ 动作被拦截 (非法地形/没钱/有人)。惩罚 -0.05 (连续无作为: 8次)

[STEP 31] 开始执行动作...
[SILENT_LOG] [TemplateMatcher] pause_gear.png -> max conf: 0.553 (needs 0.55, optimal scale: 0.80x)
[ACTION MASKING] ⛔ 警告：手牌 0 亮度过低(无费/CD中)！代码直接拦截，不执行拖拽！
[SILENT_LOG] [TemplateMatcher] pause_gear.png -> max conf: 0.553 (needs 0.55, optimal scale: 0.80x)
[REWARD] 执行前血条数: 0 -> 最终确认血条数: 0
[REWARD] ⛔ 动作被拦截 (非法地形/没钱/有人)。惩罚 -0.05 (连续无作为: 9次)

[STEP 32] 开始执行动作...
[SILENT_LOG] [TemplateMatcher] pause_gear.png -> max conf: 0.553 (needs 0.55, optimal scale: 0.80x)
[ACTION MASKING] ⛔ 警告：手牌 2 亮度过低(无费/CD中)！代码直接拦截，不执行拖拽！
[REWARD] 执行前血条数: 0 -> 最终确认血条数: 0
[REWARD] ⛔ 动作被拦截 (非法地形/没钱/有人)。惩罚 -0.05 (连续无作为: 10次)

[STEP 33] 开始执行动作...
[SILENT_LOG] [TemplateMatcher] pause_gear.png -> max conf: 0.553 (needs 0.55, optimal scale: 0.80x)
[ACTION MASKING] ⛔ 警告：手牌 4 亮度过低(无费/CD中)！代码直接拦截，不执行拖拽！
[REWARD] 执行前血条数: 0 -> 最终确认血条数: 0
[REWARD] ⛔ 动作被拦截 (非法地形/没钱/有人)。惩罚 -0.05 (连续无作为: 11次)

[STEP 34] 开始执行动作...
[SILENT_LOG] [TemplateMatcher] pause_gear.png -> max conf: 0.553 (needs 0.55, optimal scale: 0.80x)
[ACTION MASKING] ⛔ 警告：手牌 3 亮度过低(无费/CD中)！代码直接拦截，不执行拖拽！
[SILENT_LOG] [TemplateMatcher] pause_gear.png -> max conf: 0.553 (needs 0.55, optimal scale: 0.80x)
[REWARD] 执行前血条数: 0 -> 最终确认血条数: 0
[REWARD] ⛔ 动作被拦截 (非法地形/没钱/有人)。惩罚 -0.05 (连续无作为: 12次)

[STEP 35] 开始执行动作...
[ACTION MASKING] ⛔ 警告：手牌 9 亮度过低(无费/CD中)！代码直接拦截，不执行拖拽！
[SILENT_LOG] [TemplateMatcher] pause_gear.png -> max conf: 0.553 (needs 0.55, optimal scale: 0.80x)
[REWARD] 执行前血条数: 0 -> 最终确认血条数: 0
[REWARD] ⛔ 动作被拦截 (非法地形/没钱/有人)。惩罚 -0.05 (连续无作为: 13次)

[STEP 36] 开始执行动作...
[ACTION MASKING] ⛔ 警告：手牌 7 亮度过低(无费/CD中)！代码直接拦截，不执行拖拽！
[SILENT_LOG] [TemplateMatcher] pause_gear.png -> max conf: 0.553 (needs 0.55, optimal scale: 0.80x)
[REWARD] 执行前血条数: 0 -> 最终确认血条数: 0
[REWARD] ⛔ 动作被拦截 (非法地形/没钱/有人)。惩罚 -0.05 (连续无作为: 14次)

[STEP 37] 开始执行动作...
[SILENT_LOG] [TemplateMatcher] pause_gear.png -> max conf: 0.553 (needs 0.55, optimal scale: 0.80x)
[ACTION MASKING] ⛔ 警告：手牌 8 亮度过低(无费/CD中)！代码直接拦截，不执行拖拽！
[REWARD] 执行前血条数: 0 -> 最终确认血条数: 0
[REWARD] ⛔ 动作被拦截 (非法地形/没钱/有人)。惩罚 -0.05 (连续无作为: 15次)

[STEP 38] 开始执行动作...
[SILENT_LOG] [TemplateMatcher] pause_gear.png -> max conf: 0.553 (needs 0.55, optimal scale: 0.80x)
[ACTION MASKING] ⛔ 警告：手牌 2 亮度过低(无费/CD中)！代码直接拦截，不执行拖拽！
[REWARD] 执行前血条数: 0 -> 最终确认血条数: 0
[REWARD] ⛔ 动作被拦截 (非法地形/没钱/有人)。惩罚 -0.05 (连续无作为: 16次)
[SILENT_LOG] [TemplateMatcher] pause_gear.png -> max conf: 0.553 (needs 0.55, optimal scale: 0.80x)
[SAVE] 自动保存进度 (Step 160) -> policy_latest.zip

[STEP 39] 开始执行动作...
[ACTION] 盲狙执行: 选卡10 -> 拖拽至(6,1) 朝向0
[SILENT_LOG] [TemplateMatcher] pause_gear.png -> max conf: 0.556 (needs 0.55, optimal scale: 0.80x)
[SILENT_LOG] [TemplateMatcher] pause_gear.png -> max conf: 0.678 (needs 0.55, optimal scale: 0.80x)
[SILENT_LOG] [TemplateMatcher] pause_gear.png -> max conf: 0.000 (needs 0.55, optimal scale: 0.80x)
[SILENT_LOG] [TemplateMatcher] pause_gear.png -> max conf: 0.000 (needs 0.55, optimal scale: 0.80x)

[MONITOR] 🚨 后台紧急熔断：连续 2 次未见右上角齿轮，战斗结束！
[REWARD] 动作已执行，开始 3 次心跳检测血条 (间隔 0.2s)...
[REWARD] ❌ 未检测到新血条！判定为【费用不足或CD中】，强制挂机 2.0 秒等待费用恢复！
[REWARD] 执行前血条数: 0 -> 最终确认血条数: 0
[REWARD] ❌ 未产生血条 (游戏拒收/高低台错位/手滑)。惩罚 -0.05
[ENV] 🚨 后台监视器触发熔断，本回合正式结束！

================= 回合结束，开始自动重启关卡 =================
[TemplateMatcher] pause_gear.png -> max conf: 0.000 (needs 0.7, optimal scale: 0.80x)
[DEBUG] 未匹配 [pause_gear] (要求阈值 0.7)
[TemplateMatcher] start_action.png -> max conf: 0.000 (needs 0.43, optimal scale: 0.80x)
[DEBUG] 未匹配 [start_action] (要求阈值 0.43)
[TemplateMatcher] practice.png -> max conf: 0.000 (needs 0.5, optimal scale: 0.80x)
[DEBUG] 未匹配 [practice] (要求阈值 0.5)
[TemplateMatcher] stage_1_7.png -> max conf: 0.000 (needs 0.5, optimal scale: 0.80x)
[DEBUG] 未匹配 [stage_1_7] (要求阈值 0.5)
[RESET] 尝试跳过动画/寻找入口... (尝试 1/100)
[TemplateMatcher] pause_gear.png -> max conf: 0.619 (needs 0.7, optimal scale: 0.80x)
[DEBUG] 未匹配 [pause_gear] (要求阈值 0.7)
[TemplateMatcher] start_action.png -> max conf: 0.037 (needs 0.43, optimal scale: 0.80x)
[DEBUG] 未匹配 [start_action] (要求阈值 0.43)
[TemplateMatcher] practice.png -> max conf: 0.660 (needs 0.5, optimal scale: 1.20x)
[RESET] 找到 [practice] (置信度 0.66 >= 0.5)，点击 (1056, 677)
[RESET] 点击演习按钮
[TemplateMatcher] pause_gear.png -> max conf: 0.619 (needs 0.7, optimal scale: 0.80x)
[DEBUG] 未匹配 [pause_gear] (要求阈值 0.7)
[TemplateMatcher] start_action.png -> max conf: 0.037 (needs 0.43, optimal scale: 0.80x)
[DEBUG] 未匹配 [start_action] (要求阈值 0.43)
[TemplateMatcher] practice.png -> max conf: 0.660 (needs 0.5, optimal scale: 1.20x)
[RESET] 找到 [practice] (置信度 0.66 >= 0.5)，点击 (1056, 677)
[RESET] 点击演习按钮
[TemplateMatcher] pause_gear.png -> max conf: 0.490 (needs 0.7, optimal scale: 0.80x)
[DEBUG] 未匹配 [pause_gear] (要求阈值 0.7)
[TemplateMatcher] start_action.png -> max conf: -0.018 (needs 0.43, optimal scale: 0.80x)
[DEBUG] 未匹配 [start_action] (要求阈值 0.43)
[TemplateMatcher] practice.png -> max conf: 0.522 (needs 0.5, optimal scale: 0.80x)
[RESET] 找到 [practice] (置信度 0.52 >= 0.5)，点击 (533, 603)
[RESET] 点击演习按钮
[TemplateMatcher] pause_gear.png -> max conf: 0.490 (needs 0.7, optimal scale: 0.80x)
[DEBUG] 未匹配 [pause_gear] (要求阈值 0.7)
[TemplateMatcher] start_action.png -> max conf: -0.018 (needs 0.43, optimal scale: 0.80x)
[DEBUG] 未匹配 [start_action] (要求阈值 0.43)
[TemplateMatcher] practice.png -> max conf: 0.522 (needs 0.5, optimal scale: 0.80x)
[RESET] 找到 [practice] (置信度 0.52 >= 0.5)，点击 (533, 603)
[RESET] 点击演习按钮
[TemplateMatcher] pause_gear.png -> max conf: 0.490 (needs 0.7, optimal scale: 0.80x)
[DEBUG] 未匹配 [pause_gear] (要求阈值 0.7)
[TemplateMatcher] start_action.png -> max conf: -0.018 (needs 0.43, optimal scale: 0.80x)
[DEBUG] 未匹配 [start_action] (要求阈值 0.43)
[TemplateMatcher] practice.png -> max conf: 0.522 (needs 0.5, optimal scale: 0.80x)
[RESET] 找到 [practice] (置信度 0.52 >= 0.5)，点击 (533, 603)
[RESET] 点击演习按钮
[TemplateMatcher] pause_gear.png -> max conf: 0.473 (needs 0.7, optimal scale: 0.90x)
[DEBUG] 未匹配 [pause_gear] (要求阈值 0.7)
[TemplateMatcher] start_action.png -> max conf: 0.027 (needs 0.43, optimal scale: 0.80x)
[DEBUG] 未匹配 [start_action] (要求阈值 0.43)
[TemplateMatcher] practice.png -> max conf: 0.489 (needs 0.5, optimal scale: 0.85x)
[DEBUG] 未匹配 [practice] (要求阈值 0.5)
[TemplateMatcher] stage_1_7.png -> max conf: 0.712 (needs 0.5, optimal scale: 0.80x)
[RESET] 找到 [stage_1_7] (置信度 0.71 >= 0.5)，点击 (638, 224)
[RESET] 点击关卡 1-7 图标
[TemplateMatcher] pause_gear.png -> max conf: 0.612 (needs 0.7, optimal scale: 1.10x)
[DEBUG] 未匹配 [pause_gear] (要求阈值 0.7)
[TemplateMatcher] start_action.png -> max conf: 0.103 (needs 0.43, optimal scale: 0.80x)
[DEBUG] 未匹配 [start_action] (要求阈值 0.43)
[TemplateMatcher] practice.png -> max conf: 0.687 (needs 0.5, optimal scale: 0.80x)
[RESET] 找到 [practice] (置信度 0.69 >= 0.5)，点击 (935, 660)
[RESET] 点击演习按钮
[TemplateMatcher] pause_gear.png -> max conf: 0.470 (needs 0.7, optimal scale: 1.05x)
[DEBUG] 未匹配 [pause_gear] (要求阈值 0.7)
[TemplateMatcher] start_action.png -> max conf: 0.431 (needs 0.43, optimal scale: 0.80x)
[RESET] 找到 [start_action] (置信度 0.43 >= 0.43)，点击 (1101, 516)
[RESET] 点击开始行动，进入加载...
[TemplateMatcher] pause_gear.png -> max conf: 0.000 (needs 0.7, optimal scale: 0.80x)
[DEBUG] 未匹配 [pause_gear] (要求阈值 0.7)
[TemplateMatcher] start_action.png -> max conf: 0.000 (needs 0.43, optimal scale: 0.80x)
[DEBUG] 未匹配 [start_action] (要求阈值 0.43)
[TemplateMatcher] practice.png -> max conf: 0.000 (needs 0.5, optimal scale: 0.80x)
[DEBUG] 未匹配 [practice] (要求阈值 0.5)
[TemplateMatcher] stage_1_7.png -> max conf: 0.000 (needs 0.5, optimal scale: 0.80x)
[DEBUG] 未匹配 [stage_1_7] (要求阈值 0.5)
[RESET] 尝试跳过动画/寻找入口... (尝试 10/100)
[TemplateMatcher] pause_gear.png -> max conf: 0.000 (needs 0.7, optimal scale: 0.80x)
[DEBUG] 未匹配 [pause_gear] (要求阈值 0.7)
[TemplateMatcher] start_action.png -> max conf: 0.000 (needs 0.43, optimal scale: 0.80x)
[DEBUG] 未匹配 [start_action] (要求阈值 0.43)
[TemplateMatcher] practice.png -> max conf: 0.000 (needs 0.5, optimal scale: 0.80x)
[DEBUG] 未匹配 [practice] (要求阈值 0.5)
[TemplateMatcher] stage_1_7.png -> max conf: 0.000 (needs 0.5, optimal scale: 0.80x)
[DEBUG] 未匹配 [stage_1_7] (要求阈值 0.5)
[RESET] 尝试跳过动画/寻找入口... (尝试 11/100)
[TemplateMatcher] pause_gear.png -> max conf: 0.000 (needs 0.7, optimal scale: 0.80x)
[DEBUG] 未匹配 [pause_gear] (要求阈值 0.7)
[TemplateMatcher] start_action.png -> max conf: 0.000 (needs 0.43, optimal scale: 0.80x)
[DEBUG] 未匹配 [start_action] (要求阈值 0.43)
[TemplateMatcher] practice.png -> max conf: 0.000 (needs 0.5, optimal scale: 0.80x)
[DEBUG] 未匹配 [practice] (要求阈值 0.5)
[TemplateMatcher] stage_1_7.png -> max conf: 0.000 (needs 0.5, optimal scale: 0.80x)
[DEBUG] 未匹配 [stage_1_7] (要求阈值 0.5)
[RESET] 尝试跳过动画/寻找入口... (尝试 12/100)
[TemplateMatcher] pause_gear.png -> max conf: 0.000 (needs 0.7, optimal scale: 0.80x)
[DEBUG] 未匹配 [pause_gear] (要求阈值 0.7)
[TemplateMatcher] start_action.png -> max conf: 0.000 (needs 0.43, optimal scale: 0.80x)
[DEBUG] 未匹配 [start_action] (要求阈值 0.43)
[TemplateMatcher] practice.png -> max conf: 0.000 (needs 0.5, optimal scale: 0.80x)
[DEBUG] 未匹配 [practice] (要求阈值 0.5)
[TemplateMatcher] stage_1_7.png -> max conf: 0.000 (needs 0.5, optimal scale: 0.80x)
[DEBUG] 未匹配 [stage_1_7] (要求阈值 0.5)
[RESET] 尝试跳过动画/寻找入口... (尝试 13/100)
[TemplateMatcher] pause_gear.png -> max conf: 0.511 (needs 0.7, optimal scale: 1.20x)
[DEBUG] 未匹配 [pause_gear] (要求阈值 0.7)
[TemplateMatcher] start_action.png -> max conf: -0.052 (needs 0.43, optimal scale: 0.80x)
[DEBUG] 未匹配 [start_action] (要求阈值 0.43)
[TemplateMatcher] practice.png -> max conf: 0.381 (needs 0.5, optimal scale: 0.80x)
[DEBUG] 未匹配 [practice] (要求阈值 0.5)
[TemplateMatcher] stage_1_7.png -> max conf: 0.411 (needs 0.5, optimal scale: 0.90x)
[DEBUG] 未匹配 [stage_1_7] (要求阈值 0.5)
[RESET] 尝试跳过动画/寻找入口... (尝试 14/100)
[TemplateMatcher] pause_gear.png -> max conf: 0.511 (needs 0.7, optimal scale: 1.20x)
[DEBUG] 未匹配 [pause_gear] (要求阈值 0.7)
[TemplateMatcher] start_action.png -> max conf: -0.052 (needs 0.43, optimal scale: 0.80x)
[DEBUG] 未匹配 [start_action] (要求阈值 0.43)
[TemplateMatcher] practice.png -> max conf: 0.381 (needs 0.5, optimal scale: 0.80x)
[DEBUG] 未匹配 [practice] (要求阈值 0.5)
[TemplateMatcher] stage_1_7.png -> max conf: 0.411 (needs 0.5, optimal scale: 0.90x)
[DEBUG] 未匹配 [stage_1_7] (要求阈值 0.5)
[RESET] 尝试跳过动画/寻找入口... (尝试 15/100)
[TemplateMatcher] pause_gear.png -> max conf: 0.215 (needs 0.7, optimal scale: 1.20x)
[DEBUG] 未匹配 [pause_gear] (要求阈值 0.7)
[TemplateMatcher] start_action.png -> max conf: 0.210 (needs 0.43, optimal scale: 0.80x)
[DEBUG] 未匹配 [start_action] (要求阈值 0.43)
[TemplateMatcher] practice.png -> max conf: 0.378 (needs 0.5, optimal scale: 0.80x)
[DEBUG] 未匹配 [practice] (要求阈值 0.5)
[TemplateMatcher] stage_1_7.png -> max conf: 0.271 (needs 0.5, optimal scale: 0.80x)
[DEBUG] 未匹配 [stage_1_7] (要求阈值 0.5)
[RESET] 尝试跳过动画/寻找入口... (尝试 16/100)
[TemplateMatcher] pause_gear.png -> max conf: 0.211 (needs 0.7, optimal scale: 1.05x)
[DEBUG] 未匹配 [pause_gear] (要求阈值 0.7)
[TemplateMatcher] start_action.png -> max conf: 0.187 (needs 0.43, optimal scale: 0.80x)
[DEBUG] 未匹配 [start_action] (要求阈值 0.43)
[TemplateMatcher] practice.png -> max conf: 0.297 (needs 0.5, optimal scale: 0.80x)
[DEBUG] 未匹配 [practice] (要求阈值 0.5)
[TemplateMatcher] stage_1_7.png -> max conf: 0.277 (needs 0.5, optimal scale: 0.85x)
[DEBUG] 未匹配 [stage_1_7] (要求阈值 0.5)
[RESET] 尝试跳过动画/寻找入口... (尝试 17/100)
[TemplateMatcher] pause_gear.png -> max conf: 0.211 (needs 0.7, optimal scale: 1.05x)
[DEBUG] 未匹配 [pause_gear] (要求阈值 0.7)
[TemplateMatcher] start_action.png -> max conf: 0.187 (needs 0.43, optimal scale: 0.80x)
[DEBUG] 未匹配 [start_action] (要求阈值 0.43)
[TemplateMatcher] practice.png -> max conf: 0.297 (needs 0.5, optimal scale: 0.80x)
[DEBUG] 未匹配 [practice] (要求阈值 0.5)
[TemplateMatcher] stage_1_7.png -> max conf: 0.277 (needs 0.5, optimal scale: 0.85x)
[DEBUG] 未匹配 [stage_1_7] (要求阈值 0.5)
[RESET] 尝试跳过动画/寻找入口... (尝试 18/100)
[TemplateMatcher] pause_gear.png -> max conf: 0.887 (needs 0.7, optimal scale: 0.80x)
[RESET] 找到 [pause_gear] (置信度 0.89 >= 0.7)，(仅检测，不点击)
[RESET] ✅ 检测到战斗画面右上角齿轮，重启成功！
================= 关卡重启流程结束 =================

[ENV] 🛡️ 战斗全局异步监视器已启动...
[SILENT_LOG] [TemplateMatcher] pause_gear.png -> max conf: 0.907 (needs 0.55, optimal scale: 0.80x)
--> [回合结束] 第 6 回合 | 奖励: 3.8 | 步数: 39

[STEP 1] 开始执行动作...
[ACTION] 盲狙执行: 选卡11 -> 拖拽至(1,4) 朝向0
[SILENT_LOG] [TemplateMatcher] pause_gear.png -> max conf: 0.908 (needs 0.55, optimal scale: 0.80x)
[SILENT_LOG] [TemplateMatcher] pause_gear.png -> max conf: 0.908 (needs 0.55, optimal scale: 0.80x)
[SILENT_LOG] [TemplateMatcher] pause_gear.png -> max conf: 0.908 (needs 0.55, optimal scale: 0.80x)
[SILENT_LOG] [TemplateMatcher] pause_gear.png -> max conf: 0.908 (needs 0.55, optimal scale: 0.80x)
[SILENT_LOG] [TemplateMatcher] pause_gear.png -> max conf: 0.908 (needs 0.55, optimal scale: 0.80x)
[SILENT_LOG] [TemplateMatcher] pause_gear.png -> max conf: 0.908 (needs 0.55, optimal scale: 0.80x)
[SILENT_LOG] [TemplateMatcher] pause_gear.png -> max conf: 0.908 (needs 0.55, optimal scale: 0.80x)
[REWARD] 动作已执行，开始 3 次心跳检测血条 (间隔 0.2s)...
[SILENT_LOG] [TemplateMatcher] pause_gear.png -> max conf: 0.908 (needs 0.55, optimal scale: 0.80x)
[SILENT_LOG] [TemplateMatcher] pause_gear.png -> max conf: 0.908 (needs 0.55, optimal scale: 0.80x)
[SILENT_LOG] [TemplateMatcher] pause_gear.png -> max conf: 0.908 (needs 0.55, optimal scale: 0.80x)
[SILENT_LOG] [TemplateMatcher] pause_gear.png -> max conf: 0.908 (needs 0.55, optimal scale: 0.80x)
[REWARD] ❌ 未检测到新血条！判定为【费用不足或CD中】，强制挂机 2.0 秒等待费用恢复！
[SILENT_LOG] [TemplateMatcher] pause_gear.png -> max conf: 0.908 (needs 0.55, optimal scale: 0.80x)
[SILENT_LOG] [TemplateMatcher] pause_gear.png -> max conf: 0.908 (needs 0.55, optimal scale: 0.80x)
[SILENT_LOG] [TemplateMatcher] pause_gear.png -> max conf: 0.908 (needs 0.55, optimal scale: 0.80x)
[SILENT_LOG] [TemplateMatcher] pause_gear.png -> max conf: 0.908 (needs 0.55, optimal scale: 0.80x)
[SILENT_LOG] [TemplateMatcher] pause_gear.png -> max conf: 0.908 (needs 0.55, optimal scale: 0.80x)
[SILENT_LOG] [TemplateMatcher] pause_gear.png -> max conf: 0.908 (needs 0.55, optimal scale: 0.80x)
[REWARD] 执行前血条数: 0 -> 最终确认血条数: 0
[REWARD] ❌ 未产生血条 (游戏拒收/高低台错位/手滑)。惩罚 -0.05

[STEP 2] 开始执行动作...
[ACTION] 盲狙执行: 选卡1 -> 拖拽至(1,1) 朝向3
[SILENT_LOG] [TemplateMatcher] pause_gear.png -> max conf: 0.908 (needs 0.55, optimal scale: 0.80x)
[SILENT_LOG] [TemplateMatcher] pause_gear.png -> max conf: 0.887 (needs 0.55, optimal scale: 0.80x)
[SILENT_LOG] [TemplateMatcher] pause_gear.png -> max conf: 0.908 (needs 0.55, optimal scale: 0.80x)
[SILENT_LOG] [TemplateMatcher] pause_gear.png -> max conf: 0.908 (needs 0.55, optimal scale: 0.80x)
[SILENT_LOG] [TemplateMatcher] pause_gear.png -> max conf: 0.908 (needs 0.55, optimal scale: 0.80x)
[SILENT_LOG] [TemplateMatcher] pause_gear.png -> max conf: 0.908 (needs 0.55, optimal scale: 0.80x)
[SILENT_LOG] [TemplateMatcher] pause_gear.png -> max conf: 0.908 (needs 0.55, optimal scale: 0.80x)
[REWARD] 动作已执行，开始 3 次心跳检测血条 (间隔 0.2s)...
[SILENT_LOG] [TemplateMatcher] pause_gear.png -> max conf: 0.908 (needs 0.55, optimal scale: 0.80x)
[SILENT_LOG] [TemplateMatcher] pause_gear.png -> max conf: 0.908 (needs 0.55, optimal scale: 0.80x)
[SILENT_LOG] [TemplateMatcher] pause_gear.png -> max conf: 0.907 (needs 0.55, optimal scale: 0.80x)
[SILENT_LOG] [TemplateMatcher] pause_gear.png -> max conf: 0.908 (needs 0.55, optimal scale: 0.80x)
[REWARD] ❌ 未检测到新血条！判定为【费用不足或CD中】，强制挂机 2.0 秒等待费用恢复！
[SILENT_LOG] [TemplateMatcher] pause_gear.png -> max conf: 0.908 (needs 0.55, optimal scale: 0.80x)
[SILENT_LOG] [TemplateMatcher] pause_gear.png -> max conf: 0.908 (needs 0.55, optimal scale: 0.80x)
[SILENT_LOG] [TemplateMatcher] pause_gear.png -> max conf: 0.908 (needs 0.55, optimal scale: 0.80x)
[SILENT_LOG] [TemplateMatcher] pause_gear.png -> max conf: 0.908 (needs 0.55, optimal scale: 0.80x)
[SILENT_LOG] [TemplateMatcher] pause_gear.png -> max conf: 0.908 (needs 0.55, optimal scale: 0.80x)
[SILENT_LOG] [TemplateMatcher] pause_gear.png -> max conf: 0.908 (needs 0.55, optimal scale: 0.80x)
[REWARD] 执行前血条数: 0 -> 最终确认血条数: 0
[REWARD] ❌ 未产生血条 (游戏拒收/高低台错位/手滑)。惩罚 -0.05

[STEP 3] 开始执行动作...
[SILENT_LOG] [TemplateMatcher] pause_gear.png -> max conf: 0.908 (needs 0.55, optimal scale: 0.80x)
[ACTION] 盲狙执行: 选卡11 -> 拖拽至(7,3) 朝向2
[SILENT_LOG] [TemplateMatcher] pause_gear.png -> max conf: 0.889 (needs 0.55, optimal scale: 0.80x)
[SILENT_LOG] [TemplateMatcher] pause_gear.png -> max conf: 0.908 (needs 0.55, optimal scale: 0.80x)
[SILENT_LOG] [TemplateMatcher] pause_gear.png -> max conf: 0.908 (needs 0.55, optimal scale: 0.80x)
[SILENT_LOG] [TemplateMatcher] pause_gear.png -> max conf: 0.908 (needs 0.55, optimal scale: 0.80x)
[SILENT_LOG] [TemplateMatcher] pause_gear.png -> max conf: 0.908 (needs 0.55, optimal scale: 0.80x)
[SILENT_LOG] [TemplateMatcher] pause_gear.png -> max conf: 0.908 (needs 0.55, optimal scale: 0.80x)
[REWARD] 动作已执行，开始 3 次心跳检测血条 (间隔 0.2s)...
[SILENT_LOG] [TemplateMatcher] pause_gear.png -> max conf: 0.908 (needs 0.55, optimal scale: 0.80x)
[SILENT_LOG] [TemplateMatcher] pause_gear.png -> max conf: 0.908 (needs 0.55, optimal scale: 0.80x)
[SILENT_LOG] [TemplateMatcher] pause_gear.png -> max conf: 0.908 (needs 0.55, optimal scale: 0.80x)
[SILENT_LOG] [TemplateMatcher] pause_gear.png -> max conf: 0.908 (needs 0.55, optimal scale: 0.80x)
[REWARD] ❌ 未检测到新血条！判定为【费用不足或CD中】，强制挂机 2.0 秒等待费用恢复！
[SILENT_LOG] [TemplateMatcher] pause_gear.png -> max conf: 0.908 (needs 0.55, optimal scale: 0.80x)
[SILENT_LOG] [TemplateMatcher] pause_gear.png -> max conf: 0.908 (needs 0.55, optimal scale: 0.80x)
[SILENT_LOG] [TemplateMatcher] pause_gear.png -> max conf: 0.908 (needs 0.55, optimal scale: 0.80x)
[SILENT_LOG] [TemplateMatcher] pause_gear.png -> max conf: 0.908 (needs 0.55, optimal scale: 0.80x)
[SILENT_LOG] [TemplateMatcher] pause_gear.png -> max conf: 0.908 (needs 0.55, optimal scale: 0.80x)
[SILENT_LOG] [TemplateMatcher] pause_gear.png -> max conf: 0.908 (needs 0.55, optimal scale: 0.80x)
[REWARD] 执行前血条数: 0 -> 最终确认血条数: 0
[REWARD] ❌ 未产生血条 (游戏拒收/高低台错位/手滑)。惩罚 -0.05

[STEP 4] 开始执行动作...
[SILENT_LOG] [TemplateMatcher] pause_gear.png -> max conf: 0.908 (needs 0.55, optimal scale: 0.80x)
[ACTION] 盲狙执行: 选卡7 -> 拖拽至(8,2) 朝向3
[SILENT_LOG] [TemplateMatcher] pause_gear.png -> max conf: 0.884 (needs 0.55, optimal scale: 0.80x)
[SILENT_LOG] [TemplateMatcher] pause_gear.png -> max conf: 0.908 (needs 0.55, optimal scale: 0.80x)
[SILENT_LOG] [TemplateMatcher] pause_gear.png -> max conf: 0.908 (needs 0.55, optimal scale: 0.80x)
[SILENT_LOG] [TemplateMatcher] pause_gear.png -> max conf: 0.907 (needs 0.55, optimal scale: 0.80x)
[SILENT_LOG] [TemplateMatcher] pause_gear.png -> max conf: 0.907 (needs 0.55, optimal scale: 0.80x)
[SILENT_LOG] [TemplateMatcher] pause_gear.png -> max conf: 0.908 (needs 0.55, optimal scale: 0.80x)
[REWARD] 动作已执行，开始 3 次心跳检测血条 (间隔 0.2s)...
[SILENT_LOG] [TemplateMatcher] pause_gear.png -> max conf: 0.908 (needs 0.55, optimal scale: 0.80x)
[SILENT_LOG] [TemplateMatcher] pause_gear.png -> max conf: 0.908 (needs 0.55, optimal scale: 0.80x)
[SILENT_LOG] [TemplateMatcher] pause_gear.png -> max conf: 0.908 (needs 0.55, optimal scale: 0.80x)
[SILENT_LOG] [TemplateMatcher] pause_gear.png -> max conf: 0.909 (needs 0.55, optimal scale: 0.80x)
[SILENT_LOG] [TemplateMatcher] pause_gear.png -> max conf: 0.908 (needs 0.55, optimal scale: 0.80x)
[REWARD] ❌ 未检测到新血条！判定为【费用不足或CD中】，强制挂机 2.0 秒等待费用恢复！
[SILENT_LOG] [TemplateMatcher] pause_gear.png -> max conf: 0.909 (needs 0.55, optimal scale: 0.80x)
[SILENT_LOG] [TemplateMatcher] pause_gear.png -> max conf: 0.908 (needs 0.55, optimal scale: 0.80x)
[SILENT_LOG] [TemplateMatcher] pause_gear.png -> max conf: 0.908 (needs 0.55, optimal scale: 0.80x)
[SILENT_LOG] [TemplateMatcher] pause_gear.png -> max conf: 0.908 (needs 0.55, optimal scale: 0.80x)
[SILENT_LOG] [TemplateMatcher] pause_gear.png -> max conf: 0.908 (needs 0.55, optimal scale: 0.80x)
[SILENT_LOG] [TemplateMatcher] pause_gear.png -> max conf: 0.908 (needs 0.55, optimal scale: 0.80x)
[REWARD] 执行前血条数: 0 -> 最终确认血条数: 0
[REWARD] ❌ 未产生血条 (游戏拒收/高低台错位/手滑)。惩罚 -0.05

[STEP 5] 开始执行动作...
[SILENT_LOG] [TemplateMatcher] pause_gear.png -> max conf: 0.908 (needs 0.55, optimal scale: 0.80x)
[ACTION] 盲狙执行: 选卡5 -> 拖拽至(2,3) 朝向3
[SILENT_LOG] [TemplateMatcher] pause_gear.png -> max conf: 0.886 (needs 0.55, optimal scale: 0.80x)
[SILENT_LOG] [TemplateMatcher] pause_gear.png -> max conf: 0.908 (needs 0.55, optimal scale: 0.80x)
[SILENT_LOG] [TemplateMatcher] pause_gear.png -> max conf: 0.908 (needs 0.55, optimal scale: 0.80x)
[SILENT_LOG] [TemplateMatcher] pause_gear.png -> max conf: 0.908 (needs 0.55, optimal scale: 0.80x)
[SILENT_LOG] [TemplateMatcher] pause_gear.png -> max conf: 0.908 (needs 0.55, optimal scale: 0.80x)
[SILENT_LOG] [TemplateMatcher] pause_gear.png -> max conf: 0.908 (needs 0.55, optimal scale: 0.80x)
[REWARD] 动作已执行，开始 3 次心跳检测血条 (间隔 0.2s)...
[SILENT_LOG] [TemplateMatcher] pause_gear.png -> max conf: 0.908 (needs 0.55, optimal scale: 0.80x)
[SILENT_LOG] [TemplateMatcher] pause_gear.png -> max conf: 0.908 (needs 0.55, optimal scale: 0.80x)
[SILENT_LOG] [TemplateMatcher] pause_gear.png -> max conf: 0.908 (needs 0.55, optimal scale: 0.80x)
[SILENT_LOG] [TemplateMatcher] pause_gear.png -> max conf: 0.908 (needs 0.55, optimal scale: 0.80x)
[REWARD] ❌ 未检测到新血条！判定为【费用不足或CD中】，强制挂机 2.0 秒等待费用恢复！
[SILENT_LOG] [TemplateMatcher] pause_gear.png -> max conf: 0.908 (needs 0.55, optimal scale: 0.80x)
[SILENT_LOG] [TemplateMatcher] pause_gear.png -> max conf: 0.908 (needs 0.55, optimal scale: 0.80x)
[SILENT_LOG] [TemplateMatcher] pause_gear.png -> max conf: 0.908 (needs 0.55, optimal scale: 0.80x)
[SILENT_LOG] [TemplateMatcher] pause_gear.png -> max conf: 0.908 (needs 0.55, optimal scale: 0.80x)
[SILENT_LOG] [TemplateMatcher] pause_gear.png -> max conf: 0.908 (needs 0.55, optimal scale: 0.80x)
[SILENT_LOG] [TemplateMatcher] pause_gear.png -> max conf: 0.908 (needs 0.55, optimal scale: 0.80x)
[REWARD] 执行前血条数: 0 -> 最终确认血条数: 0
[REWARD] ❌ 未产生血条 (游戏拒收/高低台错位/手滑)。惩罚 -0.05

[STEP 6] 开始执行动作...
[SILENT_LOG] [TemplateMatcher] pause_gear.png -> max conf: 0.908 (needs 0.55, optimal scale: 0.80x)
[ACTION] 盲狙执行: 选卡2 -> 拖拽至(4,1) 朝向2
[SILENT_LOG] [TemplateMatcher] pause_gear.png -> max conf: 0.883 (needs 0.55, optimal scale: 0.80x)
[SILENT_LOG] [TemplateMatcher] pause_gear.png -> max conf: 0.908 (needs 0.55, optimal scale: 0.80x)
[SILENT_LOG] [TemplateMatcher] pause_gear.png -> max conf: 0.908 (needs 0.55, optimal scale: 0.80x)
[SILENT_LOG] [TemplateMatcher] pause_gear.png -> max conf: 0.908 (needs 0.55, optimal scale: 0.80x)
[SILENT_LOG] [TemplateMatcher] pause_gear.png -> max conf: 0.908 (needs 0.55, optimal scale: 0.80x)
[SILENT_LOG] [TemplateMatcher] pause_gear.png -> max conf: 0.908 (needs 0.55, optimal scale: 0.80x)
[REWARD] 动作已执行，开始 3 次心跳检测血条 (间隔 0.2s)...
[SILENT_LOG] [TemplateMatcher] pause_gear.png -> max conf: 0.908 (needs 0.55, optimal scale: 0.80x)
[SILENT_LOG] [TemplateMatcher] pause_gear.png -> max conf: 0.908 (needs 0.55, optimal scale: 0.80x)
[SILENT_LOG] [TemplateMatcher] pause_gear.png -> max conf: 0.908 (needs 0.55, optimal scale: 0.80x)
[SILENT_LOG] [TemplateMatcher] pause_gear.png -> max conf: 0.908 (needs 0.55, optimal scale: 0.80x)
[REWARD] ❌ 未检测到新血条！判定为【费用不足或CD中】，强制挂机 2.0 秒等待费用恢复！
[SILENT_LOG] [TemplateMatcher] pause_gear.png -> max conf: 0.908 (needs 0.55, optimal scale: 0.80x)
[SILENT_LOG] [TemplateMatcher] pause_gear.png -> max conf: 0.908 (needs 0.55, optimal scale: 0.80x)
[SILENT_LOG] [TemplateMatcher] pause_gear.png -> max conf: 0.908 (needs 0.55, optimal scale: 0.80x)
[SILENT_LOG] [TemplateMatcher] pause_gear.png -> max conf: 0.908 (needs 0.55, optimal scale: 0.80x)
[SILENT_LOG] [TemplateMatcher] pause_gear.png -> max conf: 0.908 (needs 0.55, optimal scale: 0.80x)
[SILENT_LOG] [TemplateMatcher] pause_gear.png -> max conf: 0.908 (needs 0.55, optimal scale: 0.80x)
[REWARD] 执行前血条数: 0 -> 最终确认血条数: 0
[REWARD] ❌ 未产生血条 (游戏拒收/高低台错位/手滑)。惩罚 -0.05

[STEP 7] 开始执行动作...
[SILENT_LOG] [TemplateMatcher] pause_gear.png -> max conf: 0.908 (needs 0.55, optimal scale: 0.80x)
[ACTION] 盲狙执行: 选卡6 -> 拖拽至(4,4) 朝向0
[SILENT_LOG] [TemplateMatcher] pause_gear.png -> max conf: 0.888 (needs 0.55, optimal scale: 0.80x)
[SILENT_LOG] [TemplateMatcher] pause_gear.png -> max conf: 0.908 (needs 0.55, optimal scale: 0.80x)
[SILENT_LOG] [TemplateMatcher] pause_gear.png -> max conf: 0.908 (needs 0.55, optimal scale: 0.80x)
[SILENT_LOG] [TemplateMatcher] pause_gear.png -> max conf: 0.908 (needs 0.55, optimal scale: 0.80x)
[SILENT_LOG] [TemplateMatcher] pause_gear.png -> max conf: 0.908 (needs 0.55, optimal scale: 0.80x)
[SILENT_LOG] [TemplateMatcher] pause_gear.png -> max conf: 0.908 (needs 0.55, optimal scale: 0.80x)
[REWARD] 动作已执行，开始 3 次心跳检测血条 (间隔 0.2s)...
[SILENT_LOG] [TemplateMatcher] pause_gear.png -> max conf: 0.908 (needs 0.55, optimal scale: 0.80x)
[SILENT_LOG] [TemplateMatcher] pause_gear.png -> max conf: 0.908 (needs 0.55, optimal scale: 0.80x)
[SILENT_LOG] [TemplateMatcher] pause_gear.png -> max conf: 0.908 (needs 0.55, optimal scale: 0.80x)
[SILENT_LOG] [TemplateMatcher] pause_gear.png -> max conf: 0.908 (needs 0.55, optimal scale: 0.80x)
[REWARD] ❌ 未检测到新血条！判定为【费用不足或CD中】，强制挂机 2.0 秒等待费用恢复！
[SILENT_LOG] [TemplateMatcher] pause_gear.png -> max conf: 0.908 (needs 0.55, optimal scale: 0.80x)
[SILENT_LOG] [TemplateMatcher] pause_gear.png -> max conf: 0.908 (needs 0.55, optimal scale: 0.80x)
[SILENT_LOG] [TemplateMatcher] pause_gear.png -> max conf: 0.908 (needs 0.55, optimal scale: 0.80x)
[SILENT_LOG] [TemplateMatcher] pause_gear.png -> max conf: 0.908 (needs 0.55, optimal scale: 0.80x)
[SILENT_LOG] [TemplateMatcher] pause_gear.png -> max conf: 0.908 (needs 0.55, optimal scale: 0.80x)
[SILENT_LOG] [TemplateMatcher] pause_gear.png -> max conf: 0.908 (needs 0.55, optimal scale: 0.80x)
[REWARD] 执行前血条数: 0 -> 最终确认血条数: 0
[REWARD] ❌ 未产生血条 (游戏拒收/高低台错位/手滑)。惩罚 -0.05

[STEP 8] 开始执行动作...
[SILENT_LOG] [TemplateMatcher] pause_gear.png -> max conf: 0.908 (needs 0.55, optimal scale: 0.80x)
[ACTION] 盲狙执行: 选卡10 -> 拖拽至(8,2) 朝向0
[SILENT_LOG] [TemplateMatcher] pause_gear.png -> max conf: 0.892 (needs 0.55, optimal scale: 0.80x)
[SILENT_LOG] [TemplateMatcher] pause_gear.png -> max conf: 0.908 (needs 0.55, optimal scale: 0.80x)
[SILENT_LOG] [TemplateMatcher] pause_gear.png -> max conf: 0.908 (needs 0.55, optimal scale: 0.80x)
[SILENT_LOG] [TemplateMatcher] pause_gear.png -> max conf: 0.908 (needs 0.55, optimal scale: 0.80x)
[SILENT_LOG] [TemplateMatcher] pause_gear.png -> max conf: 0.908 (needs 0.55, optimal scale: 0.80x)
[SILENT_LOG] [TemplateMatcher] pause_gear.png -> max conf: 0.908 (needs 0.55, optimal scale: 0.80x)
[REWARD] 动作已执行，开始 3 次心跳检测血条 (间隔 0.2s)...
[SILENT_LOG] [TemplateMatcher] pause_gear.png -> max conf: 0.908 (needs 0.55, optimal scale: 0.80x)
[SILENT_LOG] [TemplateMatcher] pause_gear.png -> max conf: 0.908 (needs 0.55, optimal scale: 0.80x)
[SILENT_LOG] [TemplateMatcher] pause_gear.png -> max conf: 0.908 (needs 0.55, optimal scale: 0.80x)
[SILENT_LOG] [TemplateMatcher] pause_gear.png -> max conf: 0.908 (needs 0.55, optimal scale: 0.80x)
[REWARD] ❌ 未检测到新血条！判定为【费用不足或CD中】，强制挂机 2.0 秒等待费用恢复！
[SILENT_LOG] [TemplateMatcher] pause_gear.png -> max conf: 0.908 (needs 0.55, optimal scale: 0.80x)
[SILENT_LOG] [TemplateMatcher] pause_gear.png -> max conf: 0.908 (needs 0.55, optimal scale: 0.80x)
[SILENT_LOG] [TemplateMatcher] pause_gear.png -> max conf: 0.908 (needs 0.55, optimal scale: 0.80x)
[SILENT_LOG] [TemplateMatcher] pause_gear.png -> max conf: 0.908 (needs 0.55, optimal scale: 0.80x)
[SILENT_LOG] [TemplateMatcher] pause_gear.png -> max conf: 0.908 (needs 0.55, optimal scale: 0.80x)
[SILENT_LOG] [TemplateMatcher] pause_gear.png -> max conf: 0.908 (needs 0.55, optimal scale: 0.80x)
[REWARD] 执行前血条数: 0 -> 最终确认血条数: 0
[REWARD] ❌ 未产生血条 (游戏拒收/高低台错位/手滑)。惩罚 -0.05

[STEP 9] 开始执行动作...
[SILENT_LOG] [TemplateMatcher] pause_gear.png -> max conf: 0.908 (needs 0.55, optimal scale: 0.80x)
[SILENT_LOG] [TemplateMatcher] pause_gear.png -> max conf: 0.596 (needs 0.55, optimal scale: 0.80x)
[SILENT_LOG] [TemplateMatcher] pause_gear.png -> max conf: 0.552 (needs 0.55, optimal scale: 0.80x)
[ACTION MASKING] ⛔ 警告：手牌 0 亮度过低(无费/CD中)！代码直接拦截，不执行拖拽！
[REWARD] 执行前血条数: 0 -> 最终确认血条数: 0
[REWARD] ⛔ 动作被拦截 (非法地形/没钱/有人)。惩罚 -0.05 (连续无作为: 26次)

[STEP 10] 开始执行动作...
[SILENT_LOG] [TemplateMatcher] pause_gear.png -> max conf: 0.552 (needs 0.55, optimal scale: 0.80x)
[ACTION MASKING] ⛔ 警告：手牌 7 亮度过低(无费/CD中)！代码直接拦截，不执行拖拽！
[SILENT_LOG] [TemplateMatcher] pause_gear.png -> max conf: 0.552 (needs 0.55, optimal scale: 0.80x)
[REWARD] 执行前血条数: 0 -> 最终确认血条数: 0
[REWARD] ⛔ 动作被拦截 (非法地形/没钱/有人)。惩罚 -0.05 (连续无作为: 27次)

[STEP 11] 开始执行动作...
[ACTION MASKING] ⛔ 警告：手牌 3 亮度过低(无费/CD中)！代码直接拦截，不执行拖拽！
[SILENT_LOG] [TemplateMatcher] pause_gear.png -> max conf: 0.552 (needs 0.55, optimal scale: 0.80x)
[REWARD] 执行前血条数: 0 -> 最终确认血条数: 0
[REWARD] ⛔ 动作被拦截 (非法地形/没钱/有人)。惩罚 -0.05 (连续无作为: 28次)

[STEP 12] 开始执行动作...
[SILENT_LOG] [TemplateMatcher] pause_gear.png -> max conf: 0.552 (needs 0.55, optimal scale: 0.80x)
[ACTION MASKING] ⛔ 警告：手牌 7 亮度过低(无费/CD中)！代码直接拦截，不执行拖拽！
[REWARD] 执行前血条数: 0 -> 最终确认血条数: 0
[REWARD] ⛔ 动作被拦截 (非法地形/没钱/有人)。惩罚 -0.05 (连续无作为: 29次)

[STEP 13] 开始执行动作...
[SILENT_LOG] [TemplateMatcher] pause_gear.png -> max conf: 0.552 (needs 0.55, optimal scale: 0.80x)
[ACTION MASKING] ⛔ 警告：手牌 8 亮度过低(无费/CD中)！代码直接拦截，不执行拖拽！
[REWARD] 执行前血条数: 0 -> 最终确认血条数: 0
[REWARD] ⛔ 动作被拦截 (非法地形/没钱/有人)。惩罚 -0.05 (连续无作为: 30次)

[STEP 14] 开始执行动作...
[SILENT_LOG] [TemplateMatcher] pause_gear.png -> max conf: 0.552 (needs 0.55, optimal scale: 0.80x)
[ACTION] 盲狙执行: 选卡11 -> 拖拽至(4,1) 朝向3
[SILENT_LOG] [TemplateMatcher] pause_gear.png -> max conf: 0.554 (needs 0.55, optimal scale: 0.80x)
[SILENT_LOG] [TemplateMatcher] pause_gear.png -> max conf: 0.676 (needs 0.55, optimal scale: 0.80x)
[SILENT_LOG] [TemplateMatcher] pause_gear.png -> max conf: 0.000 (needs 0.55, optimal scale: 0.80x)
[SILENT_LOG] [TemplateMatcher] pause_gear.png -> max conf: 0.000 (needs 0.55, optimal scale: 0.80x)

[MONITOR] 🚨 后台紧急熔断：连续 2 次未见右上角齿轮，战斗结束！
[REWARD] 动作已执行，开始 3 次心跳检测血条 (间隔 0.2s)...
[REWARD] ❌ 未检测到新血条！判定为【费用不足或CD中】，强制挂机 2.0 秒等待费用恢复！
[REWARD] 执行前血条数: 0 -> 最终确认血条数: 0
[REWARD] ❌ 未产生血条 (游戏拒收/高低台错位/手滑)。惩罚 -0.05
[ENV] 🚨 后台监视器触发熔断，本回合正式结束！

================= 回合结束，开始自动重启关卡 =================
[TemplateMatcher] pause_gear.png -> max conf: 0.000 (needs 0.7, optimal scale: 0.80x)
[DEBUG] 未匹配 [pause_gear] (要求阈值 0.7)
[TemplateMatcher] start_action.png -> max conf: 0.000 (needs 0.43, optimal scale: 0.80x)
[DEBUG] 未匹配 [start_action] (要求阈值 0.43)
[TemplateMatcher] practice.png -> max conf: 0.000 (needs 0.5, optimal scale: 0.80x)
[DEBUG] 未匹配 [practice] (要求阈值 0.5)
[TemplateMatcher] stage_1_7.png -> max conf: 0.000 (needs 0.5, optimal scale: 0.80x)
[DEBUG] 未匹配 [stage_1_7] (要求阈值 0.5)
[RESET] 尝试跳过动画/寻找入口... (尝试 1/100)
[TemplateMatcher] pause_gear.png -> max conf: 0.614 (needs 0.7, optimal scale: 0.80x)
[DEBUG] 未匹配 [pause_gear] (要求阈值 0.7)
[TemplateMatcher] start_action.png -> max conf: -0.011 (needs 0.43, optimal scale: 0.80x)
[DEBUG] 未匹配 [start_action] (要求阈值 0.43)
[TemplateMatcher] practice.png -> max conf: 0.549 (needs 0.5, optimal scale: 0.85x)
[RESET] 找到 [practice] (置信度 0.55 >= 0.5)，点击 (708, 603)
[RESET] 点击演习按钮
[TemplateMatcher] pause_gear.png -> max conf: 0.614 (needs 0.7, optimal scale: 0.80x)
[DEBUG] 未匹配 [pause_gear] (要求阈值 0.7)
[TemplateMatcher] start_action.png -> max conf: -0.011 (needs 0.43, optimal scale: 0.80x)
[DEBUG] 未匹配 [start_action] (要求阈值 0.43)
[TemplateMatcher] practice.png -> max conf: 0.549 (needs 0.5, optimal scale: 0.85x)
[RESET] 找到 [practice] (置信度 0.55 >= 0.5)，点击 (708, 603)
[RESET] 点击演习按钮
[TemplateMatcher] pause_gear.png -> max conf: 0.490 (needs 0.7, optimal scale: 0.80x)
[DEBUG] 未匹配 [pause_gear] (要求阈值 0.7)
[TemplateMatcher] start_action.png -> max conf: -0.018 (needs 0.43, optimal scale: 0.80x)
[DEBUG] 未匹配 [start_action] (要求阈值 0.43)
[TemplateMatcher] practice.png -> max conf: 0.522 (needs 0.5, optimal scale: 0.80x)
[RESET] 找到 [practice] (置信度 0.52 >= 0.5)，点击 (533, 603)
[RESET] 点击演习按钮
[TemplateMatcher] pause_gear.png -> max conf: 0.490 (needs 0.7, optimal scale: 0.80x)
[DEBUG] 未匹配 [pause_gear] (要求阈值 0.7)
[TemplateMatcher] start_action.png -> max conf: -0.018 (needs 0.43, optimal scale: 0.80x)
[DEBUG] 未匹配 [start_action] (要求阈值 0.43)
[TemplateMatcher] practice.png -> max conf: 0.522 (needs 0.5, optimal scale: 0.80x)
[RESET] 找到 [practice] (置信度 0.52 >= 0.5)，点击 (533, 603)
[RESET] 点击演习按钮
[TemplateMatcher] pause_gear.png -> max conf: 0.490 (needs 0.7, optimal scale: 0.80x)
[DEBUG] 未匹配 [pause_gear] (要求阈值 0.7)
[TemplateMatcher] start_action.png -> max conf: -0.018 (needs 0.43, optimal scale: 0.80x)
[DEBUG] 未匹配 [start_action] (要求阈值 0.43)
[TemplateMatcher] practice.png -> max conf: 0.522 (needs 0.5, optimal scale: 0.80x)
[RESET] 找到 [practice] (置信度 0.52 >= 0.5)，点击 (533, 603)
[RESET] 点击演习按钮
[TemplateMatcher] pause_gear.png -> max conf: 0.490 (needs 0.7, optimal scale: 0.80x)
[DEBUG] 未匹配 [pause_gear] (要求阈值 0.7)
[TemplateMatcher] start_action.png -> max conf: -0.018 (needs 0.43, optimal scale: 0.80x)
[DEBUG] 未匹配 [start_action] (要求阈值 0.43)
[TemplateMatcher] practice.png -> max conf: 0.522 (needs 0.5, optimal scale: 0.80x)
[RESET] 找到 [practice] (置信度 0.52 >= 0.5)，点击 (533, 603)
[RESET] 点击演习按钮
[TemplateMatcher] pause_gear.png -> max conf: 0.474 (needs 0.7, optimal scale: 0.90x)
[DEBUG] 未匹配 [pause_gear] (要求阈值 0.7)
[TemplateMatcher] start_action.png -> max conf: 0.027 (needs 0.43, optimal scale: 0.80x)
[DEBUG] 未匹配 [start_action] (要求阈值 0.43)
[TemplateMatcher] practice.png -> max conf: 0.488 (needs 0.5, optimal scale: 0.85x)
[DEBUG] 未匹配 [practice] (要求阈值 0.5)
[TemplateMatcher] stage_1_7.png -> max conf: 0.712 (needs 0.5, optimal scale: 0.80x)
[RESET] 找到 [stage_1_7] (置信度 0.71 >= 0.5)，点击 (638, 224)
[RESET] 点击关卡 1-7 图标
[TemplateMatcher] pause_gear.png -> max conf: 0.612 (needs 0.7, optimal scale: 1.10x)
[DEBUG] 未匹配 [pause_gear] (要求阈值 0.7)
[TemplateMatcher] start_action.png -> max conf: 0.103 (needs 0.43, optimal scale: 0.80x)
[DEBUG] 未匹配 [start_action] (要求阈值 0.43)
[TemplateMatcher] practice.png -> max conf: 0.687 (needs 0.5, optimal scale: 0.80x)
[RESET] 找到 [practice] (置信度 0.69 >= 0.5)，点击 (935, 660)
[RESET] 点击演习按钮
[TemplateMatcher] pause_gear.png -> max conf: 0.470 (needs 0.7, optimal scale: 1.05x)
[DEBUG] 未匹配 [pause_gear] (要求阈值 0.7)
[TemplateMatcher] start_action.png -> max conf: 0.431 (needs 0.43, optimal scale: 0.80x)
[RESET] 找到 [start_action] (置信度 0.43 >= 0.43)，点击 (1101, 516)
[RESET] 点击开始行动，进入加载...
[TemplateMatcher] pause_gear.png -> max conf: 0.000 (needs 0.7, optimal scale: 0.80x)
[DEBUG] 未匹配 [pause_gear] (要求阈值 0.7)
[TemplateMatcher] start_action.png -> max conf: 0.000 (needs 0.43, optimal scale: 0.80x)
[DEBUG] 未匹配 [start_action] (要求阈值 0.43)
[TemplateMatcher] practice.png -> max conf: 0.000 (needs 0.5, optimal scale: 0.80x)
[DEBUG] 未匹配 [practice] (要求阈值 0.5)
[TemplateMatcher] stage_1_7.png -> max conf: 0.000 (needs 0.5, optimal scale: 0.80x)
[DEBUG] 未匹配 [stage_1_7] (要求阈值 0.5)
[RESET] 尝试跳过动画/寻找入口... (尝试 11/100)
[TemplateMatcher] pause_gear.png -> max conf: 0.000 (needs 0.7, optimal scale: 0.80x)
[DEBUG] 未匹配 [pause_gear] (要求阈值 0.7)
[TemplateMatcher] start_action.png -> max conf: 0.000 (needs 0.43, optimal scale: 0.80x)
[DEBUG] 未匹配 [start_action] (要求阈值 0.43)
[TemplateMatcher] practice.png -> max conf: 0.000 (needs 0.5, optimal scale: 0.80x)
[DEBUG] 未匹配 [practice] (要求阈值 0.5)
[TemplateMatcher] stage_1_7.png -> max conf: 0.000 (needs 0.5, optimal scale: 0.80x)
[DEBUG] 未匹配 [stage_1_7] (要求阈值 0.5)
[RESET] 尝试跳过动画/寻找入口... (尝试 12/100)
[TemplateMatcher] pause_gear.png -> max conf: 0.000 (needs 0.7, optimal scale: 0.80x)
[DEBUG] 未匹配 [pause_gear] (要求阈值 0.7)
[TemplateMatcher] start_action.png -> max conf: 0.000 (needs 0.43, optimal scale: 0.80x)
[DEBUG] 未匹配 [start_action] (要求阈值 0.43)
[TemplateMatcher] practice.png -> max conf: 0.000 (needs 0.5, optimal scale: 0.80x)
[DEBUG] 未匹配 [practice] (要求阈值 0.5)
[TemplateMatcher] stage_1_7.png -> max conf: 0.000 (needs 0.5, optimal scale: 0.80x)
[DEBUG] 未匹配 [stage_1_7] (要求阈值 0.5)
[RESET] 尝试跳过动画/寻找入口... (尝试 13/100)
[TemplateMatcher] pause_gear.png -> max conf: 0.000 (needs 0.7, optimal scale: 0.80x)
[DEBUG] 未匹配 [pause_gear] (要求阈值 0.7)
[TemplateMatcher] start_action.png -> max conf: 0.000 (needs 0.43, optimal scale: 0.80x)
[DEBUG] 未匹配 [start_action] (要求阈值 0.43)
[TemplateMatcher] practice.png -> max conf: 0.000 (needs 0.5, optimal scale: 0.80x)
[DEBUG] 未匹配 [practice] (要求阈值 0.5)
[TemplateMatcher] stage_1_7.png -> max conf: 0.000 (needs 0.5, optimal scale: 0.80x)
[DEBUG] 未匹配 [stage_1_7] (要求阈值 0.5)
[RESET] 尝试跳过动画/寻找入口... (尝试 14/100)
[TemplateMatcher] pause_gear.png -> max conf: 0.511 (needs 0.7, optimal scale: 1.20x)
[DEBUG] 未匹配 [pause_gear] (要求阈值 0.7)
[TemplateMatcher] start_action.png -> max conf: -0.052 (needs 0.43, optimal scale: 0.80x)
[DEBUG] 未匹配 [start_action] (要求阈值 0.43)
[TemplateMatcher] practice.png -> max conf: 0.379 (needs 0.5, optimal scale: 0.90x)
[DEBUG] 未匹配 [practice] (要求阈值 0.5)
[TemplateMatcher] stage_1_7.png -> max conf: 0.411 (needs 0.5, optimal scale: 0.90x)
[DEBUG] 未匹配 [stage_1_7] (要求阈值 0.5)
[RESET] 尝试跳过动画/寻找入口... (尝试 15/100)
[TemplateMatcher] pause_gear.png -> max conf: 0.511 (needs 0.7, optimal scale: 1.20x)
[DEBUG] 未匹配 [pause_gear] (要求阈值 0.7)
[TemplateMatcher] start_action.png -> max conf: -0.052 (needs 0.43, optimal scale: 0.80x)
[DEBUG] 未匹配 [start_action] (要求阈值 0.43)
[TemplateMatcher] practice.png -> max conf: 0.379 (needs 0.5, optimal scale: 0.90x)
[DEBUG] 未匹配 [practice] (要求阈值 0.5)
[TemplateMatcher] stage_1_7.png -> max conf: 0.411 (needs 0.5, optimal scale: 0.90x)
[DEBUG] 未匹配 [stage_1_7] (要求阈值 0.5)
[RESET] 尝试跳过动画/寻找入口... (尝试 16/100)
[TemplateMatcher] pause_gear.png -> max conf: 0.215 (needs 0.7, optimal scale: 1.20x)
[DEBUG] 未匹配 [pause_gear] (要求阈值 0.7)
[TemplateMatcher] start_action.png -> max conf: 0.210 (needs 0.43, optimal scale: 0.80x)
[DEBUG] 未匹配 [start_action] (要求阈值 0.43)
[TemplateMatcher] practice.png -> max conf: 0.373 (needs 0.5, optimal scale: 0.80x)
[DEBUG] 未匹配 [practice] (要求阈值 0.5)
[TemplateMatcher] stage_1_7.png -> max conf: 0.271 (needs 0.5, optimal scale: 0.80x)
[DEBUG] 未匹配 [stage_1_7] (要求阈值 0.5)
[RESET] 尝试跳过动画/寻找入口... (尝试 17/100)
[TemplateMatcher] pause_gear.png -> max conf: 0.215 (needs 0.7, optimal scale: 1.20x)
[DEBUG] 未匹配 [pause_gear] (要求阈值 0.7)
[TemplateMatcher] start_action.png -> max conf: 0.210 (needs 0.43, optimal scale: 0.80x)
[DEBUG] 未匹配 [start_action] (要求阈值 0.43)
[TemplateMatcher] practice.png -> max conf: 0.373 (needs 0.5, optimal scale: 0.80x)
[DEBUG] 未匹配 [practice] (要求阈值 0.5)
[TemplateMatcher] stage_1_7.png -> max conf: 0.271 (needs 0.5, optimal scale: 0.80x)
[DEBUG] 未匹配 [stage_1_7] (要求阈值 0.5)
[RESET] 尝试跳过动画/寻找入口... (尝试 18/100)
[TemplateMatcher] pause_gear.png -> max conf: 0.211 (needs 0.7, optimal scale: 1.05x)
[DEBUG] 未匹配 [pause_gear] (要求阈值 0.7)
[TemplateMatcher] start_action.png -> max conf: 0.187 (needs 0.43, optimal scale: 0.80x)
[DEBUG] 未匹配 [start_action] (要求阈值 0.43)
[TemplateMatcher] practice.png -> max conf: 0.297 (needs 0.5, optimal scale: 0.80x)
[DEBUG] 未匹配 [practice] (要求阈值 0.5)
[TemplateMatcher] stage_1_7.png -> max conf: 0.277 (needs 0.5, optimal scale: 0.85x)
[DEBUG] 未匹配 [stage_1_7] (要求阈值 0.5)
[RESET] 尝试跳过动画/寻找入口... (尝试 19/100)
[TemplateMatcher] pause_gear.png -> max conf: 0.211 (needs 0.7, optimal scale: 1.05x)
[DEBUG] 未匹配 [pause_gear] (要求阈值 0.7)
[TemplateMatcher] start_action.png -> max conf: 0.187 (needs 0.43, optimal scale: 0.80x)
[DEBUG] 未匹配 [start_action] (要求阈值 0.43)
[TemplateMatcher] practice.png -> max conf: 0.297 (needs 0.5, optimal scale: 0.80x)
[DEBUG] 未匹配 [practice] (要求阈值 0.5)
[TemplateMatcher] stage_1_7.png -> max conf: 0.277 (needs 0.5, optimal scale: 0.85x)
[DEBUG] 未匹配 [stage_1_7] (要求阈值 0.5)
[RESET] 尝试跳过动画/寻找入口... (尝试 20/100)
[TemplateMatcher] pause_gear.png -> max conf: 0.908 (needs 0.7, optimal scale: 0.80x)
[RESET] 找到 [pause_gear] (置信度 0.91 >= 0.7)，(仅检测，不点击)
[RESET] ✅ 检测到战斗画面右上角齿轮，重启成功！
================= 关卡重启流程结束 =================

[ENV] 🛡️ 战斗全局异步监视器已启动...
[SILENT_LOG] [TemplateMatcher] pause_gear.png -> max conf: 0.908 (needs 0.55, optimal scale: 0.80x)
--> [回合结束] 第 7 回合 | 奖励: -0.7 | 步数: 14

[STEP 1] 开始执行动作...
[SILENT_LOG] [TemplateMatcher] pause_gear.png -> max conf: 0.908 (needs 0.55, optimal scale: 0.80x)
[ACTION MASKING] ⛔ 警告：手牌 5 亮度过低(无费/CD中)！代码直接拦截，不执行拖拽！
[SILENT_LOG] [TemplateMatcher] pause_gear.png -> max conf: 0.908 (needs 0.55, optimal scale: 0.80x)
[REWARD] 执行前血条数: 0 -> 最终确认血条数: 0
[REWARD] ⛔ 动作被拦截 (非法地形/没钱/有人)。惩罚 -0.05 (连续无作为: 32次)

[STEP 2] 开始执行动作...
[ACTION MASKING] ⛔ 警告：手牌 0 亮度过低(无费/CD中)！代码直接拦截，不执行拖拽！
[SILENT_LOG] [TemplateMatcher] pause_gear.png -> max conf: 0.908 (needs 0.55, optimal scale: 0.80x)
[REWARD] 执行前血条数: 0 -> 最终确认血条数: 0
[REWARD] ⛔ 动作被拦截 (非法地形/没钱/有人)。惩罚 -0.05 (连续无作为: 33次)

[STEP 3] 开始执行动作...
[SILENT_LOG] [TemplateMatcher] pause_gear.png -> max conf: 0.908 (needs 0.55, optimal scale: 0.80x)
[ACTION MASKING] ⛔ 警告：手牌 7 亮度过低(无费/CD中)！代码直接拦截，不执行拖拽！
[SILENT_LOG] [TemplateMatcher] pause_gear.png -> max conf: 0.908 (needs 0.55, optimal scale: 0.80x)
[REWARD] 执行前血条数: 0 -> 最终确认血条数: 0
[REWARD] ⛔ 动作被拦截 (非法地形/没钱/有人)。惩罚 -0.05 (连续无作为: 34次)

[STEP 4] 开始执行动作...
[SILENT_LOG] [TemplateMatcher] pause_gear.png -> max conf: 0.908 (needs 0.55, optimal scale: 0.80x)
[ACTION] 盲狙执行: 选卡4 -> 拖拽至(0,2) 朝向3
[SILENT_LOG] [TemplateMatcher] pause_gear.png -> max conf: 0.888 (needs 0.55, optimal scale: 0.80x)
[SILENT_LOG] [TemplateMatcher] pause_gear.png -> max conf: 0.908 (needs 0.55, optimal scale: 0.80x)
[SILENT_LOG] [TemplateMatcher] pause_gear.png -> max conf: 0.908 (needs 0.55, optimal scale: 0.80x)
[SILENT_LOG] [TemplateMatcher] pause_gear.png -> max conf: 0.908 (needs 0.55, optimal scale: 0.80x)
[SILENT_LOG] [TemplateMatcher] pause_gear.png -> max conf: 0.908 (needs 0.55, optimal scale: 0.80x)
[SILENT_LOG] [TemplateMatcher] pause_gear.png -> max conf: 0.908 (needs 0.55, optimal scale: 0.80x)
[REWARD] 动作已执行，开始 3 次心跳检测血条 (间隔 0.2s)...
[SILENT_LOG] [TemplateMatcher] pause_gear.png -> max conf: 0.908 (needs 0.55, optimal scale: 0.80x)
[SILENT_LOG] [TemplateMatcher] pause_gear.png -> max conf: 0.908 (needs 0.55, optimal scale: 0.80x)
[SILENT_LOG] [TemplateMatcher] pause_gear.png -> max conf: 0.908 (needs 0.55, optimal scale: 0.80x)
[SILENT_LOG] [TemplateMatcher] pause_gear.png -> max conf: 0.908 (needs 0.55, optimal scale: 0.80x)
[SILENT_LOG] [TemplateMatcher] pause_gear.png -> max conf: 0.908 (needs 0.55, optimal scale: 0.80x)
[SILENT_LOG] [TemplateMatcher] pause_gear.png -> max conf: 0.908 (needs 0.55, optimal scale: 0.80x)
[REWARD] ❌ 未检测到新血条！判定为【费用不足或CD中】，强制挂机 2.0 秒等待费用恢复！
[SILENT_LOG] [TemplateMatcher] pause_gear.png -> max conf: 0.908 (needs 0.55, optimal scale: 0.80x)
[SILENT_LOG] [TemplateMatcher] pause_gear.png -> max conf: 0.908 (needs 0.55, optimal scale: 0.80x)
[SILENT_LOG] [TemplateMatcher] pause_gear.png -> max conf: 0.908 (needs 0.55, optimal scale: 0.80x)
[SILENT_LOG] [TemplateMatcher] pause_gear.png -> max conf: 0.908 (needs 0.55, optimal scale: 0.80x)
[SILENT_LOG] [TemplateMatcher] pause_gear.png -> max conf: 0.908 (needs 0.55, optimal scale: 0.80x)
[REWARD] 执行前血条数: 0 -> 最终确认血条数: 0
[REWARD] ❌ 未产生血条 (游戏拒收/高低台错位/手滑)。惩罚 -0.05

[STEP 5] 开始执行动作...
[SILENT_LOG] [TemplateMatcher] pause_gear.png -> max conf: 0.908 (needs 0.55, optimal scale: 0.80x)
[ACTION] 盲狙执行: 选卡1 -> 拖拽至(9,3) 朝向2
[SILENT_LOG] [TemplateMatcher] pause_gear.png -> max conf: 0.885 (needs 0.55, optimal scale: 0.80x)
[SILENT_LOG] [TemplateMatcher] pause_gear.png -> max conf: 0.908 (needs 0.55, optimal scale: 0.80x)
[SILENT_LOG] [TemplateMatcher] pause_gear.png -> max conf: 0.908 (needs 0.55, optimal scale: 0.80x)
[SILENT_LOG] [TemplateMatcher] pause_gear.png -> max conf: 0.908 (needs 0.55, optimal scale: 0.80x)
[SILENT_LOG] [TemplateMatcher] pause_gear.png -> max conf: 0.908 (needs 0.55, optimal scale: 0.80x)
[SILENT_LOG] [TemplateMatcher] pause_gear.png -> max conf: 0.908 (needs 0.55, optimal scale: 0.80x)
[REWARD] 动作已执行，开始 3 次心跳检测血条 (间隔 0.2s)...
[SILENT_LOG] [TemplateMatcher] pause_gear.png -> max conf: 0.908 (needs 0.55, optimal scale: 0.80x)
[SILENT_LOG] [TemplateMatcher] pause_gear.png -> max conf: 0.908 (needs 0.55, optimal scale: 0.80x)
[SILENT_LOG] [TemplateMatcher] pause_gear.png -> max conf: 0.908 (needs 0.55, optimal scale: 0.80x)
[SILENT_LOG] [TemplateMatcher] pause_gear.png -> max conf: 0.908 (needs 0.55, optimal scale: 0.80x)
[REWARD] ❌ 未检测到新血条！判定为【费用不足或CD中】，强制挂机 2.0 秒等待费用恢复！
[SILENT_LOG] [TemplateMatcher] pause_gear.png -> max conf: 0.908 (needs 0.55, optimal scale: 0.80x)
[SILENT_LOG] [TemplateMatcher] pause_gear.png -> max conf: 0.908 (needs 0.55, optimal scale: 0.80x)
[SILENT_LOG] [TemplateMatcher] pause_gear.png -> max conf: 0.908 (needs 0.55, optimal scale: 0.80x)
[SILENT_LOG] [TemplateMatcher] pause_gear.png -> max conf: 0.908 (needs 0.55, optimal scale: 0.80x)
[SILENT_LOG] [TemplateMatcher] pause_gear.png -> max conf: 0.908 (needs 0.55, optimal scale: 0.80x)
[SILENT_LOG] [TemplateMatcher] pause_gear.png -> max conf: 0.908 (needs 0.55, optimal scale: 0.80x)
[REWARD] 执行前血条数: 0 -> 最终确认血条数: 0
[REWARD] ❌ 未产生血条 (游戏拒收/高低台错位/手滑)。惩罚 -0.05
[SAVE] 自动保存进度 (Step 180) -> policy_latest.zip

[STEP 6] 开始执行动作...
[SILENT_LOG] [TemplateMatcher] pause_gear.png -> max conf: 0.908 (needs 0.55, optimal scale: 0.80x)
[ACTION] 盲狙执行: 选卡4 -> 拖拽至(3,0) 朝向3
[SILENT_LOG] [TemplateMatcher] pause_gear.png -> max conf: 0.890 (needs 0.55, optimal scale: 0.80x)
[SILENT_LOG] [TemplateMatcher] pause_gear.png -> max conf: 0.908 (needs 0.55, optimal scale: 0.80x)
[SILENT_LOG] [TemplateMatcher] pause_gear.png -> max conf: 0.887 (needs 0.55, optimal scale: 0.80x)
[SILENT_LOG] [TemplateMatcher] pause_gear.png -> max conf: 0.886 (needs 0.55, optimal scale: 0.80x)
[SILENT_LOG] [TemplateMatcher] pause_gear.png -> max conf: 0.908 (needs 0.55, optimal scale: 0.80x)
[SILENT_LOG] [TemplateMatcher] pause_gear.png -> max conf: 0.908 (needs 0.55, optimal scale: 0.80x)
[REWARD] 动作已执行，开始 3 次心跳检测血条 (间隔 0.2s)...
[SILENT_LOG] [TemplateMatcher] pause_gear.png -> max conf: 0.908 (needs 0.55, optimal scale: 0.80x)
[SILENT_LOG] [TemplateMatcher] pause_gear.png -> max conf: 0.908 (needs 0.55, optimal scale: 0.80x)
[SILENT_LOG] [TemplateMatcher] pause_gear.png -> max conf: 0.908 (needs 0.55, optimal scale: 0.80x)
[SILENT_LOG] [TemplateMatcher] pause_gear.png -> max conf: 0.908 (needs 0.55, optimal scale: 0.80x)
[REWARD] ❌ 未检测到新血条！判定为【费用不足或CD中】，强制挂机 2.0 秒等待费用恢复！
[SILENT_LOG] [TemplateMatcher] pause_gear.png -> max conf: 0.908 (needs 0.55, optimal scale: 0.80x)
[SILENT_LOG] [TemplateMatcher] pause_gear.png -> max conf: 0.908 (needs 0.55, optimal scale: 0.80x)
[SILENT_LOG] [TemplateMatcher] pause_gear.png -> max conf: 0.908 (needs 0.55, optimal scale: 0.80x)
[SILENT_LOG] [TemplateMatcher] pause_gear.png -> max conf: 0.908 (needs 0.55, optimal scale: 0.80x)
[SILENT_LOG] [TemplateMatcher] pause_gear.png -> max conf: 0.908 (needs 0.55, optimal scale: 0.80x)
[SILENT_LOG] [TemplateMatcher] pause_gear.png -> max conf: 0.908 (needs 0.55, optimal scale: 0.80x)
[REWARD] 执行前血条数: 0 -> 最终确认血条数: 0
[REWARD] ❌ 未产生血条 (游戏拒收/高低台错位/手滑)。惩罚 -0.05

[STEP 7] 开始执行动作...
[SILENT_LOG] [TemplateMatcher] pause_gear.png -> max conf: 0.908 (needs 0.55, optimal scale: 0.80x)
[ACTION] 盲狙执行: 选卡2 -> 拖拽至(3,1) 朝向0
[SILENT_LOG] [TemplateMatcher] pause_gear.png -> max conf: 0.884 (needs 0.55, optimal scale: 0.80x)
[SILENT_LOG] [TemplateMatcher] pause_gear.png -> max conf: 0.907 (needs 0.55, optimal scale: 0.80x)
[SILENT_LOG] [TemplateMatcher] pause_gear.png -> max conf: 0.908 (needs 0.55, optimal scale: 0.80x)
[SILENT_LOG] [TemplateMatcher] pause_gear.png -> max conf: 0.908 (needs 0.55, optimal scale: 0.80x)
[SILENT_LOG] [TemplateMatcher] pause_gear.png -> max conf: 0.908 (needs 0.55, optimal scale: 0.80x)
[SILENT_LOG] [TemplateMatcher] pause_gear.png -> max conf: 0.908 (needs 0.55, optimal scale: 0.80x)
[REWARD] 动作已执行，开始 3 次心跳检测血条 (间隔 0.2s)...
[SILENT_LOG] [TemplateMatcher] pause_gear.png -> max conf: 0.908 (needs 0.55, optimal scale: 0.80x)
[SILENT_LOG] [TemplateMatcher] pause_gear.png -> max conf: 0.908 (needs 0.55, optimal scale: 0.80x)
[SILENT_LOG] [TemplateMatcher] pause_gear.png -> max conf: 0.908 (needs 0.55, optimal scale: 0.80x)
[SILENT_LOG] [TemplateMatcher] pause_gear.png -> max conf: 0.908 (needs 0.55, optimal scale: 0.80x)
[REWARD] ❌ 未检测到新血条！判定为【费用不足或CD中】，强制挂机 2.0 秒等待费用恢复！
[SILENT_LOG] [TemplateMatcher] pause_gear.png -> max conf: 0.908 (needs 0.55, optimal scale: 0.80x)
[SILENT_LOG] [TemplateMatcher] pause_gear.png -> max conf: 0.908 (needs 0.55, optimal scale: 0.80x)
[SILENT_LOG] [TemplateMatcher] pause_gear.png -> max conf: 0.908 (needs 0.55, optimal scale: 0.80x)
[SILENT_LOG] [TemplateMatcher] pause_gear.png -> max conf: 0.908 (needs 0.55, optimal scale: 0.80x)
[SILENT_LOG] [TemplateMatcher] pause_gear.png -> max conf: 0.908 (needs 0.55, optimal scale: 0.80x)
[SILENT_LOG] [TemplateMatcher] pause_gear.png -> max conf: 0.908 (needs 0.55, optimal scale: 0.80x)
[REWARD] 执行前血条数: 0 -> 最终确认血条数: 0
[REWARD] ❌ 未产生血条 (游戏拒收/高低台错位/手滑)。惩罚 -0.05

[STEP 8] 开始执行动作...
[SILENT_LOG] [TemplateMatcher] pause_gear.png -> max conf: 0.908 (needs 0.55, optimal scale: 0.80x)
[ACTION MASKING] ⛔ 警告：手牌 0 亮度过低(无费/CD中)！代码直接拦截，不执行拖拽！
[SILENT_LOG] [TemplateMatcher] pause_gear.png -> max conf: 0.908 (needs 0.55, optimal scale: 0.80x)
[REWARD] 执行前血条数: 0 -> 最终确认血条数: 0
[REWARD] ⛔ 动作被拦截 (非法地形/没钱/有人)。惩罚 -0.05 (连续无作为: 39次)

[STEP 9] 开始执行动作...
[ACTION] 盲狙执行: 选卡9 -> 拖拽至(3,1) 朝向0
[SILENT_LOG] [TemplateMatcher] pause_gear.png -> max conf: 0.888 (needs 0.55, optimal scale: 0.80x)
[SILENT_LOG] [TemplateMatcher] pause_gear.png -> max conf: 0.908 (needs 0.55, optimal scale: 0.80x)
[SILENT_LOG] [TemplateMatcher] pause_gear.png -> max conf: 0.908 (needs 0.55, optimal scale: 0.80x)
[SILENT_LOG] [TemplateMatcher] pause_gear.png -> max conf: 0.908 (needs 0.55, optimal scale: 0.80x)
[SILENT_LOG] [TemplateMatcher] pause_gear.png -> max conf: 0.908 (needs 0.55, optimal scale: 0.80x)
[SILENT_LOG] [TemplateMatcher] pause_gear.png -> max conf: 0.908 (needs 0.55, optimal scale: 0.80x)
[REWARD] 动作已执行，开始 3 次心跳检测血条 (间隔 0.2s)...
[SILENT_LOG] [TemplateMatcher] pause_gear.png -> max conf: 0.908 (needs 0.55, optimal scale: 0.80x)
[SILENT_LOG] [TemplateMatcher] pause_gear.png -> max conf: 0.908 (needs 0.55, optimal scale: 0.80x)
[SILENT_LOG] [TemplateMatcher] pause_gear.png -> max conf: 0.908 (needs 0.55, optimal scale: 0.80x)
[SILENT_LOG] [TemplateMatcher] pause_gear.png -> max conf: 0.908 (needs 0.55, optimal scale: 0.80x)
[REWARD] ❌ 未检测到新血条！判定为【费用不足或CD中】，强制挂机 2.0 秒等待费用恢复！
[SILENT_LOG] [TemplateMatcher] pause_gear.png -> max conf: 0.908 (needs 0.55, optimal scale: 0.80x)
[SILENT_LOG] [TemplateMatcher] pause_gear.png -> max conf: 0.908 (needs 0.55, optimal scale: 0.80x)
[SILENT_LOG] [TemplateMatcher] pause_gear.png -> max conf: 0.908 (needs 0.55, optimal scale: 0.80x)
[SILENT_LOG] [TemplateMatcher] pause_gear.png -> max conf: 0.908 (needs 0.55, optimal scale: 0.80x)
[SILENT_LOG] [TemplateMatcher] pause_gear.png -> max conf: 0.908 (needs 0.55, optimal scale: 0.80x)
[SILENT_LOG] [TemplateMatcher] pause_gear.png -> max conf: 0.908 (needs 0.55, optimal scale: 0.80x)
[REWARD] 执行前血条数: 0 -> 最终确认血条数: 0
[REWARD] ❌ 未产生血条 (游戏拒收/高低台错位/手滑)。惩罚 -0.05

[STEP 10] 开始执行动作...
[SILENT_LOG] [TemplateMatcher] pause_gear.png -> max conf: 0.908 (needs 0.55, optimal scale: 0.80x)
[ACTION] 盲狙执行: 选卡11 -> 拖拽至(0,2) 朝向3
[SILENT_LOG] [TemplateMatcher] pause_gear.png -> max conf: 0.894 (needs 0.55, optimal scale: 0.80x)
[SILENT_LOG] [TemplateMatcher] pause_gear.png -> max conf: 0.908 (needs 0.55, optimal scale: 0.80x)
[SILENT_LOG] [TemplateMatcher] pause_gear.png -> max conf: 0.908 (needs 0.55, optimal scale: 0.80x)
[SILENT_LOG] [TemplateMatcher] pause_gear.png -> max conf: 0.908 (needs 0.55, optimal scale: 0.80x)
[SILENT_LOG] [TemplateMatcher] pause_gear.png -> max conf: 0.908 (needs 0.55, optimal scale: 0.80x)
[SILENT_LOG] [TemplateMatcher] pause_gear.png -> max conf: 0.908 (needs 0.55, optimal scale: 0.80x)
[REWARD] 动作已执行，开始 3 次心跳检测血条 (间隔 0.2s)...
[SILENT_LOG] [TemplateMatcher] pause_gear.png -> max conf: 0.908 (needs 0.55, optimal scale: 0.80x)
[SILENT_LOG] [TemplateMatcher] pause_gear.png -> max conf: 0.908 (needs 0.55, optimal scale: 0.80x)
[SILENT_LOG] [TemplateMatcher] pause_gear.png -> max conf: 0.908 (needs 0.55, optimal scale: 0.80x)
[SILENT_LOG] [TemplateMatcher] pause_gear.png -> max conf: 0.908 (needs 0.55, optimal scale: 0.80x)
[SILENT_LOG] [TemplateMatcher] pause_gear.png -> max conf: 0.908 (needs 0.55, optimal scale: 0.80x)
[REWARD] ❌ 未检测到新血条！判定为【费用不足或CD中】，强制挂机 2.0 秒等待费用恢复！
[SILENT_LOG] [TemplateMatcher] pause_gear.png -> max conf: 0.908 (needs 0.55, optimal scale: 0.80x)
[SILENT_LOG] [TemplateMatcher] pause_gear.png -> max conf: 0.908 (needs 0.55, optimal scale: 0.80x)
[SILENT_LOG] [TemplateMatcher] pause_gear.png -> max conf: 0.908 (needs 0.55, optimal scale: 0.80x)
[SILENT_LOG] [TemplateMatcher] pause_gear.png -> max conf: 0.908 (needs 0.55, optimal scale: 0.80x)
[SILENT_LOG] [TemplateMatcher] pause_gear.png -> max conf: 0.908 (needs 0.55, optimal scale: 0.80x)
[SILENT_LOG] [TemplateMatcher] pause_gear.png -> max conf: 0.908 (needs 0.55, optimal scale: 0.80x)
[REWARD] 执行前血条数: 0 -> 最终确认血条数: 0
[REWARD] ❌ 未产生血条 (游戏拒收/高低台错位/手滑)。惩罚 -0.05

[STEP 11] 开始执行动作...
[SILENT_LOG] [TemplateMatcher] pause_gear.png -> max conf: 0.908 (needs 0.55, optimal scale: 0.80x)
[ACTION] 盲狙执行: 选卡8 -> 拖拽至(0,3) 朝向1
[SILENT_LOG] [TemplateMatcher] pause_gear.png -> max conf: 0.886 (needs 0.55, optimal scale: 0.80x)
[SILENT_LOG] [TemplateMatcher] pause_gear.png -> max conf: 0.908 (needs 0.55, optimal scale: 0.80x)
[SILENT_LOG] [TemplateMatcher] pause_gear.png -> max conf: 0.908 (needs 0.55, optimal scale: 0.80x)
[SILENT_LOG] [TemplateMatcher] pause_gear.png -> max conf: 0.908 (needs 0.55, optimal scale: 0.80x)
[SILENT_LOG] [TemplateMatcher] pause_gear.png -> max conf: 0.908 (needs 0.55, optimal scale: 0.80x)
[SILENT_LOG] [TemplateMatcher] pause_gear.png -> max conf: 0.908 (needs 0.55, optimal scale: 0.80x)
[REWARD] 动作已执行，开始 3 次心跳检测血条 (间隔 0.2s)...
[SILENT_LOG] [TemplateMatcher] pause_gear.png -> max conf: 0.908 (needs 0.55, optimal scale: 0.80x)
[SILENT_LOG] [TemplateMatcher] pause_gear.png -> max conf: 0.908 (needs 0.55, optimal scale: 0.80x)
[SILENT_LOG] [TemplateMatcher] pause_gear.png -> max conf: 0.908 (needs 0.55, optimal scale: 0.80x)
[SILENT_LOG] [TemplateMatcher] pause_gear.png -> max conf: 0.908 (needs 0.55, optimal scale: 0.80x)
[REWARD] ❌ 未检测到新血条！判定为【费用不足或CD中】，强制挂机 2.0 秒等待费用恢复！
[SILENT_LOG] [TemplateMatcher] pause_gear.png -> max conf: 0.908 (needs 0.55, optimal scale: 0.80x)
[SILENT_LOG] [TemplateMatcher] pause_gear.png -> max conf: 0.908 (needs 0.55, optimal scale: 0.80x)
[SILENT_LOG] [TemplateMatcher] pause_gear.png -> max conf: 0.908 (needs 0.55, optimal scale: 0.80x)
[SILENT_LOG] [TemplateMatcher] pause_gear.png -> max conf: 0.908 (needs 0.55, optimal scale: 0.80x)
[SILENT_LOG] [TemplateMatcher] pause_gear.png -> max conf: 0.908 (needs 0.55, optimal scale: 0.80x)
[SILENT_LOG] [TemplateMatcher] pause_gear.png -> max conf: 0.908 (needs 0.55, optimal scale: 0.80x)
[REWARD] 执行前血条数: 0 -> 最终确认血条数: 0
[REWARD] ❌ 未产生血条 (游戏拒收/高低台错位/手滑)。惩罚 -0.05

[STEP 12] 开始执行动作...
[SILENT_LOG] [TemplateMatcher] pause_gear.png -> max conf: 0.908 (needs 0.55, optimal scale: 0.80x)
[ACTION] 盲狙执行: 选卡8 -> 拖拽至(2,2) 朝向1
[SILENT_LOG] [TemplateMatcher] pause_gear.png -> max conf: 0.887 (needs 0.55, optimal scale: 0.80x)
[SILENT_LOG] [TemplateMatcher] pause_gear.png -> max conf: 0.887 (needs 0.55, optimal scale: 0.80x)
[SILENT_LOG] [TemplateMatcher] pause_gear.png -> max conf: 0.886 (needs 0.55, optimal scale: 0.80x)
[SILENT_LOG] [TemplateMatcher] pause_gear.png -> max conf: 0.908 (needs 0.55, optimal scale: 0.80x)
[SILENT_LOG] [TemplateMatcher] pause_gear.png -> max conf: 0.908 (needs 0.55, optimal scale: 0.80x)
[SILENT_LOG] [TemplateMatcher] pause_gear.png -> max conf: 0.908 (needs 0.55, optimal scale: 0.80x)
[REWARD] 动作已执行，开始 3 次心跳检测血条 (间隔 0.2s)...
[SILENT_LOG] [TemplateMatcher] pause_gear.png -> max conf: 0.908 (needs 0.55, optimal scale: 0.80x)
[SILENT_LOG] [TemplateMatcher] pause_gear.png -> max conf: 0.908 (needs 0.55, optimal scale: 0.80x)
[REWARD] ✅ 第 1 次检测命中目标干员血条！
[REWARD] 执行前血条数: 0 -> 最终确认血条数: 1
[REWARD] 🎯 完美落子！部署点靠近敌人 (距离: 76.8)，奖励 +0.5
[REWARD] 🛡️ 偏离/背对敌人！(角度: 32.0°)，微小惩罚 -0.1

[STEP 13] 开始执行动作...
[SILENT_LOG] [TemplateMatcher] pause_gear.png -> max conf: 0.908 (needs 0.55, optimal scale: 0.80x)
[ACTION] 盲狙执行: 选卡3 -> 拖拽至(8,4) 朝向2
[SILENT_LOG] [TemplateMatcher] pause_gear.png -> max conf: 0.886 (needs 0.55, optimal scale: 0.80x)
[SILENT_LOG] [TemplateMatcher] pause_gear.png -> max conf: 0.908 (needs 0.55, optimal scale: 0.80x)
[SILENT_LOG] [TemplateMatcher] pause_gear.png -> max conf: 0.908 (needs 0.55, optimal scale: 0.80x)
[SILENT_LOG] [TemplateMatcher] pause_gear.png -> max conf: 0.908 (needs 0.55, optimal scale: 0.80x)
[SILENT_LOG] [TemplateMatcher] pause_gear.png -> max conf: 0.908 (needs 0.55, optimal scale: 0.80x)
[SILENT_LOG] [TemplateMatcher] pause_gear.png -> max conf: 0.908 (needs 0.55, optimal scale: 0.80x)
[REWARD] 动作已执行，开始 3 次心跳检测血条 (间隔 0.2s)...
[SILENT_LOG] [TemplateMatcher] pause_gear.png -> max conf: 0.908 (needs 0.55, optimal scale: 0.80x)
[SILENT_LOG] [TemplateMatcher] pause_gear.png -> max conf: 0.908 (needs 0.55, optimal scale: 0.80x)
[SILENT_LOG] [TemplateMatcher] pause_gear.png -> max conf: 0.908 (needs 0.55, optimal scale: 0.80x)
[SILENT_LOG] [TemplateMatcher] pause_gear.png -> max conf: 0.908 (needs 0.55, optimal scale: 0.80x)
[REWARD] ❌ 未检测到新血条！判定为【费用不足或CD中】，强制挂机 2.0 秒等待费用恢复！
[SILENT_LOG] [TemplateMatcher] pause_gear.png -> max conf: 0.908 (needs 0.55, optimal scale: 0.80x)
[SILENT_LOG] [TemplateMatcher] pause_gear.png -> max conf: 0.908 (needs 0.55, optimal scale: 0.80x)
[SILENT_LOG] [TemplateMatcher] pause_gear.png -> max conf: 0.908 (needs 0.55, optimal scale: 0.80x)
[SILENT_LOG] [TemplateMatcher] pause_gear.png -> max conf: 0.908 (needs 0.55, optimal scale: 0.80x)
[SILENT_LOG] [TemplateMatcher] pause_gear.png -> max conf: 0.908 (needs 0.55, optimal scale: 0.80x)
[SILENT_LOG] [TemplateMatcher] pause_gear.png -> max conf: 0.908 (needs 0.55, optimal scale: 0.80x)
[REWARD] 执行前血条数: 1 -> 最终确认血条数: 1
[REWARD] ❌ 未产生血条 (游戏拒收/高低台错位/手滑)。惩罚 -0.05

[STEP 14] 开始执行动作...
[ACTION] 盲狙执行: 选卡9 -> 拖拽至(0,4) 朝向3
[SILENT_LOG] [TemplateMatcher] pause_gear.png -> max conf: 0.889 (needs 0.55, optimal scale: 0.80x)
[SILENT_LOG] [TemplateMatcher] pause_gear.png -> max conf: 0.908 (needs 0.55, optimal scale: 0.80x)
[SILENT_LOG] [TemplateMatcher] pause_gear.png -> max conf: 0.908 (needs 0.55, optimal scale: 0.80x)
[SILENT_LOG] [TemplateMatcher] pause_gear.png -> max conf: 0.909 (needs 0.55, optimal scale: 0.80x)
[SILENT_LOG] [TemplateMatcher] pause_gear.png -> max conf: 0.908 (needs 0.55, optimal scale: 0.80x)
[SILENT_LOG] [TemplateMatcher] pause_gear.png -> max conf: 0.908 (needs 0.55, optimal scale: 0.80x)
[REWARD] 动作已执行，开始 3 次心跳检测血条 (间隔 0.2s)...
[SILENT_LOG] [TemplateMatcher] pause_gear.png -> max conf: 0.908 (needs 0.55, optimal scale: 0.80x)
[SILENT_LOG] [TemplateMatcher] pause_gear.png -> max conf: 0.908 (needs 0.55, optimal scale: 0.80x)
[SILENT_LOG] [TemplateMatcher] pause_gear.png -> max conf: 0.908 (needs 0.55, optimal scale: 0.80x)
[SILENT_LOG] [TemplateMatcher] pause_gear.png -> max conf: 0.908 (needs 0.55, optimal scale: 0.80x)
[SILENT_LOG] [TemplateMatcher] pause_gear.png -> max conf: 0.908 (needs 0.55, optimal scale: 0.80x)
[SILENT_LOG] [TemplateMatcher] pause_gear.png -> max conf: 0.908 (needs 0.55, optimal scale: 0.80x)
[REWARD] ❌ 未检测到新血条！判定为【费用不足或CD中】，强制挂机 2.0 秒等待费用恢复！
[SILENT_LOG] [TemplateMatcher] pause_gear.png -> max conf: 0.908 (needs 0.55, optimal scale: 0.80x)
[SILENT_LOG] [TemplateMatcher] pause_gear.png -> max conf: 0.908 (needs 0.55, optimal scale: 0.80x)
[SILENT_LOG] [TemplateMatcher] pause_gear.png -> max conf: 0.908 (needs 0.55, optimal scale: 0.80x)
[SILENT_LOG] [TemplateMatcher] pause_gear.png -> max conf: 0.908 (needs 0.55, optimal scale: 0.80x)
[SILENT_LOG] [TemplateMatcher] pause_gear.png -> max conf: 0.908 (needs 0.55, optimal scale: 0.80x)
[REWARD] 执行前血条数: 1 -> 最终确认血条数: 1
[REWARD] ❌ 未产生血条 (游戏拒收/高低台错位/手滑)。惩罚 -0.05

[STEP 15] 开始执行动作...
[SILENT_LOG] [TemplateMatcher] pause_gear.png -> max conf: 0.908 (needs 0.55, optimal scale: 0.80x)
[ACTION] 盲狙执行: 选卡8 -> 拖拽至(0,0) 朝向1
[SILENT_LOG] [TemplateMatcher] pause_gear.png -> max conf: 0.888 (needs 0.55, optimal scale: 0.80x)
[SILENT_LOG] [TemplateMatcher] pause_gear.png -> max conf: 0.887 (needs 0.55, optimal scale: 0.80x)
[SILENT_LOG] [TemplateMatcher] pause_gear.png -> max conf: 0.885 (needs 0.55, optimal scale: 0.80x)
[SILENT_LOG] [TemplateMatcher] pause_gear.png -> max conf: 0.908 (needs 0.55, optimal scale: 0.80x)
[SILENT_LOG] [TemplateMatcher] pause_gear.png -> max conf: 0.908 (needs 0.55, optimal scale: 0.80x)
[SILENT_LOG] [TemplateMatcher] pause_gear.png -> max conf: 0.908 (needs 0.55, optimal scale: 0.80x)
[REWARD] 动作已执行，开始 3 次心跳检测血条 (间隔 0.2s)...
[SILENT_LOG] [TemplateMatcher] pause_gear.png -> max conf: 0.908 (needs 0.55, optimal scale: 0.80x)
[SILENT_LOG] [TemplateMatcher] pause_gear.png -> max conf: 0.908 (needs 0.55, optimal scale: 0.80x)
[SILENT_LOG] [TemplateMatcher] pause_gear.png -> max conf: 0.908 (needs 0.55, optimal scale: 0.80x)
[SILENT_LOG] [TemplateMatcher] pause_gear.png -> max conf: 0.908 (needs 0.55, optimal scale: 0.80x)
[REWARD] ❌ 未检测到新血条！判定为【费用不足或CD中】，强制挂机 2.0 秒等待费用恢复！
[SILENT_LOG] [TemplateMatcher] pause_gear.png -> max conf: 0.908 (needs 0.55, optimal scale: 0.80x)
[SILENT_LOG] [TemplateMatcher] pause_gear.png -> max conf: 0.908 (needs 0.55, optimal scale: 0.80x)
[SILENT_LOG] [TemplateMatcher] pause_gear.png -> max conf: 0.908 (needs 0.55, optimal scale: 0.80x)
[SILENT_LOG] [TemplateMatcher] pause_gear.png -> max conf: 0.908 (needs 0.55, optimal scale: 0.80x)
[SILENT_LOG] [TemplateMatcher] pause_gear.png -> max conf: 0.908 (needs 0.55, optimal scale: 0.80x)
[SILENT_LOG] [TemplateMatcher] pause_gear.png -> max conf: 0.908 (needs 0.55, optimal scale: 0.80x)
[REWARD] 执行前血条数: 1 -> 最终确认血条数: 1
[REWARD] ❌ 未产生血条 (游戏拒收/高低台错位/手滑)。惩罚 -0.05

[STEP 16] 开始执行动作...
[SILENT_LOG] [TemplateMatcher] pause_gear.png -> max conf: 0.908 (needs 0.55, optimal scale: 0.80x)
[ACTION] 盲狙执行: 选卡8 -> 拖拽至(4,2) 朝向1
[SILENT_LOG] [TemplateMatcher] pause_gear.png -> max conf: 0.889 (needs 0.55, optimal scale: 0.80x)
[SILENT_LOG] [TemplateMatcher] pause_gear.png -> max conf: 0.889 (needs 0.55, optimal scale: 0.80x)
[SILENT_LOG] [TemplateMatcher] pause_gear.png -> max conf: 0.889 (needs 0.55, optimal scale: 0.80x)
[SILENT_LOG] [TemplateMatcher] pause_gear.png -> max conf: 0.909 (needs 0.55, optimal scale: 0.80x)
[SILENT_LOG] [TemplateMatcher] pause_gear.png -> max conf: 0.908 (needs 0.55, optimal scale: 0.80x)
[SILENT_LOG] [TemplateMatcher] pause_gear.png -> max conf: 0.908 (needs 0.55, optimal scale: 0.80x)
[REWARD] 动作已执行，开始 3 次心跳检测血条 (间隔 0.2s)...
[SILENT_LOG] [TemplateMatcher] pause_gear.png -> max conf: 0.908 (needs 0.55, optimal scale: 0.80x)
[SILENT_LOG] [TemplateMatcher] pause_gear.png -> max conf: 0.908 (needs 0.55, optimal scale: 0.80x)
[REWARD] ✅ 第 1 次检测命中目标干员血条！
[REWARD] 执行前血条数: 1 -> 最终确认血条数: 2
[REWARD] 🎯 完美落子！部署点靠近敌人 (距离: 264.1)，奖励 +0.5
[REWARD] 🛡️ 偏离/背对敌人！(角度: 33.1°)，微小惩罚 -0.1

[STEP 17] 开始执行动作...
[ACTION MASKING] ⛔ 警告：目标网格(3,3)已被友方干员驻守！代码直接拦截！
[SILENT_LOG] [TemplateMatcher] pause_gear.png -> max conf: 0.908 (needs 0.55, optimal scale: 0.80x)
[REWARD] 执行前血条数: 2 -> 最终确认血条数: 0
[REWARD] ⛔ 动作被拦截 (非法地形/没钱/有人)。惩罚 -0.05 (连续无作为: 1次)

[STEP 18] 开始执行动作...
[SILENT_LOG] [TemplateMatcher] pause_gear.png -> max conf: 0.908 (needs 0.55, optimal scale: 0.80x)
[ACTION] 盲狙执行: 选卡4 -> 拖拽至(9,2) 朝向0
[SILENT_LOG] [TemplateMatcher] pause_gear.png -> max conf: 0.884 (needs 0.55, optimal scale: 0.80x)
[SILENT_LOG] [TemplateMatcher] pause_gear.png -> max conf: 0.885 (needs 0.55, optimal scale: 0.80x)
[SILENT_LOG] [TemplateMatcher] pause_gear.png -> max conf: 0.888 (needs 0.55, optimal scale: 0.80x)
[SILENT_LOG] [TemplateMatcher] pause_gear.png -> max conf: 0.908 (needs 0.55, optimal scale: 0.80x)
[SILENT_LOG] [TemplateMatcher] pause_gear.png -> max conf: 0.908 (needs 0.55, optimal scale: 0.80x)
[SILENT_LOG] [TemplateMatcher] pause_gear.png -> max conf: 0.908 (needs 0.55, optimal scale: 0.80x)
[REWARD] 动作已执行，开始 3 次心跳检测血条 (间隔 0.2s)...
[SILENT_LOG] [TemplateMatcher] pause_gear.png -> max conf: 0.908 (needs 0.55, optimal scale: 0.80x)
[SILENT_LOG] [TemplateMatcher] pause_gear.png -> max conf: 0.908 (needs 0.55, optimal scale: 0.80x)
[REWARD] ✅ 第 1 次检测命中目标干员血条！
[REWARD] 执行前血条数: 2 -> 最终确认血条数: 3
[REWARD] 场上暂无移动目标，仅发放基础部署奖励 +1.0

[STEP 19] 开始执行动作...
[ACTION] 盲狙执行: 选卡6 -> 拖拽至(7,0) 朝向3
[SILENT_LOG] [TemplateMatcher] pause_gear.png -> max conf: 0.908 (needs 0.55, optimal scale: 0.80x)
[SILENT_LOG] [TemplateMatcher] pause_gear.png -> max conf: 0.897 (needs 0.55, optimal scale: 0.80x)
[SILENT_LOG] [TemplateMatcher] pause_gear.png -> max conf: 0.895 (needs 0.55, optimal scale: 0.80x)
[SILENT_LOG] [TemplateMatcher] pause_gear.png -> max conf: 0.889 (needs 0.55, optimal scale: 0.80x)
[SILENT_LOG] [TemplateMatcher] pause_gear.png -> max conf: 0.908 (needs 0.55, optimal scale: 0.80x)
[SILENT_LOG] [TemplateMatcher] pause_gear.png -> max conf: 0.908 (needs 0.55, optimal scale: 0.80x)
[SILENT_LOG] [TemplateMatcher] pause_gear.png -> max conf: 0.908 (needs 0.55, optimal scale: 0.80x)
[REWARD] 动作已执行，开始 3 次心跳检测血条 (间隔 0.2s)...
[SILENT_LOG] [TemplateMatcher] pause_gear.png -> max conf: 0.908 (needs 0.55, optimal scale: 0.80x)
[SILENT_LOG] [TemplateMatcher] pause_gear.png -> max conf: 0.585 (needs 0.55, optimal scale: 0.95x)
[SILENT_LOG] [TemplateMatcher] pause_gear.png -> max conf: 0.585 (needs 0.55, optimal scale: 0.95x)
[SILENT_LOG] [TemplateMatcher] pause_gear.png -> max conf: 0.585 (needs 0.55, optimal scale: 0.95x)
[REWARD] ❌ 未检测到新血条！判定为【费用不足或CD中】，强制挂机 2.0 秒等待费用恢复！
[SILENT_LOG] [TemplateMatcher] pause_gear.png -> max conf: 0.585 (needs 0.55, optimal scale: 0.95x)
[SILENT_LOG] [TemplateMatcher] pause_gear.png -> max conf: 0.585 (needs 0.55, optimal scale: 0.95x)
[SILENT_LOG] [TemplateMatcher] pause_gear.png -> max conf: 0.585 (needs 0.55, optimal scale: 0.95x)
[SILENT_LOG] [TemplateMatcher] pause_gear.png -> max conf: 0.585 (needs 0.55, optimal scale: 0.95x)
[SILENT_LOG] [TemplateMatcher] pause_gear.png -> max conf: 0.585 (needs 0.55, optimal scale: 0.95x)
[SILENT_LOG] [TemplateMatcher] pause_gear.png -> max conf: 0.585 (needs 0.55, optimal scale: 0.95x)
[REWARD] 执行前血条数: 3 -> 最终确认血条数: 0
[REWARD] ❌ 未产生血条 (游戏拒收/高低台错位/手滑)。惩罚 -0.05

[STEP 20] 开始执行动作...
[ACTION MASKING] ⛔ 警告：手牌 3 亮度过低(无费/CD中)！代码直接拦截，不执行拖拽！
[SILENT_LOG] [TemplateMatcher] pause_gear.png -> max conf: 0.585 (needs 0.55, optimal scale: 0.95x)
[REWARD] 执行前血条数: 0 -> 最终确认血条数: 0
[REWARD] ⛔ 动作被拦截 (非法地形/没钱/有人)。惩罚 -0.05 (连续无作为: 2次)

[STEP 21] 开始执行动作...
[ACTION MASKING] ⛔ 警告：手牌 7 亮度过低(无费/CD中)！代码直接拦截，不执行拖拽！
[SILENT_LOG] [TemplateMatcher] pause_gear.png -> max conf: 0.585 (needs 0.55, optimal scale: 0.95x)
[REWARD] 执行前血条数: 0 -> 最终确认血条数: 0
[REWARD] ⛔ 动作被拦截 (非法地形/没钱/有人)。惩罚 -0.05 (连续无作为: 3次)

[STEP 22] 开始执行动作...
[SILENT_LOG] [TemplateMatcher] pause_gear.png -> max conf: 0.585 (needs 0.55, optimal scale: 0.95x)
[ACTION MASKING] ⛔ 警告：手牌 8 亮度过低(无费/CD中)！代码直接拦截，不执行拖拽！
[REWARD] 执行前血条数: 0 -> 最终确认血条数: 0
[REWARD] ⛔ 动作被拦截 (非法地形/没钱/有人)。惩罚 -0.05 (连续无作为: 4次)

[STEP 23] 开始执行动作...
[SILENT_LOG] [TemplateMatcher] pause_gear.png -> max conf: 0.585 (needs 0.55, optimal scale: 0.95x)
[SILENT_LOG] [TemplateMatcher] pause_gear.png -> max conf: 0.585 (needs 0.55, optimal scale: 0.95x)
[ACTION MASKING] ⛔ 警告：手牌 0 亮度过低(无费/CD中)！代码直接拦截，不执行拖拽！
[REWARD] 执行前血条数: 0 -> 最终确认血条数: 0
[REWARD] ⛔ 动作被拦截 (非法地形/没钱/有人)。惩罚 -0.05 (连续无作为: 5次)

[STEP 24] 开始执行动作...
[SILENT_LOG] [TemplateMatcher] pause_gear.png -> max conf: 0.585 (needs 0.55, optimal scale: 0.95x)
[ACTION MASKING] ⛔ 警告：手牌 6 亮度过低(无费/CD中)！代码直接拦截，不执行拖拽！
[SILENT_LOG] [TemplateMatcher] pause_gear.png -> max conf: 0.585 (needs 0.55, optimal scale: 0.95x)
[REWARD] 执行前血条数: 0 -> 最终确认血条数: 0
[REWARD] ⛔ 动作被拦截 (非法地形/没钱/有人)。惩罚 -0.05 (连续无作为: 6次)

[STEP 25] 开始执行动作...
[ACTION MASKING] ⛔ 警告：手牌 4 亮度过低(无费/CD中)！代码直接拦截，不执行拖拽！
[SILENT_LOG] [TemplateMatcher] pause_gear.png -> max conf: 0.585 (needs 0.55, optimal scale: 0.95x)
[REWARD] 执行前血条数: 0 -> 最终确认血条数: 0
[REWARD] ⛔ 动作被拦截 (非法地形/没钱/有人)。惩罚 -0.05 (连续无作为: 7次)
[SAVE] 自动保存进度 (Step 200) -> policy_latest.zip

[STEP 26] 开始执行动作...
[SILENT_LOG] [TemplateMatcher] pause_gear.png -> max conf: 0.585 (needs 0.55, optimal scale: 0.95x)
[ACTION MASKING] ⛔ 警告：手牌 9 亮度过低(无费/CD中)！代码直接拦截，不执行拖拽！
[REWARD] 执行前血条数: 0 -> 最终确认血条数: 0
[REWARD] ⛔ 动作被拦截 (非法地形/没钱/有人)。惩罚 -0.05 (连续无作为: 8次)

[STEP 27] 开始执行动作...
[SILENT_LOG] [TemplateMatcher] pause_gear.png -> max conf: 0.585 (needs 0.55, optimal scale: 0.95x)
[ACTION MASKING] ⛔ 警告：手牌 4 亮度过低(无费/CD中)！代码直接拦截，不执行拖拽！
[REWARD] 执行前血条数: 0 -> 最终确认血条数: 0
[REWARD] ⛔ 动作被拦截 (非法地形/没钱/有人)。惩罚 -0.05 (连续无作为: 9次)

[STEP 28] 开始执行动作...
[SILENT_LOG] [TemplateMatcher] pause_gear.png -> max conf: 0.585 (needs 0.55, optimal scale: 0.95x)
[ACTION MASKING] ⛔ 警告：手牌 9 亮度过低(无费/CD中)！代码直接拦截，不执行拖拽！
[SILENT_LOG] [TemplateMatcher] pause_gear.png -> max conf: 0.585 (needs 0.55, optimal scale: 0.95x)
[REWARD] 执行前血条数: 0 -> 最终确认血条数: 0
[REWARD] ⛔ 动作被拦截 (非法地形/没钱/有人)。惩罚 -0.05 (连续无作为: 10次)

[STEP 29] 开始执行动作...
[ACTION] 盲狙执行: 选卡11 -> 拖拽至(0,1) 朝向0
[SILENT_LOG] [TemplateMatcher] pause_gear.png -> max conf: 0.585 (needs 0.55, optimal scale: 0.95x)
[SILENT_LOG] [TemplateMatcher] pause_gear.png -> max conf: 0.584 (needs 0.55, optimal scale: 0.95x)
[SILENT_LOG] [TemplateMatcher] pause_gear.png -> max conf: 0.676 (needs 0.55, optimal scale: 0.80x)
[SILENT_LOG] [TemplateMatcher] pause_gear.png -> max conf: 0.000 (needs 0.55, optimal scale: 0.80x)
[SILENT_LOG] [TemplateMatcher] pause_gear.png -> max conf: 0.000 (needs 0.55, optimal scale: 0.80x)

[MONITOR] 🚨 后台紧急熔断：连续 2 次未见右上角齿轮，战斗结束！
[REWARD] 动作已执行，开始 3 次心跳检测血条 (间隔 0.2s)...
[REWARD] ❌ 未检测到新血条！判定为【费用不足或CD中】，强制挂机 2.0 秒等待费用恢复！
[REWARD] 执行前血条数: 0 -> 最终确认血条数: 0
[REWARD] ❌ 未产生血条 (游戏拒收/高低台错位/手滑)。惩罚 -0.05
[ENV] 🚨 后台监视器触发熔断，本回合正式结束！

================= 回合结束，开始自动重启关卡 =================
[TemplateMatcher] pause_gear.png -> max conf: 0.000 (needs 0.7, optimal scale: 0.80x)
[DEBUG] 未匹配 [pause_gear] (要求阈值 0.7)
[TemplateMatcher] start_action.png -> max conf: 0.000 (needs 0.43, optimal scale: 0.80x)
[DEBUG] 未匹配 [start_action] (要求阈值 0.43)
[TemplateMatcher] practice.png -> max conf: 0.000 (needs 0.5, optimal scale: 0.80x)
[DEBUG] 未匹配 [practice] (要求阈值 0.5)
[TemplateMatcher] stage_1_7.png -> max conf: 0.000 (needs 0.5, optimal scale: 0.80x)
[DEBUG] 未匹配 [stage_1_7] (要求阈值 0.5)
[RESET] 尝试跳过动画/寻找入口... (尝试 1/100)
[TemplateMatcher] pause_gear.png -> max conf: 0.615 (needs 0.7, optimal scale: 0.80x)
[DEBUG] 未匹配 [pause_gear] (要求阈值 0.7)
[TemplateMatcher] start_action.png -> max conf: -0.041 (needs 0.43, optimal scale: 0.85x)
[DEBUG] 未匹配 [start_action] (要求阈值 0.43)
[TemplateMatcher] practice.png -> max conf: 0.465 (needs 0.5, optimal scale: 0.90x)
[DEBUG] 未匹配 [practice] (要求阈值 0.5)
[TemplateMatcher] stage_1_7.png -> max conf: 0.377 (needs 0.5, optimal scale: 0.95x)
[DEBUG] 未匹配 [stage_1_7] (要求阈值 0.5)
[RESET] 尝试跳过动画/寻找入口... (尝试 2/100)
[TemplateMatcher] pause_gear.png -> max conf: 0.615 (needs 0.7, optimal scale: 0.80x)
[DEBUG] 未匹配 [pause_gear] (要求阈值 0.7)
[TemplateMatcher] start_action.png -> max conf: -0.041 (needs 0.43, optimal scale: 0.85x)
[DEBUG] 未匹配 [start_action] (要求阈值 0.43)
[TemplateMatcher] practice.png -> max conf: 0.465 (needs 0.5, optimal scale: 0.90x)
[DEBUG] 未匹配 [practice] (要求阈值 0.5)
[TemplateMatcher] stage_1_7.png -> max conf: 0.377 (needs 0.5, optimal scale: 0.95x)
[DEBUG] 未匹配 [stage_1_7] (要求阈值 0.5)
[RESET] 尝试跳过动画/寻找入口... (尝试 3/100)
[TemplateMatcher] pause_gear.png -> max conf: 0.490 (needs 0.7, optimal scale: 0.80x)
[DEBUG] 未匹配 [pause_gear] (要求阈值 0.7)
[TemplateMatcher] start_action.png -> max conf: -0.018 (needs 0.43, optimal scale: 0.80x)
[DEBUG] 未匹配 [start_action] (要求阈值 0.43)
[TemplateMatcher] practice.png -> max conf: 0.522 (needs 0.5, optimal scale: 0.80x)
[RESET] 找到 [practice] (置信度 0.52 >= 0.5)，点击 (533, 603)
[RESET] 点击演习按钮
[TemplateMatcher] pause_gear.png -> max conf: 0.490 (needs 0.7, optimal scale: 0.80x)
[DEBUG] 未匹配 [pause_gear] (要求阈值 0.7)
[TemplateMatcher] start_action.png -> max conf: -0.018 (needs 0.43, optimal scale: 0.80x)
[DEBUG] 未匹配 [start_action] (要求阈值 0.43)
[TemplateMatcher] practice.png -> max conf: 0.522 (needs 0.5, optimal scale: 0.80x)
[RESET] 找到 [practice] (置信度 0.52 >= 0.5)，点击 (533, 603)
[RESET] 点击演习按钮
[TemplateMatcher] pause_gear.png -> max conf: 0.490 (needs 0.7, optimal scale: 0.80x)
[DEBUG] 未匹配 [pause_gear] (要求阈值 0.7)
[TemplateMatcher] start_action.png -> max conf: -0.018 (needs 0.43, optimal scale: 0.80x)
[DEBUG] 未匹配 [start_action] (要求阈值 0.43)
[TemplateMatcher] practice.png -> max conf: 0.522 (needs 0.5, optimal scale: 0.80x)
[RESET] 找到 [practice] (置信度 0.52 >= 0.5)，点击 (533, 603)
[RESET] 点击演习按钮
[TemplateMatcher] pause_gear.png -> max conf: 0.490 (needs 0.7, optimal scale: 0.80x)
[DEBUG] 未匹配 [pause_gear] (要求阈值 0.7)
[TemplateMatcher] start_action.png -> max conf: -0.018 (needs 0.43, optimal scale: 0.80x)
[DEBUG] 未匹配 [start_action] (要求阈值 0.43)
[TemplateMatcher] practice.png -> max conf: 0.522 (needs 0.5, optimal scale: 0.80x)
[RESET] 找到 [practice] (置信度 0.52 >= 0.5)，点击 (533, 603)
[RESET] 点击演习按钮
[TemplateMatcher] pause_gear.png -> max conf: 0.473 (needs 0.7, optimal scale: 0.90x)
[DEBUG] 未匹配 [pause_gear] (要求阈值 0.7)
[TemplateMatcher] start_action.png -> max conf: 0.027 (needs 0.43, optimal scale: 0.80x)
[DEBUG] 未匹配 [start_action] (要求阈值 0.43)
[TemplateMatcher] practice.png -> max conf: 0.489 (needs 0.5, optimal scale: 0.85x)
[DEBUG] 未匹配 [practice] (要求阈值 0.5)
[TemplateMatcher] stage_1_7.png -> max conf: 0.712 (needs 0.5, optimal scale: 0.80x)
[RESET] 找到 [stage_1_7] (置信度 0.71 >= 0.5)，点击 (638, 224)
[RESET] 点击关卡 1-7 图标
[TemplateMatcher] pause_gear.png -> max conf: 0.612 (needs 0.7, optimal scale: 1.10x)
[DEBUG] 未匹配 [pause_gear] (要求阈值 0.7)
[TemplateMatcher] start_action.png -> max conf: 0.103 (needs 0.43, optimal scale: 0.80x)
[DEBUG] 未匹配 [start_action] (要求阈值 0.43)
[TemplateMatcher] practice.png -> max conf: 0.687 (needs 0.5, optimal scale: 0.80x)
[RESET] 找到 [practice] (置信度 0.69 >= 0.5)，点击 (935, 660)
[RESET] 点击演习按钮
[TemplateMatcher] pause_gear.png -> max conf: 0.470 (needs 0.7, optimal scale: 1.05x)
[DEBUG] 未匹配 [pause_gear] (要求阈值 0.7)
[TemplateMatcher] start_action.png -> max conf: 0.431 (needs 0.43, optimal scale: 0.80x)
[RESET] 找到 [start_action] (置信度 0.43 >= 0.43)，点击 (1101, 516)
[RESET] 点击开始行动，进入加载...
[TemplateMatcher] pause_gear.png -> max conf: 0.000 (needs 0.7, optimal scale: 0.80x)
[DEBUG] 未匹配 [pause_gear] (要求阈值 0.7)
[TemplateMatcher] start_action.png -> max conf: 0.000 (needs 0.43, optimal scale: 0.80x)
[DEBUG] 未匹配 [start_action] (要求阈值 0.43)
[TemplateMatcher] practice.png -> max conf: 0.000 (needs 0.5, optimal scale: 0.80x)
[DEBUG] 未匹配 [practice] (要求阈值 0.5)
[TemplateMatcher] stage_1_7.png -> max conf: 0.000 (needs 0.5, optimal scale: 0.80x)
[DEBUG] 未匹配 [stage_1_7] (要求阈值 0.5)
[RESET] 尝试跳过动画/寻找入口... (尝试 11/100)
[TemplateMatcher] pause_gear.png -> max conf: 0.000 (needs 0.7, optimal scale: 0.80x)
[DEBUG] 未匹配 [pause_gear] (要求阈值 0.7)
[TemplateMatcher] start_action.png -> max conf: 0.000 (needs 0.43, optimal scale: 0.80x)
[DEBUG] 未匹配 [start_action] (要求阈值 0.43)
[TemplateMatcher] practice.png -> max conf: 0.000 (needs 0.5, optimal scale: 0.80x)
[DEBUG] 未匹配 [practice] (要求阈值 0.5)
[TemplateMatcher] stage_1_7.png -> max conf: 0.000 (needs 0.5, optimal scale: 0.80x)
[DEBUG] 未匹配 [stage_1_7] (要求阈值 0.5)
[RESET] 尝试跳过动画/寻找入口... (尝试 12/100)
[TemplateMatcher] pause_gear.png -> max conf: 0.000 (needs 0.7, optimal scale: 0.80x)
[DEBUG] 未匹配 [pause_gear] (要求阈值 0.7)
[TemplateMatcher] start_action.png -> max conf: 0.000 (needs 0.43, optimal scale: 0.80x)
[DEBUG] 未匹配 [start_action] (要求阈值 0.43)
[TemplateMatcher] practice.png -> max conf: 0.000 (needs 0.5, optimal scale: 0.80x)
[DEBUG] 未匹配 [practice] (要求阈值 0.5)
[TemplateMatcher] stage_1_7.png -> max conf: 0.000 (needs 0.5, optimal scale: 0.80x)
[DEBUG] 未匹配 [stage_1_7] (要求阈值 0.5)
[RESET] 尝试跳过动画/寻找入口... (尝试 13/100)
[TemplateMatcher] pause_gear.png -> max conf: 0.000 (needs 0.7, optimal scale: 0.80x)
[DEBUG] 未匹配 [pause_gear] (要求阈值 0.7)
[TemplateMatcher] start_action.png -> max conf: 0.000 (needs 0.43, optimal scale: 0.80x)
[DEBUG] 未匹配 [start_action] (要求阈值 0.43)
[TemplateMatcher] practice.png -> max conf: 0.000 (needs 0.5, optimal scale: 0.80x)
[DEBUG] 未匹配 [practice] (要求阈值 0.5)
[TemplateMatcher] stage_1_7.png -> max conf: 0.000 (needs 0.5, optimal scale: 0.80x)
[DEBUG] 未匹配 [stage_1_7] (要求阈值 0.5)
[RESET] 尝试跳过动画/寻找入口... (尝试 14/100)
[TemplateMatcher] pause_gear.png -> max conf: 0.511 (needs 0.7, optimal scale: 1.20x)
[DEBUG] 未匹配 [pause_gear] (要求阈值 0.7)
[TemplateMatcher] start_action.png -> max conf: -0.052 (needs 0.43, optimal scale: 0.80x)
[DEBUG] 未匹配 [start_action] (要求阈值 0.43)
[TemplateMatcher] practice.png -> max conf: 0.379 (needs 0.5, optimal scale: 0.90x)
[DEBUG] 未匹配 [practice] (要求阈值 0.5)
[TemplateMatcher] stage_1_7.png -> max conf: 0.411 (needs 0.5, optimal scale: 0.90x)
[DEBUG] 未匹配 [stage_1_7] (要求阈值 0.5)
[RESET] 尝试跳过动画/寻找入口... (尝试 15/100)
[TemplateMatcher] pause_gear.png -> max conf: 0.511 (needs 0.7, optimal scale: 1.20x)
[DEBUG] 未匹配 [pause_gear] (要求阈值 0.7)
[TemplateMatcher] start_action.png -> max conf: -0.052 (needs 0.43, optimal scale: 0.80x)
[DEBUG] 未匹配 [start_action] (要求阈值 0.43)
[TemplateMatcher] practice.png -> max conf: 0.379 (needs 0.5, optimal scale: 0.90x)
[DEBUG] 未匹配 [practice] (要求阈值 0.5)
[TemplateMatcher] stage_1_7.png -> max conf: 0.411 (needs 0.5, optimal scale: 0.90x)
[DEBUG] 未匹配 [stage_1_7] (要求阈值 0.5)
[RESET] 尝试跳过动画/寻找入口... (尝试 16/100)
[TemplateMatcher] pause_gear.png -> max conf: 0.215 (needs 0.7, optimal scale: 1.20x)
[DEBUG] 未匹配 [pause_gear] (要求阈值 0.7)
[TemplateMatcher] start_action.png -> max conf: 0.210 (needs 0.43, optimal scale: 0.80x)
[DEBUG] 未匹配 [start_action] (要求阈值 0.43)
[TemplateMatcher] practice.png -> max conf: 0.367 (needs 0.5, optimal scale: 0.80x)
[DEBUG] 未匹配 [practice] (要求阈值 0.5)
[TemplateMatcher] stage_1_7.png -> max conf: 0.271 (needs 0.5, optimal scale: 0.80x)
[DEBUG] 未匹配 [stage_1_7] (要求阈值 0.5)
[RESET] 尝试跳过动画/寻找入口... (尝试 17/100)
[TemplateMatcher] pause_gear.png -> max conf: 0.211 (needs 0.7, optimal scale: 1.05x)
[DEBUG] 未匹配 [pause_gear] (要求阈值 0.7)
[TemplateMatcher] start_action.png -> max conf: 0.187 (needs 0.43, optimal scale: 0.80x)
[DEBUG] 未匹配 [start_action] (要求阈值 0.43)
[TemplateMatcher] practice.png -> max conf: 0.297 (needs 0.5, optimal scale: 0.80x)
[DEBUG] 未匹配 [practice] (要求阈值 0.5)
[TemplateMatcher] stage_1_7.png -> max conf: 0.277 (needs 0.5, optimal scale: 0.85x)
[DEBUG] 未匹配 [stage_1_7] (要求阈值 0.5)
[RESET] 尝试跳过动画/寻找入口... (尝试 18/100)
[TemplateMatcher] pause_gear.png -> max conf: 0.211 (needs 0.7, optimal scale: 1.05x)
[DEBUG] 未匹配 [pause_gear] (要求阈值 0.7)
[TemplateMatcher] start_action.png -> max conf: 0.187 (needs 0.43, optimal scale: 0.80x)
[DEBUG] 未匹配 [start_action] (要求阈值 0.43)
[TemplateMatcher] practice.png -> max conf: 0.297 (needs 0.5, optimal scale: 0.80x)
[DEBUG] 未匹配 [practice] (要求阈值 0.5)
[TemplateMatcher] stage_1_7.png -> max conf: 0.277 (needs 0.5, optimal scale: 0.85x)
[DEBUG] 未匹配 [stage_1_7] (要求阈值 0.5)
[RESET] 尝试跳过动画/寻找入口... (尝试 19/100)
[TemplateMatcher] pause_gear.png -> max conf: 0.869 (needs 0.7, optimal scale: 0.80x)
[RESET] 找到 [pause_gear] (置信度 0.87 >= 0.7)，(仅检测，不点击)
[RESET] ✅ 检测到战斗画面右上角齿轮，重启成功！
================= 关卡重启流程结束 =================

[ENV] 🛡️ 战斗全局异步监视器已启动...
[SILENT_LOG] [TemplateMatcher] pause_gear.png -> max conf: 0.907 (needs 0.55, optimal scale: 0.80x)
--> [回合结束] 第 8 回合 | 奖励: 2.5 | 步数: 29

[STEP 1] 开始执行动作...
[ACTION] 盲狙执行: 选卡1 -> 拖拽至(8,3) 朝向0
[SILENT_LOG] [TemplateMatcher] pause_gear.png -> max conf: 0.908 (needs 0.55, optimal scale: 0.80x)
[SILENT_LOG] [TemplateMatcher] pause_gear.png -> max conf: 0.887 (needs 0.55, optimal scale: 0.80x)
[SILENT_LOG] [TemplateMatcher] pause_gear.png -> max conf: 0.887 (needs 0.55, optimal scale: 0.80x)
[SILENT_LOG] [TemplateMatcher] pause_gear.png -> max conf: 0.884 (needs 0.55, optimal scale: 0.80x)
[SILENT_LOG] [TemplateMatcher] pause_gear.png -> max conf: 0.908 (needs 0.55, optimal scale: 0.80x)
[SILENT_LOG] [TemplateMatcher] pause_gear.png -> max conf: 0.908 (needs 0.55, optimal scale: 0.80x)
[SILENT_LOG] [TemplateMatcher] pause_gear.png -> max conf: 0.908 (needs 0.55, optimal scale: 0.80x)
[REWARD] 动作已执行，开始 3 次心跳检测血条 (间隔 0.2s)...
[SILENT_LOG] [TemplateMatcher] pause_gear.png -> max conf: 0.908 (needs 0.55, optimal scale: 0.80x)
[SILENT_LOG] [TemplateMatcher] pause_gear.png -> max conf: 0.908 (needs 0.55, optimal scale: 0.80x)
[REWARD] ✅ 第 1 次检测命中目标干员血条！
[REWARD] 执行前血条数: 0 -> 最终确认血条数: 1
[REWARD] 🎯 完美落子！部署点靠近敌人 (距离: 286.9)，奖励 +0.5
[REWARD] ⚔️ 完美朝向！正对敌人 (角度: 256.9°)，额外奖励 +0.3

[STEP 2] 开始执行动作...
[ACTION MASKING] ⛔ 警告：手牌 8 亮度过低(无费/CD中)！代码直接拦截，不执行拖拽！
[SILENT_LOG] [TemplateMatcher] pause_gear.png -> max conf: 0.908 (needs 0.55, optimal scale: 0.80x)
[REWARD] 执行前血条数: 1 -> 最终确认血条数: 0
[REWARD] ⛔ 动作被拦截 (非法地形/没钱/有人)。惩罚 -0.05 (连续无作为: 1次)

[STEP 3] 开始执行动作...
[SILENT_LOG] [TemplateMatcher] pause_gear.png -> max conf: 0.908 (needs 0.55, optimal scale: 0.80x)
[ACTION MASKING] ⛔ 警告：手牌 2 亮度过低(无费/CD中)！代码直接拦截，不执行拖拽！
[REWARD] 执行前血条数: 1 -> 最终确认血条数: 0
[REWARD] ⛔ 动作被拦截 (非法地形/没钱/有人)。惩罚 -0.05 (连续无作为: 2次)

[STEP 4] 开始执行动作...
[SILENT_LOG] [TemplateMatcher] pause_gear.png -> max conf: 0.908 (needs 0.55, optimal scale: 0.80x)
[ACTION MASKING] ⛔ 警告：手牌 2 亮度过低(无费/CD中)！代码直接拦截，不执行拖拽！
[REWARD] 执行前血条数: 1 -> 最终确认血条数: 0
[REWARD] ⛔ 动作被拦截 (非法地形/没钱/有人)。惩罚 -0.05 (连续无作为: 3次)

[STEP 5] 开始执行动作...
[SILENT_LOG] [TemplateMatcher] pause_gear.png -> max conf: 0.908 (needs 0.55, optimal scale: 0.80x)
[ACTION MASKING] ⛔ 警告：手牌 3 亮度过低(无费/CD中)！代码直接拦截，不执行拖拽！
[REWARD] 执行前血条数: 1 -> 最终确认血条数: 0
[REWARD] ⛔ 动作被拦截 (非法地形/没钱/有人)。惩罚 -0.05 (连续无作为: 4次)

[STEP 6] 开始执行动作...
[SILENT_LOG] [TemplateMatcher] pause_gear.png -> max conf: 0.908 (needs 0.55, optimal scale: 0.80x)
[ACTION MASKING] ⛔ 警告：手牌 2 亮度过低(无费/CD中)！代码直接拦截，不执行拖拽！
[REWARD] 执行前血条数: 1 -> 最终确认血条数: 0
[REWARD] ⛔ 动作被拦截 (非法地形/没钱/有人)。惩罚 -0.05 (连续无作为: 5次)

[STEP 7] 开始执行动作...
[SILENT_LOG] [TemplateMatcher] pause_gear.png -> max conf: 0.908 (needs 0.55, optimal scale: 0.80x)
[ACTION MASKING] ⛔ 警告：手牌 4 亮度过低(无费/CD中)！代码直接拦截，不执行拖拽！
[REWARD] 执行前血条数: 1 -> 最终确认血条数: 0
[REWARD] ⛔ 动作被拦截 (非法地形/没钱/有人)。惩罚 -0.05 (连续无作为: 6次)

[STEP 8] 开始执行动作...
[SILENT_LOG] [TemplateMatcher] pause_gear.png -> max conf: 0.908 (needs 0.55, optimal scale: 0.80x)
[ACTION] 盲狙执行: 选卡10 -> 拖拽至(1,4) 朝向2
[SILENT_LOG] [TemplateMatcher] pause_gear.png -> max conf: 0.908 (needs 0.55, optimal scale: 0.80x)
[SILENT_LOG] [TemplateMatcher] pause_gear.png -> max conf: 0.908 (needs 0.55, optimal scale: 0.80x)
[SILENT_LOG] [TemplateMatcher] pause_gear.png -> max conf: 0.908 (needs 0.55, optimal scale: 0.80x)
[SILENT_LOG] [TemplateMatcher] pause_gear.png -> max conf: 0.908 (needs 0.55, optimal scale: 0.80x)
[SILENT_LOG] [TemplateMatcher] pause_gear.png -> max conf: 0.908 (needs 0.55, optimal scale: 0.80x)
[SILENT_LOG] [TemplateMatcher] pause_gear.png -> max conf: 0.908 (needs 0.55, optimal scale: 0.80x)
[REWARD] 动作已执行，开始 3 次心跳检测血条 (间隔 0.2s)...
[SILENT_LOG] [TemplateMatcher] pause_gear.png -> max conf: 0.908 (needs 0.55, optimal scale: 0.80x)
[SILENT_LOG] [TemplateMatcher] pause_gear.png -> max conf: 0.908 (needs 0.55, optimal scale: 0.80x)
[SILENT_LOG] [TemplateMatcher] pause_gear.png -> max conf: 0.908 (needs 0.55, optimal scale: 0.80x)
[SILENT_LOG] [TemplateMatcher] pause_gear.png -> max conf: 0.908 (needs 0.55, optimal scale: 0.80x)
[REWARD] ❌ 未检测到新血条！判定为【费用不足或CD中】，强制挂机 2.0 秒等待费用恢复！
[SILENT_LOG] [TemplateMatcher] pause_gear.png -> max conf: 0.908 (needs 0.55, optimal scale: 0.80x)
[SILENT_LOG] [TemplateMatcher] pause_gear.png -> max conf: 0.908 (needs 0.55, optimal scale: 0.80x)
[SILENT_LOG] [TemplateMatcher] pause_gear.png -> max conf: 0.908 (needs 0.55, optimal scale: 0.80x)
[SILENT_LOG] [TemplateMatcher] pause_gear.png -> max conf: 0.908 (needs 0.55, optimal scale: 0.80x)
[SILENT_LOG] [TemplateMatcher] pause_gear.png -> max conf: 0.908 (needs 0.55, optimal scale: 0.80x)
[SILENT_LOG] [TemplateMatcher] pause_gear.png -> max conf: 0.908 (needs 0.55, optimal scale: 0.80x)
[REWARD] 执行前血条数: 1 -> 最终确认血条数: 1
[REWARD] ❌ 未产生血条 (游戏拒收/高低台错位/手滑)。惩罚 -0.05

[STEP 9] 开始执行动作...
[ACTION] 盲狙执行: 选卡2 -> 拖拽至(8,2) 朝向3
[SILENT_LOG] [TemplateMatcher] pause_gear.png -> max conf: 0.892 (needs 0.55, optimal scale: 0.80x)
[SILENT_LOG] [TemplateMatcher] pause_gear.png -> max conf: 0.908 (needs 0.55, optimal scale: 0.80x)
[SILENT_LOG] [TemplateMatcher] pause_gear.png -> max conf: 0.908 (needs 0.55, optimal scale: 0.80x)
[SILENT_LOG] [TemplateMatcher] pause_gear.png -> max conf: 0.908 (needs 0.55, optimal scale: 0.80x)
[SILENT_LOG] [TemplateMatcher] pause_gear.png -> max conf: 0.908 (needs 0.55, optimal scale: 0.80x)
[SILENT_LOG] [TemplateMatcher] pause_gear.png -> max conf: 0.908 (needs 0.55, optimal scale: 0.80x)
[REWARD] 动作已执行，开始 3 次心跳检测血条 (间隔 0.2s)...
[SILENT_LOG] [TemplateMatcher] pause_gear.png -> max conf: 0.908 (needs 0.55, optimal scale: 0.80x)
[SILENT_LOG] [TemplateMatcher] pause_gear.png -> max conf: 0.908 (needs 0.55, optimal scale: 0.80x)
[SILENT_LOG] [TemplateMatcher] pause_gear.png -> max conf: 0.908 (needs 0.55, optimal scale: 0.80x)
[SILENT_LOG] [TemplateMatcher] pause_gear.png -> max conf: 0.908 (needs 0.55, optimal scale: 0.80x)
[REWARD] ❌ 未检测到新血条！判定为【费用不足或CD中】，强制挂机 2.0 秒等待费用恢复！
[SILENT_LOG] [TemplateMatcher] pause_gear.png -> max conf: 0.908 (needs 0.55, optimal scale: 0.80x)
[SILENT_LOG] [TemplateMatcher] pause_gear.png -> max conf: 0.908 (needs 0.55, optimal scale: 0.80x)
[SILENT_LOG] [TemplateMatcher] pause_gear.png -> max conf: 0.908 (needs 0.55, optimal scale: 0.80x)
[SILENT_LOG] [TemplateMatcher] pause_gear.png -> max conf: 0.908 (needs 0.55, optimal scale: 0.80x)
[SILENT_LOG] [TemplateMatcher] pause_gear.png -> max conf: 0.908 (needs 0.55, optimal scale: 0.80x)
[SILENT_LOG] [TemplateMatcher] pause_gear.png -> max conf: 0.908 (needs 0.55, optimal scale: 0.80x)
[REWARD] 执行前血条数: 1 -> 最终确认血条数: 1
[REWARD] ❌ 未产生血条 (游戏拒收/高低台错位/手滑)。惩罚 -0.05

[STEP 10] 开始执行动作...
[ACTION MASKING] ⛔ 警告：手牌 1 亮度过低(无费/CD中)！代码直接拦截，不执行拖拽！
[SILENT_LOG] [TemplateMatcher] pause_gear.png -> max conf: 0.908 (needs 0.55, optimal scale: 0.80x)
[REWARD] 执行前血条数: 1 -> 最终确认血条数: 0
[REWARD] ⛔ 动作被拦截 (非法地形/没钱/有人)。惩罚 -0.05 (连续无作为: 9次)

[STEP 11] 开始执行动作...
[SILENT_LOG] [TemplateMatcher] pause_gear.png -> max conf: 0.908 (needs 0.55, optimal scale: 0.80x)
[ACTION] 盲狙执行: 选卡2 -> 拖拽至(4,4) 朝向0
[SILENT_LOG] [TemplateMatcher] pause_gear.png -> max conf: 0.888 (needs 0.55, optimal scale: 0.80x)
[SILENT_LOG] [TemplateMatcher] pause_gear.png -> max conf: 0.888 (needs 0.55, optimal scale: 0.80x)
[SILENT_LOG] [TemplateMatcher] pause_gear.png -> max conf: 0.888 (needs 0.55, optimal scale: 0.80x)
[SILENT_LOG] [TemplateMatcher] pause_gear.png -> max conf: 0.908 (needs 0.55, optimal scale: 0.80x)
[SILENT_LOG] [TemplateMatcher] pause_gear.png -> max conf: 0.908 (needs 0.55, optimal scale: 0.80x)
[SILENT_LOG] [TemplateMatcher] pause_gear.png -> max conf: 0.908 (needs 0.55, optimal scale: 0.80x)
[REWARD] 动作已执行，开始 3 次心跳检测血条 (间隔 0.2s)...
[SILENT_LOG] [TemplateMatcher] pause_gear.png -> max conf: 0.908 (needs 0.55, optimal scale: 0.80x)
[SILENT_LOG] [TemplateMatcher] pause_gear.png -> max conf: 0.908 (needs 0.55, optimal scale: 0.80x)
[REWARD] ✅ 第 1 次检测命中目标干员血条！
[REWARD] 执行前血条数: 1 -> 最终确认血条数: 2
[REWARD] 🎯 完美落子！部署点靠近敌人 (距离: 70.0)，奖励 +0.5
[REWARD] 🛡️ 偏离/背对敌人！(角度: 147.9°)，微小惩罚 -0.1

[STEP 12] 开始执行动作...
[ACTION] 盲狙执行: 选卡10 -> 拖拽至(9,2) 朝向3
[SILENT_LOG] [TemplateMatcher] pause_gear.png -> max conf: 0.908 (needs 0.55, optimal scale: 0.80x)
[SILENT_LOG] [TemplateMatcher] pause_gear.png -> max conf: 0.908 (needs 0.55, optimal scale: 0.80x)
[SILENT_LOG] [TemplateMatcher] pause_gear.png -> max conf: 0.908 (needs 0.55, optimal scale: 0.80x)
[SILENT_LOG] [TemplateMatcher] pause_gear.png -> max conf: 0.908 (needs 0.55, optimal scale: 0.80x)
[SILENT_LOG] [TemplateMatcher] pause_gear.png -> max conf: 0.908 (needs 0.55, optimal scale: 0.80x)
[SILENT_LOG] [TemplateMatcher] pause_gear.png -> max conf: 0.908 (needs 0.55, optimal scale: 0.80x)
[REWARD] 动作已执行，开始 3 次心跳检测血条 (间隔 0.2s)...
[SILENT_LOG] [TemplateMatcher] pause_gear.png -> max conf: 0.908 (needs 0.55, optimal scale: 0.80x)
[SILENT_LOG] [TemplateMatcher] pause_gear.png -> max conf: 0.908 (needs 0.55, optimal scale: 0.80x)
[SILENT_LOG] [TemplateMatcher] pause_gear.png -> max conf: 0.908 (needs 0.55, optimal scale: 0.80x)
[SILENT_LOG] [TemplateMatcher] pause_gear.png -> max conf: 0.908 (needs 0.55, optimal scale: 0.80x)
[REWARD] ❌ 未检测到新血条！判定为【费用不足或CD中】，强制挂机 2.0 秒等待费用恢复！
[SILENT_LOG] [TemplateMatcher] pause_gear.png -> max conf: 0.908 (needs 0.55, optimal scale: 0.80x)
[SILENT_LOG] [TemplateMatcher] pause_gear.png -> max conf: 0.908 (needs 0.55, optimal scale: 0.80x)
[SILENT_LOG] [TemplateMatcher] pause_gear.png -> max conf: 0.908 (needs 0.55, optimal scale: 0.80x)
[SILENT_LOG] [TemplateMatcher] pause_gear.png -> max conf: 0.908 (needs 0.55, optimal scale: 0.80x)
[SILENT_LOG] [TemplateMatcher] pause_gear.png -> max conf: 0.908 (needs 0.55, optimal scale: 0.80x)
[SILENT_LOG] [TemplateMatcher] pause_gear.png -> max conf: 0.908 (needs 0.55, optimal scale: 0.80x)
[REWARD] 执行前血条数: 2 -> 最终确认血条数: 2
[REWARD] ❌ 未产生血条 (游戏拒收/高低台错位/手滑)。惩罚 -0.05

[STEP 13] 开始执行动作...
[ACTION] 盲狙执行: 选卡1 -> 拖拽至(8,2) 朝向0
[SILENT_LOG] [TemplateMatcher] pause_gear.png -> max conf: 0.887 (needs 0.55, optimal scale: 0.80x)
[SILENT_LOG] [TemplateMatcher] pause_gear.png -> max conf: 0.908 (needs 0.55, optimal scale: 0.80x)
[SILENT_LOG] [TemplateMatcher] pause_gear.png -> max conf: 0.908 (needs 0.55, optimal scale: 0.80x)
[SILENT_LOG] [TemplateMatcher] pause_gear.png -> max conf: 0.908 (needs 0.55, optimal scale: 0.80x)
[SILENT_LOG] [TemplateMatcher] pause_gear.png -> max conf: 0.908 (needs 0.55, optimal scale: 0.80x)
[SILENT_LOG] [TemplateMatcher] pause_gear.png -> max conf: 0.908 (needs 0.55, optimal scale: 0.80x)
[REWARD] 动作已执行，开始 3 次心跳检测血条 (间隔 0.2s)...
[SILENT_LOG] [TemplateMatcher] pause_gear.png -> max conf: 0.908 (needs 0.55, optimal scale: 0.80x)
[SILENT_LOG] [TemplateMatcher] pause_gear.png -> max conf: 0.908 (needs 0.55, optimal scale: 0.80x)
[SILENT_LOG] [TemplateMatcher] pause_gear.png -> max conf: 0.908 (needs 0.55, optimal scale: 0.80x)
[SILENT_LOG] [TemplateMatcher] pause_gear.png -> max conf: 0.908 (needs 0.55, optimal scale: 0.80x)
[REWARD] ❌ 未检测到新血条！判定为【费用不足或CD中】，强制挂机 2.0 秒等待费用恢复！
[SILENT_LOG] [TemplateMatcher] pause_gear.png -> max conf: 0.908 (needs 0.55, optimal scale: 0.80x)
[SILENT_LOG] [TemplateMatcher] pause_gear.png -> max conf: 0.908 (needs 0.55, optimal scale: 0.80x)
[SILENT_LOG] [TemplateMatcher] pause_gear.png -> max conf: 0.908 (needs 0.55, optimal scale: 0.80x)
[SILENT_LOG] [TemplateMatcher] pause_gear.png -> max conf: 0.908 (needs 0.55, optimal scale: 0.80x)
[SILENT_LOG] [TemplateMatcher] pause_gear.png -> max conf: 0.907 (needs 0.55, optimal scale: 0.80x)
[SILENT_LOG] [TemplateMatcher] pause_gear.png -> max conf: 0.908 (needs 0.55, optimal scale: 0.80x)
[REWARD] 执行前血条数: 2 -> 最终确认血条数: 2
[REWARD] ❌ 未产生血条 (游戏拒收/高低台错位/手滑)。惩罚 -0.05

[STEP 14] 开始执行动作...
[ACTION] 盲狙执行: 选卡5 -> 拖拽至(2,0) 朝向0
[SILENT_LOG] [TemplateMatcher] pause_gear.png -> max conf: 0.908 (needs 0.55, optimal scale: 0.80x)
[SILENT_LOG] [TemplateMatcher] pause_gear.png -> max conf: 0.892 (needs 0.55, optimal scale: 0.80x)
[SILENT_LOG] [TemplateMatcher] pause_gear.png -> max conf: 0.908 (needs 0.55, optimal scale: 0.80x)
[SILENT_LOG] [TemplateMatcher] pause_gear.png -> max conf: 0.908 (needs 0.55, optimal scale: 0.80x)
[SILENT_LOG] [TemplateMatcher] pause_gear.png -> max conf: 0.908 (needs 0.55, optimal scale: 0.80x)
[SILENT_LOG] [TemplateMatcher] pause_gear.png -> max conf: 0.908 (needs 0.55, optimal scale: 0.80x)
[SILENT_LOG] [TemplateMatcher] pause_gear.png -> max conf: 0.908 (needs 0.55, optimal scale: 0.80x)
[REWARD] 动作已执行，开始 3 次心跳检测血条 (间隔 0.2s)...
[SILENT_LOG] [TemplateMatcher] pause_gear.png -> max conf: 0.908 (needs 0.55, optimal scale: 0.80x)
[SILENT_LOG] [TemplateMatcher] pause_gear.png -> max conf: 0.908 (needs 0.55, optimal scale: 0.80x)
[SILENT_LOG] [TemplateMatcher] pause_gear.png -> max conf: 0.908 (needs 0.55, optimal scale: 0.80x)
[SILENT_LOG] [TemplateMatcher] pause_gear.png -> max conf: 0.908 (needs 0.55, optimal scale: 0.80x)
[REWARD] ❌ 未检测到新血条！判定为【费用不足或CD中】，强制挂机 2.0 秒等待费用恢复！
[SILENT_LOG] [TemplateMatcher] pause_gear.png -> max conf: 0.908 (needs 0.55, optimal scale: 0.80x)
[SILENT_LOG] [TemplateMatcher] pause_gear.png -> max conf: 0.908 (needs 0.55, optimal scale: 0.80x)
[SILENT_LOG] [TemplateMatcher] pause_gear.png -> max conf: 0.908 (needs 0.55, optimal scale: 0.80x)
[SILENT_LOG] [TemplateMatcher] pause_gear.png -> max conf: 0.908 (needs 0.55, optimal scale: 0.80x)
[SILENT_LOG] [TemplateMatcher] pause_gear.png -> max conf: 0.908 (needs 0.55, optimal scale: 0.80x)
[SILENT_LOG] [TemplateMatcher] pause_gear.png -> max conf: 0.908 (needs 0.55, optimal scale: 0.80x)
[REWARD] 执行前血条数: 2 -> 最终确认血条数: 2
[REWARD] ❌ 未产生血条 (游戏拒收/高低台错位/手滑)。惩罚 -0.05

[STEP 15] 开始执行动作...
[ACTION] 盲狙执行: 选卡9 -> 拖拽至(4,4) 朝向1
[SILENT_LOG] [TemplateMatcher] pause_gear.png -> max conf: 0.908 (needs 0.55, optimal scale: 0.80x)
[SILENT_LOG] [TemplateMatcher] pause_gear.png -> max conf: 0.887 (needs 0.55, optimal scale: 0.80x)
[SILENT_LOG] [TemplateMatcher] pause_gear.png -> max conf: 0.908 (needs 0.55, optimal scale: 0.80x)
[SILENT_LOG] [TemplateMatcher] pause_gear.png -> max conf: 0.908 (needs 0.55, optimal scale: 0.80x)
[SILENT_LOG] [TemplateMatcher] pause_gear.png -> max conf: 0.908 (needs 0.55, optimal scale: 0.80x)
[SILENT_LOG] [TemplateMatcher] pause_gear.png -> max conf: 0.908 (needs 0.55, optimal scale: 0.80x)
[SILENT_LOG] [TemplateMatcher] pause_gear.png -> max conf: 0.908 (needs 0.55, optimal scale: 0.80x)
[REWARD] 动作已执行，开始 3 次心跳检测血条 (间隔 0.2s)...
[SILENT_LOG] [TemplateMatcher] pause_gear.png -> max conf: 0.908 (needs 0.55, optimal scale: 0.80x)
[SILENT_LOG] [TemplateMatcher] pause_gear.png -> max conf: 0.908 (needs 0.55, optimal scale: 0.80x)
[SILENT_LOG] [TemplateMatcher] pause_gear.png -> max conf: 0.908 (needs 0.55, optimal scale: 0.80x)
[SILENT_LOG] [TemplateMatcher] pause_gear.png -> max conf: 0.908 (needs 0.55, optimal scale: 0.80x)
[REWARD] ❌ 未检测到新血条！判定为【费用不足或CD中】，强制挂机 2.0 秒等待费用恢复！
[SILENT_LOG] [TemplateMatcher] pause_gear.png -> max conf: 0.908 (needs 0.55, optimal scale: 0.80x)
[SILENT_LOG] [TemplateMatcher] pause_gear.png -> max conf: 0.908 (needs 0.55, optimal scale: 0.80x)
[SILENT_LOG] [TemplateMatcher] pause_gear.png -> max conf: 0.908 (needs 0.55, optimal scale: 0.80x)
[SILENT_LOG] [TemplateMatcher] pause_gear.png -> max conf: 0.908 (needs 0.55, optimal scale: 0.80x)
[SILENT_LOG] [TemplateMatcher] pause_gear.png -> max conf: 0.908 (needs 0.55, optimal scale: 0.80x)
[SILENT_LOG] [TemplateMatcher] pause_gear.png -> max conf: 0.908 (needs 0.55, optimal scale: 0.80x)
[REWARD] 执行前血条数: 2 -> 最终确认血条数: 2
[REWARD] ❌ 未产生血条 (游戏拒收/高低台错位/手滑)。惩罚 -0.05

[STEP 16] 开始执行动作...
[SILENT_LOG] [TemplateMatcher] pause_gear.png -> max conf: 0.908 (needs 0.55, optimal scale: 0.80x)
[ACTION] 盲狙执行: 选卡9 -> 拖拽至(6,4) 朝向2
[SILENT_LOG] [TemplateMatcher] pause_gear.png -> max conf: 0.893 (needs 0.55, optimal scale: 0.80x)
[SILENT_LOG] [TemplateMatcher] pause_gear.png -> max conf: 0.908 (needs 0.55, optimal scale: 0.80x)
[SILENT_LOG] [TemplateMatcher] pause_gear.png -> max conf: 0.908 (needs 0.55, optimal scale: 0.80x)
[SILENT_LOG] [TemplateMatcher] pause_gear.png -> max conf: 0.908 (needs 0.55, optimal scale: 0.80x)
[SILENT_LOG] [TemplateMatcher] pause_gear.png -> max conf: 0.908 (needs 0.55, optimal scale: 0.80x)
[SILENT_LOG] [TemplateMatcher] pause_gear.png -> max conf: 0.908 (needs 0.55, optimal scale: 0.80x)
[REWARD] 动作已执行，开始 3 次心跳检测血条 (间隔 0.2s)...
[SILENT_LOG] [TemplateMatcher] pause_gear.png -> max conf: 0.908 (needs 0.55, optimal scale: 0.80x)
[SILENT_LOG] [TemplateMatcher] pause_gear.png -> max conf: 0.908 (needs 0.55, optimal scale: 0.80x)
[SILENT_LOG] [TemplateMatcher] pause_gear.png -> max conf: 0.908 (needs 0.55, optimal scale: 0.80x)
[SILENT_LOG] [TemplateMatcher] pause_gear.png -> max conf: 0.908 (needs 0.55, optimal scale: 0.80x)
[REWARD] ❌ 未检测到新血条！判定为【费用不足或CD中】，强制挂机 2.0 秒等待费用恢复！
[SILENT_LOG] [TemplateMatcher] pause_gear.png -> max conf: 0.908 (needs 0.55, optimal scale: 0.80x)
[SILENT_LOG] [TemplateMatcher] pause_gear.png -> max conf: 0.908 (needs 0.55, optimal scale: 0.80x)
[SILENT_LOG] [TemplateMatcher] pause_gear.png -> max conf: 0.908 (needs 0.55, optimal scale: 0.80x)
[SILENT_LOG] [TemplateMatcher] pause_gear.png -> max conf: 0.908 (needs 0.55, optimal scale: 0.80x)
[SILENT_LOG] [TemplateMatcher] pause_gear.png -> max conf: 0.908 (needs 0.55, optimal scale: 0.80x)
[SILENT_LOG] [TemplateMatcher] pause_gear.png -> max conf: 0.908 (needs 0.55, optimal scale: 0.80x)
[REWARD] 执行前血条数: 2 -> 最终确认血条数: 2
[REWARD] ❌ 未产生血条 (游戏拒收/高低台错位/手滑)。惩罚 -0.05
[SAVE] 自动保存进度 (Step 220) -> policy_latest.zip

[STEP 17] 开始执行动作...
[SILENT_LOG] [TemplateMatcher] pause_gear.png -> max conf: 0.908 (needs 0.55, optimal scale: 0.80x)
[ACTION] 盲狙执行: 选卡4 -> 拖拽至(1,0) 朝向3
[SILENT_LOG] [TemplateMatcher] pause_gear.png -> max conf: 0.886 (needs 0.55, optimal scale: 0.80x)
[SILENT_LOG] [TemplateMatcher] pause_gear.png -> max conf: 0.908 (needs 0.55, optimal scale: 0.80x)
[SILENT_LOG] [TemplateMatcher] pause_gear.png -> max conf: 0.908 (needs 0.55, optimal scale: 0.80x)
[SILENT_LOG] [TemplateMatcher] pause_gear.png -> max conf: 0.908 (needs 0.55, optimal scale: 0.80x)
[SILENT_LOG] [TemplateMatcher] pause_gear.png -> max conf: 0.908 (needs 0.55, optimal scale: 0.80x)
[SILENT_LOG] [TemplateMatcher] pause_gear.png -> max conf: 0.908 (needs 0.55, optimal scale: 0.80x)
[REWARD] 动作已执行，开始 3 次心跳检测血条 (间隔 0.2s)...
[SILENT_LOG] [TemplateMatcher] pause_gear.png -> max conf: 0.908 (needs 0.55, optimal scale: 0.80x)
[SILENT_LOG] [TemplateMatcher] pause_gear.png -> max conf: 0.907 (needs 0.55, optimal scale: 0.80x)
[SILENT_LOG] [TemplateMatcher] pause_gear.png -> max conf: 0.908 (needs 0.55, optimal scale: 0.80x)
[SILENT_LOG] [TemplateMatcher] pause_gear.png -> max conf: 0.908 (needs 0.55, optimal scale: 0.80x)
[REWARD] ❌ 未检测到新血条！判定为【费用不足或CD中】，强制挂机 2.0 秒等待费用恢复！
[SILENT_LOG] [TemplateMatcher] pause_gear.png -> max conf: 0.908 (needs 0.55, optimal scale: 0.80x)
[SILENT_LOG] [TemplateMatcher] pause_gear.png -> max conf: 0.908 (needs 0.55, optimal scale: 0.80x)
[SILENT_LOG] [TemplateMatcher] pause_gear.png -> max conf: 0.908 (needs 0.55, optimal scale: 0.80x)
[SILENT_LOG] [TemplateMatcher] pause_gear.png -> max conf: 0.908 (needs 0.55, optimal scale: 0.80x)
[SILENT_LOG] [TemplateMatcher] pause_gear.png -> max conf: 0.908 (needs 0.55, optimal scale: 0.80x)
[SILENT_LOG] [TemplateMatcher] pause_gear.png -> max conf: 0.908 (needs 0.55, optimal scale: 0.80x)
[REWARD] 执行前血条数: 2 -> 最终确认血条数: 2
[REWARD] ❌ 未产生血条 (游戏拒收/高低台错位/手滑)。惩罚 -0.05

[STEP 18] 开始执行动作...
[ACTION MASKING] ⛔ 警告：手牌 8 亮度过低(无费/CD中)！代码直接拦截，不执行拖拽！
[SILENT_LOG] [TemplateMatcher] pause_gear.png -> max conf: 0.908 (needs 0.55, optimal scale: 0.80x)
[REWARD] 执行前血条数: 2 -> 最终确认血条数: 0
[REWARD] ⛔ 动作被拦截 (非法地形/没钱/有人)。惩罚 -0.05 (连续无作为: 7次)

[STEP 19] 开始执行动作...
[SILENT_LOG] [TemplateMatcher] pause_gear.png -> max conf: 0.908 (needs 0.55, optimal scale: 0.80x)
[ACTION] 盲狙执行: 选卡6 -> 拖拽至(2,4) 朝向3
[SILENT_LOG] [TemplateMatcher] pause_gear.png -> max conf: 0.890 (needs 0.55, optimal scale: 0.80x)
[SILENT_LOG] [TemplateMatcher] pause_gear.png -> max conf: 0.908 (needs 0.55, optimal scale: 0.80x)
[SILENT_LOG] [TemplateMatcher] pause_gear.png -> max conf: 0.908 (needs 0.55, optimal scale: 0.80x)
[SILENT_LOG] [TemplateMatcher] pause_gear.png -> max conf: 0.908 (needs 0.55, optimal scale: 0.80x)
[SILENT_LOG] [TemplateMatcher] pause_gear.png -> max conf: 0.908 (needs 0.55, optimal scale: 0.80x)
[SILENT_LOG] [TemplateMatcher] pause_gear.png -> max conf: 0.908 (needs 0.55, optimal scale: 0.80x)
[REWARD] 动作已执行，开始 3 次心跳检测血条 (间隔 0.2s)...
[SILENT_LOG] [TemplateMatcher] pause_gear.png -> max conf: 0.908 (needs 0.55, optimal scale: 0.80x)
[SILENT_LOG] [TemplateMatcher] pause_gear.png -> max conf: 0.908 (needs 0.55, optimal scale: 0.80x)
[SILENT_LOG] [TemplateMatcher] pause_gear.png -> max conf: 0.908 (needs 0.55, optimal scale: 0.80x)
[SILENT_LOG] [TemplateMatcher] pause_gear.png -> max conf: 0.908 (needs 0.55, optimal scale: 0.80x)
[REWARD] ❌ 未检测到新血条！判定为【费用不足或CD中】，强制挂机 2.0 秒等待费用恢复！
[SILENT_LOG] [TemplateMatcher] pause_gear.png -> max conf: 0.908 (needs 0.55, optimal scale: 0.80x)
[SILENT_LOG] [TemplateMatcher] pause_gear.png -> max conf: 0.908 (needs 0.55, optimal scale: 0.80x)
[SILENT_LOG] [TemplateMatcher] pause_gear.png -> max conf: 0.908 (needs 0.55, optimal scale: 0.80x)
[SILENT_LOG] [TemplateMatcher] pause_gear.png -> max conf: 0.908 (needs 0.55, optimal scale: 0.80x)
[SILENT_LOG] [TemplateMatcher] pause_gear.png -> max conf: 0.908 (needs 0.55, optimal scale: 0.80x)
[SILENT_LOG] [TemplateMatcher] pause_gear.png -> max conf: 0.908 (needs 0.55, optimal scale: 0.80x)
[REWARD] 执行前血条数: 2 -> 最终确认血条数: 1
[REWARD] ❌ 未产生血条 (游戏拒收/高低台错位/手滑)。惩罚 -0.05

[STEP 20] 开始执行动作...
[SILENT_LOG] [TemplateMatcher] pause_gear.png -> max conf: 0.908 (needs 0.55, optimal scale: 0.80x)
[ACTION] 盲狙执行: 选卡11 -> 拖拽至(0,0) 朝向0
[SILENT_LOG] [TemplateMatcher] pause_gear.png -> max conf: 0.896 (needs 0.55, optimal scale: 0.80x)
[SILENT_LOG] [TemplateMatcher] pause_gear.png -> max conf: 0.908 (needs 0.55, optimal scale: 0.80x)
[SILENT_LOG] [TemplateMatcher] pause_gear.png -> max conf: 0.908 (needs 0.55, optimal scale: 0.80x)
[SILENT_LOG] [TemplateMatcher] pause_gear.png -> max conf: 0.908 (needs 0.55, optimal scale: 0.80x)
[SILENT_LOG] [TemplateMatcher] pause_gear.png -> max conf: 0.908 (needs 0.55, optimal scale: 0.80x)
[SILENT_LOG] [TemplateMatcher] pause_gear.png -> max conf: 0.908 (needs 0.55, optimal scale: 0.80x)
[REWARD] 动作已执行，开始 3 次心跳检测血条 (间隔 0.2s)...
[SILENT_LOG] [TemplateMatcher] pause_gear.png -> max conf: 0.908 (needs 0.55, optimal scale: 0.80x)
[SILENT_LOG] [TemplateMatcher] pause_gear.png -> max conf: 0.908 (needs 0.55, optimal scale: 0.80x)
[SILENT_LOG] [TemplateMatcher] pause_gear.png -> max conf: 0.908 (needs 0.55, optimal scale: 0.80x)
[SILENT_LOG] [TemplateMatcher] pause_gear.png -> max conf: 0.909 (needs 0.55, optimal scale: 0.80x)
[REWARD] ❌ 未检测到新血条！判定为【费用不足或CD中】，强制挂机 2.0 秒等待费用恢复！
[SILENT_LOG] [TemplateMatcher] pause_gear.png -> max conf: 0.908 (needs 0.55, optimal scale: 0.80x)
[SILENT_LOG] [TemplateMatcher] pause_gear.png -> max conf: 0.908 (needs 0.55, optimal scale: 0.80x)
[SILENT_LOG] [TemplateMatcher] pause_gear.png -> max conf: 0.908 (needs 0.55, optimal scale: 0.80x)
[SILENT_LOG] [TemplateMatcher] pause_gear.png -> max conf: 0.908 (needs 0.55, optimal scale: 0.80x)
[SILENT_LOG] [TemplateMatcher] pause_gear.png -> max conf: 0.908 (needs 0.55, optimal scale: 0.80x)
[SILENT_LOG] [TemplateMatcher] pause_gear.png -> max conf: 0.908 (needs 0.55, optimal scale: 0.80x)
[REWARD] 执行前血条数: 2 -> 最终确认血条数: 2
[REWARD] ❌ 未产生血条 (游戏拒收/高低台错位/手滑)。惩罚 -0.05

[STEP 21] 开始执行动作...
[SILENT_LOG] [TemplateMatcher] pause_gear.png -> max conf: 0.908 (needs 0.55, optimal scale: 0.80x)
[ACTION] 盲狙执行: 选卡9 -> 拖拽至(9,3) 朝向1
[SILENT_LOG] [TemplateMatcher] pause_gear.png -> max conf: 0.893 (needs 0.55, optimal scale: 0.80x)
[SILENT_LOG] [TemplateMatcher] pause_gear.png -> max conf: 0.899 (needs 0.55, optimal scale: 0.80x)
[SILENT_LOG] [TemplateMatcher] pause_gear.png -> max conf: 0.899 (needs 0.55, optimal scale: 0.80x)
[SILENT_LOG] [TemplateMatcher] pause_gear.png -> max conf: 0.908 (needs 0.55, optimal scale: 0.80x)
[SILENT_LOG] [TemplateMatcher] pause_gear.png -> max conf: 0.908 (needs 0.55, optimal scale: 0.80x)
[SILENT_LOG] [TemplateMatcher] pause_gear.png -> max conf: 0.908 (needs 0.55, optimal scale: 0.80x)
[REWARD] 动作已执行，开始 3 次心跳检测血条 (间隔 0.2s)...
[SILENT_LOG] [TemplateMatcher] pause_gear.png -> max conf: 0.908 (needs 0.55, optimal scale: 0.80x)
[SILENT_LOG] [TemplateMatcher] pause_gear.png -> max conf: 0.908 (needs 0.55, optimal scale: 0.80x)
[REWARD] ✅ 第 1 次检测命中目标干员血条！
[REWARD] 执行前血条数: 2 -> 最终确认血条数: 3
[REWARD] 🎯 完美落子！部署点靠近敌人 (距离: 211.5)，奖励 +0.5
[REWARD] 🛡️ 偏离/背对敌人！(角度: 214.9°)，微小惩罚 -0.1

[STEP 22] 开始执行动作...
[SILENT_LOG] [TemplateMatcher] pause_gear.png -> max conf: 0.908 (needs 0.55, optimal scale: 0.80x)
[ACTION] 盲狙执行: 选卡3 -> 拖拽至(9,1) 朝向3
[SILENT_LOG] [TemplateMatcher] pause_gear.png -> max conf: 0.887 (needs 0.55, optimal scale: 0.80x)
[SILENT_LOG] [TemplateMatcher] pause_gear.png -> max conf: 0.887 (needs 0.55, optimal scale: 0.80x)
[SILENT_LOG] [TemplateMatcher] pause_gear.png -> max conf: 0.886 (needs 0.55, optimal scale: 0.80x)
[SILENT_LOG] [TemplateMatcher] pause_gear.png -> max conf: 0.908 (needs 0.55, optimal scale: 0.80x)
[SILENT_LOG] [TemplateMatcher] pause_gear.png -> max conf: 0.908 (needs 0.55, optimal scale: 0.80x)
[SILENT_LOG] [TemplateMatcher] pause_gear.png -> max conf: 0.908 (needs 0.55, optimal scale: 0.80x)
[REWARD] 动作已执行，开始 3 次心跳检测血条 (间隔 0.2s)...
[SILENT_LOG] [TemplateMatcher] pause_gear.png -> max conf: 0.908 (needs 0.55, optimal scale: 0.80x)
[SILENT_LOG] [TemplateMatcher] pause_gear.png -> max conf: 0.908 (needs 0.55, optimal scale: 0.80x)
[REWARD] ✅ 第 1 次检测命中目标干员血条！
[REWARD] 执行前血条数: 3 -> 最终确认血条数: 4
[REWARD] 场上暂无移动目标，仅发放基础部署奖励 +1.0

[STEP 23] 开始执行动作...
[ACTION] 盲狙执行: 选卡1 -> 拖拽至(9,3) 朝向0
[SILENT_LOG] [TemplateMatcher] pause_gear.png -> max conf: 0.908 (needs 0.55, optimal scale: 0.80x)
[SILENT_LOG] [TemplateMatcher] pause_gear.png -> max conf: 0.885 (needs 0.55, optimal scale: 0.80x)
[SILENT_LOG] [TemplateMatcher] pause_gear.png -> max conf: 0.908 (needs 0.55, optimal scale: 0.80x)
[SILENT_LOG] [TemplateMatcher] pause_gear.png -> max conf: 0.908 (needs 0.55, optimal scale: 0.80x)
[SILENT_LOG] [TemplateMatcher] pause_gear.png -> max conf: 0.908 (needs 0.55, optimal scale: 0.80x)
[SILENT_LOG] [TemplateMatcher] pause_gear.png -> max conf: 0.908 (needs 0.55, optimal scale: 0.80x)
[SILENT_LOG] [TemplateMatcher] pause_gear.png -> max conf: 0.908 (needs 0.55, optimal scale: 0.80x)
[REWARD] 动作已执行，开始 3 次心跳检测血条 (间隔 0.2s)...
[SILENT_LOG] [TemplateMatcher] pause_gear.png -> max conf: 0.908 (needs 0.55, optimal scale: 0.80x)
[SILENT_LOG] [TemplateMatcher] pause_gear.png -> max conf: 0.908 (needs 0.55, optimal scale: 0.80x)
[SILENT_LOG] [TemplateMatcher] pause_gear.png -> max conf: 0.908 (needs 0.55, optimal scale: 0.80x)
[SILENT_LOG] [TemplateMatcher] pause_gear.png -> max conf: 0.908 (needs 0.55, optimal scale: 0.80x)
[REWARD] ❌ 未检测到新血条！判定为【费用不足或CD中】，强制挂机 2.0 秒等待费用恢复！
[SILENT_LOG] [TemplateMatcher] pause_gear.png -> max conf: 0.908 (needs 0.55, optimal scale: 0.80x)
[SILENT_LOG] [TemplateMatcher] pause_gear.png -> max conf: 0.908 (needs 0.55, optimal scale: 0.80x)
[SILENT_LOG] [TemplateMatcher] pause_gear.png -> max conf: 0.908 (needs 0.55, optimal scale: 0.80x)
[SILENT_LOG] [TemplateMatcher] pause_gear.png -> max conf: 0.908 (needs 0.55, optimal scale: 0.80x)
[SILENT_LOG] [TemplateMatcher] pause_gear.png -> max conf: 0.908 (needs 0.55, optimal scale: 0.80x)
[SILENT_LOG] [TemplateMatcher] pause_gear.png -> max conf: 0.908 (needs 0.55, optimal scale: 0.80x)
[REWARD] 执行前血条数: 4 -> 最终确认血条数: 4
[REWARD] ❌ 未产生血条 (游戏拒收/高低台错位/手滑)。惩罚 -0.05

[STEP 24] 开始执行动作...
[SILENT_LOG] [TemplateMatcher] pause_gear.png -> max conf: 0.908 (needs 0.55, optimal scale: 0.80x)
[ACTION] 盲狙执行: 选卡6 -> 拖拽至(5,2) 朝向0
[SILENT_LOG] [TemplateMatcher] pause_gear.png -> max conf: 0.890 (needs 0.55, optimal scale: 0.80x)
[SILENT_LOG] [TemplateMatcher] pause_gear.png -> max conf: 0.908 (needs 0.55, optimal scale: 0.80x)
[SILENT_LOG] [TemplateMatcher] pause_gear.png -> max conf: 0.908 (needs 0.55, optimal scale: 0.80x)
[SILENT_LOG] [TemplateMatcher] pause_gear.png -> max conf: 0.908 (needs 0.55, optimal scale: 0.80x)
[SILENT_LOG] [TemplateMatcher] pause_gear.png -> max conf: 0.908 (needs 0.55, optimal scale: 0.80x)
[SILENT_LOG] [TemplateMatcher] pause_gear.png -> max conf: 0.908 (needs 0.55, optimal scale: 0.80x)
[REWARD] 动作已执行，开始 3 次心跳检测血条 (间隔 0.2s)...
[SILENT_LOG] [TemplateMatcher] pause_gear.png -> max conf: 0.908 (needs 0.55, optimal scale: 0.80x)
[SILENT_LOG] [TemplateMatcher] pause_gear.png -> max conf: 0.908 (needs 0.55, optimal scale: 0.80x)
[SILENT_LOG] [TemplateMatcher] pause_gear.png -> max conf: 0.908 (needs 0.55, optimal scale: 0.80x)
[SILENT_LOG] [TemplateMatcher] pause_gear.png -> max conf: 0.908 (needs 0.55, optimal scale: 0.80x)
[SILENT_LOG] [TemplateMatcher] pause_gear.png -> max conf: 0.908 (needs 0.55, optimal scale: 0.80x)
[REWARD] ❌ 未检测到新血条！判定为【费用不足或CD中】，强制挂机 2.0 秒等待费用恢复！
[SILENT_LOG] [TemplateMatcher] pause_gear.png -> max conf: 0.908 (needs 0.55, optimal scale: 0.80x)
[SILENT_LOG] [TemplateMatcher] pause_gear.png -> max conf: 0.908 (needs 0.55, optimal scale: 0.80x)
[SILENT_LOG] [TemplateMatcher] pause_gear.png -> max conf: 0.908 (needs 0.55, optimal scale: 0.80x)
[SILENT_LOG] [TemplateMatcher] pause_gear.png -> max conf: 0.908 (needs 0.55, optimal scale: 0.80x)
[SILENT_LOG] [TemplateMatcher] pause_gear.png -> max conf: 0.908 (needs 0.55, optimal scale: 0.80x)
[REWARD] 执行前血条数: 4 -> 最终确认血条数: 4
[REWARD] ❌ 未产生血条 (游戏拒收/高低台错位/手滑)。惩罚 -0.05

[STEP 25] 开始执行动作...
[SILENT_LOG] [TemplateMatcher] pause_gear.png -> max conf: 0.908 (needs 0.55, optimal scale: 0.80x)
[ACTION] 盲狙执行: 选卡11 -> 拖拽至(7,2) 朝向1
[SILENT_LOG] [TemplateMatcher] pause_gear.png -> max conf: 0.557 (needs 0.55, optimal scale: 0.80x)
[SILENT_LOG] [TemplateMatcher] pause_gear.png -> max conf: 0.677 (needs 0.55, optimal scale: 0.80x)
[SILENT_LOG] [TemplateMatcher] pause_gear.png -> max conf: 0.000 (needs 0.55, optimal scale: 0.80x)
[SILENT_LOG] [TemplateMatcher] pause_gear.png -> max conf: 0.000 (needs 0.55, optimal scale: 0.80x)

[MONITOR] 🚨 后台紧急熔断：连续 2 次未见右上角齿轮，战斗结束！
[REWARD] 动作已执行，开始 3 次心跳检测血条 (间隔 0.2s)...
[REWARD] ❌ 未检测到新血条！判定为【费用不足或CD中】，强制挂机 2.0 秒等待费用恢复！
[REWARD] 执行前血条数: 4 -> 最终确认血条数: 0
[REWARD] ❌ 未产生血条 (游戏拒收/高低台错位/手滑)。惩罚 -0.05
[ENV] 🚨 后台监视器触发熔断，本回合正式结束！

================= 回合结束，开始自动重启关卡 =================
[TemplateMatcher] pause_gear.png -> max conf: 0.000 (needs 0.7, optimal scale: 0.80x)
[DEBUG] 未匹配 [pause_gear] (要求阈值 0.7)
[TemplateMatcher] start_action.png -> max conf: 0.000 (needs 0.43, optimal scale: 0.80x)
[DEBUG] 未匹配 [start_action] (要求阈值 0.43)
[TemplateMatcher] practice.png -> max conf: 0.000 (needs 0.5, optimal scale: 0.80x)
[DEBUG] 未匹配 [practice] (要求阈值 0.5)
[TemplateMatcher] stage_1_7.png -> max conf: 0.000 (needs 0.5, optimal scale: 0.80x)
[DEBUG] 未匹配 [stage_1_7] (要求阈值 0.5)
[RESET] 尝试跳过动画/寻找入口... (尝试 1/100)
[TemplateMatcher] pause_gear.png -> max conf: 0.618 (needs 0.7, optimal scale: 0.80x)
[DEBUG] 未匹配 [pause_gear] (要求阈值 0.7)
[TemplateMatcher] start_action.png -> max conf: 0.063 (needs 0.43, optimal scale: 0.80x)
[DEBUG] 未匹配 [start_action] (要求阈值 0.43)
[TemplateMatcher] practice.png -> max conf: 0.606 (needs 0.5, optimal scale: 1.15x)
[RESET] 找到 [practice] (置信度 0.61 >= 0.5)，点击 (1054, 679)
[RESET] 点击演习按钮
[TemplateMatcher] pause_gear.png -> max conf: 0.618 (needs 0.7, optimal scale: 0.80x)
[DEBUG] 未匹配 [pause_gear] (要求阈值 0.7)
[TemplateMatcher] start_action.png -> max conf: 0.063 (needs 0.43, optimal scale: 0.80x)
[DEBUG] 未匹配 [start_action] (要求阈值 0.43)
[TemplateMatcher] practice.png -> max conf: 0.606 (needs 0.5, optimal scale: 1.15x)
[RESET] 找到 [practice] (置信度 0.61 >= 0.5)，点击 (1054, 679)
[RESET] 点击演习按钮
[TemplateMatcher] pause_gear.png -> max conf: 0.490 (needs 0.7, optimal scale: 0.80x)
[DEBUG] 未匹配 [pause_gear] (要求阈值 0.7)
[TemplateMatcher] start_action.png -> max conf: -0.018 (needs 0.43, optimal scale: 0.80x)
[DEBUG] 未匹配 [start_action] (要求阈值 0.43)
[TemplateMatcher] practice.png -> max conf: 0.522 (needs 0.5, optimal scale: 0.80x)
[RESET] 找到 [practice] (置信度 0.52 >= 0.5)，点击 (533, 603)
[RESET] 点击演习按钮
[TemplateMatcher] pause_gear.png -> max conf: 0.490 (needs 0.7, optimal scale: 0.80x)
[DEBUG] 未匹配 [pause_gear] (要求阈值 0.7)
[TemplateMatcher] start_action.png -> max conf: -0.018 (needs 0.43, optimal scale: 0.80x)
[DEBUG] 未匹配 [start_action] (要求阈值 0.43)
[TemplateMatcher] practice.png -> max conf: 0.522 (needs 0.5, optimal scale: 0.80x)
[RESET] 找到 [practice] (置信度 0.52 >= 0.5)，点击 (533, 603)
[RESET] 点击演习按钮
[TemplateMatcher] pause_gear.png -> max conf: 0.490 (needs 0.7, optimal scale: 0.80x)
[DEBUG] 未匹配 [pause_gear] (要求阈值 0.7)
[TemplateMatcher] start_action.png -> max conf: -0.018 (needs 0.43, optimal scale: 0.80x)
[DEBUG] 未匹配 [start_action] (要求阈值 0.43)
[TemplateMatcher] practice.png -> max conf: 0.522 (needs 0.5, optimal scale: 0.80x)
[RESET] 找到 [practice] (置信度 0.52 >= 0.5)，点击 (533, 603)
[RESET] 点击演习按钮
[TemplateMatcher] pause_gear.png -> max conf: 0.466 (needs 0.7, optimal scale: 0.90x)
[DEBUG] 未匹配 [pause_gear] (要求阈值 0.7)
[TemplateMatcher] start_action.png -> max conf: 0.027 (needs 0.43, optimal scale: 0.80x)
[DEBUG] 未匹配 [start_action] (要求阈值 0.43)
[TemplateMatcher] practice.png -> max conf: 0.489 (needs 0.5, optimal scale: 0.85x)
[DEBUG] 未匹配 [practice] (要求阈值 0.5)
[TemplateMatcher] stage_1_7.png -> max conf: 0.712 (needs 0.5, optimal scale: 0.80x)
[RESET] 找到 [stage_1_7] (置信度 0.71 >= 0.5)，点击 (638, 224)
[RESET] 点击关卡 1-7 图标
[TemplateMatcher] pause_gear.png -> max conf: 0.612 (needs 0.7, optimal scale: 1.10x)
[DEBUG] 未匹配 [pause_gear] (要求阈值 0.7)
[TemplateMatcher] start_action.png -> max conf: 0.103 (needs 0.43, optimal scale: 0.80x)
[DEBUG] 未匹配 [start_action] (要求阈值 0.43)
[TemplateMatcher] practice.png -> max conf: 0.687 (needs 0.5, optimal scale: 0.80x)
[RESET] 找到 [practice] (置信度 0.69 >= 0.5)，点击 (935, 660)
[RESET] 点击演习按钮
[TemplateMatcher] pause_gear.png -> max conf: 0.470 (needs 0.7, optimal scale: 1.05x)
[DEBUG] 未匹配 [pause_gear] (要求阈值 0.7)
[TemplateMatcher] start_action.png -> max conf: 0.431 (needs 0.43, optimal scale: 0.80x)
[RESET] 找到 [start_action] (置信度 0.43 >= 0.43)，点击 (1101, 516)
[RESET] 点击开始行动，进入加载...
[TemplateMatcher] pause_gear.png -> max conf: 0.000 (needs 0.7, optimal scale: 0.80x)
[DEBUG] 未匹配 [pause_gear] (要求阈值 0.7)
[TemplateMatcher] start_action.png -> max conf: 0.000 (needs 0.43, optimal scale: 0.80x)
[DEBUG] 未匹配 [start_action] (要求阈值 0.43)
[TemplateMatcher] practice.png -> max conf: 0.000 (needs 0.5, optimal scale: 0.80x)
[DEBUG] 未匹配 [practice] (要求阈值 0.5)
[TemplateMatcher] stage_1_7.png -> max conf: 0.000 (needs 0.5, optimal scale: 0.80x)
[DEBUG] 未匹配 [stage_1_7] (要求阈值 0.5)
[RESET] 尝试跳过动画/寻找入口... (尝试 10/100)
[TemplateMatcher] pause_gear.png -> max conf: 0.000 (needs 0.7, optimal scale: 0.80x)
[DEBUG] 未匹配 [pause_gear] (要求阈值 0.7)
[TemplateMatcher] start_action.png -> max conf: 0.000 (needs 0.43, optimal scale: 0.80x)
[DEBUG] 未匹配 [start_action] (要求阈值 0.43)
[TemplateMatcher] practice.png -> max conf: 0.000 (needs 0.5, optimal scale: 0.80x)
[DEBUG] 未匹配 [practice] (要求阈值 0.5)
[TemplateMatcher] stage_1_7.png -> max conf: 0.000 (needs 0.5, optimal scale: 0.80x)
[DEBUG] 未匹配 [stage_1_7] (要求阈值 0.5)
[RESET] 尝试跳过动画/寻找入口... (尝试 11/100)
[TemplateMatcher] pause_gear.png -> max conf: 0.000 (needs 0.7, optimal scale: 0.80x)
[DEBUG] 未匹配 [pause_gear] (要求阈值 0.7)
[TemplateMatcher] start_action.png -> max conf: 0.000 (needs 0.43, optimal scale: 0.80x)
[DEBUG] 未匹配 [start_action] (要求阈值 0.43)
[TemplateMatcher] practice.png -> max conf: 0.000 (needs 0.5, optimal scale: 0.80x)
[DEBUG] 未匹配 [practice] (要求阈值 0.5)
[TemplateMatcher] stage_1_7.png -> max conf: 0.000 (needs 0.5, optimal scale: 0.80x)
[DEBUG] 未匹配 [stage_1_7] (要求阈值 0.5)
[RESET] 尝试跳过动画/寻找入口... (尝试 12/100)
[TemplateMatcher] pause_gear.png -> max conf: 0.000 (needs 0.7, optimal scale: 0.80x)
[DEBUG] 未匹配 [pause_gear] (要求阈值 0.7)
[TemplateMatcher] start_action.png -> max conf: 0.000 (needs 0.43, optimal scale: 0.80x)
[DEBUG] 未匹配 [start_action] (要求阈值 0.43)
[TemplateMatcher] practice.png -> max conf: 0.000 (needs 0.5, optimal scale: 0.80x)
[DEBUG] 未匹配 [practice] (要求阈值 0.5)
[TemplateMatcher] stage_1_7.png -> max conf: 0.000 (needs 0.5, optimal scale: 0.80x)
[DEBUG] 未匹配 [stage_1_7] (要求阈值 0.5)
[RESET] 尝试跳过动画/寻找入口... (尝试 13/100)
[TemplateMatcher] pause_gear.png -> max conf: 0.511 (needs 0.7, optimal scale: 1.20x)
[DEBUG] 未匹配 [pause_gear] (要求阈值 0.7)
[TemplateMatcher] start_action.png -> max conf: -0.052 (needs 0.43, optimal scale: 0.80x)
[DEBUG] 未匹配 [start_action] (要求阈值 0.43)
[TemplateMatcher] practice.png -> max conf: 0.379 (needs 0.5, optimal scale: 0.90x)
[DEBUG] 未匹配 [practice] (要求阈值 0.5)
[TemplateMatcher] stage_1_7.png -> max conf: 0.411 (needs 0.5, optimal scale: 0.90x)
[DEBUG] 未匹配 [stage_1_7] (要求阈值 0.5)
[RESET] 尝试跳过动画/寻找入口... (尝试 14/100)
[TemplateMatcher] pause_gear.png -> max conf: 0.511 (needs 0.7, optimal scale: 1.20x)
[DEBUG] 未匹配 [pause_gear] (要求阈值 0.7)
[TemplateMatcher] start_action.png -> max conf: -0.052 (needs 0.43, optimal scale: 0.80x)
[DEBUG] 未匹配 [start_action] (要求阈值 0.43)
[TemplateMatcher] practice.png -> max conf: 0.379 (needs 0.5, optimal scale: 0.90x)
[DEBUG] 未匹配 [practice] (要求阈值 0.5)
[TemplateMatcher] stage_1_7.png -> max conf: 0.411 (needs 0.5, optimal scale: 0.90x)
[DEBUG] 未匹配 [stage_1_7] (要求阈值 0.5)
[RESET] 尝试跳过动画/寻找入口... (尝试 15/100)
[TemplateMatcher] pause_gear.png -> max conf: 0.215 (needs 0.7, optimal scale: 1.20x)
[DEBUG] 未匹配 [pause_gear] (要求阈值 0.7)
[TemplateMatcher] start_action.png -> max conf: 0.210 (needs 0.43, optimal scale: 0.80x)
[DEBUG] 未匹配 [start_action] (要求阈值 0.43)
[TemplateMatcher] practice.png -> max conf: 0.372 (needs 0.5, optimal scale: 0.80x)
[DEBUG] 未匹配 [practice] (要求阈值 0.5)
[TemplateMatcher] stage_1_7.png -> max conf: 0.271 (needs 0.5, optimal scale: 0.80x)
[DEBUG] 未匹配 [stage_1_7] (要求阈值 0.5)
[RESET] 尝试跳过动画/寻找入口... (尝试 16/100)
[TemplateMatcher] pause_gear.png -> max conf: 0.211 (needs 0.7, optimal scale: 1.05x)
[DEBUG] 未匹配 [pause_gear] (要求阈值 0.7)
[TemplateMatcher] start_action.png -> max conf: 0.187 (needs 0.43, optimal scale: 0.80x)
[DEBUG] 未匹配 [start_action] (要求阈值 0.43)
[TemplateMatcher] practice.png -> max conf: 0.297 (needs 0.5, optimal scale: 0.80x)
[DEBUG] 未匹配 [practice] (要求阈值 0.5)
[TemplateMatcher] stage_1_7.png -> max conf: 0.277 (needs 0.5, optimal scale: 0.85x)
[DEBUG] 未匹配 [stage_1_7] (要求阈值 0.5)
[RESET] 尝试跳过动画/寻找入口... (尝试 17/100)
[TemplateMatcher] pause_gear.png -> max conf: 0.778 (needs 0.7, optimal scale: 0.80x)
[RESET] 找到 [pause_gear] (置信度 0.78 >= 0.7)，(仅检测，不点击)
[RESET] ✅ 检测到战斗画面右上角齿轮，重启成功！
================= 关卡重启流程结束 =================

[ENV] 🛡️ 战斗全局异步监视器已启动...
[SILENT_LOG] [TemplateMatcher] pause_gear.png -> max conf: 0.908 (needs 0.55, optimal scale: 0.80x)
--> [回合结束] 第 9 回合 | 奖励: 4.6 | 步数: 25

[STEP 1] 开始执行动作...
[ACTION] 盲狙执行: 选卡10 -> 拖拽至(0,2) 朝向3
[SILENT_LOG] [TemplateMatcher] pause_gear.png -> max conf: 0.908 (needs 0.55, optimal scale: 0.80x)
[SILENT_LOG] [TemplateMatcher] pause_gear.png -> max conf: 0.908 (needs 0.55, optimal scale: 0.80x)
[SILENT_LOG] [TemplateMatcher] pause_gear.png -> max conf: 0.908 (needs 0.55, optimal scale: 0.80x)
[SILENT_LOG] [TemplateMatcher] pause_gear.png -> max conf: 0.908 (needs 0.55, optimal scale: 0.80x)
[SILENT_LOG] [TemplateMatcher] pause_gear.png -> max conf: 0.908 (needs 0.55, optimal scale: 0.80x)
[SILENT_LOG] [TemplateMatcher] pause_gear.png -> max conf: 0.908 (needs 0.55, optimal scale: 0.80x)
[SILENT_LOG] [TemplateMatcher] pause_gear.png -> max conf: 0.908 (needs 0.55, optimal scale: 0.80x)
[REWARD] 动作已执行，开始 3 次心跳检测血条 (间隔 0.2s)...
[SILENT_LOG] [TemplateMatcher] pause_gear.png -> max conf: 0.908 (needs 0.55, optimal scale: 0.80x)
[SILENT_LOG] [TemplateMatcher] pause_gear.png -> max conf: 0.908 (needs 0.55, optimal scale: 0.80x)
[SILENT_LOG] [TemplateMatcher] pause_gear.png -> max conf: 0.908 (needs 0.55, optimal scale: 0.80x)
[SILENT_LOG] [TemplateMatcher] pause_gear.png -> max conf: 0.908 (needs 0.55, optimal scale: 0.80x)
[REWARD] ❌ 未检测到新血条！判定为【费用不足或CD中】，强制挂机 2.0 秒等待费用恢复！
[SILENT_LOG] [TemplateMatcher] pause_gear.png -> max conf: 0.908 (needs 0.55, optimal scale: 0.80x)
[SILENT_LOG] [TemplateMatcher] pause_gear.png -> max conf: 0.908 (needs 0.55, optimal scale: 0.80x)
[SILENT_LOG] [TemplateMatcher] pause_gear.png -> max conf: 0.908 (needs 0.55, optimal scale: 0.80x)
[SILENT_LOG] [TemplateMatcher] pause_gear.png -> max conf: 0.908 (needs 0.55, optimal scale: 0.80x)
[SILENT_LOG] [TemplateMatcher] pause_gear.png -> max conf: 0.908 (needs 0.55, optimal scale: 0.80x)
[SILENT_LOG] [TemplateMatcher] pause_gear.png -> max conf: 0.908 (needs 0.55, optimal scale: 0.80x)
[REWARD] 执行前血条数: 0 -> 最终确认血条数: 0
[REWARD] ❌ 未产生血条 (游戏拒收/高低台错位/手滑)。惩罚 -0.05

[STEP 2] 开始执行动作...
[SILENT_LOG] [TemplateMatcher] pause_gear.png -> max conf: 0.908 (needs 0.55, optimal scale: 0.80x)
[ACTION] 盲狙执行: 选卡7 -> 拖拽至(9,4) 朝向1
[SILENT_LOG] [TemplateMatcher] pause_gear.png -> max conf: 0.888 (needs 0.55, optimal scale: 0.80x)
[SILENT_LOG] [TemplateMatcher] pause_gear.png -> max conf: 0.888 (needs 0.55, optimal scale: 0.80x)
[SILENT_LOG] [TemplateMatcher] pause_gear.png -> max conf: 0.887 (needs 0.55, optimal scale: 0.80x)
[SILENT_LOG] [TemplateMatcher] pause_gear.png -> max conf: 0.908 (needs 0.55, optimal scale: 0.80x)
[SILENT_LOG] [TemplateMatcher] pause_gear.png -> max conf: 0.908 (needs 0.55, optimal scale: 0.80x)
[SILENT_LOG] [TemplateMatcher] pause_gear.png -> max conf: 0.908 (needs 0.55, optimal scale: 0.80x)
[REWARD] 动作已执行，开始 3 次心跳检测血条 (间隔 0.2s)...
[SILENT_LOG] [TemplateMatcher] pause_gear.png -> max conf: 0.908 (needs 0.55, optimal scale: 0.80x)
[REWARD] ✅ 第 1 次检测命中目标干员血条！
[SILENT_LOG] [TemplateMatcher] pause_gear.png -> max conf: 0.908 (needs 0.55, optimal scale: 0.80x)
[REWARD] 执行前血条数: 0 -> 最终确认血条数: 1
[REWARD] 场上暂无移动目标，仅发放基础部署奖励 +1.0

[STEP 3] 开始执行动作...
[ACTION MASKING] ⛔ 警告：手牌 7 亮度过低(无费/CD中)！代码直接拦截，不执行拖拽！
[SILENT_LOG] [TemplateMatcher] pause_gear.png -> max conf: 0.908 (needs 0.55, optimal scale: 0.80x)
[REWARD] 执行前血条数: 1 -> 最终确认血条数: 0
[REWARD] ⛔ 动作被拦截 (非法地形/没钱/有人)。惩罚 -0.05 (连续无作为: 1次)

[STEP 4] 开始执行动作...
[ACTION MASKING] ⛔ 警告：手牌 6 亮度过低(无费/CD中)！代码直接拦截，不执行拖拽！
[SILENT_LOG] [TemplateMatcher] pause_gear.png -> max conf: 0.908 (needs 0.55, optimal scale: 0.80x)
[REWARD] 执行前血条数: 1 -> 最终确认血条数: 0
[REWARD] ⛔ 动作被拦截 (非法地形/没钱/有人)。惩罚 -0.05 (连续无作为: 2次)

[STEP 5] 开始执行动作...
[ACTION MASKING] ⛔ 警告：手牌 9 亮度过低(无费/CD中)！代码直接拦截，不执行拖拽！
[SILENT_LOG] [TemplateMatcher] pause_gear.png -> max conf: 0.908 (needs 0.55, optimal scale: 0.80x)
[REWARD] 执行前血条数: 1 -> 最终确认血条数: 0
[REWARD] ⛔ 动作被拦截 (非法地形/没钱/有人)。惩罚 -0.05 (连续无作为: 3次)

[STEP 6] 开始执行动作...
[SILENT_LOG] [TemplateMatcher] pause_gear.png -> max conf: 0.908 (needs 0.55, optimal scale: 0.80x)
[ACTION MASKING] ⛔ 警告：手牌 0 亮度过低(无费/CD中)！代码直接拦截，不执行拖拽！
[REWARD] 执行前血条数: 1 -> 最终确认血条数: 0
[REWARD] ⛔ 动作被拦截 (非法地形/没钱/有人)。惩罚 -0.05 (连续无作为: 4次)

[STEP 7] 开始执行动作...
[SILENT_LOG] [TemplateMatcher] pause_gear.png -> max conf: 0.908 (needs 0.55, optimal scale: 0.80x)
[ACTION] 盲狙执行: 选卡11 -> 拖拽至(9,2) 朝向2
[SILENT_LOG] [TemplateMatcher] pause_gear.png -> max conf: 0.908 (needs 0.55, optimal scale: 0.80x)
[SILENT_LOG] [TemplateMatcher] pause_gear.png -> max conf: 0.908 (needs 0.55, optimal scale: 0.80x)
[SILENT_LOG] [TemplateMatcher] pause_gear.png -> max conf: 0.908 (needs 0.55, optimal scale: 0.80x)
[SILENT_LOG] [TemplateMatcher] pause_gear.png -> max conf: 0.908 (needs 0.55, optimal scale: 0.80x)
[SILENT_LOG] [TemplateMatcher] pause_gear.png -> max conf: 0.909 (needs 0.55, optimal scale: 0.80x)
[SILENT_LOG] [TemplateMatcher] pause_gear.png -> max conf: 0.908 (needs 0.55, optimal scale: 0.80x)
[REWARD] 动作已执行，开始 3 次心跳检测血条 (间隔 0.2s)...
[SILENT_LOG] [TemplateMatcher] pause_gear.png -> max conf: 0.908 (needs 0.55, optimal scale: 0.80x)
[SILENT_LOG] [TemplateMatcher] pause_gear.png -> max conf: 0.908 (needs 0.55, optimal scale: 0.80x)
[SILENT_LOG] [TemplateMatcher] pause_gear.png -> max conf: 0.908 (needs 0.55, optimal scale: 0.80x)
[SILENT_LOG] [TemplateMatcher] pause_gear.png -> max conf: 0.908 (needs 0.55, optimal scale: 0.80x)
[REWARD] ❌ 未检测到新血条！判定为【费用不足或CD中】，强制挂机 2.0 秒等待费用恢复！
[SILENT_LOG] [TemplateMatcher] pause_gear.png -> max conf: 0.908 (needs 0.55, optimal scale: 0.80x)
[SILENT_LOG] [TemplateMatcher] pause_gear.png -> max conf: 0.908 (needs 0.55, optimal scale: 0.80x)
[SILENT_LOG] [TemplateMatcher] pause_gear.png -> max conf: 0.908 (needs 0.55, optimal scale: 0.80x)
[SILENT_LOG] [TemplateMatcher] pause_gear.png -> max conf: 0.908 (needs 0.55, optimal scale: 0.80x)
[SILENT_LOG] [TemplateMatcher] pause_gear.png -> max conf: 0.908 (needs 0.55, optimal scale: 0.80x)
[REWARD] 执行前血条数: 1 -> 最终确认血条数: 1
[REWARD] ❌ 未产生血条 (游戏拒收/高低台错位/手滑)。惩罚 -0.05

[STEP 8] 开始执行动作...
[SILENT_LOG] [TemplateMatcher] pause_gear.png -> max conf: 0.908 (needs 0.55, optimal scale: 0.80x)
[ACTION] 盲狙执行: 选卡3 -> 拖拽至(6,3) 朝向0
[SILENT_LOG] [TemplateMatcher] pause_gear.png -> max conf: 0.888 (needs 0.55, optimal scale: 0.80x)
[SILENT_LOG] [TemplateMatcher] pause_gear.png -> max conf: 0.888 (needs 0.55, optimal scale: 0.80x)
[SILENT_LOG] [TemplateMatcher] pause_gear.png -> max conf: 0.888 (needs 0.55, optimal scale: 0.80x)
[SILENT_LOG] [TemplateMatcher] pause_gear.png -> max conf: 0.908 (needs 0.55, optimal scale: 0.80x)
[SILENT_LOG] [TemplateMatcher] pause_gear.png -> max conf: 0.908 (needs 0.55, optimal scale: 0.80x)
[SILENT_LOG] [TemplateMatcher] pause_gear.png -> max conf: 0.908 (needs 0.55, optimal scale: 0.80x)
[REWARD] 动作已执行，开始 3 次心跳检测血条 (间隔 0.2s)...
[SILENT_LOG] [TemplateMatcher] pause_gear.png -> max conf: 0.908 (needs 0.55, optimal scale: 0.80x)
[SILENT_LOG] [TemplateMatcher] pause_gear.png -> max conf: 0.908 (needs 0.55, optimal scale: 0.80x)
[REWARD] ✅ 第 1 次检测命中目标干员血条！
[REWARD] 执行前血条数: 1 -> 最终确认血条数: 2
[REWARD] 🎯 完美落子！部署点靠近敌人 (距离: 208.3)，奖励 +0.5
[REWARD] 🛡️ 偏离/背对敌人！(角度: 324.8°)，微小惩罚 -0.1

[STEP 9] 开始执行动作...
[ACTION MASKING] ⛔ 警告：手牌 1 亮度过低(无费/CD中)！代码直接拦截，不执行拖拽！
[SILENT_LOG] [TemplateMatcher] pause_gear.png -> max conf: 0.908 (needs 0.55, optimal scale: 0.80x)
[REWARD] 执行前血条数: 2 -> 最终确认血条数: 0
[REWARD] ⛔ 动作被拦截 (非法地形/没钱/有人)。惩罚 -0.05 (连续无作为: 1次)

[STEP 10] 开始执行动作...
[ACTION MASKING] ⛔ 警告：手牌 9 亮度过低(无费/CD中)！代码直接拦截，不执行拖拽！
[SILENT_LOG] [TemplateMatcher] pause_gear.png -> max conf: 0.908 (needs 0.55, optimal scale: 0.80x)
[REWARD] 执行前血条数: 2 -> 最终确认血条数: 0
[REWARD] ⛔ 动作被拦截 (非法地形/没钱/有人)。惩罚 -0.05 (连续无作为: 2次)

[STEP 11] 开始执行动作...
[SILENT_LOG] [TemplateMatcher] pause_gear.png -> max conf: 0.908 (needs 0.55, optimal scale: 0.80x)
[ACTION MASKING] ⛔ 警告：手牌 2 亮度过低(无费/CD中)！代码直接拦截，不执行拖拽！
[REWARD] 执行前血条数: 2 -> 最终确认血条数: 0
[REWARD] ⛔ 动作被拦截 (非法地形/没钱/有人)。惩罚 -0.05 (连续无作为: 3次)
[SAVE] 自动保存进度 (Step 240) -> policy_latest.zip

[STEP 12] 开始执行动作...
[SILENT_LOG] [TemplateMatcher] pause_gear.png -> max conf: 0.908 (needs 0.55, optimal scale: 0.80x)
[ACTION MASKING] ⛔ 警告：手牌 1 亮度过低(无费/CD中)！代码直接拦截，不执行拖拽！
[REWARD] 执行前血条数: 2 -> 最终确认血条数: 0
[REWARD] ⛔ 动作被拦截 (非法地形/没钱/有人)。惩罚 -0.05 (连续无作为: 4次)

[STEP 13] 开始执行动作...
[SILENT_LOG] [TemplateMatcher] pause_gear.png -> max conf: 0.908 (needs 0.55, optimal scale: 0.80x)
[ACTION MASKING] ⛔ 警告：手牌 0 亮度过低(无费/CD中)！代码直接拦截，不执行拖拽！
[SILENT_LOG] [TemplateMatcher] pause_gear.png -> max conf: 0.908 (needs 0.55, optimal scale: 0.80x)
[REWARD] 执行前血条数: 2 -> 最终确认血条数: 0
[REWARD] ⛔ 动作被拦截 (非法地形/没钱/有人)。惩罚 -0.05 (连续无作为: 5次)

[STEP 14] 开始执行动作...
[ACTION MASKING] ⛔ 警告：手牌 3 亮度过低(无费/CD中)！代码直接拦截，不执行拖拽！
[SILENT_LOG] [TemplateMatcher] pause_gear.png -> max conf: 0.908 (needs 0.55, optimal scale: 0.80x)
[REWARD] 执行前血条数: 2 -> 最终确认血条数: 0
[REWARD] ⛔ 动作被拦截 (非法地形/没钱/有人)。惩罚 -0.05 (连续无作为: 6次)

[STEP 15] 开始执行动作...
[SILENT_LOG] [TemplateMatcher] pause_gear.png -> max conf: 0.907 (needs 0.55, optimal scale: 0.80x)
[ACTION MASKING] ⛔ 警告：手牌 9 亮度过低(无费/CD中)！代码直接拦截，不执行拖拽！
[REWARD] 执行前血条数: 2 -> 最终确认血条数: 0
[REWARD] ⛔ 动作被拦截 (非法地形/没钱/有人)。惩罚 -0.05 (连续无作为: 7次)

[STEP 16] 开始执行动作...
[SILENT_LOG] [TemplateMatcher] pause_gear.png -> max conf: 0.908 (needs 0.55, optimal scale: 0.80x)
[ACTION MASKING] ⛔ 警告：手牌 2 亮度过低(无费/CD中)！代码直接拦截，不执行拖拽！
[REWARD] 执行前血条数: 2 -> 最终确认血条数: 0
[REWARD] ⛔ 动作被拦截 (非法地形/没钱/有人)。惩罚 -0.05 (连续无作为: 8次)

[STEP 17] 开始执行动作...
[SILENT_LOG] [TemplateMatcher] pause_gear.png -> max conf: 0.908 (needs 0.55, optimal scale: 0.80x)
[ACTION MASKING] ⛔ 警告：手牌 0 亮度过低(无费/CD中)！代码直接拦截，不执行拖拽！
[REWARD] 执行前血条数: 2 -> 最终确认血条数: 0
[REWARD] ⛔ 动作被拦截 (非法地形/没钱/有人)。惩罚 -0.05 (连续无作为: 9次)

[STEP 18] 开始执行动作...
[SILENT_LOG] [TemplateMatcher] pause_gear.png -> max conf: 0.908 (needs 0.55, optimal scale: 0.80x)
[ACTION MASKING] ⛔ 警告：手牌 7 亮度过低(无费/CD中)！代码直接拦截，不执行拖拽！
[REWARD] 执行前血条数: 2 -> 最终确认血条数: 0
[REWARD] ⛔ 动作被拦截 (非法地形/没钱/有人)。惩罚 -0.05 (连续无作为: 10次)

[STEP 19] 开始执行动作...
[SILENT_LOG] [TemplateMatcher] pause_gear.png -> max conf: 0.908 (needs 0.55, optimal scale: 0.80x)
[ACTION MASKING] ⛔ 警告：手牌 0 亮度过低(无费/CD中)！代码直接拦截，不执行拖拽！
[SILENT_LOG] [TemplateMatcher] pause_gear.png -> max conf: 0.908 (needs 0.55, optimal scale: 0.80x)
[REWARD] 执行前血条数: 2 -> 最终确认血条数: 0
[REWARD] ⛔ 动作被拦截 (非法地形/没钱/有人)。惩罚 -0.05 (连续无作为: 11次)

[STEP 20] 开始执行动作...
[ACTION MASKING] ⛔ 警告：手牌 8 亮度过低(无费/CD中)！代码直接拦截，不执行拖拽！
[SILENT_LOG] [TemplateMatcher] pause_gear.png -> max conf: 0.908 (needs 0.55, optimal scale: 0.80x)
[REWARD] 执行前血条数: 2 -> 最终确认血条数: 0
[REWARD] ⛔ 动作被拦截 (非法地形/没钱/有人)。惩罚 -0.05 (连续无作为: 12次)

[STEP 21] 开始执行动作...
[ACTION MASKING] ⛔ 警告：手牌 3 亮度过低(无费/CD中)！代码直接拦截，不执行拖拽！
[SILENT_LOG] [TemplateMatcher] pause_gear.png -> max conf: 0.908 (needs 0.55, optimal scale: 0.80x)
[REWARD] 执行前血条数: 2 -> 最终确认血条数: 0
[REWARD] ⛔ 动作被拦截 (非法地形/没钱/有人)。惩罚 -0.05 (连续无作为: 13次)

[STEP 22] 开始执行动作...
[SILENT_LOG] [TemplateMatcher] pause_gear.png -> max conf: 0.908 (needs 0.55, optimal scale: 0.80x)
[ACTION] 盲狙执行: 选卡10 -> 拖拽至(3,1) 朝向3
[SILENT_LOG] [TemplateMatcher] pause_gear.png -> max conf: 0.908 (needs 0.55, optimal scale: 0.80x)
[SILENT_LOG] [TemplateMatcher] pause_gear.png -> max conf: 0.908 (needs 0.55, optimal scale: 0.80x)
[SILENT_LOG] [TemplateMatcher] pause_gear.png -> max conf: 0.908 (needs 0.55, optimal scale: 0.80x)
[SILENT_LOG] [TemplateMatcher] pause_gear.png -> max conf: 0.908 (needs 0.55, optimal scale: 0.80x)
[SILENT_LOG] [TemplateMatcher] pause_gear.png -> max conf: 0.908 (needs 0.55, optimal scale: 0.80x)
[SILENT_LOG] [TemplateMatcher] pause_gear.png -> max conf: 0.908 (needs 0.55, optimal scale: 0.80x)
[REWARD] 动作已执行，开始 3 次心跳检测血条 (间隔 0.2s)...
[SILENT_LOG] [TemplateMatcher] pause_gear.png -> max conf: 0.908 (needs 0.55, optimal scale: 0.80x)
[SILENT_LOG] [TemplateMatcher] pause_gear.png -> max conf: 0.908 (needs 0.55, optimal scale: 0.80x)
[SILENT_LOG] [TemplateMatcher] pause_gear.png -> max conf: 0.908 (needs 0.55, optimal scale: 0.80x)
[SILENT_LOG] [TemplateMatcher] pause_gear.png -> max conf: 0.908 (needs 0.55, optimal scale: 0.80x)
[REWARD] ❌ 未检测到新血条！判定为【费用不足或CD中】，强制挂机 2.0 秒等待费用恢复！
[SILENT_LOG] [TemplateMatcher] pause_gear.png -> max conf: 0.908 (needs 0.55, optimal scale: 0.80x)
[SILENT_LOG] [TemplateMatcher] pause_gear.png -> max conf: 0.908 (needs 0.55, optimal scale: 0.80x)
[SILENT_LOG] [TemplateMatcher] pause_gear.png -> max conf: 0.908 (needs 0.55, optimal scale: 0.80x)
[SILENT_LOG] [TemplateMatcher] pause_gear.png -> max conf: 0.908 (needs 0.55, optimal scale: 0.80x)
[SILENT_LOG] [TemplateMatcher] pause_gear.png -> max conf: 0.908 (needs 0.55, optimal scale: 0.80x)
[SILENT_LOG] [TemplateMatcher] pause_gear.png -> max conf: 0.908 (needs 0.55, optimal scale: 0.80x)
[REWARD] 执行前血条数: 2 -> 最终确认血条数: 2
[REWARD] ❌ 未产生血条 (游戏拒收/高低台错位/手滑)。惩罚 -0.05

[STEP 23] 开始执行动作...
[SILENT_LOG] [TemplateMatcher] pause_gear.png -> max conf: 0.908 (needs 0.55, optimal scale: 0.80x)
[ACTION] 盲狙执行: 选卡11 -> 拖拽至(7,3) 朝向3
[SILENT_LOG] [TemplateMatcher] pause_gear.png -> max conf: 0.908 (needs 0.55, optimal scale: 0.80x)
[SILENT_LOG] [TemplateMatcher] pause_gear.png -> max conf: 0.908 (needs 0.55, optimal scale: 0.80x)
[SILENT_LOG] [TemplateMatcher] pause_gear.png -> max conf: 0.908 (needs 0.55, optimal scale: 0.80x)
[SILENT_LOG] [TemplateMatcher] pause_gear.png -> max conf: 0.908 (needs 0.55, optimal scale: 0.80x)
[SILENT_LOG] [TemplateMatcher] pause_gear.png -> max conf: 0.908 (needs 0.55, optimal scale: 0.80x)
[SILENT_LOG] [TemplateMatcher] pause_gear.png -> max conf: 0.909 (needs 0.55, optimal scale: 0.80x)
[REWARD] 动作已执行，开始 3 次心跳检测血条 (间隔 0.2s)...
[SILENT_LOG] [TemplateMatcher] pause_gear.png -> max conf: 0.908 (needs 0.55, optimal scale: 0.80x)
[SILENT_LOG] [TemplateMatcher] pause_gear.png -> max conf: 0.908 (needs 0.55, optimal scale: 0.80x)
[SILENT_LOG] [TemplateMatcher] pause_gear.png -> max conf: 0.908 (needs 0.55, optimal scale: 0.80x)
[SILENT_LOG] [TemplateMatcher] pause_gear.png -> max conf: 0.908 (needs 0.55, optimal scale: 0.80x)
[REWARD] ❌ 未检测到新血条！判定为【费用不足或CD中】，强制挂机 2.0 秒等待费用恢复！
[SILENT_LOG] [TemplateMatcher] pause_gear.png -> max conf: 0.908 (needs 0.55, optimal scale: 0.80x)
[SILENT_LOG] [TemplateMatcher] pause_gear.png -> max conf: 0.908 (needs 0.55, optimal scale: 0.80x)
[SILENT_LOG] [TemplateMatcher] pause_gear.png -> max conf: 0.908 (needs 0.55, optimal scale: 0.80x)
[SILENT_LOG] [TemplateMatcher] pause_gear.png -> max conf: 0.908 (needs 0.55, optimal scale: 0.80x)
[SILENT_LOG] [TemplateMatcher] pause_gear.png -> max conf: 0.908 (needs 0.55, optimal scale: 0.80x)
[SILENT_LOG] [TemplateMatcher] pause_gear.png -> max conf: 0.908 (needs 0.55, optimal scale: 0.80x)
[REWARD] 执行前血条数: 2 -> 最终确认血条数: 2
[REWARD] ❌ 未产生血条 (游戏拒收/高低台错位/手滑)。惩罚 -0.05

[STEP 24] 开始执行动作...
[SILENT_LOG] [TemplateMatcher] pause_gear.png -> max conf: 0.908 (needs 0.55, optimal scale: 0.80x)
[ACTION] 盲狙执行: 选卡10 -> 拖拽至(8,3) 朝向0
[SILENT_LOG] [TemplateMatcher] pause_gear.png -> max conf: 0.888 (needs 0.55, optimal scale: 0.80x)
[SILENT_LOG] [TemplateMatcher] pause_gear.png -> max conf: 0.908 (needs 0.55, optimal scale: 0.80x)
[SILENT_LOG] [TemplateMatcher] pause_gear.png -> max conf: 0.908 (needs 0.55, optimal scale: 0.80x)
[SILENT_LOG] [TemplateMatcher] pause_gear.png -> max conf: 0.908 (needs 0.55, optimal scale: 0.80x)
[SILENT_LOG] [TemplateMatcher] pause_gear.png -> max conf: 0.908 (needs 0.55, optimal scale: 0.80x)
[SILENT_LOG] [TemplateMatcher] pause_gear.png -> max conf: 0.908 (needs 0.55, optimal scale: 0.80x)
[REWARD] 动作已执行，开始 3 次心跳检测血条 (间隔 0.2s)...
[SILENT_LOG] [TemplateMatcher] pause_gear.png -> max conf: 0.908 (needs 0.55, optimal scale: 0.80x)
[SILENT_LOG] [TemplateMatcher] pause_gear.png -> max conf: 0.908 (needs 0.55, optimal scale: 0.80x)
[SILENT_LOG] [TemplateMatcher] pause_gear.png -> max conf: 0.908 (needs 0.55, optimal scale: 0.80x)
[SILENT_LOG] [TemplateMatcher] pause_gear.png -> max conf: 0.908 (needs 0.55, optimal scale: 0.80x)
[REWARD] ❌ 未检测到新血条！判定为【费用不足或CD中】，强制挂机 2.0 秒等待费用恢复！
[SILENT_LOG] [TemplateMatcher] pause_gear.png -> max conf: 0.908 (needs 0.55, optimal scale: 0.80x)
[SILENT_LOG] [TemplateMatcher] pause_gear.png -> max conf: 0.908 (needs 0.55, optimal scale: 0.80x)
[SILENT_LOG] [TemplateMatcher] pause_gear.png -> max conf: 0.908 (needs 0.55, optimal scale: 0.80x)
[SILENT_LOG] [TemplateMatcher] pause_gear.png -> max conf: 0.908 (needs 0.55, optimal scale: 0.80x)
[SILENT_LOG] [TemplateMatcher] pause_gear.png -> max conf: 0.908 (needs 0.55, optimal scale: 0.80x)
[SILENT_LOG] [TemplateMatcher] pause_gear.png -> max conf: 0.908 (needs 0.55, optimal scale: 0.80x)
[REWARD] 执行前血条数: 2 -> 最终确认血条数: 2
[REWARD] ❌ 未产生血条 (游戏拒收/高低台错位/手滑)。惩罚 -0.05

[STEP 25] 开始执行动作...
[SILENT_LOG] [TemplateMatcher] pause_gear.png -> max conf: 0.908 (needs 0.55, optimal scale: 0.80x)
[ACTION] 盲狙执行: 选卡11 -> 拖拽至(8,2) 朝向0
[SILENT_LOG] [TemplateMatcher] pause_gear.png -> max conf: 0.890 (needs 0.55, optimal scale: 0.80x)
[SILENT_LOG] [TemplateMatcher] pause_gear.png -> max conf: 0.908 (needs 0.55, optimal scale: 0.80x)
[SILENT_LOG] [TemplateMatcher] pause_gear.png -> max conf: 0.908 (needs 0.55, optimal scale: 0.80x)
[SILENT_LOG] [TemplateMatcher] pause_gear.png -> max conf: 0.908 (needs 0.55, optimal scale: 0.80x)
[SILENT_LOG] [TemplateMatcher] pause_gear.png -> max conf: 0.908 (needs 0.55, optimal scale: 0.80x)
[SILENT_LOG] [TemplateMatcher] pause_gear.png -> max conf: 0.908 (needs 0.55, optimal scale: 0.80x)
[REWARD] 动作已执行，开始 3 次心跳检测血条 (间隔 0.2s)...
[SILENT_LOG] [TemplateMatcher] pause_gear.png -> max conf: 0.908 (needs 0.55, optimal scale: 0.80x)
[SILENT_LOG] [TemplateMatcher] pause_gear.png -> max conf: 0.908 (needs 0.55, optimal scale: 0.80x)
[SILENT_LOG] [TemplateMatcher] pause_gear.png -> max conf: 0.908 (needs 0.55, optimal scale: 0.80x)
[SILENT_LOG] [TemplateMatcher] pause_gear.png -> max conf: 0.908 (needs 0.55, optimal scale: 0.80x)
[REWARD] ❌ 未检测到新血条！判定为【费用不足或CD中】，强制挂机 2.0 秒等待费用恢复！
[SILENT_LOG] [TemplateMatcher] pause_gear.png -> max conf: 0.908 (needs 0.55, optimal scale: 0.80x)
[SILENT_LOG] [TemplateMatcher] pause_gear.png -> max conf: 0.908 (needs 0.55, optimal scale: 0.80x)
[SILENT_LOG] [TemplateMatcher] pause_gear.png -> max conf: 0.908 (needs 0.55, optimal scale: 0.80x)
[SILENT_LOG] [TemplateMatcher] pause_gear.png -> max conf: 0.908 (needs 0.55, optimal scale: 0.80x)
[SILENT_LOG] [TemplateMatcher] pause_gear.png -> max conf: 0.908 (needs 0.55, optimal scale: 0.80x)
[SILENT_LOG] [TemplateMatcher] pause_gear.png -> max conf: 0.908 (needs 0.55, optimal scale: 0.80x)
[REWARD] 执行前血条数: 2 -> 最终确认血条数: 2
[REWARD] ❌ 未产生血条 (游戏拒收/高低台错位/手滑)。惩罚 -0.05

[STEP 26] 开始执行动作...
[SILENT_LOG] [TemplateMatcher] pause_gear.png -> max conf: 0.908 (needs 0.55, optimal scale: 0.80x)
[ACTION] 盲狙执行: 选卡3 -> 拖拽至(1,2) 朝向0
[SILENT_LOG] [TemplateMatcher] pause_gear.png -> max conf: 0.887 (needs 0.55, optimal scale: 0.80x)
[SILENT_LOG] [TemplateMatcher] pause_gear.png -> max conf: 0.908 (needs 0.55, optimal scale: 0.80x)
[SILENT_LOG] [TemplateMatcher] pause_gear.png -> max conf: 0.908 (needs 0.55, optimal scale: 0.80x)
[SILENT_LOG] [TemplateMatcher] pause_gear.png -> max conf: 0.908 (needs 0.55, optimal scale: 0.80x)
[SILENT_LOG] [TemplateMatcher] pause_gear.png -> max conf: 0.908 (needs 0.55, optimal scale: 0.80x)
[SILENT_LOG] [TemplateMatcher] pause_gear.png -> max conf: 0.908 (needs 0.55, optimal scale: 0.80x)
[REWARD] 动作已执行，开始 3 次心跳检测血条 (间隔 0.2s)...
[SILENT_LOG] [TemplateMatcher] pause_gear.png -> max conf: 0.908 (needs 0.55, optimal scale: 0.80x)
[SILENT_LOG] [TemplateMatcher] pause_gear.png -> max conf: 0.908 (needs 0.55, optimal scale: 0.80x)
[SILENT_LOG] [TemplateMatcher] pause_gear.png -> max conf: 0.908 (needs 0.55, optimal scale: 0.80x)
[SILENT_LOG] [TemplateMatcher] pause_gear.png -> max conf: 0.908 (needs 0.55, optimal scale: 0.80x)
[REWARD] ❌ 未检测到新血条！判定为【费用不足或CD中】，强制挂机 2.0 秒等待费用恢复！
[SILENT_LOG] [TemplateMatcher] pause_gear.png -> max conf: 0.908 (needs 0.55, optimal scale: 0.80x)
[SILENT_LOG] [TemplateMatcher] pause_gear.png -> max conf: 0.908 (needs 0.55, optimal scale: 0.80x)
[SILENT_LOG] [TemplateMatcher] pause_gear.png -> max conf: 0.908 (needs 0.55, optimal scale: 0.80x)
[SILENT_LOG] [TemplateMatcher] pause_gear.png -> max conf: 0.908 (needs 0.55, optimal scale: 0.80x)
[SILENT_LOG] [TemplateMatcher] pause_gear.png -> max conf: 0.908 (needs 0.55, optimal scale: 0.80x)
[SILENT_LOG] [TemplateMatcher] pause_gear.png -> max conf: 0.908 (needs 0.55, optimal scale: 0.80x)
[REWARD] 执行前血条数: 2 -> 最终确认血条数: 2
[REWARD] ❌ 未产生血条 (游戏拒收/高低台错位/手滑)。惩罚 -0.05

[STEP 27] 开始执行动作...
[ACTION] 盲狙执行: 选卡9 -> 拖拽至(2,3) 朝向1
[SILENT_LOG] [TemplateMatcher] pause_gear.png -> max conf: 0.908 (needs 0.55, optimal scale: 0.80x)
[SILENT_LOG] [TemplateMatcher] pause_gear.png -> max conf: 0.891 (needs 0.55, optimal scale: 0.80x)
[SILENT_LOG] [TemplateMatcher] pause_gear.png -> max conf: 0.908 (needs 0.55, optimal scale: 0.80x)
[SILENT_LOG] [TemplateMatcher] pause_gear.png -> max conf: 0.908 (needs 0.55, optimal scale: 0.80x)
[SILENT_LOG] [TemplateMatcher] pause_gear.png -> max conf: 0.908 (needs 0.55, optimal scale: 0.80x)
[SILENT_LOG] [TemplateMatcher] pause_gear.png -> max conf: 0.908 (needs 0.55, optimal scale: 0.80x)
[SILENT_LOG] [TemplateMatcher] pause_gear.png -> max conf: 0.908 (needs 0.55, optimal scale: 0.80x)
[REWARD] 动作已执行，开始 3 次心跳检测血条 (间隔 0.2s)...
[SILENT_LOG] [TemplateMatcher] pause_gear.png -> max conf: 0.908 (needs 0.55, optimal scale: 0.80x)
[SILENT_LOG] [TemplateMatcher] pause_gear.png -> max conf: 0.908 (needs 0.55, optimal scale: 0.80x)
[SILENT_LOG] [TemplateMatcher] pause_gear.png -> max conf: 0.908 (needs 0.55, optimal scale: 0.80x)
[SILENT_LOG] [TemplateMatcher] pause_gear.png -> max conf: 0.908 (needs 0.55, optimal scale: 0.80x)
[REWARD] ❌ 未检测到新血条！判定为【费用不足或CD中】，强制挂机 2.0 秒等待费用恢复！
[SILENT_LOG] [TemplateMatcher] pause_gear.png -> max conf: 0.908 (needs 0.55, optimal scale: 0.80x)
[SILENT_LOG] [TemplateMatcher] pause_gear.png -> max conf: 0.908 (needs 0.55, optimal scale: 0.80x)
[SILENT_LOG] [TemplateMatcher] pause_gear.png -> max conf: 0.908 (needs 0.55, optimal scale: 0.80x)
[SILENT_LOG] [TemplateMatcher] pause_gear.png -> max conf: 0.908 (needs 0.55, optimal scale: 0.80x)
[SILENT_LOG] [TemplateMatcher] pause_gear.png -> max conf: 0.908 (needs 0.55, optimal scale: 0.80x)
[SILENT_LOG] [TemplateMatcher] pause_gear.png -> max conf: 0.908 (needs 0.55, optimal scale: 0.80x)
[REWARD] 执行前血条数: 2 -> 最终确认血条数: 2
[REWARD] ❌ 未产生血条 (游戏拒收/高低台错位/手滑)。惩罚 -0.05
-----------------------------------------
| time/                   |             |
|    fps                  | 0           |
|    iterations           | 2           |
|    time_elapsed         | 1288        |
|    total_timesteps      | 256         |
| train/                  |             |
|    approx_kl            | 0.019410383 |
|    clip_fraction        | 0.333       |
|    clip_range           | 0.2         |
|    entropy_loss         | -7.76       |
|    explained_variance   | -0.0359     |
|    learning_rate        | 0.0003      |
|    loss                 | 0.0703      |
|    n_updates            | 10          |
|    policy_gradient_loss | -0.0546     |
|    value_loss           | 3.31        |
-----------------------------------------
[SILENT_LOG] [TemplateMatcher] pause_gear.png -> max conf: 0.908 (needs 0.55, optimal scale: 0.80x)
[SILENT_LOG] [TemplateMatcher] pause_gear.png -> max conf: 0.908 (needs 0.55, optimal scale: 0.80x)
[SILENT_LOG] [TemplateMatcher] pause_gear.png -> max conf: 0.908 (needs 0.55, optimal scale: 0.80x)
[SILENT_LOG] [TemplateMatcher] pause_gear.png -> max conf: 0.908 (needs 0.55, optimal scale: 0.80x)

[STEP 28] 开始执行动作...
[SILENT_LOG] [TemplateMatcher] pause_gear.png -> max conf: 0.908 (needs 0.55, optimal scale: 0.80x)
[ACTION MASKING] ⛔ 警告：目标网格(5,4)已被友方干员驻守！代码直接拦截！
[REWARD] 执行前血条数: 2 -> 最终确认血条数: 0
[REWARD] ⛔ 动作被拦截 (非法地形/没钱/有人)。惩罚 -0.05 (连续无作为: 20次)

[STEP 29] 开始执行动作...
[SILENT_LOG] [TemplateMatcher] pause_gear.png -> max conf: 0.908 (needs 0.55, optimal scale: 0.80x)
[ACTION] 盲狙执行: 选卡2 -> 拖拽至(1,2) 朝向3
[SILENT_LOG] [TemplateMatcher] pause_gear.png -> max conf: 0.884 (needs 0.55, optimal scale: 0.80x)
[SILENT_LOG] [TemplateMatcher] pause_gear.png -> max conf: 0.908 (needs 0.55, optimal scale: 0.80x)
[SILENT_LOG] [TemplateMatcher] pause_gear.png -> max conf: 0.576 (needs 0.55, optimal scale: 0.80x)
[SILENT_LOG] [TemplateMatcher] pause_gear.png -> max conf: 0.575 (needs 0.55, optimal scale: 0.80x)
[SILENT_LOG] [TemplateMatcher] pause_gear.png -> max conf: 0.575 (needs 0.55, optimal scale: 0.80x)
[SILENT_LOG] [TemplateMatcher] pause_gear.png -> max conf: 0.575 (needs 0.55, optimal scale: 0.80x)
[REWARD] 动作已执行，开始 3 次心跳检测血条 (间隔 0.2s)...
[SILENT_LOG] [TemplateMatcher] pause_gear.png -> max conf: 0.575 (needs 0.55, optimal scale: 0.80x)
[SILENT_LOG] [TemplateMatcher] pause_gear.png -> max conf: 0.575 (needs 0.55, optimal scale: 0.80x)
[SILENT_LOG] [TemplateMatcher] pause_gear.png -> max conf: 0.575 (needs 0.55, optimal scale: 0.80x)
[SILENT_LOG] [TemplateMatcher] pause_gear.png -> max conf: 0.575 (needs 0.55, optimal scale: 0.80x)
[REWARD] ❌ 未检测到新血条！判定为【费用不足或CD中】，强制挂机 2.0 秒等待费用恢复！
[SILENT_LOG] [TemplateMatcher] pause_gear.png -> max conf: 0.575 (needs 0.55, optimal scale: 0.80x)
[SILENT_LOG] [TemplateMatcher] pause_gear.png -> max conf: 0.575 (needs 0.55, optimal scale: 0.80x)
[SILENT_LOG] [TemplateMatcher] pause_gear.png -> max conf: 0.575 (needs 0.55, optimal scale: 0.80x)
[SILENT_LOG] [TemplateMatcher] pause_gear.png -> max conf: 0.575 (needs 0.55, optimal scale: 0.80x)
[SILENT_LOG] [TemplateMatcher] pause_gear.png -> max conf: 0.575 (needs 0.55, optimal scale: 0.80x)
[SILENT_LOG] [TemplateMatcher] pause_gear.png -> max conf: 0.575 (needs 0.55, optimal scale: 0.80x)
[REWARD] 执行前血条数: 2 -> 最终确认血条数: 0
[REWARD] ❌ 未产生血条 (游戏拒收/高低台错位/手滑)。惩罚 -0.05

[STEP 30] 开始执行动作...
[ACTION] 盲狙执行: 选卡11 -> 拖拽至(8,1) 朝向2
[SILENT_LOG] [TemplateMatcher] pause_gear.png -> max conf: 0.577 (needs 0.55, optimal scale: 0.80x)
[SILENT_LOG] [TemplateMatcher] pause_gear.png -> max conf: 0.679 (needs 0.55, optimal scale: 0.80x)
[SILENT_LOG] [TemplateMatcher] pause_gear.png -> max conf: 0.000 (needs 0.55, optimal scale: 0.80x)
[SILENT_LOG] [TemplateMatcher] pause_gear.png -> max conf: 0.000 (needs 0.55, optimal scale: 0.80x)

[MONITOR] 🚨 后台紧急熔断：连续 2 次未见右上角齿轮，战斗结束！
[REWARD] 动作已执行，开始 3 次心跳检测血条 (间隔 0.2s)...
[REWARD] ❌ 未检测到新血条！判定为【费用不足或CD中】，强制挂机 2.0 秒等待费用恢复！
[REWARD] 执行前血条数: 0 -> 最终确认血条数: 0
[REWARD] ❌ 未产生血条 (游戏拒收/高低台错位/手滑)。惩罚 -0.05
[ENV] 🚨 后台监视器触发熔断，本回合正式结束！

================= 回合结束，开始自动重启关卡 =================
[TemplateMatcher] pause_gear.png -> max conf: 0.000 (needs 0.7, optimal scale: 0.80x)
[DEBUG] 未匹配 [pause_gear] (要求阈值 0.7)
[TemplateMatcher] start_action.png -> max conf: 0.000 (needs 0.43, optimal scale: 0.80x)
[DEBUG] 未匹配 [start_action] (要求阈值 0.43)
[TemplateMatcher] practice.png -> max conf: 0.000 (needs 0.5, optimal scale: 0.80x)
[DEBUG] 未匹配 [practice] (要求阈值 0.5)
[TemplateMatcher] stage_1_7.png -> max conf: 0.000 (needs 0.5, optimal scale: 0.80x)
[DEBUG] 未匹配 [stage_1_7] (要求阈值 0.5)
[RESET] 尝试跳过动画/寻找入口... (尝试 1/100)
[TemplateMatcher] pause_gear.png -> max conf: 0.441 (needs 0.7, optimal scale: 0.80x)
[DEBUG] 未匹配 [pause_gear] (要求阈值 0.7)
[TemplateMatcher] start_action.png -> max conf: -0.081 (needs 0.43, optimal scale: 0.80x)
[DEBUG] 未匹配 [start_action] (要求阈值 0.43)
[TemplateMatcher] practice.png -> max conf: 0.531 (needs 0.5, optimal scale: 0.80x)
[RESET] 找到 [practice] (置信度 0.53 >= 0.5)，点击 (679, 676)
[RESET] 点击演习按钮
[TemplateMatcher] pause_gear.png -> max conf: 0.441 (needs 0.7, optimal scale: 0.80x)
[DEBUG] 未匹配 [pause_gear] (要求阈值 0.7)
[TemplateMatcher] start_action.png -> max conf: -0.081 (needs 0.43, optimal scale: 0.80x)
[DEBUG] 未匹配 [start_action] (要求阈值 0.43)
[TemplateMatcher] practice.png -> max conf: 0.531 (needs 0.5, optimal scale: 0.80x)
[RESET] 找到 [practice] (置信度 0.53 >= 0.5)，点击 (679, 676)
[RESET] 点击演习按钮
[TemplateMatcher] pause_gear.png -> max conf: 0.490 (needs 0.7, optimal scale: 0.80x)
[DEBUG] 未匹配 [pause_gear] (要求阈值 0.7)
[TemplateMatcher] start_action.png -> max conf: -0.018 (needs 0.43, optimal scale: 0.80x)
[DEBUG] 未匹配 [start_action] (要求阈值 0.43)
[TemplateMatcher] practice.png -> max conf: 0.522 (needs 0.5, optimal scale: 0.80x)
[RESET] 找到 [practice] (置信度 0.52 >= 0.5)，点击 (533, 603)
[RESET] 点击演习按钮
[TemplateMatcher] pause_gear.png -> max conf: 0.490 (needs 0.7, optimal scale: 0.80x)
[DEBUG] 未匹配 [pause_gear] (要求阈值 0.7)
[TemplateMatcher] start_action.png -> max conf: -0.018 (needs 0.43, optimal scale: 0.80x)
[DEBUG] 未匹配 [start_action] (要求阈值 0.43)
[TemplateMatcher] practice.png -> max conf: 0.522 (needs 0.5, optimal scale: 0.80x)
[RESET] 找到 [practice] (置信度 0.52 >= 0.5)，点击 (533, 603)
[RESET] 点击演习按钮
[TemplateMatcher] pause_gear.png -> max conf: 0.490 (needs 0.7, optimal scale: 0.80x)
[DEBUG] 未匹配 [pause_gear] (要求阈值 0.7)
[TemplateMatcher] start_action.png -> max conf: -0.018 (needs 0.43, optimal scale: 0.80x)
[DEBUG] 未匹配 [start_action] (要求阈值 0.43)
[TemplateMatcher] practice.png -> max conf: 0.522 (needs 0.5, optimal scale: 0.80x)
[RESET] 找到 [practice] (置信度 0.52 >= 0.5)，点击 (533, 603)
[RESET] 点击演习按钮
[TemplateMatcher] pause_gear.png -> max conf: 0.469 (needs 0.7, optimal scale: 0.90x)
[DEBUG] 未匹配 [pause_gear] (要求阈值 0.7)
[TemplateMatcher] start_action.png -> max conf: 0.026 (needs 0.43, optimal scale: 0.80x)
[DEBUG] 未匹配 [start_action] (要求阈值 0.43)
[TemplateMatcher] practice.png -> max conf: 0.487 (needs 0.5, optimal scale: 0.90x)
[DEBUG] 未匹配 [practice] (要求阈值 0.5)
[TemplateMatcher] stage_1_7.png -> max conf: 0.712 (needs 0.5, optimal scale: 0.80x)
[RESET] 找到 [stage_1_7] (置信度 0.71 >= 0.5)，点击 (638, 224)
[RESET] 点击关卡 1-7 图标
[TemplateMatcher] pause_gear.png -> max conf: 0.612 (needs 0.7, optimal scale: 1.10x)
[DEBUG] 未匹配 [pause_gear] (要求阈值 0.7)
[TemplateMatcher] start_action.png -> max conf: 0.103 (needs 0.43, optimal scale: 0.80x)
[DEBUG] 未匹配 [start_action] (要求阈值 0.43)
[TemplateMatcher] practice.png -> max conf: 0.687 (needs 0.5, optimal scale: 0.80x)
[RESET] 找到 [practice] (置信度 0.69 >= 0.5)，点击 (935, 660)
[RESET] 点击演习按钮
[TemplateMatcher] pause_gear.png -> max conf: 0.470 (needs 0.7, optimal scale: 1.05x)
[DEBUG] 未匹配 [pause_gear] (要求阈值 0.7)
[TemplateMatcher] start_action.png -> max conf: 0.431 (needs 0.43, optimal scale: 0.80x)
[RESET] 找到 [start_action] (置信度 0.43 >= 0.43)，点击 (1101, 516)
[RESET] 点击开始行动，进入加载...
[TemplateMatcher] pause_gear.png -> max conf: 0.000 (needs 0.7, optimal scale: 0.80x)
[DEBUG] 未匹配 [pause_gear] (要求阈值 0.7)
[TemplateMatcher] start_action.png -> max conf: 0.000 (needs 0.43, optimal scale: 0.80x)
[DEBUG] 未匹配 [start_action] (要求阈值 0.43)
[TemplateMatcher] practice.png -> max conf: 0.000 (needs 0.5, optimal scale: 0.80x)
[DEBUG] 未匹配 [practice] (要求阈值 0.5)
[TemplateMatcher] stage_1_7.png -> max conf: 0.000 (needs 0.5, optimal scale: 0.80x)
[DEBUG] 未匹配 [stage_1_7] (要求阈值 0.5)
[RESET] 尝试跳过动画/寻找入口... (尝试 10/100)
[TemplateMatcher] pause_gear.png -> max conf: 0.000 (needs 0.7, optimal scale: 0.80x)
[DEBUG] 未匹配 [pause_gear] (要求阈值 0.7)
[TemplateMatcher] start_action.png -> max conf: 0.000 (needs 0.43, optimal scale: 0.80x)
[DEBUG] 未匹配 [start_action] (要求阈值 0.43)
[TemplateMatcher] practice.png -> max conf: 0.000 (needs 0.5, optimal scale: 0.80x)
[DEBUG] 未匹配 [practice] (要求阈值 0.5)
[TemplateMatcher] stage_1_7.png -> max conf: 0.000 (needs 0.5, optimal scale: 0.80x)
[DEBUG] 未匹配 [stage_1_7] (要求阈值 0.5)
[RESET] 尝试跳过动画/寻找入口... (尝试 11/100)
[TemplateMatcher] pause_gear.png -> max conf: 0.000 (needs 0.7, optimal scale: 0.80x)
[DEBUG] 未匹配 [pause_gear] (要求阈值 0.7)
[TemplateMatcher] start_action.png -> max conf: 0.000 (needs 0.43, optimal scale: 0.80x)
[DEBUG] 未匹配 [start_action] (要求阈值 0.43)
[TemplateMatcher] practice.png -> max conf: 0.000 (needs 0.5, optimal scale: 0.80x)
[DEBUG] 未匹配 [practice] (要求阈值 0.5)
[TemplateMatcher] stage_1_7.png -> max conf: 0.000 (needs 0.5, optimal scale: 0.80x)
[DEBUG] 未匹配 [stage_1_7] (要求阈值 0.5)
[RESET] 尝试跳过动画/寻找入口... (尝试 12/100)
[TemplateMatcher] pause_gear.png -> max conf: 0.000 (needs 0.7, optimal scale: 0.80x)
[DEBUG] 未匹配 [pause_gear] (要求阈值 0.7)
[TemplateMatcher] start_action.png -> max conf: 0.000 (needs 0.43, optimal scale: 0.80x)
[DEBUG] 未匹配 [start_action] (要求阈值 0.43)
[TemplateMatcher] practice.png -> max conf: 0.000 (needs 0.5, optimal scale: 0.80x)
[DEBUG] 未匹配 [practice] (要求阈值 0.5)
[TemplateMatcher] stage_1_7.png -> max conf: 0.000 (needs 0.5, optimal scale: 0.80x)
[DEBUG] 未匹配 [stage_1_7] (要求阈值 0.5)
[RESET] 尝试跳过动画/寻找入口... (尝试 13/100)
[TemplateMatcher] pause_gear.png -> max conf: 0.511 (needs 0.7, optimal scale: 1.20x)
[DEBUG] 未匹配 [pause_gear] (要求阈值 0.7)
[TemplateMatcher] start_action.png -> max conf: -0.052 (needs 0.43, optimal scale: 0.80x)
[DEBUG] 未匹配 [start_action] (要求阈值 0.43)
[TemplateMatcher] practice.png -> max conf: 0.381 (needs 0.5, optimal scale: 0.80x)
[DEBUG] 未匹配 [practice] (要求阈值 0.5)
[TemplateMatcher] stage_1_7.png -> max conf: 0.411 (needs 0.5, optimal scale: 0.90x)
[DEBUG] 未匹配 [stage_1_7] (要求阈值 0.5)
[RESET] 尝试跳过动画/寻找入口... (尝试 14/100)
[TemplateMatcher] pause_gear.png -> max conf: 0.511 (needs 0.7, optimal scale: 1.20x)
[DEBUG] 未匹配 [pause_gear] (要求阈值 0.7)
[TemplateMatcher] start_action.png -> max conf: -0.052 (needs 0.43, optimal scale: 0.80x)
[DEBUG] 未匹配 [start_action] (要求阈值 0.43)
[TemplateMatcher] practice.png -> max conf: 0.381 (needs 0.5, optimal scale: 0.80x)
[DEBUG] 未匹配 [practice] (要求阈值 0.5)
[TemplateMatcher] stage_1_7.png -> max conf: 0.411 (needs 0.5, optimal scale: 0.90x)
[DEBUG] 未匹配 [stage_1_7] (要求阈值 0.5)
[RESET] 尝试跳过动画/寻找入口... (尝试 15/100)
[TemplateMatcher] pause_gear.png -> max conf: 0.215 (needs 0.7, optimal scale: 1.20x)
[DEBUG] 未匹配 [pause_gear] (要求阈值 0.7)
[TemplateMatcher] start_action.png -> max conf: 0.210 (needs 0.43, optimal scale: 0.80x)
[DEBUG] 未匹配 [start_action] (要求阈值 0.43)
[TemplateMatcher] practice.png -> max conf: 0.378 (needs 0.5, optimal scale: 0.80x)
[DEBUG] 未匹配 [practice] (要求阈值 0.5)
[TemplateMatcher] stage_1_7.png -> max conf: 0.271 (needs 0.5, optimal scale: 0.80x)
[DEBUG] 未匹配 [stage_1_7] (要求阈值 0.5)
[RESET] 尝试跳过动画/寻找入口... (尝试 16/100)
[TemplateMatcher] pause_gear.png -> max conf: 0.215 (needs 0.7, optimal scale: 1.20x)
[DEBUG] 未匹配 [pause_gear] (要求阈值 0.7)
[TemplateMatcher] start_action.png -> max conf: 0.210 (needs 0.43, optimal scale: 0.80x)
[DEBUG] 未匹配 [start_action] (要求阈值 0.43)
[TemplateMatcher] practice.png -> max conf: 0.378 (needs 0.5, optimal scale: 0.80x)
[DEBUG] 未匹配 [practice] (要求阈值 0.5)
[TemplateMatcher] stage_1_7.png -> max conf: 0.271 (needs 0.5, optimal scale: 0.80x)
[DEBUG] 未匹配 [stage_1_7] (要求阈值 0.5)
[RESET] 尝试跳过动画/寻找入口... (尝试 17/100)
[TemplateMatcher] pause_gear.png -> max conf: 0.211 (needs 0.7, optimal scale: 1.05x)
[DEBUG] 未匹配 [pause_gear] (要求阈值 0.7)
[TemplateMatcher] start_action.png -> max conf: 0.187 (needs 0.43, optimal scale: 0.80x)
[DEBUG] 未匹配 [start_action] (要求阈值 0.43)
[TemplateMatcher] practice.png -> max conf: 0.297 (needs 0.5, optimal scale: 0.80x)
[DEBUG] 未匹配 [practice] (要求阈值 0.5)
[TemplateMatcher] stage_1_7.png -> max conf: 0.277 (needs 0.5, optimal scale: 0.85x)
[DEBUG] 未匹配 [stage_1_7] (要求阈值 0.5)
[RESET] 尝试跳过动画/寻找入口... (尝试 18/100)
[TemplateMatcher] pause_gear.png -> max conf: 0.850 (needs 0.7, optimal scale: 0.80x)
[RESET] 找到 [pause_gear] (置信度 0.85 >= 0.7)，(仅检测，不点击)
[RESET] ✅ 检测到战斗画面右上角齿轮，重启成功！
================= 关卡重启流程结束 =================

[ENV] 🛡️ 战斗全局异步监视器已启动...
[SILENT_LOG] [TemplateMatcher] pause_gear.png -> max conf: 0.908 (needs 0.55, optimal scale: 0.80x)
--> [回合结束] 第 10 回合 | 奖励: 1.0 | 步数: 30

[STEP 1] 开始执行动作...
[SILENT_LOG] [TemplateMatcher] pause_gear.png -> max conf: 0.908 (needs 0.55, optimal scale: 0.80x)
[ACTION MASKING] ⛔ 警告：手牌 8 亮度过低(无费/CD中)！代码直接拦截，不执行拖拽！
[SILENT_LOG] [TemplateMatcher] pause_gear.png -> max conf: 0.908 (needs 0.55, optimal scale: 0.80x)
[REWARD] 执行前血条数: 0 -> 最终确认血条数: 0
[REWARD] ⛔ 动作被拦截 (非法地形/没钱/有人)。惩罚 -0.05 (连续无作为: 23次)
[SAVE] 自动保存进度 (Step 260) -> policy_latest.zip

[STEP 2] 开始执行动作...
[SILENT_LOG] [TemplateMatcher] pause_gear.png -> max conf: 0.908 (needs 0.55, optimal scale: 0.80x)
[ACTION MASKING] ⛔ 警告：手牌 8 亮度过低(无费/CD中)！代码直接拦截，不执行拖拽！
[REWARD] 执行前血条数: 0 -> 最终确认血条数: 0
[REWARD] ⛔ 动作被拦截 (非法地形/没钱/有人)。惩罚 -0.05 (连续无作为: 24次)

[STEP 3] 开始执行动作...
[SILENT_LOG] [TemplateMatcher] pause_gear.png -> max conf: 0.908 (needs 0.55, optimal scale: 0.80x)
[ACTION MASKING] ⛔ 警告：手牌 0 亮度过低(无费/CD中)！代码直接拦截，不执行拖拽！
[SILENT_LOG] [TemplateMatcher] pause_gear.png -> max conf: 0.908 (needs 0.55, optimal scale: 0.80x)
[REWARD] 执行前血条数: 0 -> 最终确认血条数: 0
[REWARD] ⛔ 动作被拦截 (非法地形/没钱/有人)。惩罚 -0.05 (连续无作为: 25次)

[STEP 4] 开始执行动作...
[SILENT_LOG] [TemplateMatcher] pause_gear.png -> max conf: 0.908 (needs 0.55, optimal scale: 0.80x)
[ACTION] 盲狙执行: 选卡11 -> 拖拽至(8,3) 朝向3
[SILENT_LOG] [TemplateMatcher] pause_gear.png -> max conf: 0.908 (needs 0.55, optimal scale: 0.80x)
[SILENT_LOG] [TemplateMatcher] pause_gear.png -> max conf: 0.908 (needs 0.55, optimal scale: 0.80x)
[SILENT_LOG] [TemplateMatcher] pause_gear.png -> max conf: 0.908 (needs 0.55, optimal scale: 0.80x)
[SILENT_LOG] [TemplateMatcher] pause_gear.png -> max conf: 0.908 (needs 0.55, optimal scale: 0.80x)
[SILENT_LOG] [TemplateMatcher] pause_gear.png -> max conf: 0.908 (needs 0.55, optimal scale: 0.80x)
[SILENT_LOG] [TemplateMatcher] pause_gear.png -> max conf: 0.908 (needs 0.55, optimal scale: 0.80x)
[REWARD] 动作已执行，开始 3 次心跳检测血条 (间隔 0.2s)...
[SILENT_LOG] [TemplateMatcher] pause_gear.png -> max conf: 0.908 (needs 0.55, optimal scale: 0.80x)
[SILENT_LOG] [TemplateMatcher] pause_gear.png -> max conf: 0.908 (needs 0.55, optimal scale: 0.80x)
[SILENT_LOG] [TemplateMatcher] pause_gear.png -> max conf: 0.908 (needs 0.55, optimal scale: 0.80x)
[SILENT_LOG] [TemplateMatcher] pause_gear.png -> max conf: 0.908 (needs 0.55, optimal scale: 0.80x)
[REWARD] ❌ 未检测到新血条！判定为【费用不足或CD中】，强制挂机 2.0 秒等待费用恢复！
[SILENT_LOG] [TemplateMatcher] pause_gear.png -> max conf: 0.908 (needs 0.55, optimal scale: 0.80x)
[SILENT_LOG] [TemplateMatcher] pause_gear.png -> max conf: 0.908 (needs 0.55, optimal scale: 0.80x)
[SILENT_LOG] [TemplateMatcher] pause_gear.png -> max conf: 0.908 (needs 0.55, optimal scale: 0.80x)
[SILENT_LOG] [TemplateMatcher] pause_gear.png -> max conf: 0.908 (needs 0.55, optimal scale: 0.80x)
[SILENT_LOG] [TemplateMatcher] pause_gear.png -> max conf: 0.908 (needs 0.55, optimal scale: 0.80x)
[SILENT_LOG] [TemplateMatcher] pause_gear.png -> max conf: 0.908 (needs 0.55, optimal scale: 0.80x)
[REWARD] 执行前血条数: 0 -> 最终确认血条数: 0
[REWARD] ❌ 未产生血条 (游戏拒收/高低台错位/手滑)。惩罚 -0.05

[STEP 5] 开始执行动作...
[SILENT_LOG] [TemplateMatcher] pause_gear.png -> max conf: 0.908 (needs 0.55, optimal scale: 0.80x)
[ACTION] 盲狙执行: 选卡5 -> 拖拽至(3,4) 朝向2
[SILENT_LOG] [TemplateMatcher] pause_gear.png -> max conf: 0.884 (needs 0.55, optimal scale: 0.80x)
[SILENT_LOG] [TemplateMatcher] pause_gear.png -> max conf: 0.884 (needs 0.55, optimal scale: 0.80x)
[SILENT_LOG] [TemplateMatcher] pause_gear.png -> max conf: 0.885 (needs 0.55, optimal scale: 0.80x)
[SILENT_LOG] [TemplateMatcher] pause_gear.png -> max conf: 0.908 (needs 0.55, optimal scale: 0.80x)
[SILENT_LOG] [TemplateMatcher] pause_gear.png -> max conf: 0.908 (needs 0.55, optimal scale: 0.80x)
[SILENT_LOG] [TemplateMatcher] pause_gear.png -> max conf: 0.908 (needs 0.55, optimal scale: 0.80x)
[REWARD] 动作已执行，开始 3 次心跳检测血条 (间隔 0.2s)...
[SILENT_LOG] [TemplateMatcher] pause_gear.png -> max conf: 0.908 (needs 0.55, optimal scale: 0.80x)
[SILENT_LOG] [TemplateMatcher] pause_gear.png -> max conf: 0.908 (needs 0.55, optimal scale: 0.80x)
[REWARD] ✅ 第 1 次检测命中目标干员血条！
[REWARD] 执行前血条数: 0 -> 最终确认血条数: 1
[REWARD] 🛡️ 偏离/背对敌人！(角度: 12.6°)，微小惩罚 -0.1

[STEP 6] 开始执行动作...
[SILENT_LOG] [TemplateMatcher] pause_gear.png -> max conf: 0.908 (needs 0.55, optimal scale: 0.80x)
[ACTION MASKING] ⛔ 警告：手牌 2 亮度过低(无费/CD中)！代码直接拦截，不执行拖拽！
[REWARD] 执行前血条数: 1 -> 最终确认血条数: 0
[REWARD] ⛔ 动作被拦截 (非法地形/没钱/有人)。惩罚 -0.05 (连续无作为: 1次)

[STEP 7] 开始执行动作...
[SILENT_LOG] [TemplateMatcher] pause_gear.png -> max conf: 0.908 (needs 0.55, optimal scale: 0.80x)
[ACTION MASKING] ⛔ 警告：手牌 4 亮度过低(无费/CD中)！代码直接拦截，不执行拖拽！
[REWARD] 执行前血条数: 1 -> 最终确认血条数: 0
[REWARD] ⛔ 动作被拦截 (非法地形/没钱/有人)。惩罚 -0.05 (连续无作为: 2次)

[STEP 8] 开始执行动作...
[SILENT_LOG] [TemplateMatcher] pause_gear.png -> max conf: 0.908 (needs 0.55, optimal scale: 0.80x)
[ACTION MASKING] ⛔ 警告：手牌 8 亮度过低(无费/CD中)！代码直接拦截，不执行拖拽！
[SILENT_LOG] [TemplateMatcher] pause_gear.png -> max conf: 0.908 (needs 0.55, optimal scale: 0.80x)
[REWARD] 执行前血条数: 1 -> 最终确认血条数: 0
[REWARD] ⛔ 动作被拦截 (非法地形/没钱/有人)。惩罚 -0.05 (连续无作为: 3次)

[STEP 9] 开始执行动作...
[ACTION MASKING] ⛔ 警告：手牌 7 亮度过低(无费/CD中)！代码直接拦截，不执行拖拽！
[SILENT_LOG] [TemplateMatcher] pause_gear.png -> max conf: 0.908 (needs 0.55, optimal scale: 0.80x)
[REWARD] 执行前血条数: 1 -> 最终确认血条数: 0
[REWARD] ⛔ 动作被拦截 (非法地形/没钱/有人)。惩罚 -0.05 (连续无作为: 4次)

[STEP 10] 开始执行动作...
[SILENT_LOG] [TemplateMatcher] pause_gear.png -> max conf: 0.908 (needs 0.55, optimal scale: 0.80x)
[ACTION MASKING] ⛔ 警告：手牌 6 亮度过低(无费/CD中)！代码直接拦截，不执行拖拽！
[SILENT_LOG] [TemplateMatcher] pause_gear.png -> max conf: 0.908 (needs 0.55, optimal scale: 0.80x)
[REWARD] 执行前血条数: 1 -> 最终确认血条数: 0
[REWARD] ⛔ 动作被拦截 (非法地形/没钱/有人)。惩罚 -0.05 (连续无作为: 5次)

[STEP 11] 开始执行动作...
[ACTION] 盲狙执行: 选卡11 -> 拖拽至(3,4) 朝向1
[SILENT_LOG] [TemplateMatcher] pause_gear.png -> max conf: 0.908 (needs 0.55, optimal scale: 0.80x)
[SILENT_LOG] [TemplateMatcher] pause_gear.png -> max conf: 0.908 (needs 0.55, optimal scale: 0.80x)
[SILENT_LOG] [TemplateMatcher] pause_gear.png -> max conf: 0.908 (needs 0.55, optimal scale: 0.80x)
[SILENT_LOG] [TemplateMatcher] pause_gear.png -> max conf: 0.908 (needs 0.55, optimal scale: 0.80x)
[SILENT_LOG] [TemplateMatcher] pause_gear.png -> max conf: 0.908 (needs 0.55, optimal scale: 0.80x)
[SILENT_LOG] [TemplateMatcher] pause_gear.png -> max conf: 0.908 (needs 0.55, optimal scale: 0.80x)
[REWARD] 动作已执行，开始 3 次心跳检测血条 (间隔 0.2s)...
[SILENT_LOG] [TemplateMatcher] pause_gear.png -> max conf: 0.908 (needs 0.55, optimal scale: 0.80x)
[SILENT_LOG] [TemplateMatcher] pause_gear.png -> max conf: 0.908 (needs 0.55, optimal scale: 0.80x)
[SILENT_LOG] [TemplateMatcher] pause_gear.png -> max conf: 0.908 (needs 0.55, optimal scale: 0.80x)
[SILENT_LOG] [TemplateMatcher] pause_gear.png -> max conf: 0.908 (needs 0.55, optimal scale: 0.80x)
[REWARD] ❌ 未检测到新血条！判定为【费用不足或CD中】，强制挂机 2.0 秒等待费用恢复！
[SILENT_LOG] [TemplateMatcher] pause_gear.png -> max conf: 0.908 (needs 0.55, optimal scale: 0.80x)
[SILENT_LOG] [TemplateMatcher] pause_gear.png -> max conf: 0.908 (needs 0.55, optimal scale: 0.80x)
[SILENT_LOG] [TemplateMatcher] pause_gear.png -> max conf: 0.908 (needs 0.55, optimal scale: 0.80x)
[SILENT_LOG] [TemplateMatcher] pause_gear.png -> max conf: 0.908 (needs 0.55, optimal scale: 0.80x)
[SILENT_LOG] [TemplateMatcher] pause_gear.png -> max conf: 0.908 (needs 0.55, optimal scale: 0.80x)
[SILENT_LOG] [TemplateMatcher] pause_gear.png -> max conf: 0.908 (needs 0.55, optimal scale: 0.80x)
[REWARD] 执行前血条数: 1 -> 最终确认血条数: 1
[REWARD] ❌ 未产生血条 (游戏拒收/高低台错位/手滑)。惩罚 -0.05

[STEP 12] 开始执行动作...
[ACTION] 盲狙执行: 选卡11 -> 拖拽至(9,2) 朝向3
[SILENT_LOG] [TemplateMatcher] pause_gear.png -> max conf: 0.908 (needs 0.55, optimal scale: 0.80x)
[SILENT_LOG] [TemplateMatcher] pause_gear.png -> max conf: 0.908 (needs 0.55, optimal scale: 0.80x)
[SILENT_LOG] [TemplateMatcher] pause_gear.png -> max conf: 0.908 (needs 0.55, optimal scale: 0.80x)
[SILENT_LOG] [TemplateMatcher] pause_gear.png -> max conf: 0.908 (needs 0.55, optimal scale: 0.80x)
[SILENT_LOG] [TemplateMatcher] pause_gear.png -> max conf: 0.908 (needs 0.55, optimal scale: 0.80x)
[SILENT_LOG] [TemplateMatcher] pause_gear.png -> max conf: 0.908 (needs 0.55, optimal scale: 0.80x)
[REWARD] 动作已执行，开始 3 次心跳检测血条 (间隔 0.2s)...
[SILENT_LOG] [TemplateMatcher] pause_gear.png -> max conf: 0.908 (needs 0.55, optimal scale: 0.80x)
[SILENT_LOG] [TemplateMatcher] pause_gear.png -> max conf: 0.908 (needs 0.55, optimal scale: 0.80x)
[SILENT_LOG] [TemplateMatcher] pause_gear.png -> max conf: 0.908 (needs 0.55, optimal scale: 0.80x)
[SILENT_LOG] [TemplateMatcher] pause_gear.png -> max conf: 0.908 (needs 0.55, optimal scale: 0.80x)
[REWARD] ❌ 未检测到新血条！判定为【费用不足或CD中】，强制挂机 2.0 秒等待费用恢复！
[SILENT_LOG] [TemplateMatcher] pause_gear.png -> max conf: 0.908 (needs 0.55, optimal scale: 0.80x)
[SILENT_LOG] [TemplateMatcher] pause_gear.png -> max conf: 0.908 (needs 0.55, optimal scale: 0.80x)
[SILENT_LOG] [TemplateMatcher] pause_gear.png -> max conf: 0.908 (needs 0.55, optimal scale: 0.80x)
[SILENT_LOG] [TemplateMatcher] pause_gear.png -> max conf: 0.908 (needs 0.55, optimal scale: 0.80x)
[SILENT_LOG] [TemplateMatcher] pause_gear.png -> max conf: 0.908 (needs 0.55, optimal scale: 0.80x)
[SILENT_LOG] [TemplateMatcher] pause_gear.png -> max conf: 0.908 (needs 0.55, optimal scale: 0.80x)
[REWARD] 执行前血条数: 1 -> 最终确认血条数: 1
[REWARD] ❌ 未产生血条 (游戏拒收/高低台错位/手滑)。惩罚 -0.05

[STEP 13] 开始执行动作...
[SILENT_LOG] [TemplateMatcher] pause_gear.png -> max conf: 0.908 (needs 0.55, optimal scale: 0.80x)
[ACTION] 盲狙执行: 选卡5 -> 拖拽至(8,2) 朝向0
[SILENT_LOG] [TemplateMatcher] pause_gear.png -> max conf: 0.887 (needs 0.55, optimal scale: 0.80x)
[SILENT_LOG] [TemplateMatcher] pause_gear.png -> max conf: 0.908 (needs 0.55, optimal scale: 0.80x)
[SILENT_LOG] [TemplateMatcher] pause_gear.png -> max conf: 0.908 (needs 0.55, optimal scale: 0.80x)
[SILENT_LOG] [TemplateMatcher] pause_gear.png -> max conf: 0.908 (needs 0.55, optimal scale: 0.80x)
[SILENT_LOG] [TemplateMatcher] pause_gear.png -> max conf: 0.908 (needs 0.55, optimal scale: 0.80x)
[SILENT_LOG] [TemplateMatcher] pause_gear.png -> max conf: 0.908 (needs 0.55, optimal scale: 0.80x)
[REWARD] 动作已执行，开始 3 次心跳检测血条 (间隔 0.2s)...
[SILENT_LOG] [TemplateMatcher] pause_gear.png -> max conf: 0.908 (needs 0.55, optimal scale: 0.80x)
[SILENT_LOG] [TemplateMatcher] pause_gear.png -> max conf: 0.908 (needs 0.55, optimal scale: 0.80x)
[SILENT_LOG] [TemplateMatcher] pause_gear.png -> max conf: 0.908 (needs 0.55, optimal scale: 0.80x)
[SILENT_LOG] [TemplateMatcher] pause_gear.png -> max conf: 0.908 (needs 0.55, optimal scale: 0.80x)
[REWARD] ❌ 未检测到新血条！判定为【费用不足或CD中】，强制挂机 2.0 秒等待费用恢复！
[SILENT_LOG] [TemplateMatcher] pause_gear.png -> max conf: 0.908 (needs 0.55, optimal scale: 0.80x)
[SILENT_LOG] [TemplateMatcher] pause_gear.png -> max conf: 0.908 (needs 0.55, optimal scale: 0.80x)
[SILENT_LOG] [TemplateMatcher] pause_gear.png -> max conf: 0.908 (needs 0.55, optimal scale: 0.80x)
[SILENT_LOG] [TemplateMatcher] pause_gear.png -> max conf: 0.908 (needs 0.55, optimal scale: 0.80x)
[SILENT_LOG] [TemplateMatcher] pause_gear.png -> max conf: 0.908 (needs 0.55, optimal scale: 0.80x)
[SILENT_LOG] [TemplateMatcher] pause_gear.png -> max conf: 0.908 (needs 0.55, optimal scale: 0.80x)
[REWARD] 执行前血条数: 1 -> 最终确认血条数: 1
[REWARD] ❌ 未产生血条 (游戏拒收/高低台错位/手滑)。惩罚 -0.05

[STEP 14] 开始执行动作...
[ACTION] 盲狙执行: 选卡10 -> 拖拽至(1,4) 朝向1
[SILENT_LOG] [TemplateMatcher] pause_gear.png -> max conf: 0.908 (needs 0.55, optimal scale: 0.80x)
[SILENT_LOG] [TemplateMatcher] pause_gear.png -> max conf: 0.891 (needs 0.55, optimal scale: 0.80x)
[SILENT_LOG] [TemplateMatcher] pause_gear.png -> max conf: 0.891 (needs 0.55, optimal scale: 0.80x)
[SILENT_LOG] [TemplateMatcher] pause_gear.png -> max conf: 0.891 (needs 0.55, optimal scale: 0.80x)
[SILENT_LOG] [TemplateMatcher] pause_gear.png -> max conf: 0.908 (needs 0.55, optimal scale: 0.80x)
[SILENT_LOG] [TemplateMatcher] pause_gear.png -> max conf: 0.908 (needs 0.55, optimal scale: 0.80x)
[SILENT_LOG] [TemplateMatcher] pause_gear.png -> max conf: 0.908 (needs 0.55, optimal scale: 0.80x)
[REWARD] 动作已执行，开始 3 次心跳检测血条 (间隔 0.2s)...
[SILENT_LOG] [TemplateMatcher] pause_gear.png -> max conf: 0.908 (needs 0.55, optimal scale: 0.80x)
[SILENT_LOG] [TemplateMatcher] pause_gear.png -> max conf: 0.908 (needs 0.55, optimal scale: 0.80x)
[REWARD] ✅ 第 1 次检测命中目标干员血条！
[REWARD] 执行前血条数: 1 -> 最终确认血条数: 2
[REWARD] 🎯 完美落子！部署点靠近敌人 (距离: 123.6)，奖励 +0.5
[REWARD] 🛡️ 偏离/背对敌人！(角度: 293.9°)，微小惩罚 -0.1

[STEP 15] 开始执行动作...
[ACTION MASKING] ⛔ 警告：手牌 0 亮度过低(无费/CD中)！代码直接拦截，不执行拖拽！
[SILENT_LOG] [TemplateMatcher] pause_gear.png -> max conf: 0.908 (needs 0.55, optimal scale: 0.80x)
[REWARD] 执行前血条数: 2 -> 最终确认血条数: 0
[REWARD] ⛔ 动作被拦截 (非法地形/没钱/有人)。惩罚 -0.05 (连续无作为: 1次)

[STEP 16] 开始执行动作...
[ACTION] 盲狙执行: 选卡2 -> 拖拽至(0,4) 朝向2
[SILENT_LOG] [TemplateMatcher] pause_gear.png -> max conf: 0.908 (needs 0.55, optimal scale: 0.80x)
[SILENT_LOG] [TemplateMatcher] pause_gear.png -> max conf: 0.889 (needs 0.55, optimal scale: 0.80x)
[SILENT_LOG] [TemplateMatcher] pause_gear.png -> max conf: 0.908 (needs 0.55, optimal scale: 0.80x)
[SILENT_LOG] [TemplateMatcher] pause_gear.png -> max conf: 0.908 (needs 0.55, optimal scale: 0.80x)
[SILENT_LOG] [TemplateMatcher] pause_gear.png -> max conf: 0.908 (needs 0.55, optimal scale: 0.80x)
[SILENT_LOG] [TemplateMatcher] pause_gear.png -> max conf: 0.908 (needs 0.55, optimal scale: 0.80x)
[SILENT_LOG] [TemplateMatcher] pause_gear.png -> max conf: 0.908 (needs 0.55, optimal scale: 0.80x)
[REWARD] 动作已执行，开始 3 次心跳检测血条 (间隔 0.2s)...
[SILENT_LOG] [TemplateMatcher] pause_gear.png -> max conf: 0.908 (needs 0.55, optimal scale: 0.80x)
[SILENT_LOG] [TemplateMatcher] pause_gear.png -> max conf: 0.908 (needs 0.55, optimal scale: 0.80x)
[SILENT_LOG] [TemplateMatcher] pause_gear.png -> max conf: 0.908 (needs 0.55, optimal scale: 0.80x)
[SILENT_LOG] [TemplateMatcher] pause_gear.png -> max conf: 0.908 (needs 0.55, optimal scale: 0.80x)
[REWARD] ❌ 未检测到新血条！判定为【费用不足或CD中】，强制挂机 2.0 秒等待费用恢复！
[SILENT_LOG] [TemplateMatcher] pause_gear.png -> max conf: 0.908 (needs 0.55, optimal scale: 0.80x)
[SILENT_LOG] [TemplateMatcher] pause_gear.png -> max conf: 0.908 (needs 0.55, optimal scale: 0.80x)
[SILENT_LOG] [TemplateMatcher] pause_gear.png -> max conf: 0.908 (needs 0.55, optimal scale: 0.80x)
[SILENT_LOG] [TemplateMatcher] pause_gear.png -> max conf: 0.908 (needs 0.55, optimal scale: 0.80x)
[SILENT_LOG] [TemplateMatcher] pause_gear.png -> max conf: 0.908 (needs 0.55, optimal scale: 0.80x)
[SILENT_LOG] [TemplateMatcher] pause_gear.png -> max conf: 0.908 (needs 0.55, optimal scale: 0.80x)
[REWARD] 执行前血条数: 2 -> 最终确认血条数: 2
[REWARD] ❌ 未产生血条 (游戏拒收/高低台错位/手滑)。惩罚 -0.05

[STEP 17] 开始执行动作...
[SILENT_LOG] [TemplateMatcher] pause_gear.png -> max conf: 0.908 (needs 0.55, optimal scale: 0.80x)
[ACTION] 盲狙执行: 选卡7 -> 拖拽至(0,3) 朝向1
[SILENT_LOG] [TemplateMatcher] pause_gear.png -> max conf: 0.885 (needs 0.55, optimal scale: 0.80x)
[SILENT_LOG] [TemplateMatcher] pause_gear.png -> max conf: 0.908 (needs 0.55, optimal scale: 0.80x)
[SILENT_LOG] [TemplateMatcher] pause_gear.png -> max conf: 0.908 (needs 0.55, optimal scale: 0.80x)
[SILENT_LOG] [TemplateMatcher] pause_gear.png -> max conf: 0.908 (needs 0.55, optimal scale: 0.80x)
[SILENT_LOG] [TemplateMatcher] pause_gear.png -> max conf: 0.908 (needs 0.55, optimal scale: 0.80x)
[SILENT_LOG] [TemplateMatcher] pause_gear.png -> max conf: 0.908 (needs 0.55, optimal scale: 0.80x)
[REWARD] 动作已执行，开始 3 次心跳检测血条 (间隔 0.2s)...
[SILENT_LOG] [TemplateMatcher] pause_gear.png -> max conf: 0.908 (needs 0.55, optimal scale: 0.80x)
[SILENT_LOG] [TemplateMatcher] pause_gear.png -> max conf: 0.908 (needs 0.55, optimal scale: 0.80x)
[SILENT_LOG] [TemplateMatcher] pause_gear.png -> max conf: 0.908 (needs 0.55, optimal scale: 0.80x)
[SILENT_LOG] [TemplateMatcher] pause_gear.png -> max conf: 0.908 (needs 0.55, optimal scale: 0.80x)
[REWARD] ❌ 未检测到新血条！判定为【费用不足或CD中】，强制挂机 2.0 秒等待费用恢复！
[SILENT_LOG] [TemplateMatcher] pause_gear.png -> max conf: 0.908 (needs 0.55, optimal scale: 0.80x)
[SILENT_LOG] [TemplateMatcher] pause_gear.png -> max conf: 0.908 (needs 0.55, optimal scale: 0.80x)
[SILENT_LOG] [TemplateMatcher] pause_gear.png -> max conf: 0.908 (needs 0.55, optimal scale: 0.80x)
[SILENT_LOG] [TemplateMatcher] pause_gear.png -> max conf: 0.908 (needs 0.55, optimal scale: 0.80x)
[SILENT_LOG] [TemplateMatcher] pause_gear.png -> max conf: 0.908 (needs 0.55, optimal scale: 0.80x)
[SILENT_LOG] [TemplateMatcher] pause_gear.png -> max conf: 0.908 (needs 0.55, optimal scale: 0.80x)
[REWARD] 执行前血条数: 2 -> 最终确认血条数: 2
[REWARD] ❌ 未产生血条 (游戏拒收/高低台错位/手滑)。惩罚 -0.05

[STEP 18] 开始执行动作...
[SILENT_LOG] [TemplateMatcher] pause_gear.png -> max conf: 0.908 (needs 0.55, optimal scale: 0.80x)
[ACTION] 盲狙执行: 选卡9 -> 拖拽至(9,3) 朝向3
[SILENT_LOG] [TemplateMatcher] pause_gear.png -> max conf: 0.892 (needs 0.55, optimal scale: 0.80x)
[SILENT_LOG] [TemplateMatcher] pause_gear.png -> max conf: 0.891 (needs 0.55, optimal scale: 0.80x)
[SILENT_LOG] [TemplateMatcher] pause_gear.png -> max conf: 0.888 (needs 0.55, optimal scale: 0.80x)
[SILENT_LOG] [TemplateMatcher] pause_gear.png -> max conf: 0.908 (needs 0.55, optimal scale: 0.80x)
[SILENT_LOG] [TemplateMatcher] pause_gear.png -> max conf: 0.908 (needs 0.55, optimal scale: 0.80x)
[SILENT_LOG] [TemplateMatcher] pause_gear.png -> max conf: 0.908 (needs 0.55, optimal scale: 0.80x)
[REWARD] 动作已执行，开始 3 次心跳检测血条 (间隔 0.2s)...
[SILENT_LOG] [TemplateMatcher] pause_gear.png -> max conf: 0.908 (needs 0.55, optimal scale: 0.80x)
[SILENT_LOG] [TemplateMatcher] pause_gear.png -> max conf: 0.908 (needs 0.55, optimal scale: 0.80x)
[REWARD] ✅ 第 1 次检测命中目标干员血条！
[REWARD] 执行前血条数: 2 -> 最终确认血条数: 3
[REWARD] 🎯 完美落子！部署点靠近敌人 (距离: 246.2)，奖励 +0.5
[REWARD] 🛡️ 偏离/背对敌人！(角度: 259.9°)，微小惩罚 -0.1

[STEP 19] 开始执行动作...
[ACTION MASKING] ⛔ 警告：手牌 8 亮度过低(无费/CD中)！代码直接拦截，不执行拖拽！
[SILENT_LOG] [TemplateMatcher] pause_gear.png -> max conf: 0.592 (needs 0.55, optimal scale: 0.80x)
[REWARD] 执行前血条数: 3 -> 最终确认血条数: 0
[REWARD] ⛔ 动作被拦截 (非法地形/没钱/有人)。惩罚 -0.05 (连续无作为: 1次)

[STEP 20] 开始执行动作...
[SILENT_LOG] [TemplateMatcher] pause_gear.png -> max conf: 0.553 (needs 0.55, optimal scale: 0.80x)
[ACTION MASKING] ⛔ 警告：手牌 1 亮度过低(无费/CD中)！代码直接拦截，不执行拖拽！
[REWARD] 执行前血条数: 0 -> 最终确认血条数: 0
[REWARD] ⛔ 动作被拦截 (非法地形/没钱/有人)。惩罚 -0.05 (连续无作为: 2次)

[STEP 21] 开始执行动作...
[SILENT_LOG] [TemplateMatcher] pause_gear.png -> max conf: 0.553 (needs 0.55, optimal scale: 0.80x)
[ACTION MASKING] ⛔ 警告：手牌 2 亮度过低(无费/CD中)！代码直接拦截，不执行拖拽！
[REWARD] 执行前血条数: 0 -> 最终确认血条数: 0
[REWARD] ⛔ 动作被拦截 (非法地形/没钱/有人)。惩罚 -0.05 (连续无作为: 3次)
[SAVE] 自动保存进度 (Step 280) -> policy_latest.zip

[STEP 22] 开始执行动作...
[SILENT_LOG] [TemplateMatcher] pause_gear.png -> max conf: 0.553 (needs 0.55, optimal scale: 0.80x)
[ACTION MASKING] ⛔ 警告：手牌 2 亮度过低(无费/CD中)！代码直接拦截，不执行拖拽！
[REWARD] 执行前血条数: 0 -> 最终确认血条数: 0
[REWARD] ⛔ 动作被拦截 (非法地形/没钱/有人)。惩罚 -0.05 (连续无作为: 4次)

[STEP 23] 开始执行动作...
[SILENT_LOG] [TemplateMatcher] pause_gear.png -> max conf: 0.553 (needs 0.55, optimal scale: 0.80x)
[ACTION MASKING] ⛔ 警告：手牌 2 亮度过低(无费/CD中)！代码直接拦截，不执行拖拽！
[SILENT_LOG] [TemplateMatcher] pause_gear.png -> max conf: 0.553 (needs 0.55, optimal scale: 0.80x)
[REWARD] 执行前血条数: 0 -> 最终确认血条数: 0
[REWARD] ⛔ 动作被拦截 (非法地形/没钱/有人)。惩罚 -0.05 (连续无作为: 5次)

[STEP 24] 开始执行动作...
[ACTION MASKING] ⛔ 警告：手牌 5 亮度过低(无费/CD中)！代码直接拦截，不执行拖拽！
[SILENT_LOG] [TemplateMatcher] pause_gear.png -> max conf: 0.553 (needs 0.55, optimal scale: 0.80x)
[REWARD] 执行前血条数: 0 -> 最终确认血条数: 0
[REWARD] ⛔ 动作被拦截 (非法地形/没钱/有人)。惩罚 -0.05 (连续无作为: 6次)

[STEP 25] 开始执行动作...
[ACTION] 盲狙执行: 选卡11 -> 拖拽至(4,0) 朝向2
[SILENT_LOG] [TemplateMatcher] pause_gear.png -> max conf: 0.553 (needs 0.55, optimal scale: 0.80x)
[SILENT_LOG] [TemplateMatcher] pause_gear.png -> max conf: 0.556 (needs 0.55, optimal scale: 0.80x)
[SILENT_LOG] [TemplateMatcher] pause_gear.png -> max conf: 0.674 (needs 0.55, optimal scale: 0.80x)
[SILENT_LOG] [TemplateMatcher] pause_gear.png -> max conf: 0.000 (needs 0.55, optimal scale: 0.80x)
[SILENT_LOG] [TemplateMatcher] pause_gear.png -> max conf: 0.000 (needs 0.55, optimal scale: 0.80x)

[MONITOR] 🚨 后台紧急熔断：连续 2 次未见右上角齿轮，战斗结束！
[REWARD] 动作已执行，开始 3 次心跳检测血条 (间隔 0.2s)...
[REWARD] ❌ 未检测到新血条！判定为【费用不足或CD中】，强制挂机 2.0 秒等待费用恢复！
[REWARD] 执行前血条数: 0 -> 最终确认血条数: 0
[REWARD] ❌ 未产生血条 (游戏拒收/高低台错位/手滑)。惩罚 -0.05
[ENV] 🚨 后台监视器触发熔断，本回合正式结束！

================= 回合结束，开始自动重启关卡 =================
[TemplateMatcher] pause_gear.png -> max conf: 0.000 (needs 0.7, optimal scale: 0.80x)
[DEBUG] 未匹配 [pause_gear] (要求阈值 0.7)
[TemplateMatcher] start_action.png -> max conf: 0.000 (needs 0.43, optimal scale: 0.80x)
[DEBUG] 未匹配 [start_action] (要求阈值 0.43)
[TemplateMatcher] practice.png -> max conf: 0.000 (needs 0.5, optimal scale: 0.80x)
[DEBUG] 未匹配 [practice] (要求阈值 0.5)
[TemplateMatcher] stage_1_7.png -> max conf: 0.000 (needs 0.5, optimal scale: 0.80x)
[DEBUG] 未匹配 [stage_1_7] (要求阈值 0.5)
[RESET] 尝试跳过动画/寻找入口... (尝试 1/100)
[TemplateMatcher] pause_gear.png -> max conf: 0.561 (needs 0.7, optimal scale: 0.95x)
[DEBUG] 未匹配 [pause_gear] (要求阈值 0.7)
[TemplateMatcher] start_action.png -> max conf: 0.003 (needs 0.43, optimal scale: 0.80x)
[DEBUG] 未匹配 [start_action] (要求阈值 0.43)
[TemplateMatcher] practice.png -> max conf: 0.538 (needs 0.5, optimal scale: 1.20x)
[RESET] 找到 [practice] (置信度 0.54 >= 0.5)，点击 (625, 665)
[RESET] 点击演习按钮
[TemplateMatcher] pause_gear.png -> max conf: 0.561 (needs 0.7, optimal scale: 0.95x)
[DEBUG] 未匹配 [pause_gear] (要求阈值 0.7)
[TemplateMatcher] start_action.png -> max conf: 0.003 (needs 0.43, optimal scale: 0.80x)
[DEBUG] 未匹配 [start_action] (要求阈值 0.43)
[TemplateMatcher] practice.png -> max conf: 0.538 (needs 0.5, optimal scale: 1.20x)
[RESET] 找到 [practice] (置信度 0.54 >= 0.5)，点击 (625, 665)
[RESET] 点击演习按钮
[TemplateMatcher] pause_gear.png -> max conf: 0.490 (needs 0.7, optimal scale: 0.80x)
[DEBUG] 未匹配 [pause_gear] (要求阈值 0.7)
[TemplateMatcher] start_action.png -> max conf: -0.015 (needs 0.43, optimal scale: 0.80x)
[DEBUG] 未匹配 [start_action] (要求阈值 0.43)
[TemplateMatcher] practice.png -> max conf: 0.522 (needs 0.5, optimal scale: 0.80x)
[RESET] 找到 [practice] (置信度 0.52 >= 0.5)，点击 (533, 603)
[RESET] 点击演习按钮
[TemplateMatcher] pause_gear.png -> max conf: 0.490 (needs 0.7, optimal scale: 0.80x)
[DEBUG] 未匹配 [pause_gear] (要求阈值 0.7)
[TemplateMatcher] start_action.png -> max conf: -0.015 (needs 0.43, optimal scale: 0.80x)
[DEBUG] 未匹配 [start_action] (要求阈值 0.43)
[TemplateMatcher] practice.png -> max conf: 0.522 (needs 0.5, optimal scale: 0.80x)
[RESET] 找到 [practice] (置信度 0.52 >= 0.5)，点击 (533, 603)
[RESET] 点击演习按钮
[TemplateMatcher] pause_gear.png -> max conf: 0.490 (needs 0.7, optimal scale: 0.80x)
[DEBUG] 未匹配 [pause_gear] (要求阈值 0.7)
[TemplateMatcher] start_action.png -> max conf: -0.015 (needs 0.43, optimal scale: 0.80x)
[DEBUG] 未匹配 [start_action] (要求阈值 0.43)
[TemplateMatcher] practice.png -> max conf: 0.522 (needs 0.5, optimal scale: 0.80x)
[RESET] 找到 [practice] (置信度 0.52 >= 0.5)，点击 (533, 603)
[RESET] 点击演习按钮
[TemplateMatcher] pause_gear.png -> max conf: 0.472 (needs 0.7, optimal scale: 0.90x)
[DEBUG] 未匹配 [pause_gear] (要求阈值 0.7)
[TemplateMatcher] start_action.png -> max conf: 0.027 (needs 0.43, optimal scale: 0.80x)
[DEBUG] 未匹配 [start_action] (要求阈值 0.43)
[TemplateMatcher] practice.png -> max conf: 0.489 (needs 0.5, optimal scale: 0.85x)
[DEBUG] 未匹配 [practice] (要求阈值 0.5)
[TemplateMatcher] stage_1_7.png -> max conf: 0.712 (needs 0.5, optimal scale: 0.80x)
[RESET] 找到 [stage_1_7] (置信度 0.71 >= 0.5)，点击 (638, 224)
[RESET] 点击关卡 1-7 图标
[TemplateMatcher] pause_gear.png -> max conf: 0.612 (needs 0.7, optimal scale: 1.10x)
[DEBUG] 未匹配 [pause_gear] (要求阈值 0.7)
[TemplateMatcher] start_action.png -> max conf: 0.103 (needs 0.43, optimal scale: 0.80x)
[DEBUG] 未匹配 [start_action] (要求阈值 0.43)
[TemplateMatcher] practice.png -> max conf: 0.687 (needs 0.5, optimal scale: 0.80x)
[RESET] 找到 [practice] (置信度 0.69 >= 0.5)，点击 (935, 660)
[RESET] 点击演习按钮
[TemplateMatcher] pause_gear.png -> max conf: 0.470 (needs 0.7, optimal scale: 1.05x)
[DEBUG] 未匹配 [pause_gear] (要求阈值 0.7)
[TemplateMatcher] start_action.png -> max conf: 0.431 (needs 0.43, optimal scale: 0.80x)
[RESET] 找到 [start_action] (置信度 0.43 >= 0.43)，点击 (1101, 516)
[RESET] 点击开始行动，进入加载...
[TemplateMatcher] pause_gear.png -> max conf: 0.000 (needs 0.7, optimal scale: 0.80x)
[DEBUG] 未匹配 [pause_gear] (要求阈值 0.7)
[TemplateMatcher] start_action.png -> max conf: 0.000 (needs 0.43, optimal scale: 0.80x)
[DEBUG] 未匹配 [start_action] (要求阈值 0.43)
[TemplateMatcher] practice.png -> max conf: 0.000 (needs 0.5, optimal scale: 0.80x)
[DEBUG] 未匹配 [practice] (要求阈值 0.5)
[TemplateMatcher] stage_1_7.png -> max conf: 0.000 (needs 0.5, optimal scale: 0.80x)
[DEBUG] 未匹配 [stage_1_7] (要求阈值 0.5)
[RESET] 尝试跳过动画/寻找入口... (尝试 10/100)
[TemplateMatcher] pause_gear.png -> max conf: 0.000 (needs 0.7, optimal scale: 0.80x)
[DEBUG] 未匹配 [pause_gear] (要求阈值 0.7)
[TemplateMatcher] start_action.png -> max conf: 0.000 (needs 0.43, optimal scale: 0.80x)
[DEBUG] 未匹配 [start_action] (要求阈值 0.43)
[TemplateMatcher] practice.png -> max conf: 0.000 (needs 0.5, optimal scale: 0.80x)
[DEBUG] 未匹配 [practice] (要求阈值 0.5)
[TemplateMatcher] stage_1_7.png -> max conf: 0.000 (needs 0.5, optimal scale: 0.80x)
[DEBUG] 未匹配 [stage_1_7] (要求阈值 0.5)
[RESET] 尝试跳过动画/寻找入口... (尝试 11/100)
[TemplateMatcher] pause_gear.png -> max conf: 0.000 (needs 0.7, optimal scale: 0.80x)
[DEBUG] 未匹配 [pause_gear] (要求阈值 0.7)
[TemplateMatcher] start_action.png -> max conf: 0.000 (needs 0.43, optimal scale: 0.80x)
[DEBUG] 未匹配 [start_action] (要求阈值 0.43)
[TemplateMatcher] practice.png -> max conf: 0.000 (needs 0.5, optimal scale: 0.80x)
[DEBUG] 未匹配 [practice] (要求阈值 0.5)
[TemplateMatcher] stage_1_7.png -> max conf: 0.000 (needs 0.5, optimal scale: 0.80x)
[DEBUG] 未匹配 [stage_1_7] (要求阈值 0.5)
[RESET] 尝试跳过动画/寻找入口... (尝试 12/100)
[TemplateMatcher] pause_gear.png -> max conf: 0.511 (needs 0.7, optimal scale: 1.20x)
[DEBUG] 未匹配 [pause_gear] (要求阈值 0.7)
[TemplateMatcher] start_action.png -> max conf: -0.052 (needs 0.43, optimal scale: 0.80x)
[DEBUG] 未匹配 [start_action] (要求阈值 0.43)
[TemplateMatcher] practice.png -> max conf: 0.379 (needs 0.5, optimal scale: 0.90x)
[DEBUG] 未匹配 [practice] (要求阈值 0.5)
[TemplateMatcher] stage_1_7.png -> max conf: 0.411 (needs 0.5, optimal scale: 0.90x)
[DEBUG] 未匹配 [stage_1_7] (要求阈值 0.5)
[RESET] 尝试跳过动画/寻找入口... (尝试 13/100)
[TemplateMatcher] pause_gear.png -> max conf: 0.511 (needs 0.7, optimal scale: 1.20x)
[DEBUG] 未匹配 [pause_gear] (要求阈值 0.7)
[TemplateMatcher] start_action.png -> max conf: -0.052 (needs 0.43, optimal scale: 0.80x)
[DEBUG] 未匹配 [start_action] (要求阈值 0.43)
[TemplateMatcher] practice.png -> max conf: 0.379 (needs 0.5, optimal scale: 0.90x)
[DEBUG] 未匹配 [practice] (要求阈值 0.5)
[TemplateMatcher] stage_1_7.png -> max conf: 0.411 (needs 0.5, optimal scale: 0.90x)
[DEBUG] 未匹配 [stage_1_7] (要求阈值 0.5)
[RESET] 尝试跳过动画/寻找入口... (尝试 14/100)
[TemplateMatcher] pause_gear.png -> max conf: 0.215 (needs 0.7, optimal scale: 1.20x)
[DEBUG] 未匹配 [pause_gear] (要求阈值 0.7)
[TemplateMatcher] start_action.png -> max conf: 0.210 (needs 0.43, optimal scale: 0.80x)
[DEBUG] 未匹配 [start_action] (要求阈值 0.43)
[TemplateMatcher] practice.png -> max conf: 0.373 (needs 0.5, optimal scale: 0.80x)
[DEBUG] 未匹配 [practice] (要求阈值 0.5)
[TemplateMatcher] stage_1_7.png -> max conf: 0.271 (needs 0.5, optimal scale: 0.80x)
[DEBUG] 未匹配 [stage_1_7] (要求阈值 0.5)
[RESET] 尝试跳过动画/寻找入口... (尝试 15/100)
[TemplateMatcher] pause_gear.png -> max conf: 0.211 (needs 0.7, optimal scale: 1.05x)
[DEBUG] 未匹配 [pause_gear] (要求阈值 0.7)
[TemplateMatcher] start_action.png -> max conf: 0.187 (needs 0.43, optimal scale: 0.80x)
[DEBUG] 未匹配 [start_action] (要求阈值 0.43)
[TemplateMatcher] practice.png -> max conf: 0.297 (needs 0.5, optimal scale: 0.80x)
[DEBUG] 未匹配 [practice] (要求阈值 0.5)
[TemplateMatcher] stage_1_7.png -> max conf: 0.277 (needs 0.5, optimal scale: 0.85x)
[DEBUG] 未匹配 [stage_1_7] (要求阈值 0.5)
[RESET] 尝试跳过动画/寻找入口... (尝试 16/100)
[TemplateMatcher] pause_gear.png -> max conf: 0.211 (needs 0.7, optimal scale: 1.05x)
[DEBUG] 未匹配 [pause_gear] (要求阈值 0.7)
[TemplateMatcher] start_action.png -> max conf: 0.187 (needs 0.43, optimal scale: 0.80x)
[DEBUG] 未匹配 [start_action] (要求阈值 0.43)
[TemplateMatcher] practice.png -> max conf: 0.297 (needs 0.5, optimal scale: 0.80x)
[DEBUG] 未匹配 [practice] (要求阈值 0.5)
[TemplateMatcher] stage_1_7.png -> max conf: 0.277 (needs 0.5, optimal scale: 0.85x)
[DEBUG] 未匹配 [stage_1_7] (要求阈值 0.5)
[RESET] 尝试跳过动画/寻找入口... (尝试 17/100)
[TemplateMatcher] pause_gear.png -> max conf: 0.881 (needs 0.7, optimal scale: 0.80x)
[RESET] 找到 [pause_gear] (置信度 0.88 >= 0.7)，(仅检测，不点击)
[RESET] ✅ 检测到战斗画面右上角齿轮，重启成功！
================= 关卡重启流程结束 =================

[ENV] 🛡️ 战斗全局异步监视器已启动...
[SILENT_LOG] [TemplateMatcher] pause_gear.png -> max conf: 0.907 (needs 0.55, optimal scale: 0.80x)
--> [回合结束] 第 11 回合 | 奖励: 2.6 | 步数: 25

[STEP 1] 开始执行动作...
[ACTION MASKING] ⛔ 警告：手牌 8 亮度过低(无费/CD中)！代码直接拦截，不执行拖拽！
[SILENT_LOG] [TemplateMatcher] pause_gear.png -> max conf: 0.908 (needs 0.55, optimal scale: 0.80x)
[REWARD] 执行前血条数: 0 -> 最终确认血条数: 0
[REWARD] ⛔ 动作被拦截 (非法地形/没钱/有人)。惩罚 -0.05 (连续无作为: 8次)

[STEP 2] 开始执行动作...
[SILENT_LOG] [TemplateMatcher] pause_gear.png -> max conf: 0.908 (needs 0.55, optimal scale: 0.80x)
[ACTION] 盲狙执行: 选卡2 -> 拖拽至(0,1) 朝向2
[SILENT_LOG] [TemplateMatcher] pause_gear.png -> max conf: 0.890 (needs 0.55, optimal scale: 0.80x)
[SILENT_LOG] [TemplateMatcher] pause_gear.png -> max conf: 0.908 (needs 0.55, optimal scale: 0.80x)
[SILENT_LOG] [TemplateMatcher] pause_gear.png -> max conf: 0.908 (needs 0.55, optimal scale: 0.80x)
[SILENT_LOG] [TemplateMatcher] pause_gear.png -> max conf: 0.908 (needs 0.55, optimal scale: 0.80x)
[SILENT_LOG] [TemplateMatcher] pause_gear.png -> max conf: 0.908 (needs 0.55, optimal scale: 0.80x)
[SILENT_LOG] [TemplateMatcher] pause_gear.png -> max conf: 0.908 (needs 0.55, optimal scale: 0.80x)
[REWARD] 动作已执行，开始 3 次心跳检测血条 (间隔 0.2s)...
[SILENT_LOG] [TemplateMatcher] pause_gear.png -> max conf: 0.908 (needs 0.55, optimal scale: 0.80x)
[SILENT_LOG] [TemplateMatcher] pause_gear.png -> max conf: 0.908 (needs 0.55, optimal scale: 0.80x)
[SILENT_LOG] [TemplateMatcher] pause_gear.png -> max conf: 0.908 (needs 0.55, optimal scale: 0.80x)
[SILENT_LOG] [TemplateMatcher] pause_gear.png -> max conf: 0.908 (needs 0.55, optimal scale: 0.80x)
[REWARD] ❌ 未检测到新血条！判定为【费用不足或CD中】，强制挂机 2.0 秒等待费用恢复！
[SILENT_LOG] [TemplateMatcher] pause_gear.png -> max conf: 0.908 (needs 0.55, optimal scale: 0.80x)
[SILENT_LOG] [TemplateMatcher] pause_gear.png -> max conf: 0.908 (needs 0.55, optimal scale: 0.80x)
[SILENT_LOG] [TemplateMatcher] pause_gear.png -> max conf: 0.908 (needs 0.55, optimal scale: 0.80x)
[SILENT_LOG] [TemplateMatcher] pause_gear.png -> max conf: 0.908 (needs 0.55, optimal scale: 0.80x)
[SILENT_LOG] [TemplateMatcher] pause_gear.png -> max conf: 0.908 (needs 0.55, optimal scale: 0.80x)
[SILENT_LOG] [TemplateMatcher] pause_gear.png -> max conf: 0.908 (needs 0.55, optimal scale: 0.80x)
[REWARD] 执行前血条数: 0 -> 最终确认血条数: 0
[REWARD] ❌ 未产生血条 (游戏拒收/高低台错位/手滑)。惩罚 -0.05

[STEP 3] 开始执行动作...
[SILENT_LOG] [TemplateMatcher] pause_gear.png -> max conf: 0.907 (needs 0.55, optimal scale: 0.80x)
[ACTION] 盲狙执行: 选卡8 -> 拖拽至(5,1) 朝向2
[SILENT_LOG] [TemplateMatcher] pause_gear.png -> max conf: 0.888 (needs 0.55, optimal scale: 0.80x)
[SILENT_LOG] [TemplateMatcher] pause_gear.png -> max conf: 0.888 (needs 0.55, optimal scale: 0.80x)
[SILENT_LOG] [TemplateMatcher] pause_gear.png -> max conf: 0.887 (needs 0.55, optimal scale: 0.80x)
[SILENT_LOG] [TemplateMatcher] pause_gear.png -> max conf: 0.908 (needs 0.55, optimal scale: 0.80x)
[SILENT_LOG] [TemplateMatcher] pause_gear.png -> max conf: 0.908 (needs 0.55, optimal scale: 0.80x)
[SILENT_LOG] [TemplateMatcher] pause_gear.png -> max conf: 0.908 (needs 0.55, optimal scale: 0.80x)
[REWARD] 动作已执行，开始 3 次心跳检测血条 (间隔 0.2s)...
[SILENT_LOG] [TemplateMatcher] pause_gear.png -> max conf: 0.908 (needs 0.55, optimal scale: 0.80x)
[SILENT_LOG] [TemplateMatcher] pause_gear.png -> max conf: 0.908 (needs 0.55, optimal scale: 0.80x)
[REWARD] ✅ 第 1 次检测命中目标干员血条！
[REWARD] 执行前血条数: 0 -> 最终确认血条数: 1
[REWARD] 场上暂无移动目标，仅发放基础部署奖励 +1.0

[STEP 4] 开始执行动作...
[ACTION MASKING] ⛔ 警告：手牌 9 亮度过低(无费/CD中)！代码直接拦截，不执行拖拽！
[SILENT_LOG] [TemplateMatcher] pause_gear.png -> max conf: 0.908 (needs 0.55, optimal scale: 0.80x)
[REWARD] 执行前血条数: 1 -> 最终确认血条数: 0
[REWARD] ⛔ 动作被拦截 (非法地形/没钱/有人)。惩罚 -0.05 (连续无作为: 1次)

[STEP 5] 开始执行动作...
[ACTION MASKING] ⛔ 警告：手牌 1 亮度过低(无费/CD中)！代码直接拦截，不执行拖拽！
[SILENT_LOG] [TemplateMatcher] pause_gear.png -> max conf: 0.908 (needs 0.55, optimal scale: 0.80x)
[REWARD] 执行前血条数: 1 -> 最终确认血条数: 0
[REWARD] ⛔ 动作被拦截 (非法地形/没钱/有人)。惩罚 -0.05 (连续无作为: 2次)

[STEP 6] 开始执行动作...
[SILENT_LOG] [TemplateMatcher] pause_gear.png -> max conf: 0.908 (needs 0.55, optimal scale: 0.80x)
[ACTION MASKING] ⛔ 警告：手牌 7 亮度过低(无费/CD中)！代码直接拦截，不执行拖拽！
[REWARD] 执行前血条数: 1 -> 最终确认血条数: 0
[REWARD] ⛔ 动作被拦截 (非法地形/没钱/有人)。惩罚 -0.05 (连续无作为: 3次)

[STEP 7] 开始执行动作...
[SILENT_LOG] [TemplateMatcher] pause_gear.png -> max conf: 0.908 (needs 0.55, optimal scale: 0.80x)
[ACTION MASKING] ⛔ 警告：手牌 6 亮度过低(无费/CD中)！代码直接拦截，不执行拖拽！
[REWARD] 执行前血条数: 1 -> 最终确认血条数: 0
[REWARD] ⛔ 动作被拦截 (非法地形/没钱/有人)。惩罚 -0.05 (连续无作为: 4次)

[STEP 8] 开始执行动作...
[SILENT_LOG] [TemplateMatcher] pause_gear.png -> max conf: 0.908 (needs 0.55, optimal scale: 0.80x)
[ACTION] 盲狙执行: 选卡6 -> 拖拽至(7,3) 朝向1
[SILENT_LOG] [TemplateMatcher] pause_gear.png -> max conf: 0.908 (needs 0.55, optimal scale: 0.80x)
[SILENT_LOG] [TemplateMatcher] pause_gear.png -> max conf: 0.908 (needs 0.55, optimal scale: 0.80x)
[SILENT_LOG] [TemplateMatcher] pause_gear.png -> max conf: 0.908 (needs 0.55, optimal scale: 0.80x)
[SILENT_LOG] [TemplateMatcher] pause_gear.png -> max conf: 0.908 (needs 0.55, optimal scale: 0.80x)
[SILENT_LOG] [TemplateMatcher] pause_gear.png -> max conf: 0.908 (needs 0.55, optimal scale: 0.80x)
[SILENT_LOG] [TemplateMatcher] pause_gear.png -> max conf: 0.908 (needs 0.55, optimal scale: 0.80x)
[REWARD] 动作已执行，开始 3 次心跳检测血条 (间隔 0.2s)...
[SILENT_LOG] [TemplateMatcher] pause_gear.png -> max conf: 0.908 (needs 0.55, optimal scale: 0.80x)
[SILENT_LOG] [TemplateMatcher] pause_gear.png -> max conf: 0.908 (needs 0.55, optimal scale: 0.80x)
[SILENT_LOG] [TemplateMatcher] pause_gear.png -> max conf: 0.908 (needs 0.55, optimal scale: 0.80x)
[SILENT_LOG] [TemplateMatcher] pause_gear.png -> max conf: 0.908 (needs 0.55, optimal scale: 0.80x)
[REWARD] ❌ 未检测到新血条！判定为【费用不足或CD中】，强制挂机 2.0 秒等待费用恢复！
[SILENT_LOG] [TemplateMatcher] pause_gear.png -> max conf: 0.908 (needs 0.55, optimal scale: 0.80x)
[SILENT_LOG] [TemplateMatcher] pause_gear.png -> max conf: 0.908 (needs 0.55, optimal scale: 0.80x)
[SILENT_LOG] [TemplateMatcher] pause_gear.png -> max conf: 0.908 (needs 0.55, optimal scale: 0.80x)
[SILENT_LOG] [TemplateMatcher] pause_gear.png -> max conf: 0.908 (needs 0.55, optimal scale: 0.80x)
[SILENT_LOG] [TemplateMatcher] pause_gear.png -> max conf: 0.908 (needs 0.55, optimal scale: 0.80x)
[SILENT_LOG] [TemplateMatcher] pause_gear.png -> max conf: 0.908 (needs 0.55, optimal scale: 0.80x)
[REWARD] 执行前血条数: 1 -> 最终确认血条数: 1
[REWARD] ❌ 未产生血条 (游戏拒收/高低台错位/手滑)。惩罚 -0.05

[STEP 9] 开始执行动作...
[ACTION MASKING] ⛔ 警告：手牌 9 亮度过低(无费/CD中)！代码直接拦截，不执行拖拽！
[SILENT_LOG] [TemplateMatcher] pause_gear.png -> max conf: 0.908 (needs 0.55, optimal scale: 0.80x)
[REWARD] 执行前血条数: 1 -> 最终确认血条数: 0
[REWARD] ⛔ 动作被拦截 (非法地形/没钱/有人)。惩罚 -0.05 (连续无作为: 6次)

[STEP 10] 开始执行动作...
[ACTION] 盲狙执行: 选卡4 -> 拖拽至(6,1) 朝向3
[SILENT_LOG] [TemplateMatcher] pause_gear.png -> max conf: 0.908 (needs 0.55, optimal scale: 0.80x)
[SILENT_LOG] [TemplateMatcher] pause_gear.png -> max conf: 0.908 (needs 0.55, optimal scale: 0.80x)
[SILENT_LOG] [TemplateMatcher] pause_gear.png -> max conf: 0.908 (needs 0.55, optimal scale: 0.80x)
[SILENT_LOG] [TemplateMatcher] pause_gear.png -> max conf: 0.908 (needs 0.55, optimal scale: 0.80x)
[SILENT_LOG] [TemplateMatcher] pause_gear.png -> max conf: 0.908 (needs 0.55, optimal scale: 0.80x)
[SILENT_LOG] [TemplateMatcher] pause_gear.png -> max conf: 0.908 (needs 0.55, optimal scale: 0.80x)
[SILENT_LOG] [TemplateMatcher] pause_gear.png -> max conf: 0.908 (needs 0.55, optimal scale: 0.80x)
[REWARD] 动作已执行，开始 3 次心跳检测血条 (间隔 0.2s)...
[SILENT_LOG] [TemplateMatcher] pause_gear.png -> max conf: 0.908 (needs 0.55, optimal scale: 0.80x)
[SILENT_LOG] [TemplateMatcher] pause_gear.png -> max conf: 0.908 (needs 0.55, optimal scale: 0.80x)
[SILENT_LOG] [TemplateMatcher] pause_gear.png -> max conf: 0.908 (needs 0.55, optimal scale: 0.80x)
[SILENT_LOG] [TemplateMatcher] pause_gear.png -> max conf: 0.908 (needs 0.55, optimal scale: 0.80x)
[REWARD] ❌ 未检测到新血条！判定为【费用不足或CD中】，强制挂机 2.0 秒等待费用恢复！
[SILENT_LOG] [TemplateMatcher] pause_gear.png -> max conf: 0.908 (needs 0.55, optimal scale: 0.80x)
[SILENT_LOG] [TemplateMatcher] pause_gear.png -> max conf: 0.908 (needs 0.55, optimal scale: 0.80x)
[SILENT_LOG] [TemplateMatcher] pause_gear.png -> max conf: 0.908 (needs 0.55, optimal scale: 0.80x)
[SILENT_LOG] [TemplateMatcher] pause_gear.png -> max conf: 0.909 (needs 0.55, optimal scale: 0.80x)
[SILENT_LOG] [TemplateMatcher] pause_gear.png -> max conf: 0.908 (needs 0.55, optimal scale: 0.80x)
[SILENT_LOG] [TemplateMatcher] pause_gear.png -> max conf: 0.908 (needs 0.55, optimal scale: 0.80x)
[REWARD] 执行前血条数: 1 -> 最终确认血条数: 1
[REWARD] ❌ 未产生血条 (游戏拒收/高低台错位/手滑)。惩罚 -0.05

[STEP 11] 开始执行动作...
[SILENT_LOG] [TemplateMatcher] pause_gear.png -> max conf: 0.908 (needs 0.55, optimal scale: 0.80x)
[ACTION MASKING] ⛔ 警告：目标网格(4,3)已被友方干员驻守！代码直接拦截！
[REWARD] 执行前血条数: 1 -> 最终确认血条数: 0
[REWARD] ⛔ 动作被拦截 (非法地形/没钱/有人)。惩罚 -0.05 (连续无作为: 8次)

[STEP 12] 开始执行动作...
[SILENT_LOG] [TemplateMatcher] pause_gear.png -> max conf: 0.908 (needs 0.55, optimal scale: 0.80x)
[ACTION] 盲狙执行: 选卡4 -> 拖拽至(1,0) 朝向2
[SILENT_LOG] [TemplateMatcher] pause_gear.png -> max conf: 0.898 (needs 0.55, optimal scale: 0.80x)
[SILENT_LOG] [TemplateMatcher] pause_gear.png -> max conf: 0.908 (needs 0.55, optimal scale: 0.80x)
[SILENT_LOG] [TemplateMatcher] pause_gear.png -> max conf: 0.908 (needs 0.55, optimal scale: 0.80x)
[SILENT_LOG] [TemplateMatcher] pause_gear.png -> max conf: 0.908 (needs 0.55, optimal scale: 0.80x)
[SILENT_LOG] [TemplateMatcher] pause_gear.png -> max conf: 0.908 (needs 0.55, optimal scale: 0.80x)
[SILENT_LOG] [TemplateMatcher] pause_gear.png -> max conf: 0.908 (needs 0.55, optimal scale: 0.80x)
[REWARD] 动作已执行，开始 3 次心跳检测血条 (间隔 0.2s)...
[SILENT_LOG] [TemplateMatcher] pause_gear.png -> max conf: 0.908 (needs 0.55, optimal scale: 0.80x)
[SILENT_LOG] [TemplateMatcher] pause_gear.png -> max conf: 0.908 (needs 0.55, optimal scale: 0.80x)
[SILENT_LOG] [TemplateMatcher] pause_gear.png -> max conf: 0.908 (needs 0.55, optimal scale: 0.80x)
[SILENT_LOG] [TemplateMatcher] pause_gear.png -> max conf: 0.908 (needs 0.55, optimal scale: 0.80x)
[SILENT_LOG] [TemplateMatcher] pause_gear.png -> max conf: 0.908 (needs 0.55, optimal scale: 0.80x)
[REWARD] ❌ 未检测到新血条！判定为【费用不足或CD中】，强制挂机 2.0 秒等待费用恢复！
[SILENT_LOG] [TemplateMatcher] pause_gear.png -> max conf: 0.908 (needs 0.55, optimal scale: 0.80x)
[SILENT_LOG] [TemplateMatcher] pause_gear.png -> max conf: 0.908 (needs 0.55, optimal scale: 0.80x)
[SILENT_LOG] [TemplateMatcher] pause_gear.png -> max conf: 0.908 (needs 0.55, optimal scale: 0.80x)
[SILENT_LOG] [TemplateMatcher] pause_gear.png -> max conf: 0.908 (needs 0.55, optimal scale: 0.80x)
[SILENT_LOG] [TemplateMatcher] pause_gear.png -> max conf: 0.908 (needs 0.55, optimal scale: 0.80x)
[REWARD] 执行前血条数: 1 -> 最终确认血条数: 1
[REWARD] ❌ 未产生血条 (游戏拒收/高低台错位/手滑)。惩罚 -0.05

[STEP 13] 开始执行动作...
[SILENT_LOG] [TemplateMatcher] pause_gear.png -> max conf: 0.908 (needs 0.55, optimal scale: 0.80x)
[ACTION] 盲狙执行: 选卡4 -> 拖拽至(3,2) 朝向2
[SILENT_LOG] [TemplateMatcher] pause_gear.png -> max conf: 0.889 (needs 0.55, optimal scale: 0.80x)
[SILENT_LOG] [TemplateMatcher] pause_gear.png -> max conf: 0.908 (needs 0.55, optimal scale: 0.80x)
[SILENT_LOG] [TemplateMatcher] pause_gear.png -> max conf: 0.908 (needs 0.55, optimal scale: 0.80x)
[SILENT_LOG] [TemplateMatcher] pause_gear.png -> max conf: 0.908 (needs 0.55, optimal scale: 0.80x)
[SILENT_LOG] [TemplateMatcher] pause_gear.png -> max conf: 0.908 (needs 0.55, optimal scale: 0.80x)
[SILENT_LOG] [TemplateMatcher] pause_gear.png -> max conf: 0.908 (needs 0.55, optimal scale: 0.80x)
[REWARD] 动作已执行，开始 3 次心跳检测血条 (间隔 0.2s)...
[SILENT_LOG] [TemplateMatcher] pause_gear.png -> max conf: 0.908 (needs 0.55, optimal scale: 0.80x)
[SILENT_LOG] [TemplateMatcher] pause_gear.png -> max conf: 0.908 (needs 0.55, optimal scale: 0.80x)
[SILENT_LOG] [TemplateMatcher] pause_gear.png -> max conf: 0.909 (needs 0.55, optimal scale: 0.80x)
[SILENT_LOG] [TemplateMatcher] pause_gear.png -> max conf: 0.908 (needs 0.55, optimal scale: 0.80x)
[REWARD] ❌ 未检测到新血条！判定为【费用不足或CD中】，强制挂机 2.0 秒等待费用恢复！
[SILENT_LOG] [TemplateMatcher] pause_gear.png -> max conf: 0.908 (needs 0.55, optimal scale: 0.80x)
[SILENT_LOG] [TemplateMatcher] pause_gear.png -> max conf: 0.908 (needs 0.55, optimal scale: 0.80x)
[SILENT_LOG] [TemplateMatcher] pause_gear.png -> max conf: 0.908 (needs 0.55, optimal scale: 0.80x)
[SILENT_LOG] [TemplateMatcher] pause_gear.png -> max conf: 0.908 (needs 0.55, optimal scale: 0.80x)
[SILENT_LOG] [TemplateMatcher] pause_gear.png -> max conf: 0.908 (needs 0.55, optimal scale: 0.80x)
[SILENT_LOG] [TemplateMatcher] pause_gear.png -> max conf: 0.908 (needs 0.55, optimal scale: 0.80x)
[REWARD] 执行前血条数: 1 -> 最终确认血条数: 1
[REWARD] ❌ 未产生血条 (游戏拒收/高低台错位/手滑)。惩罚 -0.05

[STEP 14] 开始执行动作...
[ACTION] 盲狙执行: 选卡3 -> 拖拽至(2,4) 朝向3
[SILENT_LOG] [TemplateMatcher] pause_gear.png -> max conf: 0.908 (needs 0.55, optimal scale: 0.80x)
[SILENT_LOG] [TemplateMatcher] pause_gear.png -> max conf: 0.888 (needs 0.55, optimal scale: 0.80x)
[SILENT_LOG] [TemplateMatcher] pause_gear.png -> max conf: 0.887 (needs 0.55, optimal scale: 0.80x)
[SILENT_LOG] [TemplateMatcher] pause_gear.png -> max conf: 0.887 (needs 0.55, optimal scale: 0.80x)
[SILENT_LOG] [TemplateMatcher] pause_gear.png -> max conf: 0.908 (needs 0.55, optimal scale: 0.80x)
[SILENT_LOG] [TemplateMatcher] pause_gear.png -> max conf: 0.908 (needs 0.55, optimal scale: 0.80x)
[SILENT_LOG] [TemplateMatcher] pause_gear.png -> max conf: 0.908 (needs 0.55, optimal scale: 0.80x)
[REWARD] 动作已执行，开始 3 次心跳检测血条 (间隔 0.2s)...
[SILENT_LOG] [TemplateMatcher] pause_gear.png -> max conf: 0.908 (needs 0.55, optimal scale: 0.80x)
[SILENT_LOG] [TemplateMatcher] pause_gear.png -> max conf: 0.908 (needs 0.55, optimal scale: 0.80x)
[REWARD] ✅ 第 1 次检测命中目标干员血条！
[REWARD] 执行前血条数: 1 -> 最终确认血条数: 2
[REWARD] 🎯 完美落子！部署点靠近敌人 (距离: 122.0)，奖励 +0.5
[REWARD] ⚔️ 完美朝向！正对敌人 (角度: 0.9°)，额外奖励 +0.3

[STEP 15] 开始执行动作...
[ACTION] 盲狙执行: 选卡9 -> 拖拽至(9,0) 朝向1
[SILENT_LOG] [TemplateMatcher] pause_gear.png -> max conf: 0.908 (needs 0.55, optimal scale: 0.80x)
[SILENT_LOG] [TemplateMatcher] pause_gear.png -> max conf: 0.887 (needs 0.55, optimal scale: 0.80x)
[SILENT_LOG] [TemplateMatcher] pause_gear.png -> max conf: 0.908 (needs 0.55, optimal scale: 0.80x)
[SILENT_LOG] [TemplateMatcher] pause_gear.png -> max conf: 0.908 (needs 0.55, optimal scale: 0.80x)
[SILENT_LOG] [TemplateMatcher] pause_gear.png -> max conf: 0.908 (needs 0.55, optimal scale: 0.80x)
[SILENT_LOG] [TemplateMatcher] pause_gear.png -> max conf: 0.908 (needs 0.55, optimal scale: 0.80x)
[SILENT_LOG] [TemplateMatcher] pause_gear.png -> max conf: 0.908 (needs 0.55, optimal scale: 0.80x)
[REWARD] 动作已执行，开始 3 次心跳检测血条 (间隔 0.2s)...
[SILENT_LOG] [TemplateMatcher] pause_gear.png -> max conf: 0.908 (needs 0.55, optimal scale: 0.80x)
[SILENT_LOG] [TemplateMatcher] pause_gear.png -> max conf: 0.908 (needs 0.55, optimal scale: 0.80x)
[SILENT_LOG] [TemplateMatcher] pause_gear.png -> max conf: 0.908 (needs 0.55, optimal scale: 0.80x)
[SILENT_LOG] [TemplateMatcher] pause_gear.png -> max conf: 0.908 (needs 0.55, optimal scale: 0.80x)
[REWARD] ❌ 未检测到新血条！判定为【费用不足或CD中】，强制挂机 2.0 秒等待费用恢复！
[SILENT_LOG] [TemplateMatcher] pause_gear.png -> max conf: 0.908 (needs 0.55, optimal scale: 0.80x)
[SILENT_LOG] [TemplateMatcher] pause_gear.png -> max conf: 0.908 (needs 0.55, optimal scale: 0.80x)
[SILENT_LOG] [TemplateMatcher] pause_gear.png -> max conf: 0.908 (needs 0.55, optimal scale: 0.80x)
[SILENT_LOG] [TemplateMatcher] pause_gear.png -> max conf: 0.908 (needs 0.55, optimal scale: 0.80x)
[SILENT_LOG] [TemplateMatcher] pause_gear.png -> max conf: 0.908 (needs 0.55, optimal scale: 0.80x)
[SILENT_LOG] [TemplateMatcher] pause_gear.png -> max conf: 0.909 (needs 0.55, optimal scale: 0.80x)
[REWARD] 执行前血条数: 2 -> 最终确认血条数: 2
[REWARD] ❌ 未产生血条 (游戏拒收/高低台错位/手滑)。惩罚 -0.05

[STEP 16] 开始执行动作...
[SILENT_LOG] [TemplateMatcher] pause_gear.png -> max conf: 0.908 (needs 0.55, optimal scale: 0.80x)
[ACTION] 盲狙执行: 选卡11 -> 拖拽至(6,4) 朝向2
[SILENT_LOG] [TemplateMatcher] pause_gear.png -> max conf: 0.888 (needs 0.55, optimal scale: 0.80x)
[SILENT_LOG] [TemplateMatcher] pause_gear.png -> max conf: 0.888 (needs 0.55, optimal scale: 0.80x)
[SILENT_LOG] [TemplateMatcher] pause_gear.png -> max conf: 0.887 (needs 0.55, optimal scale: 0.80x)
[SILENT_LOG] [TemplateMatcher] pause_gear.png -> max conf: 0.908 (needs 0.55, optimal scale: 0.80x)
[SILENT_LOG] [TemplateMatcher] pause_gear.png -> max conf: 0.908 (needs 0.55, optimal scale: 0.80x)
[SILENT_LOG] [TemplateMatcher] pause_gear.png -> max conf: 0.908 (needs 0.55, optimal scale: 0.80x)
[REWARD] 动作已执行，开始 3 次心跳检测血条 (间隔 0.2s)...
[SILENT_LOG] [TemplateMatcher] pause_gear.png -> max conf: 0.908 (needs 0.55, optimal scale: 0.80x)
[SILENT_LOG] [TemplateMatcher] pause_gear.png -> max conf: 0.908 (needs 0.55, optimal scale: 0.80x)
[REWARD] ✅ 第 1 次检测命中目标干员血条！
[REWARD] 执行前血条数: 2 -> 最终确认血条数: 3
[REWARD] 🛡️ 偏离/背对敌人！(角度: 322.1°)，微小惩罚 -0.1
[SAVE] 自动保存进度 (Step 300) -> policy_latest.zip

[STEP 17] 开始执行动作...
[SILENT_LOG] [TemplateMatcher] pause_gear.png -> max conf: 0.908 (needs 0.55, optimal scale: 0.80x)
[ACTION] 盲狙执行: 选卡10 -> 拖拽至(6,3) 朝向3
[SILENT_LOG] [TemplateMatcher] pause_gear.png -> max conf: 0.908 (needs 0.55, optimal scale: 0.80x)
[SILENT_LOG] [TemplateMatcher] pause_gear.png -> max conf: 0.908 (needs 0.55, optimal scale: 0.80x)
[SILENT_LOG] [TemplateMatcher] pause_gear.png -> max conf: 0.908 (needs 0.55, optimal scale: 0.80x)
[SILENT_LOG] [TemplateMatcher] pause_gear.png -> max conf: 0.908 (needs 0.55, optimal scale: 0.80x)
[SILENT_LOG] [TemplateMatcher] pause_gear.png -> max conf: 0.908 (needs 0.55, optimal scale: 0.80x)
[SILENT_LOG] [TemplateMatcher] pause_gear.png -> max conf: 0.908 (needs 0.55, optimal scale: 0.80x)
[REWARD] 动作已执行，开始 3 次心跳检测血条 (间隔 0.2s)...
[SILENT_LOG] [TemplateMatcher] pause_gear.png -> max conf: 0.908 (needs 0.55, optimal scale: 0.80x)
[SILENT_LOG] [TemplateMatcher] pause_gear.png -> max conf: 0.908 (needs 0.55, optimal scale: 0.80x)
[REWARD] ✅ 第 1 次检测命中目标干员血条！
[REWARD] 执行前血条数: 2 -> 最终确认血条数: 3
[REWARD] 场上暂无移动目标，仅发放基础部署奖励 +1.0

[STEP 18] 开始执行动作...
[SILENT_LOG] [TemplateMatcher] pause_gear.png -> max conf: 0.908 (needs 0.55, optimal scale: 0.80x)
[ACTION] 盲狙执行: 选卡4 -> 拖拽至(5,4) 朝向1
[SILENT_LOG] [TemplateMatcher] pause_gear.png -> max conf: 0.888 (needs 0.55, optimal scale: 0.80x)
[SILENT_LOG] [TemplateMatcher] pause_gear.png -> max conf: 0.908 (needs 0.55, optimal scale: 0.80x)
[SILENT_LOG] [TemplateMatcher] pause_gear.png -> max conf: 0.908 (needs 0.55, optimal scale: 0.80x)
[SILENT_LOG] [TemplateMatcher] pause_gear.png -> max conf: 0.908 (needs 0.55, optimal scale: 0.80x)
[SILENT_LOG] [TemplateMatcher] pause_gear.png -> max conf: 0.908 (needs 0.55, optimal scale: 0.80x)
[SILENT_LOG] [TemplateMatcher] pause_gear.png -> max conf: 0.908 (needs 0.55, optimal scale: 0.80x)
[REWARD] 动作已执行，开始 3 次心跳检测血条 (间隔 0.2s)...
[SILENT_LOG] [TemplateMatcher] pause_gear.png -> max conf: 0.908 (needs 0.55, optimal scale: 0.80x)
[SILENT_LOG] [TemplateMatcher] pause_gear.png -> max conf: 0.908 (needs 0.55, optimal scale: 0.80x)
[SILENT_LOG] [TemplateMatcher] pause_gear.png -> max conf: 0.908 (needs 0.55, optimal scale: 0.80x)
[SILENT_LOG] [TemplateMatcher] pause_gear.png -> max conf: 0.908 (needs 0.55, optimal scale: 0.80x)
[REWARD] ❌ 未检测到新血条！判定为【费用不足或CD中】，强制挂机 2.0 秒等待费用恢复！
[SILENT_LOG] [TemplateMatcher] pause_gear.png -> max conf: 0.908 (needs 0.55, optimal scale: 0.80x)
[SILENT_LOG] [TemplateMatcher] pause_gear.png -> max conf: 0.908 (needs 0.55, optimal scale: 0.80x)
[SILENT_LOG] [TemplateMatcher] pause_gear.png -> max conf: 0.908 (needs 0.55, optimal scale: 0.80x)
[SILENT_LOG] [TemplateMatcher] pause_gear.png -> max conf: 0.908 (needs 0.55, optimal scale: 0.80x)
[SILENT_LOG] [TemplateMatcher] pause_gear.png -> max conf: 0.908 (needs 0.55, optimal scale: 0.80x)
[SILENT_LOG] [TemplateMatcher] pause_gear.png -> max conf: 0.908 (needs 0.55, optimal scale: 0.80x)
[REWARD] 执行前血条数: 3 -> 最终确认血条数: 3
[REWARD] ❌ 未产生血条 (游戏拒收/高低台错位/手滑)。惩罚 -0.05

[STEP 19] 开始执行动作...
[SILENT_LOG] [TemplateMatcher] pause_gear.png -> max conf: 0.908 (needs 0.55, optimal scale: 0.80x)
[ACTION] 盲狙执行: 选卡4 -> 拖拽至(9,4) 朝向2
[SILENT_LOG] [TemplateMatcher] pause_gear.png -> max conf: 0.892 (needs 0.55, optimal scale: 0.80x)
[SILENT_LOG] [TemplateMatcher] pause_gear.png -> max conf: 0.908 (needs 0.55, optimal scale: 0.80x)
[SILENT_LOG] [TemplateMatcher] pause_gear.png -> max conf: 0.908 (needs 0.55, optimal scale: 0.80x)
[SILENT_LOG] [TemplateMatcher] pause_gear.png -> max conf: 0.908 (needs 0.55, optimal scale: 0.80x)
[SILENT_LOG] [TemplateMatcher] pause_gear.png -> max conf: 0.908 (needs 0.55, optimal scale: 0.80x)
[SILENT_LOG] [TemplateMatcher] pause_gear.png -> max conf: 0.908 (needs 0.55, optimal scale: 0.80x)
[REWARD] 动作已执行，开始 3 次心跳检测血条 (间隔 0.2s)...
[SILENT_LOG] [TemplateMatcher] pause_gear.png -> max conf: 0.908 (needs 0.55, optimal scale: 0.80x)
[SILENT_LOG] [TemplateMatcher] pause_gear.png -> max conf: 0.908 (needs 0.55, optimal scale: 0.80x)
[SILENT_LOG] [TemplateMatcher] pause_gear.png -> max conf: 0.908 (needs 0.55, optimal scale: 0.80x)
[SILENT_LOG] [TemplateMatcher] pause_gear.png -> max conf: 0.908 (needs 0.55, optimal scale: 0.80x)
[REWARD] ❌ 未检测到新血条！判定为【费用不足或CD中】，强制挂机 2.0 秒等待费用恢复！
[SILENT_LOG] [TemplateMatcher] pause_gear.png -> max conf: 0.908 (needs 0.55, optimal scale: 0.80x)
[SILENT_LOG] [TemplateMatcher] pause_gear.png -> max conf: 0.908 (needs 0.55, optimal scale: 0.80x)
[SILENT_LOG] [TemplateMatcher] pause_gear.png -> max conf: 0.908 (needs 0.55, optimal scale: 0.80x)
[SILENT_LOG] [TemplateMatcher] pause_gear.png -> max conf: 0.908 (needs 0.55, optimal scale: 0.80x)
[SILENT_LOG] [TemplateMatcher] pause_gear.png -> max conf: 0.908 (needs 0.55, optimal scale: 0.80x)
[SILENT_LOG] [TemplateMatcher] pause_gear.png -> max conf: 0.908 (needs 0.55, optimal scale: 0.80x)
[REWARD] 执行前血条数: 3 -> 最终确认血条数: 3
[REWARD] ❌ 未产生血条 (游戏拒收/高低台错位/手滑)。惩罚 -0.05

[STEP 20] 开始执行动作...
[SILENT_LOG] [TemplateMatcher] pause_gear.png -> max conf: 0.908 (needs 0.55, optimal scale: 0.80x)
[ACTION] 盲狙执行: 选卡4 -> 拖拽至(6,2) 朝向2
[SILENT_LOG] [TemplateMatcher] pause_gear.png -> max conf: 0.886 (needs 0.55, optimal scale: 0.80x)
[SILENT_LOG] [TemplateMatcher] pause_gear.png -> max conf: 0.908 (needs 0.55, optimal scale: 0.80x)
[SILENT_LOG] [TemplateMatcher] pause_gear.png -> max conf: 0.908 (needs 0.55, optimal scale: 0.80x)
[SILENT_LOG] [TemplateMatcher] pause_gear.png -> max conf: 0.908 (needs 0.55, optimal scale: 0.80x)
[SILENT_LOG] [TemplateMatcher] pause_gear.png -> max conf: 0.908 (needs 0.55, optimal scale: 0.80x)
[SILENT_LOG] [TemplateMatcher] pause_gear.png -> max conf: 0.908 (needs 0.55, optimal scale: 0.80x)
[REWARD] 动作已执行，开始 3 次心跳检测血条 (间隔 0.2s)...
[SILENT_LOG] [TemplateMatcher] pause_gear.png -> max conf: 0.908 (needs 0.55, optimal scale: 0.80x)
[SILENT_LOG] [TemplateMatcher] pause_gear.png -> max conf: 0.908 (needs 0.55, optimal scale: 0.80x)
[REWARD] ✅ 第 1 次检测命中目标干员血条！
[REWARD] 执行前血条数: 3 -> 最终确认血条数: 2
[REWARD] 🎯 完美落子！部署点靠近敌人 (距离: 243.7)，奖励 +0.5
[REWARD] 🛡️ 偏离/背对敌人！(角度: 60.5°)，微小惩罚 -0.1

[STEP 21] 开始执行动作...
[ACTION MASKING] ⛔ 警告：手牌 0 亮度过低(无费/CD中)！代码直接拦截，不执行拖拽！
[SILENT_LOG] [TemplateMatcher] pause_gear.png -> max conf: 0.908 (needs 0.55, optimal scale: 0.80x)
[REWARD] 执行前血条数: 2 -> 最终确认血条数: 0
[REWARD] ⛔ 动作被拦截 (非法地形/没钱/有人)。惩罚 -0.05 (连续无作为: 1次)

[STEP 22] 开始执行动作...
[SILENT_LOG] [TemplateMatcher] pause_gear.png -> max conf: 0.908 (needs 0.55, optimal scale: 0.80x)
[ACTION MASKING] ⛔ 警告：手牌 4 亮度过低(无费/CD中)！代码直接拦截，不执行拖拽！
[REWARD] 执行前血条数: 2 -> 最终确认血条数: 0
[REWARD] ⛔ 动作被拦截 (非法地形/没钱/有人)。惩罚 -0.05 (连续无作为: 2次)

[STEP 23] 开始执行动作...
[SILENT_LOG] [TemplateMatcher] pause_gear.png -> max conf: 0.908 (needs 0.55, optimal scale: 0.80x)
[ACTION MASKING] ⛔ 警告：手牌 9 亮度过低(无费/CD中)！代码直接拦截，不执行拖拽！
[REWARD] 执行前血条数: 2 -> 最终确认血条数: 0
[REWARD] ⛔ 动作被拦截 (非法地形/没钱/有人)。惩罚 -0.05 (连续无作为: 3次)
[SILENT_LOG] [TemplateMatcher] pause_gear.png -> max conf: 0.908 (needs 0.55, optimal scale: 0.80x)

[STEP 24] 开始执行动作...
[ACTION MASKING] ⛔ 警告：手牌 2 亮度过低(无费/CD中)！代码直接拦截，不执行拖拽！
[SILENT_LOG] [TemplateMatcher] pause_gear.png -> max conf: 0.908 (needs 0.55, optimal scale: 0.80x)
[REWARD] 执行前血条数: 2 -> 最终确认血条数: 0
[REWARD] ⛔ 动作被拦截 (非法地形/没钱/有人)。惩罚 -0.05 (连续无作为: 4次)

[STEP 25] 开始执行动作...
[SILENT_LOG] [TemplateMatcher] pause_gear.png -> max conf: 0.908 (needs 0.55, optimal scale: 0.80x)
[ACTION MASKING] ⛔ 警告：手牌 2 亮度过低(无费/CD中)！代码直接拦截，不执行拖拽！
[REWARD] 执行前血条数: 2 -> 最终确认血条数: 0
[REWARD] ⛔ 动作被拦截 (非法地形/没钱/有人)。惩罚 -0.05 (连续无作为: 5次)

[STEP 26] 开始执行动作...
[SILENT_LOG] [TemplateMatcher] pause_gear.png -> max conf: 0.908 (needs 0.55, optimal scale: 0.80x)
[ACTION] 盲狙执行: 选卡11 -> 拖拽至(0,3) 朝向3
[SILENT_LOG] [TemplateMatcher] pause_gear.png -> max conf: 0.892 (needs 0.55, optimal scale: 0.80x)
[SILENT_LOG] [TemplateMatcher] pause_gear.png -> max conf: 0.908 (needs 0.55, optimal scale: 0.80x)
[SILENT_LOG] [TemplateMatcher] pause_gear.png -> max conf: 0.908 (needs 0.55, optimal scale: 0.80x)
[SILENT_LOG] [TemplateMatcher] pause_gear.png -> max conf: 0.908 (needs 0.55, optimal scale: 0.80x)
[SILENT_LOG] [TemplateMatcher] pause_gear.png -> max conf: 0.908 (needs 0.55, optimal scale: 0.80x)
[SILENT_LOG] [TemplateMatcher] pause_gear.png -> max conf: 0.908 (needs 0.55, optimal scale: 0.80x)
[REWARD] 动作已执行，开始 3 次心跳检测血条 (间隔 0.2s)...
[SILENT_LOG] [TemplateMatcher] pause_gear.png -> max conf: 0.908 (needs 0.55, optimal scale: 0.80x)
[SILENT_LOG] [TemplateMatcher] pause_gear.png -> max conf: 0.908 (needs 0.55, optimal scale: 0.80x)
[REWARD] ✅ 第 1 次检测命中目标干员血条！
[REWARD] 执行前血条数: 2 -> 最终确认血条数: 3
[REWARD] 场上暂无移动目标，仅发放基础部署奖励 +1.0

[STEP 27] 开始执行动作...
[SILENT_LOG] [TemplateMatcher] pause_gear.png -> max conf: 0.908 (needs 0.55, optimal scale: 0.80x)
[ACTION] 盲狙执行: 选卡7 -> 拖拽至(7,4) 朝向3
[SILENT_LOG] [TemplateMatcher] pause_gear.png -> max conf: 0.886 (needs 0.55, optimal scale: 0.80x)
[SILENT_LOG] [TemplateMatcher] pause_gear.png -> max conf: 0.908 (needs 0.55, optimal scale: 0.80x)
[SILENT_LOG] [TemplateMatcher] pause_gear.png -> max conf: 0.908 (needs 0.55, optimal scale: 0.80x)
[SILENT_LOG] [TemplateMatcher] pause_gear.png -> max conf: 0.908 (needs 0.55, optimal scale: 0.80x)
[SILENT_LOG] [TemplateMatcher] pause_gear.png -> max conf: 0.908 (needs 0.55, optimal scale: 0.80x)
[SILENT_LOG] [TemplateMatcher] pause_gear.png -> max conf: 0.908 (needs 0.55, optimal scale: 0.80x)
[REWARD] 动作已执行，开始 3 次心跳检测血条 (间隔 0.2s)...
[SILENT_LOG] [TemplateMatcher] pause_gear.png -> max conf: 0.908 (needs 0.55, optimal scale: 0.80x)
[SILENT_LOG] [TemplateMatcher] pause_gear.png -> max conf: 0.908 (needs 0.55, optimal scale: 0.80x)
[SILENT_LOG] [TemplateMatcher] pause_gear.png -> max conf: 0.908 (needs 0.55, optimal scale: 0.80x)
[SILENT_LOG] [TemplateMatcher] pause_gear.png -> max conf: 0.908 (needs 0.55, optimal scale: 0.80x)
[REWARD] ❌ 未检测到新血条！判定为【费用不足或CD中】，强制挂机 2.0 秒等待费用恢复！
[SILENT_LOG] [TemplateMatcher] pause_gear.png -> max conf: 0.908 (needs 0.55, optimal scale: 0.80x)
[SILENT_LOG] [TemplateMatcher] pause_gear.png -> max conf: 0.908 (needs 0.55, optimal scale: 0.80x)
[SILENT_LOG] [TemplateMatcher] pause_gear.png -> max conf: 0.908 (needs 0.55, optimal scale: 0.80x)
[SILENT_LOG] [TemplateMatcher] pause_gear.png -> max conf: 0.908 (needs 0.55, optimal scale: 0.80x)
[SILENT_LOG] [TemplateMatcher] pause_gear.png -> max conf: 0.908 (needs 0.55, optimal scale: 0.80x)
[SILENT_LOG] [TemplateMatcher] pause_gear.png -> max conf: 0.908 (needs 0.55, optimal scale: 0.80x)
[REWARD] 执行前血条数: 3 -> 最终确认血条数: 3
[REWARD] ❌ 未产生血条 (游戏拒收/高低台错位/手滑)。惩罚 -0.05

[STEP 28] 开始执行动作...
[SILENT_LOG] [TemplateMatcher] pause_gear.png -> max conf: 0.908 (needs 0.55, optimal scale: 0.80x)
[ACTION] 盲狙执行: 选卡2 -> 拖拽至(7,4) 朝向1
[SILENT_LOG] [TemplateMatcher] pause_gear.png -> max conf: 0.890 (needs 0.55, optimal scale: 0.80x)
[SILENT_LOG] [TemplateMatcher] pause_gear.png -> max conf: 0.908 (needs 0.55, optimal scale: 0.80x)
[SILENT_LOG] [TemplateMatcher] pause_gear.png -> max conf: 0.909 (needs 0.55, optimal scale: 0.80x)
[SILENT_LOG] [TemplateMatcher] pause_gear.png -> max conf: 0.908 (needs 0.55, optimal scale: 0.80x)
[SILENT_LOG] [TemplateMatcher] pause_gear.png -> max conf: 0.748 (needs 0.55, optimal scale: 0.80x)
[SILENT_LOG] [TemplateMatcher] pause_gear.png -> max conf: 0.579 (needs 0.55, optimal scale: 0.80x)
[REWARD] 动作已执行，开始 3 次心跳检测血条 (间隔 0.2s)...
[SILENT_LOG] [TemplateMatcher] pause_gear.png -> max conf: 0.579 (needs 0.55, optimal scale: 0.80x)
[SILENT_LOG] [TemplateMatcher] pause_gear.png -> max conf: 0.579 (needs 0.55, optimal scale: 0.80x)
[SILENT_LOG] [TemplateMatcher] pause_gear.png -> max conf: 0.579 (needs 0.55, optimal scale: 0.80x)
[SILENT_LOG] [TemplateMatcher] pause_gear.png -> max conf: 0.579 (needs 0.55, optimal scale: 0.80x)
[REWARD] ❌ 未检测到新血条！判定为【费用不足或CD中】，强制挂机 2.0 秒等待费用恢复！
[SILENT_LOG] [TemplateMatcher] pause_gear.png -> max conf: 0.579 (needs 0.55, optimal scale: 0.80x)
[SILENT_LOG] [TemplateMatcher] pause_gear.png -> max conf: 0.579 (needs 0.55, optimal scale: 0.80x)
[SILENT_LOG] [TemplateMatcher] pause_gear.png -> max conf: 0.579 (needs 0.55, optimal scale: 0.80x)
[SILENT_LOG] [TemplateMatcher] pause_gear.png -> max conf: 0.579 (needs 0.55, optimal scale: 0.80x)
[SILENT_LOG] [TemplateMatcher] pause_gear.png -> max conf: 0.579 (needs 0.55, optimal scale: 0.80x)
[SILENT_LOG] [TemplateMatcher] pause_gear.png -> max conf: 0.579 (needs 0.55, optimal scale: 0.80x)
[REWARD] 执行前血条数: 3 -> 最终确认血条数: 0
[REWARD] ❌ 未产生血条 (游戏拒收/高低台错位/手滑)。惩罚 -0.05

[STEP 29] 开始执行动作...
[ACTION] 盲狙执行: 选卡10 -> 拖拽至(8,2) 朝向2
[SILENT_LOG] [TemplateMatcher] pause_gear.png -> max conf: 0.582 (needs 0.55, optimal scale: 0.80x)
[SILENT_LOG] [TemplateMatcher] pause_gear.png -> max conf: 0.680 (needs 0.55, optimal scale: 0.80x)
[SILENT_LOG] [TemplateMatcher] pause_gear.png -> max conf: 0.000 (needs 0.55, optimal scale: 0.80x)
[SILENT_LOG] [TemplateMatcher] pause_gear.png -> max conf: 0.000 (needs 0.55, optimal scale: 0.80x)

[MONITOR] 🚨 后台紧急熔断：连续 2 次未见右上角齿轮，战斗结束！
[REWARD] 动作已执行，开始 3 次心跳检测血条 (间隔 0.2s)...
[REWARD] ❌ 未检测到新血条！判定为【费用不足或CD中】，强制挂机 2.0 秒等待费用恢复！
[REWARD] 执行前血条数: 0 -> 最终确认血条数: 0
[REWARD] ❌ 未产生血条 (游戏拒收/高低台错位/手滑)。惩罚 -0.05
[ENV] 🚨 后台监视器触发熔断，本回合正式结束！

================= 回合结束，开始自动重启关卡 =================
[TemplateMatcher] pause_gear.png -> max conf: 0.444 (needs 0.7, optimal scale: 0.80x)
[DEBUG] 未匹配 [pause_gear] (要求阈值 0.7)
[TemplateMatcher] start_action.png -> max conf: -0.080 (needs 0.43, optimal scale: 0.80x)
[DEBUG] 未匹配 [start_action] (要求阈值 0.43)
[TemplateMatcher] practice.png -> max conf: 0.528 (needs 0.5, optimal scale: 1.20x)
[RESET] 找到 [practice] (置信度 0.53 >= 0.5)，点击 (553, 665)
[RESET] 点击演习按钮
[TemplateMatcher] pause_gear.png -> max conf: 0.444 (needs 0.7, optimal scale: 0.80x)
[DEBUG] 未匹配 [pause_gear] (要求阈值 0.7)
[TemplateMatcher] start_action.png -> max conf: -0.081 (needs 0.43, optimal scale: 0.80x)
[DEBUG] 未匹配 [start_action] (要求阈值 0.43)
[TemplateMatcher] practice.png -> max conf: 0.531 (needs 0.5, optimal scale: 0.80x)
[RESET] 找到 [practice] (置信度 0.53 >= 0.5)，点击 (679, 676)
[RESET] 点击演习按钮
[TemplateMatcher] pause_gear.png -> max conf: 0.490 (needs 0.7, optimal scale: 0.80x)
[DEBUG] 未匹配 [pause_gear] (要求阈值 0.7)
[TemplateMatcher] start_action.png -> max conf: 0.006 (needs 0.43, optimal scale: 0.80x)
[DEBUG] 未匹配 [start_action] (要求阈值 0.43)
[TemplateMatcher] practice.png -> max conf: 0.522 (needs 0.5, optimal scale: 0.80x)
[RESET] 找到 [practice] (置信度 0.52 >= 0.5)，点击 (533, 603)
[RESET] 点击演习按钮
[TemplateMatcher] pause_gear.png -> max conf: 0.490 (needs 0.7, optimal scale: 0.80x)
[DEBUG] 未匹配 [pause_gear] (要求阈值 0.7)
[TemplateMatcher] start_action.png -> max conf: 0.006 (needs 0.43, optimal scale: 0.80x)
[DEBUG] 未匹配 [start_action] (要求阈值 0.43)
[TemplateMatcher] practice.png -> max conf: 0.522 (needs 0.5, optimal scale: 0.80x)
[RESET] 找到 [practice] (置信度 0.52 >= 0.5)，点击 (533, 603)
[RESET] 点击演习按钮
[TemplateMatcher] pause_gear.png -> max conf: 0.490 (needs 0.7, optimal scale: 0.80x)
[DEBUG] 未匹配 [pause_gear] (要求阈值 0.7)
[TemplateMatcher] start_action.png -> max conf: 0.006 (needs 0.43, optimal scale: 0.80x)
[DEBUG] 未匹配 [start_action] (要求阈值 0.43)
[TemplateMatcher] practice.png -> max conf: 0.522 (needs 0.5, optimal scale: 0.80x)
[RESET] 找到 [practice] (置信度 0.52 >= 0.5)，点击 (533, 603)
[RESET] 点击演习按钮
[TemplateMatcher] pause_gear.png -> max conf: 0.473 (needs 0.7, optimal scale: 0.90x)
[DEBUG] 未匹配 [pause_gear] (要求阈值 0.7)
[TemplateMatcher] start_action.png -> max conf: 0.027 (needs 0.43, optimal scale: 0.80x)
[DEBUG] 未匹配 [start_action] (要求阈值 0.43)
[TemplateMatcher] practice.png -> max conf: 0.489 (needs 0.5, optimal scale: 0.85x)
[DEBUG] 未匹配 [practice] (要求阈值 0.5)
[TemplateMatcher] stage_1_7.png -> max conf: 0.712 (needs 0.5, optimal scale: 0.80x)
[RESET] 找到 [stage_1_7] (置信度 0.71 >= 0.5)，点击 (638, 224)
[RESET] 点击关卡 1-7 图标
[TemplateMatcher] pause_gear.png -> max conf: 0.612 (needs 0.7, optimal scale: 1.10x)
[DEBUG] 未匹配 [pause_gear] (要求阈值 0.7)
[TemplateMatcher] start_action.png -> max conf: 0.103 (needs 0.43, optimal scale: 0.80x)
[DEBUG] 未匹配 [start_action] (要求阈值 0.43)
[TemplateMatcher] practice.png -> max conf: 0.687 (needs 0.5, optimal scale: 0.80x)
[RESET] 找到 [practice] (置信度 0.69 >= 0.5)，点击 (935, 660)
[RESET] 点击演习按钮
[TemplateMatcher] pause_gear.png -> max conf: 0.470 (needs 0.7, optimal scale: 1.05x)
[DEBUG] 未匹配 [pause_gear] (要求阈值 0.7)
[TemplateMatcher] start_action.png -> max conf: 0.431 (needs 0.43, optimal scale: 0.80x)
[RESET] 找到 [start_action] (置信度 0.43 >= 0.43)，点击 (1101, 516)
[RESET] 点击开始行动，进入加载...
[TemplateMatcher] pause_gear.png -> max conf: 0.000 (needs 0.7, optimal scale: 0.80x)
[DEBUG] 未匹配 [pause_gear] (要求阈值 0.7)
[TemplateMatcher] start_action.png -> max conf: 0.000 (needs 0.43, optimal scale: 0.80x)
[DEBUG] 未匹配 [start_action] (要求阈值 0.43)
[TemplateMatcher] practice.png -> max conf: 0.000 (needs 0.5, optimal scale: 0.80x)
[DEBUG] 未匹配 [practice] (要求阈值 0.5)
[TemplateMatcher] stage_1_7.png -> max conf: 0.000 (needs 0.5, optimal scale: 0.80x)
[DEBUG] 未匹配 [stage_1_7] (要求阈值 0.5)
[RESET] 尝试跳过动画/寻找入口... (尝试 9/100)
[TemplateMatcher] pause_gear.png -> max conf: 0.000 (needs 0.7, optimal scale: 0.80x)
[DEBUG] 未匹配 [pause_gear] (要求阈值 0.7)
[TemplateMatcher] start_action.png -> max conf: 0.000 (needs 0.43, optimal scale: 0.80x)
[DEBUG] 未匹配 [start_action] (要求阈值 0.43)
[TemplateMatcher] practice.png -> max conf: 0.000 (needs 0.5, optimal scale: 0.80x)
[DEBUG] 未匹配 [practice] (要求阈值 0.5)
[TemplateMatcher] stage_1_7.png -> max conf: 0.000 (needs 0.5, optimal scale: 0.80x)
[DEBUG] 未匹配 [stage_1_7] (要求阈值 0.5)
[RESET] 尝试跳过动画/寻找入口... (尝试 10/100)
[TemplateMatcher] pause_gear.png -> max conf: 0.000 (needs 0.7, optimal scale: 0.80x)
[DEBUG] 未匹配 [pause_gear] (要求阈值 0.7)
[TemplateMatcher] start_action.png -> max conf: 0.000 (needs 0.43, optimal scale: 0.80x)
[DEBUG] 未匹配 [start_action] (要求阈值 0.43)
[TemplateMatcher] practice.png -> max conf: 0.000 (needs 0.5, optimal scale: 0.80x)
[DEBUG] 未匹配 [practice] (要求阈值 0.5)
[TemplateMatcher] stage_1_7.png -> max conf: 0.000 (needs 0.5, optimal scale: 0.80x)
[DEBUG] 未匹配 [stage_1_7] (要求阈值 0.5)
[RESET] 尝试跳过动画/寻找入口... (尝试 11/100)
[TemplateMatcher] pause_gear.png -> max conf: 0.000 (needs 0.7, optimal scale: 0.80x)
[DEBUG] 未匹配 [pause_gear] (要求阈值 0.7)
[TemplateMatcher] start_action.png -> max conf: 0.000 (needs 0.43, optimal scale: 0.80x)
[DEBUG] 未匹配 [start_action] (要求阈值 0.43)
[TemplateMatcher] practice.png -> max conf: 0.000 (needs 0.5, optimal scale: 0.80x)
[DEBUG] 未匹配 [practice] (要求阈值 0.5)
[TemplateMatcher] stage_1_7.png -> max conf: 0.000 (needs 0.5, optimal scale: 0.80x)
[DEBUG] 未匹配 [stage_1_7] (要求阈值 0.5)
[RESET] 尝试跳过动画/寻找入口... (尝试 12/100)
[TemplateMatcher] pause_gear.png -> max conf: 0.512 (needs 0.7, optimal scale: 1.20x)
[DEBUG] 未匹配 [pause_gear] (要求阈值 0.7)
[TemplateMatcher] start_action.png -> max conf: -0.052 (needs 0.43, optimal scale: 0.80x)
[DEBUG] 未匹配 [start_action] (要求阈值 0.43)
[TemplateMatcher] practice.png -> max conf: 0.375 (needs 0.5, optimal scale: 0.90x)
[DEBUG] 未匹配 [practice] (要求阈值 0.5)
[TemplateMatcher] stage_1_7.png -> max conf: 0.410 (needs 0.5, optimal scale: 0.90x)
[DEBUG] 未匹配 [stage_1_7] (要求阈值 0.5)
[RESET] 尝试跳过动画/寻找入口... (尝试 13/100)
[TemplateMatcher] pause_gear.png -> max conf: 0.511 (needs 0.7, optimal scale: 1.20x)
[DEBUG] 未匹配 [pause_gear] (要求阈值 0.7)
[TemplateMatcher] start_action.png -> max conf: -0.052 (needs 0.43, optimal scale: 0.80x)
[DEBUG] 未匹配 [start_action] (要求阈值 0.43)
[TemplateMatcher] practice.png -> max conf: 0.379 (needs 0.5, optimal scale: 0.90x)
[DEBUG] 未匹配 [practice] (要求阈值 0.5)
[TemplateMatcher] stage_1_7.png -> max conf: 0.411 (needs 0.5, optimal scale: 0.90x)
[DEBUG] 未匹配 [stage_1_7] (要求阈值 0.5)
[RESET] 尝试跳过动画/寻找入口... (尝试 14/100)
[TemplateMatcher] pause_gear.png -> max conf: 0.215 (needs 0.7, optimal scale: 1.20x)
[DEBUG] 未匹配 [pause_gear] (要求阈值 0.7)
[TemplateMatcher] start_action.png -> max conf: 0.210 (needs 0.43, optimal scale: 0.80x)
[DEBUG] 未匹配 [start_action] (要求阈值 0.43)
[TemplateMatcher] practice.png -> max conf: 0.264 (needs 0.5, optimal scale: 0.80x)
[DEBUG] 未匹配 [practice] (要求阈值 0.5)
[TemplateMatcher] stage_1_7.png -> max conf: 0.271 (needs 0.5, optimal scale: 0.80x)
[DEBUG] 未匹配 [stage_1_7] (要求阈值 0.5)
[RESET] 尝试跳过动画/寻找入口... (尝试 15/100)
[TemplateMatcher] pause_gear.png -> max conf: 0.215 (needs 0.7, optimal scale: 1.20x)
[DEBUG] 未匹配 [pause_gear] (要求阈值 0.7)
[TemplateMatcher] start_action.png -> max conf: 0.210 (needs 0.43, optimal scale: 0.80x)
[DEBUG] 未匹配 [start_action] (要求阈值 0.43)
[TemplateMatcher] practice.png -> max conf: 0.264 (needs 0.5, optimal scale: 0.80x)
[DEBUG] 未匹配 [practice] (要求阈值 0.5)
[TemplateMatcher] stage_1_7.png -> max conf: 0.271 (needs 0.5, optimal scale: 0.80x)
[DEBUG] 未匹配 [stage_1_7] (要求阈值 0.5)
[RESET] 尝试跳过动画/寻找入口... (尝试 16/100)
[TemplateMatcher] pause_gear.png -> max conf: 0.211 (needs 0.7, optimal scale: 1.05x)
[DEBUG] 未匹配 [pause_gear] (要求阈值 0.7)
[TemplateMatcher] start_action.png -> max conf: 0.187 (needs 0.43, optimal scale: 0.80x)
[DEBUG] 未匹配 [start_action] (要求阈值 0.43)
[TemplateMatcher] practice.png -> max conf: 0.297 (needs 0.5, optimal scale: 0.80x)
[DEBUG] 未匹配 [practice] (要求阈值 0.5)
[TemplateMatcher] stage_1_7.png -> max conf: 0.277 (needs 0.5, optimal scale: 0.85x)
[DEBUG] 未匹配 [stage_1_7] (要求阈值 0.5)
[RESET] 尝试跳过动画/寻找入口... (尝试 17/100)
[TemplateMatcher] pause_gear.png -> max conf: 0.822 (needs 0.7, optimal scale: 0.80x)
[RESET] 找到 [pause_gear] (置信度 0.82 >= 0.7)，(仅检测，不点击)
[RESET] ✅ 检测到战斗画面右上角齿轮，重启成功！
================= 关卡重启流程结束 =================

[ENV] 🛡️ 战斗全局异步监视器已启动...
[SILENT_LOG] [TemplateMatcher] pause_gear.png -> max conf: 0.908 (needs 0.55, optimal scale: 0.80x)
--> [回合结束] 第 12 回合 | 奖励: 5.9 | 步数: 29

[STEP 1] 开始执行动作...
[ACTION MASKING] ⛔ 警告：手牌 0 亮度过低(无费/CD中)！代码直接拦截，不执行拖拽！
[SILENT_LOG] [TemplateMatcher] pause_gear.png -> max conf: 0.908 (needs 0.55, optimal scale: 0.80x)
[REWARD] 执行前血条数: 0 -> 最终确认血条数: 0
[REWARD] ⛔ 动作被拦截 (非法地形/没钱/有人)。惩罚 -0.05 (连续无作为: 4次)

[STEP 2] 开始执行动作...
[SILENT_LOG] [TemplateMatcher] pause_gear.png -> max conf: 0.908 (needs 0.55, optimal scale: 0.80x)
[ACTION MASKING] ⛔ 警告：手牌 4 亮度过低(无费/CD中)！代码直接拦截，不执行拖拽！
[REWARD] 执行前血条数: 0 -> 最终确认血条数: 0
[REWARD] ⛔ 动作被拦截 (非法地形/没钱/有人)。惩罚 -0.05 (连续无作为: 5次)

[STEP 3] 开始执行动作...
[SILENT_LOG] [TemplateMatcher] pause_gear.png -> max conf: 0.907 (needs 0.55, optimal scale: 0.80x)
[ACTION MASKING] ⛔ 警告：手牌 5 亮度过低(无费/CD中)！代码直接拦截，不执行拖拽！
[REWARD] 执行前血条数: 0 -> 最终确认血条数: 0
[REWARD] ⛔ 动作被拦截 (非法地形/没钱/有人)。惩罚 -0.05 (连续无作为: 6次)

[STEP 4] 开始执行动作...
[SILENT_LOG] [TemplateMatcher] pause_gear.png -> max conf: 0.908 (needs 0.55, optimal scale: 0.80x)
[ACTION MASKING] ⛔ 警告：手牌 5 亮度过低(无费/CD中)！代码直接拦截，不执行拖拽！
[SILENT_LOG] [TemplateMatcher] pause_gear.png -> max conf: 0.908 (needs 0.55, optimal scale: 0.80x)
[REWARD] 执行前血条数: 0 -> 最终确认血条数: 0
[REWARD] ⛔ 动作被拦截 (非法地形/没钱/有人)。惩罚 -0.05 (连续无作为: 7次)

[STEP 5] 开始执行动作...
[ACTION] 盲狙执行: 选卡3 -> 拖拽至(6,0) 朝向3
[SILENT_LOG] [TemplateMatcher] pause_gear.png -> max conf: 0.892 (needs 0.55, optimal scale: 0.80x)
[SILENT_LOG] [TemplateMatcher] pause_gear.png -> max conf: 0.908 (needs 0.55, optimal scale: 0.80x)
[SILENT_LOG] [TemplateMatcher] pause_gear.png -> max conf: 0.908 (needs 0.55, optimal scale: 0.80x)
[SILENT_LOG] [TemplateMatcher] pause_gear.png -> max conf: 0.908 (needs 0.55, optimal scale: 0.80x)
[SILENT_LOG] [TemplateMatcher] pause_gear.png -> max conf: 0.908 (needs 0.55, optimal scale: 0.80x)
[SILENT_LOG] [TemplateMatcher] pause_gear.png -> max conf: 0.908 (needs 0.55, optimal scale: 0.80x)
[REWARD] 动作已执行，开始 3 次心跳检测血条 (间隔 0.2s)...
[SILENT_LOG] [TemplateMatcher] pause_gear.png -> max conf: 0.908 (needs 0.55, optimal scale: 0.80x)
[SILENT_LOG] [TemplateMatcher] pause_gear.png -> max conf: 0.908 (needs 0.55, optimal scale: 0.80x)
[SILENT_LOG] [TemplateMatcher] pause_gear.png -> max conf: 0.908 (needs 0.55, optimal scale: 0.80x)
[SILENT_LOG] [TemplateMatcher] pause_gear.png -> max conf: 0.908 (needs 0.55, optimal scale: 0.80x)
[REWARD] ❌ 未检测到新血条！判定为【费用不足或CD中】，强制挂机 2.0 秒等待费用恢复！
[SILENT_LOG] [TemplateMatcher] pause_gear.png -> max conf: 0.908 (needs 0.55, optimal scale: 0.80x)
[SILENT_LOG] [TemplateMatcher] pause_gear.png -> max conf: 0.908 (needs 0.55, optimal scale: 0.80x)
[SILENT_LOG] [TemplateMatcher] pause_gear.png -> max conf: 0.908 (needs 0.55, optimal scale: 0.80x)
[SILENT_LOG] [TemplateMatcher] pause_gear.png -> max conf: 0.908 (needs 0.55, optimal scale: 0.80x)
[SILENT_LOG] [TemplateMatcher] pause_gear.png -> max conf: 0.908 (needs 0.55, optimal scale: 0.80x)
[SILENT_LOG] [TemplateMatcher] pause_gear.png -> max conf: 0.908 (needs 0.55, optimal scale: 0.80x)
[REWARD] 执行前血条数: 0 -> 最终确认血条数: 0
[REWARD] ❌ 未产生血条 (游戏拒收/高低台错位/手滑)。惩罚 -0.05

[STEP 6] 开始执行动作...
[ACTION] 盲狙执行: 选卡1 -> 拖拽至(6,4) 朝向0
[SILENT_LOG] [TemplateMatcher] pause_gear.png -> max conf: 0.908 (needs 0.55, optimal scale: 0.80x)
[SILENT_LOG] [TemplateMatcher] pause_gear.png -> max conf: 0.887 (needs 0.55, optimal scale: 0.80x)
[SILENT_LOG] [TemplateMatcher] pause_gear.png -> max conf: 0.908 (needs 0.55, optimal scale: 0.80x)
[SILENT_LOG] [TemplateMatcher] pause_gear.png -> max conf: 0.908 (needs 0.55, optimal scale: 0.80x)
[SILENT_LOG] [TemplateMatcher] pause_gear.png -> max conf: 0.908 (needs 0.55, optimal scale: 0.80x)
[SILENT_LOG] [TemplateMatcher] pause_gear.png -> max conf: 0.908 (needs 0.55, optimal scale: 0.80x)
[SILENT_LOG] [TemplateMatcher] pause_gear.png -> max conf: 0.908 (needs 0.55, optimal scale: 0.80x)
[REWARD] 动作已执行，开始 3 次心跳检测血条 (间隔 0.2s)...
[SILENT_LOG] [TemplateMatcher] pause_gear.png -> max conf: 0.908 (needs 0.55, optimal scale: 0.80x)
[SILENT_LOG] [TemplateMatcher] pause_gear.png -> max conf: 0.908 (needs 0.55, optimal scale: 0.80x)
[SILENT_LOG] [TemplateMatcher] pause_gear.png -> max conf: 0.908 (needs 0.55, optimal scale: 0.80x)
[SILENT_LOG] [TemplateMatcher] pause_gear.png -> max conf: 0.908 (needs 0.55, optimal scale: 0.80x)
[REWARD] ❌ 未检测到新血条！判定为【费用不足或CD中】，强制挂机 2.0 秒等待费用恢复！
[SILENT_LOG] [TemplateMatcher] pause_gear.png -> max conf: 0.908 (needs 0.55, optimal scale: 0.80x)
[SILENT_LOG] [TemplateMatcher] pause_gear.png -> max conf: 0.908 (needs 0.55, optimal scale: 0.80x)
[SILENT_LOG] [TemplateMatcher] pause_gear.png -> max conf: 0.908 (needs 0.55, optimal scale: 0.80x)
[SILENT_LOG] [TemplateMatcher] pause_gear.png -> max conf: 0.908 (needs 0.55, optimal scale: 0.80x)
[SILENT_LOG] [TemplateMatcher] pause_gear.png -> max conf: 0.908 (needs 0.55, optimal scale: 0.80x)
[SILENT_LOG] [TemplateMatcher] pause_gear.png -> max conf: 0.908 (needs 0.55, optimal scale: 0.80x)
[REWARD] 执行前血条数: 0 -> 最终确认血条数: 0
[REWARD] ❌ 未产生血条 (游戏拒收/高低台错位/手滑)。惩罚 -0.05

[STEP 7] 开始执行动作...
[SILENT_LOG] [TemplateMatcher] pause_gear.png -> max conf: 0.909 (needs 0.55, optimal scale: 0.80x)
[ACTION] 盲狙执行: 选卡8 -> 拖拽至(7,2) 朝向0
[SILENT_LOG] [TemplateMatcher] pause_gear.png -> max conf: 0.891 (needs 0.55, optimal scale: 0.80x)
[SILENT_LOG] [TemplateMatcher] pause_gear.png -> max conf: 0.890 (needs 0.55, optimal scale: 0.80x)
[SILENT_LOG] [TemplateMatcher] pause_gear.png -> max conf: 0.889 (needs 0.55, optimal scale: 0.80x)
[SILENT_LOG] [TemplateMatcher] pause_gear.png -> max conf: 0.908 (needs 0.55, optimal scale: 0.80x)
[SILENT_LOG] [TemplateMatcher] pause_gear.png -> max conf: 0.908 (needs 0.55, optimal scale: 0.80x)
[SILENT_LOG] [TemplateMatcher] pause_gear.png -> max conf: 0.908 (needs 0.55, optimal scale: 0.80x)
[REWARD] 动作已执行，开始 3 次心跳检测血条 (间隔 0.2s)...
[SILENT_LOG] [TemplateMatcher] pause_gear.png -> max conf: 0.908 (needs 0.55, optimal scale: 0.80x)
[REWARD] ✅ 第 1 次检测命中目标干员血条！
[REWARD] 执行前血条数: 0 -> 最终确认血条数: 1
[REWARD] 🎯 完美落子！部署点靠近敌人 (距离: 279.8)，奖励 +0.5
[REWARD] 🛡️ 偏离/背对敌人！(角度: 83.6°)，微小惩罚 -0.1
[SAVE] 自动保存进度 (Step 320) -> policy_latest.zip

[STEP 8] 开始执行动作...
[SILENT_LOG] [TemplateMatcher] pause_gear.png -> max conf: 0.908 (needs 0.55, optimal scale: 0.80x)
[ACTION MASKING] ⛔ 警告：手牌 3 亮度过低(无费/CD中)！代码直接拦截，不执行拖拽！
[SILENT_LOG] [TemplateMatcher] pause_gear.png -> max conf: 0.908 (needs 0.55, optimal scale: 0.80x)
[REWARD] 执行前血条数: 1 -> 最终确认血条数: 0
[REWARD] ⛔ 动作被拦截 (非法地形/没钱/有人)。惩罚 -0.05 (连续无作为: 1次)

[STEP 9] 开始执行动作...
[ACTION MASKING] ⛔ 警告：手牌 6 亮度过低(无费/CD中)！代码直接拦截，不执行拖拽！
[SILENT_LOG] [TemplateMatcher] pause_gear.png -> max conf: 0.908 (needs 0.55, optimal scale: 0.80x)
[REWARD] 执行前血条数: 1 -> 最终确认血条数: 0
[REWARD] ⛔ 动作被拦截 (非法地形/没钱/有人)。惩罚 -0.05 (连续无作为: 2次)

[STEP 10] 开始执行动作...
[ACTION] 盲狙执行: 选卡11 -> 拖拽至(7,4) 朝向3
[SILENT_LOG] [TemplateMatcher] pause_gear.png -> max conf: 0.908 (needs 0.55, optimal scale: 0.80x)
[SILENT_LOG] [TemplateMatcher] pause_gear.png -> max conf: 0.908 (needs 0.55, optimal scale: 0.80x)
[SILENT_LOG] [TemplateMatcher] pause_gear.png -> max conf: 0.908 (needs 0.55, optimal scale: 0.80x)
[SILENT_LOG] [TemplateMatcher] pause_gear.png -> max conf: 0.908 (needs 0.55, optimal scale: 0.80x)
[SILENT_LOG] [TemplateMatcher] pause_gear.png -> max conf: 0.908 (needs 0.55, optimal scale: 0.80x)
[SILENT_LOG] [TemplateMatcher] pause_gear.png -> max conf: 0.908 (needs 0.55, optimal scale: 0.80x)
[SILENT_LOG] [TemplateMatcher] pause_gear.png -> max conf: 0.908 (needs 0.55, optimal scale: 0.80x)
[REWARD] 动作已执行，开始 3 次心跳检测血条 (间隔 0.2s)...
[SILENT_LOG] [TemplateMatcher] pause_gear.png -> max conf: 0.908 (needs 0.55, optimal scale: 0.80x)
[SILENT_LOG] [TemplateMatcher] pause_gear.png -> max conf: 0.908 (needs 0.55, optimal scale: 0.80x)
[SILENT_LOG] [TemplateMatcher] pause_gear.png -> max conf: 0.908 (needs 0.55, optimal scale: 0.80x)
[SILENT_LOG] [TemplateMatcher] pause_gear.png -> max conf: 0.908 (needs 0.55, optimal scale: 0.80x)
[REWARD] ❌ 未检测到新血条！判定为【费用不足或CD中】，强制挂机 2.0 秒等待费用恢复！
[SILENT_LOG] [TemplateMatcher] pause_gear.png -> max conf: 0.908 (needs 0.55, optimal scale: 0.80x)
[SILENT_LOG] [TemplateMatcher] pause_gear.png -> max conf: 0.908 (needs 0.55, optimal scale: 0.80x)
[SILENT_LOG] [TemplateMatcher] pause_gear.png -> max conf: 0.908 (needs 0.55, optimal scale: 0.80x)
[SILENT_LOG] [TemplateMatcher] pause_gear.png -> max conf: 0.908 (needs 0.55, optimal scale: 0.80x)
[SILENT_LOG] [TemplateMatcher] pause_gear.png -> max conf: 0.908 (needs 0.55, optimal scale: 0.80x)
[SILENT_LOG] [TemplateMatcher] pause_gear.png -> max conf: 0.908 (needs 0.55, optimal scale: 0.80x)
[REWARD] 执行前血条数: 1 -> 最终确认血条数: 1
[REWARD] ❌ 未产生血条 (游戏拒收/高低台错位/手滑)。惩罚 -0.05

[STEP 11] 开始执行动作...
[SILENT_LOG] [TemplateMatcher] pause_gear.png -> max conf: 0.908 (needs 0.55, optimal scale: 0.80x)
[ACTION MASKING] ⛔ 警告：手牌 0 亮度过低(无费/CD中)！代码直接拦截，不执行拖拽！
[REWARD] 执行前血条数: 1 -> 最终确认血条数: 0
[REWARD] ⛔ 动作被拦截 (非法地形/没钱/有人)。惩罚 -0.05 (连续无作为: 4次)

[STEP 12] 开始执行动作...
[SILENT_LOG] [TemplateMatcher] pause_gear.png -> max conf: 0.908 (needs 0.55, optimal scale: 0.80x)
[ACTION] 盲狙执行: 选卡1 -> 拖拽至(5,2) 朝向1
[SILENT_LOG] [TemplateMatcher] pause_gear.png -> max conf: 0.889 (needs 0.55, optimal scale: 0.80x)
[SILENT_LOG] [TemplateMatcher] pause_gear.png -> max conf: 0.908 (needs 0.55, optimal scale: 0.80x)
[SILENT_LOG] [TemplateMatcher] pause_gear.png -> max conf: 0.908 (needs 0.55, optimal scale: 0.80x)
[SILENT_LOG] [TemplateMatcher] pause_gear.png -> max conf: 0.908 (needs 0.55, optimal scale: 0.80x)
[SILENT_LOG] [TemplateMatcher] pause_gear.png -> max conf: 0.908 (needs 0.55, optimal scale: 0.80x)
[SILENT_LOG] [TemplateMatcher] pause_gear.png -> max conf: 0.908 (needs 0.55, optimal scale: 0.80x)
[REWARD] 动作已执行，开始 3 次心跳检测血条 (间隔 0.2s)...
[SILENT_LOG] [TemplateMatcher] pause_gear.png -> max conf: 0.908 (needs 0.55, optimal scale: 0.80x)
[SILENT_LOG] [TemplateMatcher] pause_gear.png -> max conf: 0.908 (needs 0.55, optimal scale: 0.80x)
[SILENT_LOG] [TemplateMatcher] pause_gear.png -> max conf: 0.908 (needs 0.55, optimal scale: 0.80x)
[SILENT_LOG] [TemplateMatcher] pause_gear.png -> max conf: 0.908 (needs 0.55, optimal scale: 0.80x)
[REWARD] ❌ 未检测到新血条！判定为【费用不足或CD中】，强制挂机 2.0 秒等待费用恢复！
[SILENT_LOG] [TemplateMatcher] pause_gear.png -> max conf: 0.908 (needs 0.55, optimal scale: 0.80x)
[SILENT_LOG] [TemplateMatcher] pause_gear.png -> max conf: 0.908 (needs 0.55, optimal scale: 0.80x)
[SILENT_LOG] [TemplateMatcher] pause_gear.png -> max conf: 0.908 (needs 0.55, optimal scale: 0.80x)
[SILENT_LOG] [TemplateMatcher] pause_gear.png -> max conf: 0.908 (needs 0.55, optimal scale: 0.80x)
[SILENT_LOG] [TemplateMatcher] pause_gear.png -> max conf: 0.908 (needs 0.55, optimal scale: 0.80x)
[SILENT_LOG] [TemplateMatcher] pause_gear.png -> max conf: 0.908 (needs 0.55, optimal scale: 0.80x)
[REWARD] 执行前血条数: 1 -> 最终确认血条数: 1
[REWARD] ❌ 未产生血条 (游戏拒收/高低台错位/手滑)。惩罚 -0.05

[STEP 13] 开始执行动作...
[ACTION] 盲狙执行: 选卡2 -> 拖拽至(2,2) 朝向3
[SILENT_LOG] [TemplateMatcher] pause_gear.png -> max conf: 0.908 (needs 0.55, optimal scale: 0.80x)
[SILENT_LOG] [TemplateMatcher] pause_gear.png -> max conf: 0.889 (needs 0.55, optimal scale: 0.80x)
[SILENT_LOG] [TemplateMatcher] pause_gear.png -> max conf: 0.908 (needs 0.55, optimal scale: 0.80x)
[SILENT_LOG] [TemplateMatcher] pause_gear.png -> max conf: 0.908 (needs 0.55, optimal scale: 0.80x)
[SILENT_LOG] [TemplateMatcher] pause_gear.png -> max conf: 0.908 (needs 0.55, optimal scale: 0.80x)
[SILENT_LOG] [TemplateMatcher] pause_gear.png -> max conf: 0.908 (needs 0.55, optimal scale: 0.80x)
[SILENT_LOG] [TemplateMatcher] pause_gear.png -> max conf: 0.908 (needs 0.55, optimal scale: 0.80x)
[REWARD] 动作已执行，开始 3 次心跳检测血条 (间隔 0.2s)...
[SILENT_LOG] [TemplateMatcher] pause_gear.png -> max conf: 0.907 (needs 0.55, optimal scale: 0.80x)
[SILENT_LOG] [TemplateMatcher] pause_gear.png -> max conf: 0.908 (needs 0.55, optimal scale: 0.80x)
[SILENT_LOG] [TemplateMatcher] pause_gear.png -> max conf: 0.908 (needs 0.55, optimal scale: 0.80x)
[SILENT_LOG] [TemplateMatcher] pause_gear.png -> max conf: 0.908 (needs 0.55, optimal scale: 0.80x)
[REWARD] ❌ 未检测到新血条！判定为【费用不足或CD中】，强制挂机 2.0 秒等待费用恢复！
[SILENT_LOG] [TemplateMatcher] pause_gear.png -> max conf: 0.908 (needs 0.55, optimal scale: 0.80x)
[SILENT_LOG] [TemplateMatcher] pause_gear.png -> max conf: 0.908 (needs 0.55, optimal scale: 0.80x)
[SILENT_LOG] [TemplateMatcher] pause_gear.png -> max conf: 0.908 (needs 0.55, optimal scale: 0.80x)
[SILENT_LOG] [TemplateMatcher] pause_gear.png -> max conf: 0.909 (needs 0.55, optimal scale: 0.80x)
[SILENT_LOG] [TemplateMatcher] pause_gear.png -> max conf: 0.908 (needs 0.55, optimal scale: 0.80x)
[SILENT_LOG] [TemplateMatcher] pause_gear.png -> max conf: 0.908 (needs 0.55, optimal scale: 0.80x)
[REWARD] 执行前血条数: 1 -> 最终确认血条数: 1
[REWARD] ❌ 未产生血条 (游戏拒收/高低台错位/手滑)。惩罚 -0.05

[STEP 14] 开始执行动作...
[SILENT_LOG] [TemplateMatcher] pause_gear.png -> max conf: 0.908 (needs 0.55, optimal scale: 0.80x)
[ACTION] 盲狙执行: 选卡7 -> 拖拽至(2,2) 朝向1
[SILENT_LOG] [TemplateMatcher] pause_gear.png -> max conf: 0.887 (needs 0.55, optimal scale: 0.80x)
[SILENT_LOG] [TemplateMatcher] pause_gear.png -> max conf: 0.908 (needs 0.55, optimal scale: 0.80x)
[SILENT_LOG] [TemplateMatcher] pause_gear.png -> max conf: 0.908 (needs 0.55, optimal scale: 0.80x)
[SILENT_LOG] [TemplateMatcher] pause_gear.png -> max conf: 0.908 (needs 0.55, optimal scale: 0.80x)
[SILENT_LOG] [TemplateMatcher] pause_gear.png -> max conf: 0.908 (needs 0.55, optimal scale: 0.80x)
[SILENT_LOG] [TemplateMatcher] pause_gear.png -> max conf: 0.908 (needs 0.55, optimal scale: 0.80x)
[REWARD] 动作已执行，开始 3 次心跳检测血条 (间隔 0.2s)...
[SILENT_LOG] [TemplateMatcher] pause_gear.png -> max conf: 0.908 (needs 0.55, optimal scale: 0.80x)
[SILENT_LOG] [TemplateMatcher] pause_gear.png -> max conf: 0.908 (needs 0.55, optimal scale: 0.80x)
[SILENT_LOG] [TemplateMatcher] pause_gear.png -> max conf: 0.908 (needs 0.55, optimal scale: 0.80x)
[SILENT_LOG] [TemplateMatcher] pause_gear.png -> max conf: 0.908 (needs 0.55, optimal scale: 0.80x)
[REWARD] ❌ 未检测到新血条！判定为【费用不足或CD中】，强制挂机 2.0 秒等待费用恢复！
[SILENT_LOG] [TemplateMatcher] pause_gear.png -> max conf: 0.908 (needs 0.55, optimal scale: 0.80x)
[SILENT_LOG] [TemplateMatcher] pause_gear.png -> max conf: 0.908 (needs 0.55, optimal scale: 0.80x)
[SILENT_LOG] [TemplateMatcher] pause_gear.png -> max conf: 0.908 (needs 0.55, optimal scale: 0.80x)
[SILENT_LOG] [TemplateMatcher] pause_gear.png -> max conf: 0.908 (needs 0.55, optimal scale: 0.80x)
[SILENT_LOG] [TemplateMatcher] pause_gear.png -> max conf: 0.908 (needs 0.55, optimal scale: 0.80x)
[SILENT_LOG] [TemplateMatcher] pause_gear.png -> max conf: 0.908 (needs 0.55, optimal scale: 0.80x)
[REWARD] 执行前血条数: 1 -> 最终确认血条数: 1
[REWARD] ❌ 未产生血条 (游戏拒收/高低台错位/手滑)。惩罚 -0.05

[STEP 15] 开始执行动作...
[ACTION] 盲狙执行: 选卡8 -> 拖拽至(4,4) 朝向3
[SILENT_LOG] [TemplateMatcher] pause_gear.png -> max conf: 0.908 (needs 0.55, optimal scale: 0.80x)
[SILENT_LOG] [TemplateMatcher] pause_gear.png -> max conf: 0.884 (needs 0.55, optimal scale: 0.80x)
[SILENT_LOG] [TemplateMatcher] pause_gear.png -> max conf: 0.884 (needs 0.55, optimal scale: 0.80x)
[SILENT_LOG] [TemplateMatcher] pause_gear.png -> max conf: 0.887 (needs 0.55, optimal scale: 0.80x)
[SILENT_LOG] [TemplateMatcher] pause_gear.png -> max conf: 0.908 (needs 0.55, optimal scale: 0.80x)
[SILENT_LOG] [TemplateMatcher] pause_gear.png -> max conf: 0.908 (needs 0.55, optimal scale: 0.80x)
[SILENT_LOG] [TemplateMatcher] pause_gear.png -> max conf: 0.908 (needs 0.55, optimal scale: 0.80x)
[REWARD] 动作已执行，开始 3 次心跳检测血条 (间隔 0.2s)...
[SILENT_LOG] [TemplateMatcher] pause_gear.png -> max conf: 0.908 (needs 0.55, optimal scale: 0.80x)
[SILENT_LOG] [TemplateMatcher] pause_gear.png -> max conf: 0.908 (needs 0.55, optimal scale: 0.80x)
[REWARD] ✅ 第 1 次检测命中目标干员血条！
[REWARD] 执行前血条数: 1 -> 最终确认血条数: 2
[REWARD] 🎯 完美落子！部署点靠近敌人 (距离: 80.7)，奖励 +0.5
[REWARD] ⚔️ 完美朝向！正对敌人 (角度: 329.0°)，额外奖励 +0.3

[STEP 16] 开始执行动作...
[SILENT_LOG] [TemplateMatcher] pause_gear.png -> max conf: 0.908 (needs 0.55, optimal scale: 0.80x)
[ACTION] 盲狙执行: 选卡9 -> 拖拽至(4,1) 朝向0
[SILENT_LOG] [TemplateMatcher] pause_gear.png -> max conf: 0.891 (needs 0.55, optimal scale: 0.80x)
[SILENT_LOG] [TemplateMatcher] pause_gear.png -> max conf: 0.908 (needs 0.55, optimal scale: 0.80x)
[SILENT_LOG] [TemplateMatcher] pause_gear.png -> max conf: 0.908 (needs 0.55, optimal scale: 0.80x)
[SILENT_LOG] [TemplateMatcher] pause_gear.png -> max conf: 0.908 (needs 0.55, optimal scale: 0.80x)
[SILENT_LOG] [TemplateMatcher] pause_gear.png -> max conf: 0.908 (needs 0.55, optimal scale: 0.80x)
[SILENT_LOG] [TemplateMatcher] pause_gear.png -> max conf: 0.908 (needs 0.55, optimal scale: 0.80x)
[REWARD] 动作已执行，开始 3 次心跳检测血条 (间隔 0.2s)...
[SILENT_LOG] [TemplateMatcher] pause_gear.png -> max conf: 0.908 (needs 0.55, optimal scale: 0.80x)
[SILENT_LOG] [TemplateMatcher] pause_gear.png -> max conf: 0.908 (needs 0.55, optimal scale: 0.80x)
[SILENT_LOG] [TemplateMatcher] pause_gear.png -> max conf: 0.908 (needs 0.55, optimal scale: 0.80x)
[SILENT_LOG] [TemplateMatcher] pause_gear.png -> max conf: 0.908 (needs 0.55, optimal scale: 0.80x)
[REWARD] ❌ 未检测到新血条！判定为【费用不足或CD中】，强制挂机 2.0 秒等待费用恢复！
[SILENT_LOG] [TemplateMatcher] pause_gear.png -> max conf: 0.908 (needs 0.55, optimal scale: 0.80x)
[SILENT_LOG] [TemplateMatcher] pause_gear.png -> max conf: 0.908 (needs 0.55, optimal scale: 0.80x)
[SILENT_LOG] [TemplateMatcher] pause_gear.png -> max conf: 0.908 (needs 0.55, optimal scale: 0.80x)
[SILENT_LOG] [TemplateMatcher] pause_gear.png -> max conf: 0.908 (needs 0.55, optimal scale: 0.80x)
[SILENT_LOG] [TemplateMatcher] pause_gear.png -> max conf: 0.908 (needs 0.55, optimal scale: 0.80x)
[SILENT_LOG] [TemplateMatcher] pause_gear.png -> max conf: 0.908 (needs 0.55, optimal scale: 0.80x)
[REWARD] 执行前血条数: 2 -> 最终确认血条数: 2
[REWARD] ❌ 未产生血条 (游戏拒收/高低台错位/手滑)。惩罚 -0.05

[STEP 17] 开始执行动作...
[SILENT_LOG] [TemplateMatcher] pause_gear.png -> max conf: 0.908 (needs 0.55, optimal scale: 0.80x)
[ACTION] 盲狙执行: 选卡2 -> 拖拽至(9,0) 朝向2
[SILENT_LOG] [TemplateMatcher] pause_gear.png -> max conf: 0.888 (needs 0.55, optimal scale: 0.80x)
[SILENT_LOG] [TemplateMatcher] pause_gear.png -> max conf: 0.908 (needs 0.55, optimal scale: 0.80x)
[SILENT_LOG] [TemplateMatcher] pause_gear.png -> max conf: 0.908 (needs 0.55, optimal scale: 0.80x)
[SILENT_LOG] [TemplateMatcher] pause_gear.png -> max conf: 0.908 (needs 0.55, optimal scale: 0.80x)
[SILENT_LOG] [TemplateMatcher] pause_gear.png -> max conf: 0.908 (needs 0.55, optimal scale: 0.80x)
[SILENT_LOG] [TemplateMatcher] pause_gear.png -> max conf: 0.908 (needs 0.55, optimal scale: 0.80x)
[REWARD] 动作已执行，开始 3 次心跳检测血条 (间隔 0.2s)...
[SILENT_LOG] [TemplateMatcher] pause_gear.png -> max conf: 0.908 (needs 0.55, optimal scale: 0.80x)
[SILENT_LOG] [TemplateMatcher] pause_gear.png -> max conf: 0.908 (needs 0.55, optimal scale: 0.80x)
[SILENT_LOG] [TemplateMatcher] pause_gear.png -> max conf: 0.908 (needs 0.55, optimal scale: 0.80x)
[SILENT_LOG] [TemplateMatcher] pause_gear.png -> max conf: 0.908 (needs 0.55, optimal scale: 0.80x)
[REWARD] ❌ 未检测到新血条！判定为【费用不足或CD中】，强制挂机 2.0 秒等待费用恢复！
[SILENT_LOG] [TemplateMatcher] pause_gear.png -> max conf: 0.908 (needs 0.55, optimal scale: 0.80x)
[SILENT_LOG] [TemplateMatcher] pause_gear.png -> max conf: 0.908 (needs 0.55, optimal scale: 0.80x)
[SILENT_LOG] [TemplateMatcher] pause_gear.png -> max conf: 0.907 (needs 0.55, optimal scale: 0.80x)
[SILENT_LOG] [TemplateMatcher] pause_gear.png -> max conf: 0.908 (needs 0.55, optimal scale: 0.80x)
[SILENT_LOG] [TemplateMatcher] pause_gear.png -> max conf: 0.908 (needs 0.55, optimal scale: 0.80x)
[SILENT_LOG] [TemplateMatcher] pause_gear.png -> max conf: 0.908 (needs 0.55, optimal scale: 0.80x)
[REWARD] 执行前血条数: 2 -> 最终确认血条数: 2
[REWARD] ❌ 未产生血条 (游戏拒收/高低台错位/手滑)。惩罚 -0.05

[STEP 18] 开始执行动作...
[ACTION MASKING] ⛔ 警告：手牌 0 亮度过低(无费/CD中)！代码直接拦截，不执行拖拽！
[SILENT_LOG] [TemplateMatcher] pause_gear.png -> max conf: 0.908 (needs 0.55, optimal scale: 0.80x)
[REWARD] 执行前血条数: 2 -> 最终确认血条数: 0
[REWARD] ⛔ 动作被拦截 (非法地形/没钱/有人)。惩罚 -0.05 (连续无作为: 3次)

[STEP 19] 开始执行动作...
[SILENT_LOG] [TemplateMatcher] pause_gear.png -> max conf: 0.908 (needs 0.55, optimal scale: 0.80x)
[ACTION] 盲狙执行: 选卡10 -> 拖拽至(2,2) 朝向2
[SILENT_LOG] [TemplateMatcher] pause_gear.png -> max conf: 0.888 (needs 0.55, optimal scale: 0.80x)
[SILENT_LOG] [TemplateMatcher] pause_gear.png -> max conf: 0.908 (needs 0.55, optimal scale: 0.80x)
[SILENT_LOG] [TemplateMatcher] pause_gear.png -> max conf: 0.908 (needs 0.55, optimal scale: 0.80x)
[SILENT_LOG] [TemplateMatcher] pause_gear.png -> max conf: 0.908 (needs 0.55, optimal scale: 0.80x)
[SILENT_LOG] [TemplateMatcher] pause_gear.png -> max conf: 0.908 (needs 0.55, optimal scale: 0.80x)
[SILENT_LOG] [TemplateMatcher] pause_gear.png -> max conf: 0.908 (needs 0.55, optimal scale: 0.80x)
[REWARD] 动作已执行，开始 3 次心跳检测血条 (间隔 0.2s)...
[SILENT_LOG] [TemplateMatcher] pause_gear.png -> max conf: 0.908 (needs 0.55, optimal scale: 0.80x)
[SILENT_LOG] [TemplateMatcher] pause_gear.png -> max conf: 0.908 (needs 0.55, optimal scale: 0.80x)
[SILENT_LOG] [TemplateMatcher] pause_gear.png -> max conf: 0.908 (needs 0.55, optimal scale: 0.80x)
[SILENT_LOG] [TemplateMatcher] pause_gear.png -> max conf: 0.908 (needs 0.55, optimal scale: 0.80x)
[REWARD] ❌ 未检测到新血条！判定为【费用不足或CD中】，强制挂机 2.0 秒等待费用恢复！
[SILENT_LOG] [TemplateMatcher] pause_gear.png -> max conf: 0.908 (needs 0.55, optimal scale: 0.80x)
[SILENT_LOG] [TemplateMatcher] pause_gear.png -> max conf: 0.908 (needs 0.55, optimal scale: 0.80x)
[SILENT_LOG] [TemplateMatcher] pause_gear.png -> max conf: 0.908 (needs 0.55, optimal scale: 0.80x)
[SILENT_LOG] [TemplateMatcher] pause_gear.png -> max conf: 0.908 (needs 0.55, optimal scale: 0.80x)
[SILENT_LOG] [TemplateMatcher] pause_gear.png -> max conf: 0.908 (needs 0.55, optimal scale: 0.80x)
[SILENT_LOG] [TemplateMatcher] pause_gear.png -> max conf: 0.908 (needs 0.55, optimal scale: 0.80x)
[REWARD] 执行前血条数: 2 -> 最终确认血条数: 2
[REWARD] ❌ 未产生血条 (游戏拒收/高低台错位/手滑)。惩罚 -0.05

[STEP 20] 开始执行动作...
[SILENT_LOG] [TemplateMatcher] pause_gear.png -> max conf: 0.908 (needs 0.55, optimal scale: 0.80x)
[ACTION MASKING] ⛔ 警告：手牌 1 亮度过低(无费/CD中)！代码直接拦截，不执行拖拽！
[REWARD] 执行前血条数: 2 -> 最终确认血条数: 0
[REWARD] ⛔ 动作被拦截 (非法地形/没钱/有人)。惩罚 -0.05 (连续无作为: 5次)

[STEP 21] 开始执行动作...
[SILENT_LOG] [TemplateMatcher] pause_gear.png -> max conf: 0.908 (needs 0.55, optimal scale: 0.80x)
[ACTION] 盲狙执行: 选卡2 -> 拖拽至(7,4) 朝向1
[SILENT_LOG] [TemplateMatcher] pause_gear.png -> max conf: 0.887 (needs 0.55, optimal scale: 0.80x)
[SILENT_LOG] [TemplateMatcher] pause_gear.png -> max conf: 0.886 (needs 0.55, optimal scale: 0.80x)
[SILENT_LOG] [TemplateMatcher] pause_gear.png -> max conf: 0.884 (needs 0.55, optimal scale: 0.80x)
[SILENT_LOG] [TemplateMatcher] pause_gear.png -> max conf: 0.908 (needs 0.55, optimal scale: 0.80x)
[SILENT_LOG] [TemplateMatcher] pause_gear.png -> max conf: 0.908 (needs 0.55, optimal scale: 0.80x)
[SILENT_LOG] [TemplateMatcher] pause_gear.png -> max conf: 0.908 (needs 0.55, optimal scale: 0.80x)
[REWARD] 动作已执行，开始 3 次心跳检测血条 (间隔 0.2s)...
[SILENT_LOG] [TemplateMatcher] pause_gear.png -> max conf: 0.908 (needs 0.55, optimal scale: 0.80x)
[SILENT_LOG] [TemplateMatcher] pause_gear.png -> max conf: 0.908 (needs 0.55, optimal scale: 0.80x)
[REWARD] ✅ 第 1 次检测命中目标干员血条！
[REWARD] 执行前血条数: 2 -> 最终确认血条数: 3
[REWARD] 🎯 完美落子！部署点靠近敌人 (距离: 104.2)，奖励 +0.5
[REWARD] 🛡️ 偏离/背对敌人！(角度: 357.8°)，微小惩罚 -0.1

[STEP 22] 开始执行动作...
[ACTION MASKING] ⛔ 警告：手牌 0 亮度过低(无费/CD中)！代码直接拦截，不执行拖拽！
[SILENT_LOG] [TemplateMatcher] pause_gear.png -> max conf: 0.908 (needs 0.55, optimal scale: 0.80x)
[REWARD] 执行前血条数: 3 -> 最终确认血条数: 0
[REWARD] ⛔ 动作被拦截 (非法地形/没钱/有人)。惩罚 -0.05 (连续无作为: 1次)

[STEP 23] 开始执行动作...
[SILENT_LOG] [TemplateMatcher] pause_gear.png -> max conf: 0.908 (needs 0.55, optimal scale: 0.80x)
[ACTION MASKING] ⛔ 警告：目标网格(6,3)已被友方干员驻守！代码直接拦截！
[REWARD] 执行前血条数: 3 -> 最终确认血条数: 0
[REWARD] ⛔ 动作被拦截 (非法地形/没钱/有人)。惩罚 -0.05 (连续无作为: 2次)

[STEP 24] 开始执行动作...
[SILENT_LOG] [TemplateMatcher] pause_gear.png -> max conf: 0.908 (needs 0.55, optimal scale: 0.80x)
[ACTION] 盲狙执行: 选卡9 -> 拖拽至(8,1) 朝向0
[SILENT_LOG] [TemplateMatcher] pause_gear.png -> max conf: 0.889 (needs 0.55, optimal scale: 0.80x)
[SILENT_LOG] [TemplateMatcher] pause_gear.png -> max conf: 0.889 (needs 0.55, optimal scale: 0.80x)
[SILENT_LOG] [TemplateMatcher] pause_gear.png -> max conf: 0.889 (needs 0.55, optimal scale: 0.80x)
[SILENT_LOG] [TemplateMatcher] pause_gear.png -> max conf: 0.909 (needs 0.55, optimal scale: 0.80x)
[SILENT_LOG] [TemplateMatcher] pause_gear.png -> max conf: 0.908 (needs 0.55, optimal scale: 0.80x)
[SILENT_LOG] [TemplateMatcher] pause_gear.png -> max conf: 0.908 (needs 0.55, optimal scale: 0.80x)
[REWARD] 动作已执行，开始 3 次心跳检测血条 (间隔 0.2s)...
[SILENT_LOG] [TemplateMatcher] pause_gear.png -> max conf: 0.908 (needs 0.55, optimal scale: 0.80x)
[SILENT_LOG] [TemplateMatcher] pause_gear.png -> max conf: 0.908 (needs 0.55, optimal scale: 0.80x)
[REWARD] ✅ 第 1 次检测命中目标干员血条！
[REWARD] 执行前血条数: 3 -> 最终确认血条数: 4
[REWARD] 场上暂无移动目标，仅发放基础部署奖励 +1.0

[STEP 25] 开始执行动作...
[ACTION MASKING] ⛔ 警告：手牌 0 亮度过低(无费/CD中)！代码直接拦截，不执行拖拽！
[SILENT_LOG] [TemplateMatcher] pause_gear.png -> max conf: 0.908 (needs 0.55, optimal scale: 0.80x)
[REWARD] 执行前血条数: 4 -> 最终确认血条数: 0
[REWARD] ⛔ 动作被拦截 (非法地形/没钱/有人)。惩罚 -0.05 (连续无作为: 1次)

[STEP 26] 开始执行动作...
[SILENT_LOG] [TemplateMatcher] pause_gear.png -> max conf: 0.907 (needs 0.55, optimal scale: 0.80x)
[ACTION MASKING] ⛔ 警告：手牌 1 亮度过低(无费/CD中)！代码直接拦截，不执行拖拽！
[REWARD] 执行前血条数: 4 -> 最终确认血条数: 0
[REWARD] ⛔ 动作被拦截 (非法地形/没钱/有人)。惩罚 -0.05 (连续无作为: 2次)

[STEP 27] 开始执行动作...
[SILENT_LOG] [TemplateMatcher] pause_gear.png -> max conf: 0.908 (needs 0.55, optimal scale: 0.80x)
[ACTION MASKING] ⛔ 警告：目标网格(7,2)已被友方干员驻守！代码直接拦截！
[SILENT_LOG] [TemplateMatcher] pause_gear.png -> max conf: 0.908 (needs 0.55, optimal scale: 0.80x)
[REWARD] 执行前血条数: 4 -> 最终确认血条数: 0
[REWARD] ⛔ 动作被拦截 (非法地形/没钱/有人)。惩罚 -0.05 (连续无作为: 3次)
[SAVE] 自动保存进度 (Step 340) -> policy_latest.zip

[STEP 28] 开始执行动作...
[ACTION MASKING] ⛔ 警告：手牌 7 亮度过低(无费/CD中)！代码直接拦截，不执行拖拽！
[SILENT_LOG] [TemplateMatcher] pause_gear.png -> max conf: 0.908 (needs 0.55, optimal scale: 0.80x)
[REWARD] 执行前血条数: 4 -> 最终确认血条数: 0
[REWARD] ⛔ 动作被拦截 (非法地形/没钱/有人)。惩罚 -0.05 (连续无作为: 4次)

[STEP 29] 开始执行动作...
[SILENT_LOG] [TemplateMatcher] pause_gear.png -> max conf: 0.908 (needs 0.55, optimal scale: 0.80x)
[ACTION] 盲狙执行: 选卡5 -> 拖拽至(8,3) 朝向2
[SILENT_LOG] [TemplateMatcher] pause_gear.png -> max conf: 0.886 (needs 0.55, optimal scale: 0.80x)
[SILENT_LOG] [TemplateMatcher] pause_gear.png -> max conf: 0.886 (needs 0.55, optimal scale: 0.80x)
[SILENT_LOG] [TemplateMatcher] pause_gear.png -> max conf: 0.887 (needs 0.55, optimal scale: 0.80x)
[SILENT_LOG] [TemplateMatcher] pause_gear.png -> max conf: 0.908 (needs 0.55, optimal scale: 0.80x)
[SILENT_LOG] [TemplateMatcher] pause_gear.png -> max conf: 0.908 (needs 0.55, optimal scale: 0.80x)
[SILENT_LOG] [TemplateMatcher] pause_gear.png -> max conf: 0.908 (needs 0.55, optimal scale: 0.80x)
[REWARD] 动作已执行，开始 3 次心跳检测血条 (间隔 0.2s)...
[SILENT_LOG] [TemplateMatcher] pause_gear.png -> max conf: 0.908 (needs 0.55, optimal scale: 0.80x)
[SILENT_LOG] [TemplateMatcher] pause_gear.png -> max conf: 0.908 (needs 0.55, optimal scale: 0.80x)
[REWARD] ✅ 第 1 次检测命中目标干员血条！
[REWARD] 执行前血条数: 4 -> 最终确认血条数: 5
[REWARD] 场上暂无移动目标，仅发放基础部署奖励 +1.0

[STEP 30] 开始执行动作...
[ACTION] 盲狙执行: 选卡3 -> 拖拽至(0,3) 朝向1
[SILENT_LOG] [TemplateMatcher] pause_gear.png -> max conf: 0.908 (needs 0.55, optimal scale: 0.80x)
[SILENT_LOG] [TemplateMatcher] pause_gear.png -> max conf: 0.891 (needs 0.55, optimal scale: 0.80x)
[SILENT_LOG] [TemplateMatcher] pause_gear.png -> max conf: 0.908 (needs 0.55, optimal scale: 0.80x)
[SILENT_LOG] [TemplateMatcher] pause_gear.png -> max conf: 0.908 (needs 0.55, optimal scale: 0.80x)
[SILENT_LOG] [TemplateMatcher] pause_gear.png -> max conf: 0.908 (needs 0.55, optimal scale: 0.80x)
[SILENT_LOG] [TemplateMatcher] pause_gear.png -> max conf: 0.908 (needs 0.55, optimal scale: 0.80x)
[SILENT_LOG] [TemplateMatcher] pause_gear.png -> max conf: 0.908 (needs 0.55, optimal scale: 0.80x)
[REWARD] 动作已执行，开始 3 次心跳检测血条 (间隔 0.2s)...
[SILENT_LOG] [TemplateMatcher] pause_gear.png -> max conf: 0.908 (needs 0.55, optimal scale: 0.80x)
[SILENT_LOG] [TemplateMatcher] pause_gear.png -> max conf: 0.908 (needs 0.55, optimal scale: 0.80x)
[SILENT_LOG] [TemplateMatcher] pause_gear.png -> max conf: 0.908 (needs 0.55, optimal scale: 0.80x)
[SILENT_LOG] [TemplateMatcher] pause_gear.png -> max conf: 0.908 (needs 0.55, optimal scale: 0.80x)
[REWARD] ❌ 未检测到新血条！判定为【费用不足或CD中】，强制挂机 2.0 秒等待费用恢复！
[SILENT_LOG] [TemplateMatcher] pause_gear.png -> max conf: 0.908 (needs 0.55, optimal scale: 0.80x)
[SILENT_LOG] [TemplateMatcher] pause_gear.png -> max conf: 0.908 (needs 0.55, optimal scale: 0.80x)
[SILENT_LOG] [TemplateMatcher] pause_gear.png -> max conf: 0.908 (needs 0.55, optimal scale: 0.80x)
[SILENT_LOG] [TemplateMatcher] pause_gear.png -> max conf: 0.908 (needs 0.55, optimal scale: 0.80x)
[SILENT_LOG] [TemplateMatcher] pause_gear.png -> max conf: 0.908 (needs 0.55, optimal scale: 0.80x)
[SILENT_LOG] [TemplateMatcher] pause_gear.png -> max conf: 0.908 (needs 0.55, optimal scale: 0.80x)
[REWARD] 执行前血条数: 5 -> 最终确认血条数: 5
[REWARD] ❌ 未产生血条 (游戏拒收/高低台错位/手滑)。惩罚 -0.05

[STEP 31] 开始执行动作...
[ACTION MASKING] ⛔ 警告：手牌 7 亮度过低(无费/CD中)！代码直接拦截，不执行拖拽！
[SILENT_LOG] [TemplateMatcher] pause_gear.png -> max conf: 0.908 (needs 0.55, optimal scale: 0.80x)
[REWARD] 执行前血条数: 5 -> 最终确认血条数: 0
[REWARD] ⛔ 动作被拦截 (非法地形/没钱/有人)。惩罚 -0.05 (连续无作为: 2次)

[STEP 32] 开始执行动作...
[SILENT_LOG] [TemplateMatcher] pause_gear.png -> max conf: 0.908 (needs 0.55, optimal scale: 0.80x)
[ACTION] 盲狙执行: 选卡2 -> 拖拽至(9,4) 朝向1
[SILENT_LOG] [TemplateMatcher] pause_gear.png -> max conf: 0.889 (needs 0.55, optimal scale: 0.80x)
[SILENT_LOG] [TemplateMatcher] pause_gear.png -> max conf: 0.908 (needs 0.55, optimal scale: 0.80x)
[SILENT_LOG] [TemplateMatcher] pause_gear.png -> max conf: 0.908 (needs 0.55, optimal scale: 0.80x)
[SILENT_LOG] [TemplateMatcher] pause_gear.png -> max conf: 0.908 (needs 0.55, optimal scale: 0.80x)
[SILENT_LOG] [TemplateMatcher] pause_gear.png -> max conf: 0.908 (needs 0.55, optimal scale: 0.80x)
[SILENT_LOG] [TemplateMatcher] pause_gear.png -> max conf: 0.908 (needs 0.55, optimal scale: 0.80x)
[REWARD] 动作已执行，开始 3 次心跳检测血条 (间隔 0.2s)...
[SILENT_LOG] [TemplateMatcher] pause_gear.png -> max conf: 0.908 (needs 0.55, optimal scale: 0.80x)
[SILENT_LOG] [TemplateMatcher] pause_gear.png -> max conf: 0.908 (needs 0.55, optimal scale: 0.80x)
[SILENT_LOG] [TemplateMatcher] pause_gear.png -> max conf: 0.908 (needs 0.55, optimal scale: 0.80x)
[SILENT_LOG] [TemplateMatcher] pause_gear.png -> max conf: 0.909 (needs 0.55, optimal scale: 0.80x)
[REWARD] ❌ 未检测到新血条！判定为【费用不足或CD中】，强制挂机 2.0 秒等待费用恢复！
[SILENT_LOG] [TemplateMatcher] pause_gear.png -> max conf: 0.908 (needs 0.55, optimal scale: 0.80x)
[SILENT_LOG] [TemplateMatcher] pause_gear.png -> max conf: 0.908 (needs 0.55, optimal scale: 0.80x)
[SILENT_LOG] [TemplateMatcher] pause_gear.png -> max conf: 0.908 (needs 0.55, optimal scale: 0.80x)
[SILENT_LOG] [TemplateMatcher] pause_gear.png -> max conf: 0.908 (needs 0.55, optimal scale: 0.80x)
[SILENT_LOG] [TemplateMatcher] pause_gear.png -> max conf: 0.908 (needs 0.55, optimal scale: 0.80x)
[SILENT_LOG] [TemplateMatcher] pause_gear.png -> max conf: 0.908 (needs 0.55, optimal scale: 0.80x)
[REWARD] 执行前血条数: 5 -> 最终确认血条数: 5
[REWARD] ❌ 未产生血条 (游戏拒收/高低台错位/手滑)。惩罚 -0.05

[STEP 33] 开始执行动作...
[ACTION] 盲狙执行: 选卡11 -> 拖拽至(3,0) 朝向1
[SILENT_LOG] [TemplateMatcher] pause_gear.png -> max conf: 0.908 (needs 0.55, optimal scale: 0.80x)
[SILENT_LOG] [TemplateMatcher] pause_gear.png -> max conf: 0.887 (needs 0.55, optimal scale: 0.80x)
[SILENT_LOG] [TemplateMatcher] pause_gear.png -> max conf: 0.908 (needs 0.55, optimal scale: 0.80x)
[SILENT_LOG] [TemplateMatcher] pause_gear.png -> max conf: 0.908 (needs 0.55, optimal scale: 0.80x)
[SILENT_LOG] [TemplateMatcher] pause_gear.png -> max conf: 0.908 (needs 0.55, optimal scale: 0.80x)
[SILENT_LOG] [TemplateMatcher] pause_gear.png -> max conf: 0.908 (needs 0.55, optimal scale: 0.80x)
[SILENT_LOG] [TemplateMatcher] pause_gear.png -> max conf: 0.908 (needs 0.55, optimal scale: 0.80x)
[REWARD] 动作已执行，开始 3 次心跳检测血条 (间隔 0.2s)...
[SILENT_LOG] [TemplateMatcher] pause_gear.png -> max conf: 0.908 (needs 0.55, optimal scale: 0.80x)
[SILENT_LOG] [TemplateMatcher] pause_gear.png -> max conf: 0.908 (needs 0.55, optimal scale: 0.80x)
[SILENT_LOG] [TemplateMatcher] pause_gear.png -> max conf: 0.908 (needs 0.55, optimal scale: 0.80x)
[SILENT_LOG] [TemplateMatcher] pause_gear.png -> max conf: 0.908 (needs 0.55, optimal scale: 0.80x)
[REWARD] ❌ 未检测到新血条！判定为【费用不足或CD中】，强制挂机 2.0 秒等待费用恢复！
[SILENT_LOG] [TemplateMatcher] pause_gear.png -> max conf: 0.908 (needs 0.55, optimal scale: 0.80x)
[SILENT_LOG] [TemplateMatcher] pause_gear.png -> max conf: 0.908 (needs 0.55, optimal scale: 0.80x)
[SILENT_LOG] [TemplateMatcher] pause_gear.png -> max conf: 0.908 (needs 0.55, optimal scale: 0.80x)
[SILENT_LOG] [TemplateMatcher] pause_gear.png -> max conf: 0.908 (needs 0.55, optimal scale: 0.80x)
[SILENT_LOG] [TemplateMatcher] pause_gear.png -> max conf: 0.908 (needs 0.55, optimal scale: 0.80x)
[SILENT_LOG] [TemplateMatcher] pause_gear.png -> max conf: 0.908 (needs 0.55, optimal scale: 0.80x)
[REWARD] 执行前血条数: 5 -> 最终确认血条数: 5
[REWARD] ❌ 未产生血条 (游戏拒收/高低台错位/手滑)。惩罚 -0.05

[STEP 34] 开始执行动作...
[SILENT_LOG] [TemplateMatcher] pause_gear.png -> max conf: 0.908 (needs 0.55, optimal scale: 0.80x)
[ACTION] 盲狙执行: 选卡2 -> 拖拽至(3,3) 朝向0
[SILENT_LOG] [TemplateMatcher] pause_gear.png -> max conf: 0.893 (needs 0.55, optimal scale: 0.80x)
[SILENT_LOG] [TemplateMatcher] pause_gear.png -> max conf: 0.908 (needs 0.55, optimal scale: 0.80x)
[SILENT_LOG] [TemplateMatcher] pause_gear.png -> max conf: 0.908 (needs 0.55, optimal scale: 0.80x)
[SILENT_LOG] [TemplateMatcher] pause_gear.png -> max conf: 0.908 (needs 0.55, optimal scale: 0.80x)
[SILENT_LOG] [TemplateMatcher] pause_gear.png -> max conf: 0.908 (needs 0.55, optimal scale: 0.80x)
[SILENT_LOG] [TemplateMatcher] pause_gear.png -> max conf: 0.908 (needs 0.55, optimal scale: 0.80x)
[REWARD] 动作已执行，开始 3 次心跳检测血条 (间隔 0.2s)...
[SILENT_LOG] [TemplateMatcher] pause_gear.png -> max conf: 0.908 (needs 0.55, optimal scale: 0.80x)
[SILENT_LOG] [TemplateMatcher] pause_gear.png -> max conf: 0.908 (needs 0.55, optimal scale: 0.80x)
[SILENT_LOG] [TemplateMatcher] pause_gear.png -> max conf: 0.908 (needs 0.55, optimal scale: 0.80x)
[SILENT_LOG] [TemplateMatcher] pause_gear.png -> max conf: 0.908 (needs 0.55, optimal scale: 0.80x)
[REWARD] ❌ 未检测到新血条！判定为【费用不足或CD中】，强制挂机 2.0 秒等待费用恢复！
[SILENT_LOG] [TemplateMatcher] pause_gear.png -> max conf: 0.908 (needs 0.55, optimal scale: 0.80x)
[SILENT_LOG] [TemplateMatcher] pause_gear.png -> max conf: 0.908 (needs 0.55, optimal scale: 0.80x)
[SILENT_LOG] [TemplateMatcher] pause_gear.png -> max conf: 0.908 (needs 0.55, optimal scale: 0.80x)
[SILENT_LOG] [TemplateMatcher] pause_gear.png -> max conf: 0.908 (needs 0.55, optimal scale: 0.80x)
[SILENT_LOG] [TemplateMatcher] pause_gear.png -> max conf: 0.908 (needs 0.55, optimal scale: 0.80x)
[SILENT_LOG] [TemplateMatcher] pause_gear.png -> max conf: 0.908 (needs 0.55, optimal scale: 0.80x)
[REWARD] 执行前血条数: 5 -> 最终确认血条数: 5
[REWARD] ❌ 未产生血条 (游戏拒收/高低台错位/手滑)。惩罚 -0.05

[STEP 35] 开始执行动作...
[SILENT_LOG] [TemplateMatcher] pause_gear.png -> max conf: 0.908 (needs 0.55, optimal scale: 0.80x)
[ACTION MASKING] ⛔ 警告：手牌 1 亮度过低(无费/CD中)！代码直接拦截，不执行拖拽！
[REWARD] 执行前血条数: 5 -> 最终确认血条数: 0
[REWARD] ⛔ 动作被拦截 (非法地形/没钱/有人)。惩罚 -0.05 (连续无作为: 6次)

[STEP 36] 开始执行动作...
[SILENT_LOG] [TemplateMatcher] pause_gear.png -> max conf: 0.908 (needs 0.55, optimal scale: 0.80x)
[ACTION MASKING] ⛔ 警告：手牌 7 亮度过低(无费/CD中)！代码直接拦截，不执行拖拽！
[REWARD] 执行前血条数: 5 -> 最终确认血条数: 0
[REWARD] ⛔ 动作被拦截 (非法地形/没钱/有人)。惩罚 -0.05 (连续无作为: 7次)

[STEP 37] 开始执行动作...
[SILENT_LOG] [TemplateMatcher] pause_gear.png -> max conf: 0.908 (needs 0.55, optimal scale: 0.80x)
[ACTION MASKING] ⛔ 警告：手牌 0 亮度过低(无费/CD中)！代码直接拦截，不执行拖拽！
[SILENT_LOG] [TemplateMatcher] pause_gear.png -> max conf: 0.908 (needs 0.55, optimal scale: 0.80x)
[REWARD] 执行前血条数: 5 -> 最终确认血条数: 0
[REWARD] ⛔ 动作被拦截 (非法地形/没钱/有人)。惩罚 -0.05 (连续无作为: 8次)

[STEP 38] 开始执行动作...
[ACTION] 盲狙执行: 选卡8 -> 拖拽至(0,4) 朝向0
[SILENT_LOG] [TemplateMatcher] pause_gear.png -> max conf: 0.908 (needs 0.55, optimal scale: 0.80x)
[SILENT_LOG] [TemplateMatcher] pause_gear.png -> max conf: 0.890 (needs 0.55, optimal scale: 0.80x)
[SILENT_LOG] [TemplateMatcher] pause_gear.png -> max conf: 0.908 (needs 0.55, optimal scale: 0.80x)
[SILENT_LOG] [TemplateMatcher] pause_gear.png -> max conf: 0.908 (needs 0.55, optimal scale: 0.80x)
[SILENT_LOG] [TemplateMatcher] pause_gear.png -> max conf: 0.908 (needs 0.55, optimal scale: 0.80x)
[SILENT_LOG] [TemplateMatcher] pause_gear.png -> max conf: 0.908 (needs 0.55, optimal scale: 0.80x)
[SILENT_LOG] [TemplateMatcher] pause_gear.png -> max conf: 0.907 (needs 0.55, optimal scale: 0.80x)
[REWARD] 动作已执行，开始 3 次心跳检测血条 (间隔 0.2s)...
[SILENT_LOG] [TemplateMatcher] pause_gear.png -> max conf: 0.908 (needs 0.55, optimal scale: 0.80x)
[SILENT_LOG] [TemplateMatcher] pause_gear.png -> max conf: 0.907 (needs 0.55, optimal scale: 0.80x)
[SILENT_LOG] [TemplateMatcher] pause_gear.png -> max conf: 0.907 (needs 0.55, optimal scale: 0.80x)
[SILENT_LOG] [TemplateMatcher] pause_gear.png -> max conf: 0.908 (needs 0.55, optimal scale: 0.80x)
[REWARD] ❌ 未检测到新血条！判定为【费用不足或CD中】，强制挂机 2.0 秒等待费用恢复！
[SILENT_LOG] [TemplateMatcher] pause_gear.png -> max conf: 0.908 (needs 0.55, optimal scale: 0.80x)
[SILENT_LOG] [TemplateMatcher] pause_gear.png -> max conf: 0.908 (needs 0.55, optimal scale: 0.80x)
[SILENT_LOG] [TemplateMatcher] pause_gear.png -> max conf: 0.908 (needs 0.55, optimal scale: 0.80x)
[SILENT_LOG] [TemplateMatcher] pause_gear.png -> max conf: 0.909 (needs 0.55, optimal scale: 0.80x)
[SILENT_LOG] [TemplateMatcher] pause_gear.png -> max conf: 0.908 (needs 0.55, optimal scale: 0.80x)
[SILENT_LOG] [TemplateMatcher] pause_gear.png -> max conf: 0.908 (needs 0.55, optimal scale: 0.80x)
[REWARD] 执行前血条数: 5 -> 最终确认血条数: 5
[REWARD] ❌ 未产生血条 (游戏拒收/高低台错位/手滑)。惩罚 -0.05

[STEP 39] 开始执行动作...
[ACTION MASKING] ⛔ 警告：手牌 1 亮度过低(无费/CD中)！代码直接拦截，不执行拖拽！
[SILENT_LOG] [TemplateMatcher] pause_gear.png -> max conf: 0.908 (needs 0.55, optimal scale: 0.80x)
[REWARD] 执行前血条数: 5 -> 最终确认血条数: 0
[REWARD] ⛔ 动作被拦截 (非法地形/没钱/有人)。惩罚 -0.05 (连续无作为: 10次)

[STEP 40] 开始执行动作...
[SILENT_LOG] [TemplateMatcher] pause_gear.png -> max conf: 0.908 (needs 0.55, optimal scale: 0.80x)
[ACTION MASKING] ⛔ 警告：目标网格(7,4)已被友方干员驻守！代码直接拦截！
[REWARD] 执行前血条数: 5 -> 最终确认血条数: 0
[REWARD] ⛔ 动作被拦截 (非法地形/没钱/有人)。惩罚 -0.05 (连续无作为: 11次)

[STEP 41] 开始执行动作...
[SILENT_LOG] [TemplateMatcher] pause_gear.png -> max conf: 0.886 (needs 0.55, optimal scale: 0.80x)
[ACTION] 盲狙执行: 选卡9 -> 拖拽至(4,4) 朝向0
[SILENT_LOG] [TemplateMatcher] pause_gear.png -> max conf: 0.534 (needs 0.55, optimal scale: 1.10x)
[SILENT_LOG] [TemplateMatcher] pause_gear.png -> max conf: 0.534 (needs 0.55, optimal scale: 1.10x)

[MONITOR] 🚨 后台紧急熔断：连续 2 次未见右上角齿轮，战斗结束！
[REWARD] 动作已执行，开始 3 次心跳检测血条 (间隔 0.2s)...
[REWARD] ❌ 未检测到新血条！判定为【费用不足或CD中】，强制挂机 2.0 秒等待费用恢复！
[REWARD] 执行前血条数: 3 -> 最终确认血条数: 0
[REWARD] ❌ 未产生血条 (游戏拒收/高低台错位/手滑)。惩罚 -0.05
[ENV] 🚨 后台监视器触发熔断，本回合正式结束！

================= 回合结束，开始自动重启关卡 =================
[TemplateMatcher] pause_gear.png -> max conf: 0.000 (needs 0.7, optimal scale: 0.80x)
[DEBUG] 未匹配 [pause_gear] (要求阈值 0.7)
[TemplateMatcher] start_action.png -> max conf: 0.000 (needs 0.43, optimal scale: 0.80x)
[DEBUG] 未匹配 [start_action] (要求阈值 0.43)
[TemplateMatcher] practice.png -> max conf: 0.000 (needs 0.5, optimal scale: 0.80x)
[DEBUG] 未匹配 [practice] (要求阈值 0.5)
[TemplateMatcher] stage_1_7.png -> max conf: 0.000 (needs 0.5, optimal scale: 0.80x)
[DEBUG] 未匹配 [stage_1_7] (要求阈值 0.5)
[RESET] 尝试跳过动画/寻找入口... (尝试 1/100)
[TemplateMatcher] pause_gear.png -> max conf: 0.626 (needs 0.7, optimal scale: 0.80x)
[DEBUG] 未匹配 [pause_gear] (要求阈值 0.7)
[TemplateMatcher] start_action.png -> max conf: 0.075 (needs 0.43, optimal scale: 0.80x)
[DEBUG] 未匹配 [start_action] (要求阈值 0.43)
[TemplateMatcher] practice.png -> max conf: 0.569 (needs 0.5, optimal scale: 0.80x)
[RESET] 找到 [practice] (置信度 0.57 >= 0.5)，点击 (1157, 685)
[RESET] 点击演习按钮
[TemplateMatcher] pause_gear.png -> max conf: 0.626 (needs 0.7, optimal scale: 0.80x)
[DEBUG] 未匹配 [pause_gear] (要求阈值 0.7)
[TemplateMatcher] start_action.png -> max conf: 0.075 (needs 0.43, optimal scale: 0.80x)
[DEBUG] 未匹配 [start_action] (要求阈值 0.43)
[TemplateMatcher] practice.png -> max conf: 0.569 (needs 0.5, optimal scale: 0.80x)
[RESET] 找到 [practice] (置信度 0.57 >= 0.5)，点击 (1157, 685)
[RESET] 点击演习按钮
[TemplateMatcher] pause_gear.png -> max conf: 0.490 (needs 0.7, optimal scale: 0.80x)
[DEBUG] 未匹配 [pause_gear] (要求阈值 0.7)
[TemplateMatcher] start_action.png -> max conf: -0.018 (needs 0.43, optimal scale: 0.80x)
[DEBUG] 未匹配 [start_action] (要求阈值 0.43)
[TemplateMatcher] practice.png -> max conf: 0.522 (needs 0.5, optimal scale: 0.80x)
[RESET] 找到 [practice] (置信度 0.52 >= 0.5)，点击 (533, 603)
[RESET] 点击演习按钮
[TemplateMatcher] pause_gear.png -> max conf: 0.490 (needs 0.7, optimal scale: 0.80x)
[DEBUG] 未匹配 [pause_gear] (要求阈值 0.7)
[TemplateMatcher] start_action.png -> max conf: -0.018 (needs 0.43, optimal scale: 0.80x)
[DEBUG] 未匹配 [start_action] (要求阈值 0.43)
[TemplateMatcher] practice.png -> max conf: 0.522 (needs 0.5, optimal scale: 0.80x)
[RESET] 找到 [practice] (置信度 0.52 >= 0.5)，点击 (533, 603)
[RESET] 点击演习按钮
[TemplateMatcher] pause_gear.png -> max conf: 0.490 (needs 0.7, optimal scale: 0.80x)
[DEBUG] 未匹配 [pause_gear] (要求阈值 0.7)
[TemplateMatcher] start_action.png -> max conf: -0.018 (needs 0.43, optimal scale: 0.80x)
[DEBUG] 未匹配 [start_action] (要求阈值 0.43)
[TemplateMatcher] practice.png -> max conf: 0.522 (needs 0.5, optimal scale: 0.80x)
[RESET] 找到 [practice] (置信度 0.52 >= 0.5)，点击 (533, 603)
[RESET] 点击演习按钮
[TemplateMatcher] pause_gear.png -> max conf: 0.472 (needs 0.7, optimal scale: 0.90x)
[DEBUG] 未匹配 [pause_gear] (要求阈值 0.7)
[TemplateMatcher] start_action.png -> max conf: 0.027 (needs 0.43, optimal scale: 0.80x)
[DEBUG] 未匹配 [start_action] (要求阈值 0.43)
[TemplateMatcher] practice.png -> max conf: 0.489 (needs 0.5, optimal scale: 0.90x)
[DEBUG] 未匹配 [practice] (要求阈值 0.5)
[TemplateMatcher] stage_1_7.png -> max conf: 0.712 (needs 0.5, optimal scale: 0.80x)
[RESET] 找到 [stage_1_7] (置信度 0.71 >= 0.5)，点击 (642, 224)
[RESET] 点击关卡 1-7 图标
[TemplateMatcher] pause_gear.png -> max conf: 0.612 (needs 0.7, optimal scale: 1.10x)
[DEBUG] 未匹配 [pause_gear] (要求阈值 0.7)
[TemplateMatcher] start_action.png -> max conf: 0.103 (needs 0.43, optimal scale: 0.80x)
[DEBUG] 未匹配 [start_action] (要求阈值 0.43)
[TemplateMatcher] practice.png -> max conf: 0.687 (needs 0.5, optimal scale: 0.80x)
[RESET] 找到 [practice] (置信度 0.69 >= 0.5)，点击 (935, 660)
[RESET] 点击演习按钮
[TemplateMatcher] pause_gear.png -> max conf: 0.470 (needs 0.7, optimal scale: 1.05x)
[DEBUG] 未匹配 [pause_gear] (要求阈值 0.7)
[TemplateMatcher] start_action.png -> max conf: 0.431 (needs 0.43, optimal scale: 0.80x)
[RESET] 找到 [start_action] (置信度 0.43 >= 0.43)，点击 (1101, 516)
[RESET] 点击开始行动，进入加载...
[TemplateMatcher] pause_gear.png -> max conf: 0.000 (needs 0.7, optimal scale: 0.80x)
[DEBUG] 未匹配 [pause_gear] (要求阈值 0.7)
[TemplateMatcher] start_action.png -> max conf: 0.000 (needs 0.43, optimal scale: 0.80x)
[DEBUG] 未匹配 [start_action] (要求阈值 0.43)
[TemplateMatcher] practice.png -> max conf: 0.000 (needs 0.5, optimal scale: 0.80x)
[DEBUG] 未匹配 [practice] (要求阈值 0.5)
[TemplateMatcher] stage_1_7.png -> max conf: 0.000 (needs 0.5, optimal scale: 0.80x)
[DEBUG] 未匹配 [stage_1_7] (要求阈值 0.5)
[RESET] 尝试跳过动画/寻找入口... (尝试 10/100)
[TemplateMatcher] pause_gear.png -> max conf: 0.000 (needs 0.7, optimal scale: 0.80x)
[DEBUG] 未匹配 [pause_gear] (要求阈值 0.7)
[TemplateMatcher] start_action.png -> max conf: 0.000 (needs 0.43, optimal scale: 0.80x)
[DEBUG] 未匹配 [start_action] (要求阈值 0.43)
[TemplateMatcher] practice.png -> max conf: 0.000 (needs 0.5, optimal scale: 0.80x)
[DEBUG] 未匹配 [practice] (要求阈值 0.5)
[TemplateMatcher] stage_1_7.png -> max conf: 0.000 (needs 0.5, optimal scale: 0.80x)
[DEBUG] 未匹配 [stage_1_7] (要求阈值 0.5)
[RESET] 尝试跳过动画/寻找入口... (尝试 11/100)
[TemplateMatcher] pause_gear.png -> max conf: 0.000 (needs 0.7, optimal scale: 0.80x)
[DEBUG] 未匹配 [pause_gear] (要求阈值 0.7)
[TemplateMatcher] start_action.png -> max conf: 0.000 (needs 0.43, optimal scale: 0.80x)
[DEBUG] 未匹配 [start_action] (要求阈值 0.43)
[TemplateMatcher] practice.png -> max conf: 0.000 (needs 0.5, optimal scale: 0.80x)
[DEBUG] 未匹配 [practice] (要求阈值 0.5)
[TemplateMatcher] stage_1_7.png -> max conf: 0.000 (needs 0.5, optimal scale: 0.80x)
[DEBUG] 未匹配 [stage_1_7] (要求阈值 0.5)
[RESET] 尝试跳过动画/寻找入口... (尝试 12/100)
[TemplateMatcher] pause_gear.png -> max conf: 0.000 (needs 0.7, optimal scale: 0.80x)
[DEBUG] 未匹配 [pause_gear] (要求阈值 0.7)
[TemplateMatcher] start_action.png -> max conf: 0.000 (needs 0.43, optimal scale: 0.80x)
[DEBUG] 未匹配 [start_action] (要求阈值 0.43)
[TemplateMatcher] practice.png -> max conf: 0.000 (needs 0.5, optimal scale: 0.80x)
[DEBUG] 未匹配 [practice] (要求阈值 0.5)
[TemplateMatcher] stage_1_7.png -> max conf: 0.000 (needs 0.5, optimal scale: 0.80x)
[DEBUG] 未匹配 [stage_1_7] (要求阈值 0.5)
[RESET] 尝试跳过动画/寻找入口... (尝试 13/100)
[TemplateMatcher] pause_gear.png -> max conf: 0.511 (needs 0.7, optimal scale: 1.20x)
[DEBUG] 未匹配 [pause_gear] (要求阈值 0.7)
[TemplateMatcher] start_action.png -> max conf: -0.052 (needs 0.43, optimal scale: 0.80x)
[DEBUG] 未匹配 [start_action] (要求阈值 0.43)
[TemplateMatcher] practice.png -> max conf: 0.379 (needs 0.5, optimal scale: 0.90x)
[DEBUG] 未匹配 [practice] (要求阈值 0.5)
[TemplateMatcher] stage_1_7.png -> max conf: 0.411 (needs 0.5, optimal scale: 0.90x)
[DEBUG] 未匹配 [stage_1_7] (要求阈值 0.5)
[RESET] 尝试跳过动画/寻找入口... (尝试 14/100)
[TemplateMatcher] pause_gear.png -> max conf: 0.511 (needs 0.7, optimal scale: 1.20x)
[DEBUG] 未匹配 [pause_gear] (要求阈值 0.7)
[TemplateMatcher] start_action.png -> max conf: -0.052 (needs 0.43, optimal scale: 0.80x)
[DEBUG] 未匹配 [start_action] (要求阈值 0.43)
[TemplateMatcher] practice.png -> max conf: 0.379 (needs 0.5, optimal scale: 0.90x)
[DEBUG] 未匹配 [practice] (要求阈值 0.5)
[TemplateMatcher] stage_1_7.png -> max conf: 0.411 (needs 0.5, optimal scale: 0.90x)
[DEBUG] 未匹配 [stage_1_7] (要求阈值 0.5)
[RESET] 尝试跳过动画/寻找入口... (尝试 15/100)
[TemplateMatcher] pause_gear.png -> max conf: 0.215 (needs 0.7, optimal scale: 1.20x)
[DEBUG] 未匹配 [pause_gear] (要求阈值 0.7)
[TemplateMatcher] start_action.png -> max conf: 0.210 (needs 0.43, optimal scale: 0.80x)
[DEBUG] 未匹配 [start_action] (要求阈值 0.43)
[TemplateMatcher] practice.png -> max conf: 0.373 (needs 0.5, optimal scale: 0.80x)
[DEBUG] 未匹配 [practice] (要求阈值 0.5)
[TemplateMatcher] stage_1_7.png -> max conf: 0.271 (needs 0.5, optimal scale: 0.80x)
[DEBUG] 未匹配 [stage_1_7] (要求阈值 0.5)
[RESET] 尝试跳过动画/寻找入口... (尝试 16/100)
[TemplateMatcher] pause_gear.png -> max conf: 0.211 (needs 0.7, optimal scale: 1.05x)
[DEBUG] 未匹配 [pause_gear] (要求阈值 0.7)
[TemplateMatcher] start_action.png -> max conf: 0.187 (needs 0.43, optimal scale: 0.80x)
[DEBUG] 未匹配 [start_action] (要求阈值 0.43)
[TemplateMatcher] practice.png -> max conf: 0.297 (needs 0.5, optimal scale: 0.80x)
[DEBUG] 未匹配 [practice] (要求阈值 0.5)
[TemplateMatcher] stage_1_7.png -> max conf: 0.277 (needs 0.5, optimal scale: 0.85x)
[DEBUG] 未匹配 [stage_1_7] (要求阈值 0.5)
[RESET] 尝试跳过动画/寻找入口... (尝试 17/100)
[TemplateMatcher] pause_gear.png -> max conf: 0.211 (needs 0.7, optimal scale: 1.05x)
[DEBUG] 未匹配 [pause_gear] (要求阈值 0.7)
[TemplateMatcher] start_action.png -> max conf: 0.187 (needs 0.43, optimal scale: 0.80x)
[DEBUG] 未匹配 [start_action] (要求阈值 0.43)
[TemplateMatcher] practice.png -> max conf: 0.297 (needs 0.5, optimal scale: 0.80x)
[DEBUG] 未匹配 [practice] (要求阈值 0.5)
[TemplateMatcher] stage_1_7.png -> max conf: 0.277 (needs 0.5, optimal scale: 0.85x)
[DEBUG] 未匹配 [stage_1_7] (要求阈值 0.5)
[RESET] 尝试跳过动画/寻找入口... (尝试 18/100)
[TemplateMatcher] pause_gear.png -> max conf: 0.862 (needs 0.7, optimal scale: 0.80x)
[RESET] 找到 [pause_gear] (置信度 0.86 >= 0.7)，(仅检测，不点击)
[RESET] ✅ 检测到战斗画面右上角齿轮，重启成功！
================= 关卡重启流程结束 =================

[ENV] 🛡️ 战斗全局异步监视器已启动...
[SILENT_LOG] [TemplateMatcher] pause_gear.png -> max conf: 0.908 (needs 0.55, optimal scale: 0.80x)
--> [回合结束] 第 13 回合 | 奖励: 4.8 | 步数: 41

[STEP 1] 开始执行动作...
[ACTION] 盲狙执行: 选卡11 -> 拖拽至(2,2) 朝向3
[SILENT_LOG] [TemplateMatcher] pause_gear.png -> max conf: 0.908 (needs 0.55, optimal scale: 0.80x)
[SILENT_LOG] [TemplateMatcher] pause_gear.png -> max conf: 0.908 (needs 0.55, optimal scale: 0.80x)
[SILENT_LOG] [TemplateMatcher] pause_gear.png -> max conf: 0.908 (needs 0.55, optimal scale: 0.80x)
[SILENT_LOG] [TemplateMatcher] pause_gear.png -> max conf: 0.908 (needs 0.55, optimal scale: 0.80x)
[SILENT_LOG] [TemplateMatcher] pause_gear.png -> max conf: 0.908 (needs 0.55, optimal scale: 0.80x)
[SILENT_LOG] [TemplateMatcher] pause_gear.png -> max conf: 0.908 (needs 0.55, optimal scale: 0.80x)
[SILENT_LOG] [TemplateMatcher] pause_gear.png -> max conf: 0.908 (needs 0.55, optimal scale: 0.80x)
[REWARD] 动作已执行，开始 3 次心跳检测血条 (间隔 0.2s)...
[SILENT_LOG] [TemplateMatcher] pause_gear.png -> max conf: 0.908 (needs 0.55, optimal scale: 0.80x)
[SILENT_LOG] [TemplateMatcher] pause_gear.png -> max conf: 0.908 (needs 0.55, optimal scale: 0.80x)
[SILENT_LOG] [TemplateMatcher] pause_gear.png -> max conf: 0.908 (needs 0.55, optimal scale: 0.80x)
[SILENT_LOG] [TemplateMatcher] pause_gear.png -> max conf: 0.908 (needs 0.55, optimal scale: 0.80x)
[REWARD] ❌ 未检测到新血条！判定为【费用不足或CD中】，强制挂机 2.0 秒等待费用恢复！
[SILENT_LOG] [TemplateMatcher] pause_gear.png -> max conf: 0.908 (needs 0.55, optimal scale: 0.80x)
[SILENT_LOG] [TemplateMatcher] pause_gear.png -> max conf: 0.908 (needs 0.55, optimal scale: 0.80x)
[SILENT_LOG] [TemplateMatcher] pause_gear.png -> max conf: 0.908 (needs 0.55, optimal scale: 0.80x)
[SILENT_LOG] [TemplateMatcher] pause_gear.png -> max conf: 0.908 (needs 0.55, optimal scale: 0.80x)
[SILENT_LOG] [TemplateMatcher] pause_gear.png -> max conf: 0.908 (needs 0.55, optimal scale: 0.80x)
[SILENT_LOG] [TemplateMatcher] pause_gear.png -> max conf: 0.908 (needs 0.55, optimal scale: 0.80x)
[REWARD] 执行前血条数: 0 -> 最终确认血条数: 0
[REWARD] ❌ 未产生血条 (游戏拒收/高低台错位/手滑)。惩罚 -0.05

[STEP 2] 开始执行动作...
[ACTION] 盲狙执行: 选卡2 -> 拖拽至(0,1) 朝向2
[SILENT_LOG] [TemplateMatcher] pause_gear.png -> max conf: 0.908 (needs 0.55, optimal scale: 0.80x)
[SILENT_LOG] [TemplateMatcher] pause_gear.png -> max conf: 0.888 (needs 0.55, optimal scale: 0.80x)
[SILENT_LOG] [TemplateMatcher] pause_gear.png -> max conf: 0.908 (needs 0.55, optimal scale: 0.80x)
[SILENT_LOG] [TemplateMatcher] pause_gear.png -> max conf: 0.908 (needs 0.55, optimal scale: 0.80x)
[SILENT_LOG] [TemplateMatcher] pause_gear.png -> max conf: 0.908 (needs 0.55, optimal scale: 0.80x)
[SILENT_LOG] [TemplateMatcher] pause_gear.png -> max conf: 0.908 (needs 0.55, optimal scale: 0.80x)
[SILENT_LOG] [TemplateMatcher] pause_gear.png -> max conf: 0.908 (needs 0.55, optimal scale: 0.80x)
[REWARD] 动作已执行，开始 3 次心跳检测血条 (间隔 0.2s)...
[SILENT_LOG] [TemplateMatcher] pause_gear.png -> max conf: 0.908 (needs 0.55, optimal scale: 0.80x)
[SILENT_LOG] [TemplateMatcher] pause_gear.png -> max conf: 0.908 (needs 0.55, optimal scale: 0.80x)
[SILENT_LOG] [TemplateMatcher] pause_gear.png -> max conf: 0.908 (needs 0.55, optimal scale: 0.80x)
[SILENT_LOG] [TemplateMatcher] pause_gear.png -> max conf: 0.907 (needs 0.55, optimal scale: 0.80x)
[REWARD] ❌ 未检测到新血条！判定为【费用不足或CD中】，强制挂机 2.0 秒等待费用恢复！
[SILENT_LOG] [TemplateMatcher] pause_gear.png -> max conf: 0.908 (needs 0.55, optimal scale: 0.80x)
[SILENT_LOG] [TemplateMatcher] pause_gear.png -> max conf: 0.908 (needs 0.55, optimal scale: 0.80x)
[SILENT_LOG] [TemplateMatcher] pause_gear.png -> max conf: 0.908 (needs 0.55, optimal scale: 0.80x)
[SILENT_LOG] [TemplateMatcher] pause_gear.png -> max conf: 0.908 (needs 0.55, optimal scale: 0.80x)
[SILENT_LOG] [TemplateMatcher] pause_gear.png -> max conf: 0.908 (needs 0.55, optimal scale: 0.80x)
[SILENT_LOG] [TemplateMatcher] pause_gear.png -> max conf: 0.908 (needs 0.55, optimal scale: 0.80x)
[REWARD] 执行前血条数: 0 -> 最终确认血条数: 0
[REWARD] ❌ 未产生血条 (游戏拒收/高低台错位/手滑)。惩罚 -0.05

[STEP 3] 开始执行动作...
[SILENT_LOG] [TemplateMatcher] pause_gear.png -> max conf: 0.909 (needs 0.55, optimal scale: 0.80x)
[ACTION MASKING] ⛔ 警告：手牌 0 亮度过低(无费/CD中)！代码直接拦截，不执行拖拽！
[REWARD] 执行前血条数: 0 -> 最终确认血条数: 0
[REWARD] ⛔ 动作被拦截 (非法地形/没钱/有人)。惩罚 -0.05 (连续无作为: 15次)

[STEP 4] 开始执行动作...
[SILENT_LOG] [TemplateMatcher] pause_gear.png -> max conf: 0.908 (needs 0.55, optimal scale: 0.80x)
[ACTION] 盲狙执行: 选卡6 -> 拖拽至(8,0) 朝向2
[SILENT_LOG] [TemplateMatcher] pause_gear.png -> max conf: 0.888 (needs 0.55, optimal scale: 0.80x)
[SILENT_LOG] [TemplateMatcher] pause_gear.png -> max conf: 0.888 (needs 0.55, optimal scale: 0.80x)
[SILENT_LOG] [TemplateMatcher] pause_gear.png -> max conf: 0.887 (needs 0.55, optimal scale: 0.80x)
[SILENT_LOG] [TemplateMatcher] pause_gear.png -> max conf: 0.908 (needs 0.55, optimal scale: 0.80x)
[SILENT_LOG] [TemplateMatcher] pause_gear.png -> max conf: 0.908 (needs 0.55, optimal scale: 0.80x)
[SILENT_LOG] [TemplateMatcher] pause_gear.png -> max conf: 0.908 (needs 0.55, optimal scale: 0.80x)
[REWARD] 动作已执行，开始 3 次心跳检测血条 (间隔 0.2s)...
[SILENT_LOG] [TemplateMatcher] pause_gear.png -> max conf: 0.908 (needs 0.55, optimal scale: 0.80x)
[SILENT_LOG] [TemplateMatcher] pause_gear.png -> max conf: 0.908 (needs 0.55, optimal scale: 0.80x)
[REWARD] ✅ 第 1 次检测命中目标干员血条！
[REWARD] 执行前血条数: 0 -> 最终确认血条数: 1
[REWARD] 🎯 完美落子！部署点靠近敌人 (距离: 261.0)，奖励 +0.5
[REWARD] 🛡️ 偏离/背对敌人！(角度: 41.0°)，微小惩罚 -0.1

[STEP 5] 开始执行动作...
[SILENT_LOG] [TemplateMatcher] pause_gear.png -> max conf: 0.908 (needs 0.55, optimal scale: 0.80x)
[ACTION] 盲狙执行: 选卡3 -> 拖拽至(9,3) 朝向3
[SILENT_LOG] [TemplateMatcher] pause_gear.png -> max conf: 0.887 (needs 0.55, optimal scale: 0.80x)
[SILENT_LOG] [TemplateMatcher] pause_gear.png -> max conf: 0.887 (needs 0.55, optimal scale: 0.80x)
[SILENT_LOG] [TemplateMatcher] pause_gear.png -> max conf: 0.887 (needs 0.55, optimal scale: 0.80x)
[SILENT_LOG] [TemplateMatcher] pause_gear.png -> max conf: 0.908 (needs 0.55, optimal scale: 0.80x)
[SILENT_LOG] [TemplateMatcher] pause_gear.png -> max conf: 0.908 (needs 0.55, optimal scale: 0.80x)
[SILENT_LOG] [TemplateMatcher] pause_gear.png -> max conf: 0.908 (needs 0.55, optimal scale: 0.80x)
[REWARD] 动作已执行，开始 3 次心跳检测血条 (间隔 0.2s)...
[SILENT_LOG] [TemplateMatcher] pause_gear.png -> max conf: 0.908 (needs 0.55, optimal scale: 0.80x)
[SILENT_LOG] [TemplateMatcher] pause_gear.png -> max conf: 0.908 (needs 0.55, optimal scale: 0.80x)
[REWARD] ✅ 第 1 次检测命中目标干员血条！
[REWARD] 执行前血条数: 1 -> 最终确认血条数: 2
[REWARD] 场上暂无移动目标，仅发放基础部署奖励 +1.0

[STEP 6] 开始执行动作...
[ACTION MASKING] ⛔ 警告：手牌 7 亮度过低(无费/CD中)！代码直接拦截，不执行拖拽！
[SILENT_LOG] [TemplateMatcher] pause_gear.png -> max conf: 0.908 (needs 0.55, optimal scale: 0.80x)
[REWARD] 执行前血条数: 2 -> 最终确认血条数: 0
[REWARD] ⛔ 动作被拦截 (非法地形/没钱/有人)。惩罚 -0.05 (连续无作为: 1次)
[SAVE] 自动保存进度 (Step 360) -> policy_latest.zip

[STEP 7] 开始执行动作...
[SILENT_LOG] [TemplateMatcher] pause_gear.png -> max conf: 0.908 (needs 0.55, optimal scale: 0.80x)
[ACTION MASKING] ⛔ 警告：手牌 9 亮度过低(无费/CD中)！代码直接拦截，不执行拖拽！
[REWARD] 执行前血条数: 2 -> 最终确认血条数: 0
[REWARD] ⛔ 动作被拦截 (非法地形/没钱/有人)。惩罚 -0.05 (连续无作为: 2次)

[STEP 8] 开始执行动作...
[SILENT_LOG] [TemplateMatcher] pause_gear.png -> max conf: 0.908 (needs 0.55, optimal scale: 0.80x)
[ACTION MASKING] ⛔ 警告：目标网格(8,3)已被友方干员驻守！代码直接拦截！
[REWARD] 执行前血条数: 2 -> 最终确认血条数: 0
[REWARD] ⛔ 动作被拦截 (非法地形/没钱/有人)。惩罚 -0.05 (连续无作为: 3次)

[STEP 9] 开始执行动作...
[SILENT_LOG] [TemplateMatcher] pause_gear.png -> max conf: 0.908 (needs 0.55, optimal scale: 0.80x)
[ACTION] 盲狙执行: 选卡11 -> 拖拽至(3,2) 朝向3
[SILENT_LOG] [TemplateMatcher] pause_gear.png -> max conf: 0.908 (needs 0.55, optimal scale: 0.80x)
[SILENT_LOG] [TemplateMatcher] pause_gear.png -> max conf: 0.908 (needs 0.55, optimal scale: 0.80x)
[SILENT_LOG] [TemplateMatcher] pause_gear.png -> max conf: 0.908 (needs 0.55, optimal scale: 0.80x)
[SILENT_LOG] [TemplateMatcher] pause_gear.png -> max conf: 0.908 (needs 0.55, optimal scale: 0.80x)
[SILENT_LOG] [TemplateMatcher] pause_gear.png -> max conf: 0.908 (needs 0.55, optimal scale: 0.80x)
[SILENT_LOG] [TemplateMatcher] pause_gear.png -> max conf: 0.908 (needs 0.55, optimal scale: 0.80x)
[REWARD] 动作已执行，开始 3 次心跳检测血条 (间隔 0.2s)...
[SILENT_LOG] [TemplateMatcher] pause_gear.png -> max conf: 0.908 (needs 0.55, optimal scale: 0.80x)
[SILENT_LOG] [TemplateMatcher] pause_gear.png -> max conf: 0.908 (needs 0.55, optimal scale: 0.80x)
[SILENT_LOG] [TemplateMatcher] pause_gear.png -> max conf: 0.908 (needs 0.55, optimal scale: 0.80x)
[SILENT_LOG] [TemplateMatcher] pause_gear.png -> max conf: 0.908 (needs 0.55, optimal scale: 0.80x)
[REWARD] ❌ 未检测到新血条！判定为【费用不足或CD中】，强制挂机 2.0 秒等待费用恢复！
[SILENT_LOG] [TemplateMatcher] pause_gear.png -> max conf: 0.908 (needs 0.55, optimal scale: 0.80x)
[SILENT_LOG] [TemplateMatcher] pause_gear.png -> max conf: 0.908 (needs 0.55, optimal scale: 0.80x)
[SILENT_LOG] [TemplateMatcher] pause_gear.png -> max conf: 0.908 (needs 0.55, optimal scale: 0.80x)
[SILENT_LOG] [TemplateMatcher] pause_gear.png -> max conf: 0.908 (needs 0.55, optimal scale: 0.80x)
[SILENT_LOG] [TemplateMatcher] pause_gear.png -> max conf: 0.908 (needs 0.55, optimal scale: 0.80x)
[SILENT_LOG] [TemplateMatcher] pause_gear.png -> max conf: 0.908 (needs 0.55, optimal scale: 0.80x)
[REWARD] 执行前血条数: 2 -> 最终确认血条数: 2
[REWARD] ❌ 未产生血条 (游戏拒收/高低台错位/手滑)。惩罚 -0.05

[STEP 10] 开始执行动作...
[SILENT_LOG] [TemplateMatcher] pause_gear.png -> max conf: 0.908 (needs 0.55, optimal scale: 0.80x)
[ACTION MASKING] ⛔ 警告：手牌 8 亮度过低(无费/CD中)！代码直接拦截，不执行拖拽！
[REWARD] 执行前血条数: 2 -> 最终确认血条数: 0
[REWARD] ⛔ 动作被拦截 (非法地形/没钱/有人)。惩罚 -0.05 (连续无作为: 5次)

[STEP 11] 开始执行动作...
[SILENT_LOG] [TemplateMatcher] pause_gear.png -> max conf: 0.908 (needs 0.55, optimal scale: 0.80x)
[ACTION] 盲狙执行: 选卡10 -> 拖拽至(6,4) 朝向0
[SILENT_LOG] [TemplateMatcher] pause_gear.png -> max conf: 0.908 (needs 0.55, optimal scale: 0.80x)
[SILENT_LOG] [TemplateMatcher] pause_gear.png -> max conf: 0.908 (needs 0.55, optimal scale: 0.80x)
[SILENT_LOG] [TemplateMatcher] pause_gear.png -> max conf: 0.908 (needs 0.55, optimal scale: 0.80x)
[SILENT_LOG] [TemplateMatcher] pause_gear.png -> max conf: 0.908 (needs 0.55, optimal scale: 0.80x)
[SILENT_LOG] [TemplateMatcher] pause_gear.png -> max conf: 0.908 (needs 0.55, optimal scale: 0.80x)
[SILENT_LOG] [TemplateMatcher] pause_gear.png -> max conf: 0.908 (needs 0.55, optimal scale: 0.80x)
[REWARD] 动作已执行，开始 3 次心跳检测血条 (间隔 0.2s)...
[SILENT_LOG] [TemplateMatcher] pause_gear.png -> max conf: 0.908 (needs 0.55, optimal scale: 0.80x)
[SILENT_LOG] [TemplateMatcher] pause_gear.png -> max conf: 0.908 (needs 0.55, optimal scale: 0.80x)
[SILENT_LOG] [TemplateMatcher] pause_gear.png -> max conf: 0.908 (needs 0.55, optimal scale: 0.80x)
[SILENT_LOG] [TemplateMatcher] pause_gear.png -> max conf: 0.908 (needs 0.55, optimal scale: 0.80x)
