[INFO] 正在查找 ADB 设备...
[SUCCESS] 连接到设备: MuMu安卓设备-MuMuPlayer12 v5 (127.0.0.1:16384)
[SUCCESS] 设备握手成功!
[INFO] 正在加载 YOLO 模型: D:\BiShe\MaAutomaton-main\MaAutomaton-main\models\yolo\best.pt
       使用设备: cpu
[SUCCESS] YOLO 模型加载完成!
[INFO] 正在加载模板匹配器...
[SUCCESS] 模板匹配器加载完成!
[INFO] 正在创建强化学习环境...
[SUCCESS] 环境创建完成!
[INFO] 正在创建 PPO 模型...
[INFO] 未发现已有模型存档，创建全新的 PPO 婴儿大脑！
Using cpu device
[SUCCESS] PPO 模型创建完成!

================ 开始训练 ===================
总步数: 5000, 每次更新前收集步数: 128, 批次: 64
Logging to ./tensorboard_logs/PPO_1

[STEP 1] 开始执行动作...
[ACTION] AI决定: 选卡 9 -> 放入网格(9,0) -> 朝向 3
         坐标映射: 拖拽从(1105,650)至(1100,190) -> 方向滑动至(1250,190)
[ACTION] ⛔ Fast-Fail! 目标网格(9,0)非绿色高亮(绿像素:0)。取消拖拽。
[REWARD] 执行前血条数: 0 -> 最终确认血条数: 0
[REWARD] ⛔ 非法区域/无费用，已被 CV 阻断。奖励 -0.5 (连续无作为: 1次)
[TemplateMatcher] pause_gear.png -> max conf: 0.908 (needs 0.5, optimal scale: 0.80x)

[STEP 2] 开始执行动作...
[ACTION] AI决定: 选卡 2 -> 放入网格(1,0) -> 朝向 0
         坐标映射: 拖拽从(475,650)至(300,190) -> 方向滑动至(300,40)
[ACTION] ⛔ Fast-Fail! 目标网格(1,0)非绿色高亮(绿像素:0)。取消拖拽。
[REWARD] 执行前血条数: 0 -> 最终确认血条数: 0
[REWARD] ⛔ 非法区域/无费用，已被 CV 阻断。奖励 -0.5 (连续无作为: 2次)
[TemplateMatcher] pause_gear.png -> max conf: 0.908 (needs 0.5, optimal scale: 0.80x)

[STEP 3] 开始执行动作...
[ACTION] AI决定: 选卡 9 -> 放入网格(2,0) -> 朝向 0
         坐标映射: 拖拽从(1105,650)至(400,190) -> 方向滑动至(400,40)
[ACTION] ✅ CV校验通过！网格(2,0)具有高亮绿色(像素:444)，准许拖拽。
[REWARD] 动作已执行，开始 3 次心跳检测 (间隔 0.2s)...
[REWARD] ❌ 第 1 次未检测到目标血条...
[REWARD] ❌ 第 2 次未检测到目标血条...
[REWARD] ❌ 第 3 次未检测到目标血条...
[REWARD] 执行前血条数: 0 -> 最终确认血条数: 0
[REWARD] 部署失败，计算前后帧 MSE (均方误差) = 258.33
[REWARD] 画面未发生明显变化(非法部署)。奖励 -0.5 (连续无作为: 3次)
[TemplateMatcher] pause_gear.png -> max conf: 0.908 (needs 0.5, optimal scale: 0.80x)

[STEP 4] 开始执行动作...
[ACTION] AI决定: 选卡 2 -> 放入网格(0,4) -> 朝向 0
         坐标映射: 拖拽从(475,650)至(200,510) -> 方向滑动至(200,360)
[ACTION] ⛔ Fast-Fail! 目标网格(0,4)非绿色高亮(绿像素:0)。取消拖拽。
[REWARD] 执行前血条数: 0 -> 最终确认血条数: 0
[REWARD] ⛔ 非法区域/无费用，已被 CV 阻断。奖励 -0.5 (连续无作为: 4次)
[TemplateMatcher] pause_gear.png -> max conf: 0.908 (needs 0.5, optimal scale: 0.80x)

[STEP 5] 开始执行动作...
[ACTION] AI决定: 选卡 6 -> 放入网格(6,1) -> 朝向 1
         坐标映射: 拖拽从(835,650)至(800,270) -> 方向滑动至(800,420)
[ACTION] ⛔ Fast-Fail! 目标网格(6,1)非绿色高亮(绿像素:10)。取消拖拽。
[REWARD] 执行前血条数: 0 -> 最终确认血条数: 0
[REWARD] ⛔ 非法区域/无费用，已被 CV 阻断。奖励 -0.5 (连续无作为: 5次)
[TemplateMatcher] pause_gear.png -> max conf: 0.907 (needs 0.5, optimal scale: 0.80x)

[STEP 6] 开始执行动作...
[ACTION] AI决定: 选卡 9 -> 放入网格(4,3) -> 朝向 0
         坐标映射: 拖拽从(1105,650)至(600,430) -> 方向滑动至(600,280)
[ACTION] ✅ CV校验通过！网格(4,3)具有高亮绿色(像素:202)，准许拖拽。
[REWARD] 动作已执行，开始 3 次心跳检测 (间隔 0.2s)...
[REWARD] ✅ 第 1 次检测命中目标干员血条！
[REWARD] 执行前血条数: 0 -> 最终确认血条数: 1
[REWARD] 🎯 完美落子！部署点靠近敌人 (距离: 66.1)，奖励 +2.0
[REWARD] 🛡️ 背对敌人！(角度: 84.8°)，严厉惩罚 -3.0
[TemplateMatcher] pause_gear.png -> max conf: 0.908 (needs 0.5, optimal scale: 0.80x)

[STEP 7] 开始执行动作...
[ACTION] AI决定: 选卡 6 -> 放入网格(3,2) -> 朝向 0
         坐标映射: 拖拽从(835,650)至(500,350) -> 方向滑动至(500,200)
[ACTION] ✅ CV校验通过！网格(3,2)具有高亮绿色(像素:290)，准许拖拽。
[REWARD] 动作已执行，开始 3 次心跳检测 (间隔 0.2s)...
[REWARD] ❌ 第 1 次未检测到目标血条...
[REWARD] ❌ 第 2 次未检测到目标血条...
[REWARD] ❌ 第 3 次未检测到目标血条...
[REWARD] 执行前血条数: 1 -> 最终确认血条数: 1
[REWARD] 部署失败，计算前后帧 MSE (均方误差) = 322.54
[REWARD] 动作无效，但游戏仍在进行(画面有变化)。奖励 -0.2 (已清空无作为计数器)
[TemplateMatcher] pause_gear.png -> max conf: 0.908 (needs 0.5, optimal scale: 0.80x)

[STEP 8] 开始执行动作...
[ACTION] AI决定: 选卡 9 -> 放入网格(4,3) -> 朝向 1
         坐标映射: 拖拽从(1105,650)至(600,430) -> 方向滑动至(600,580)
[ACTION] ⛔ Fast-Fail! 目标网格(4,3)非绿色高亮(绿像素:1)。取消拖拽。
[REWARD] 执行前血条数: 1 -> 最终确认血条数: 0
[REWARD] ⛔ 非法区域/无费用，已被 CV 阻断。奖励 -0.5 (连续无作为: 1次)
[TemplateMatcher] pause_gear.png -> max conf: 0.907 (needs 0.5, optimal scale: 0.80x)

[STEP 9] 开始执行动作...
[ACTION] AI决定: 选卡 9 -> 放入网格(9,3) -> 朝向 2
         坐标映射: 拖拽从(1105,650)至(1100,430) -> 方向滑动至(950,430)
[ACTION] ✅ CV校验通过！网格(9,3)具有高亮绿色(像素:806)，准许拖拽。
[REWARD] 动作已执行，开始 3 次心跳检测 (间隔 0.2s)...
[REWARD] ❌ 第 1 次未检测到目标血条...
[REWARD] ❌ 第 2 次未检测到目标血条...
[REWARD] ❌ 第 3 次未检测到目标血条...
[REWARD] 执行前血条数: 1 -> 最终确认血条数: 1
[REWARD] 部署失败，计算前后帧 MSE (均方误差) = 366.49
[REWARD] 动作无效，但游戏仍在进行(画面有变化)。奖励 -0.2 (已清空无作为计数器)
[TemplateMatcher] pause_gear.png -> max conf: 0.907 (needs 0.5, optimal scale: 0.80x)

[STEP 10] 开始执行动作...
[ACTION] AI决定: 选卡 7 -> 放入网格(8,4) -> 朝向 2
         坐标映射: 拖拽从(925,650)至(1000,510) -> 方向滑动至(850,510)
[ACTION] ✅ CV校验通过！网格(8,4)具有高亮绿色(像素:900)，准许拖拽。
[REWARD] 动作已执行，开始 3 次心跳检测 (间隔 0.2s)...
[REWARD] ❌ 第 1 次未检测到目标血条...
[REWARD] ❌ 第 2 次未检测到目标血条...
[REWARD] ❌ 第 3 次未检测到目标血条...
[REWARD] 执行前血条数: 1 -> 最终确认血条数: 1
[REWARD] 部署失败，计算前后帧 MSE (均方误差) = 210.53
[REWARD] 画面未发生明显变化(非法部署)。奖励 -0.5 (连续无作为: 1次)
[TemplateMatcher] pause_gear.png -> max conf: 0.908 (needs 0.5, optimal scale: 0.80x)

[STEP 11] 开始执行动作...
[ACTION] AI决定: 选卡 2 -> 放入网格(2,1) -> 朝向 1
         坐标映射: 拖拽从(475,650)至(400,270) -> 方向滑动至(400,420)
[ACTION] ✅ CV校验通过！网格(2,1)具有高亮绿色(像素:864)，准许拖拽。
[REWARD] 动作已执行，开始 3 次心跳检测 (间隔 0.2s)...
[REWARD] ✅ 第 1 次检测命中目标干员血条！
[REWARD] 执行前血条数: 1 -> 最终确认血条数: 3
[REWARD] 🎯 完美落子！部署点靠近敌人 (距离: 125.8)，奖励 +2.0
[REWARD] 🛡️ 背对敌人！(角度: 349.2°)，严厉惩罚 -3.0
[TemplateMatcher] pause_gear.png -> max conf: 0.908 (needs 0.5, optimal scale: 0.80x)

[STEP 12] 开始执行动作...
[ACTION] AI决定: 选卡 3 -> 放入网格(5,2) -> 朝向 1
         坐标映射: 拖拽从(565,650)至(700,350) -> 方向滑动至(700,500)
[ACTION] ✅ CV校验通过！网格(5,2)具有高亮绿色(像素:84)，准许拖拽。
[REWARD] 动作已执行，开始 3 次心跳检测 (间隔 0.2s)...
[REWARD] ❌ 第 1 次未检测到目标血条...
[REWARD] ❌ 第 2 次未检测到目标血条...
[REWARD] ❌ 第 3 次未检测到目标血条...
[REWARD] 执行前血条数: 2 -> 最终确认血条数: 2
[REWARD] 部署失败，计算前后帧 MSE (均方误差) = 244.13
[REWARD] 画面未发生明显变化(非法部署)。奖励 -0.5 (连续无作为: 1次)
[TemplateMatcher] pause_gear.png -> max conf: 0.908 (needs 0.5, optimal scale: 0.80x)

[STEP 13] 开始执行动作...
[ACTION] AI决定: 选卡 8 -> 放入网格(3,2) -> 朝向 3
         坐标映射: 拖拽从(1015,650)至(500,350) -> 方向滑动至(650,350)
[ACTION] ✅ CV校验通过！网格(3,2)具有高亮绿色(像素:314)，准许拖拽。
[REWARD] 动作已执行，开始 3 次心跳检测 (间隔 0.2s)...
[REWARD] ❌ 第 1 次未检测到目标血条...
[REWARD] ❌ 第 2 次未检测到目标血条...
[REWARD] ❌ 第 3 次未检测到目标血条...
[REWARD] 执行前血条数: 2 -> 最终确认血条数: 2
[REWARD] 部署失败，计算前后帧 MSE (均方误差) = 383.42
[REWARD] 动作无效，但游戏仍在进行(画面有变化)。奖励 -0.2 (已清空无作为计数器)
[TemplateMatcher] pause_gear.png -> max conf: 0.908 (needs 0.5, optimal scale: 0.80x)

[STEP 14] 开始执行动作...
[ACTION] AI决定: 选卡 0 -> 放入网格(2,4) -> 朝向 1
         坐标映射: 拖拽从(295,650)至(400,510) -> 方向滑动至(400,660)
[ACTION] ⛔ Fast-Fail! 目标网格(2,4)非绿色高亮(绿像素:0)。取消拖拽。
[REWARD] 执行前血条数: 2 -> 最终确认血条数: 0
[REWARD] ⛔ 非法区域/无费用，已被 CV 阻断。奖励 -0.5 (连续无作为: 1次)
[TemplateMatcher] pause_gear.png -> max conf: 0.907 (needs 0.5, optimal scale: 0.80x)

[STEP 15] 开始执行动作...
[ACTION] AI决定: 选卡 9 -> 放入网格(5,0) -> 朝向 2
         坐标映射: 拖拽从(1105,650)至(700,190) -> 方向滑动至(550,190)
[ACTION] ✅ CV校验通过！网格(5,0)具有高亮绿色(像素:73)，准许拖拽。
[REWARD] 动作已执行，开始 3 次心跳检测 (间隔 0.2s)...
[REWARD] ❌ 第 1 次未检测到目标血条...
[REWARD] ❌ 第 2 次未检测到目标血条...
[REWARD] ❌ 第 3 次未检测到目标血条...
[REWARD] 执行前血条数: 2 -> 最终确认血条数: 2
[REWARD] 部署失败，计算前后帧 MSE (均方误差) = 287.08
[REWARD] 画面未发生明显变化(非法部署)。奖励 -0.5 (连续无作为: 2次)
[TemplateMatcher] pause_gear.png -> max conf: 0.908 (needs 0.5, optimal scale: 0.80x)

[STEP 16] 开始执行动作...
[ACTION] AI决定: 选卡 2 -> 放入网格(2,2) -> 朝向 0
         坐标映射: 拖拽从(475,650)至(400,350) -> 方向滑动至(400,200)
[ACTION] ⛔ Fast-Fail! 目标网格(2,2)非绿色高亮(绿像素:0)。取消拖拽。
[REWARD] 执行前血条数: 2 -> 最终确认血条数: 0
[REWARD] ⛔ 非法区域/无费用，已被 CV 阻断。奖励 -0.5 (连续无作为: 3次)
[TemplateMatcher] pause_gear.png -> max conf: 0.908 (needs 0.5, optimal scale: 0.80x)

[STEP 17] 开始执行动作...
[ACTION] AI决定: 选卡 7 -> 放入网格(4,0) -> 朝向 0
         坐标映射: 拖拽从(925,650)至(600,190) -> 方向滑动至(600,40)
[ACTION] ✅ CV校验通过！网格(4,0)具有高亮绿色(像素:701)，准许拖拽。
[REWARD] 动作已执行，开始 3 次心跳检测 (间隔 0.2s)...
[REWARD] ❌ 第 1 次未检测到目标血条...
[REWARD] ❌ 第 2 次未检测到目标血条...
[REWARD] ❌ 第 3 次未检测到目标血条...
[REWARD] 执行前血条数: 2 -> 最终确认血条数: 2
[REWARD] 部署失败，计算前后帧 MSE (均方误差) = 358.18
[REWARD] 动作无效，但游戏仍在进行(画面有变化)。奖励 -0.2 (已清空无作为计数器)
[TemplateMatcher] pause_gear.png -> max conf: 0.908 (needs 0.5, optimal scale: 0.80x)

[STEP 18] 开始执行动作...
[ACTION] AI决定: 选卡 2 -> 放入网格(9,1) -> 朝向 3
         坐标映射: 拖拽从(475,650)至(1100,270) -> 方向滑动至(1250,270)
[ACTION] ⛔ Fast-Fail! 目标网格(9,1)非绿色高亮(绿像素:0)。取消拖拽。
[REWARD] 执行前血条数: 2 -> 最终确认血条数: 0
[REWARD] ⛔ 非法区域/无费用，已被 CV 阻断。奖励 -0.5 (连续无作为: 1次)
[TemplateMatcher] pause_gear.png -> max conf: 0.908 (needs 0.5, optimal scale: 0.80x)

[STEP 19] 开始执行动作...
[ACTION] AI决定: 选卡 3 -> 放入网格(5,0) -> 朝向 0
         坐标映射: 拖拽从(565,650)至(700,190) -> 方向滑动至(700,40)
[ACTION] ✅ CV校验通过！网格(5,0)具有高亮绿色(像素:82)，准许拖拽。
[REWARD] 动作已执行，开始 3 次心跳检测 (间隔 0.2s)...
[REWARD] ❌ 第 1 次未检测到目标血条...
[REWARD] ❌ 第 2 次未检测到目标血条...
[REWARD] ❌ 第 3 次未检测到目标血条...
[REWARD] 执行前血条数: 2 -> 最终确认血条数: 2
[REWARD] 部署失败，计算前后帧 MSE (均方误差) = 331.85
[REWARD] 动作无效，但游戏仍在进行(画面有变化)。奖励 -0.2 (已清空无作为计数器)
[TemplateMatcher] pause_gear.png -> max conf: 0.908 (needs 0.5, optimal scale: 0.80x)

[STEP 20] 开始执行动作...
[ACTION] AI决定: 选卡 5 -> 放入网格(0,1) -> 朝向 1
         坐标映射: 拖拽从(745,650)至(200,270) -> 方向滑动至(200,420)
[ACTION] ⛔ Fast-Fail! 目标网格(0,1)非绿色高亮(绿像素:0)。取消拖拽。
[REWARD] 执行前血条数: 2 -> 最终确认血条数: 0
[REWARD] ⛔ 非法区域/无费用，已被 CV 阻断。奖励 -0.5 (连续无作为: 1次)
[TemplateMatcher] pause_gear.png -> max conf: 0.908 (needs 0.5, optimal scale: 0.80x)

[STEP 21] 开始执行动作...
[ACTION] AI决定: 选卡 2 -> 放入网格(5,3) -> 朝向 2
         坐标映射: 拖拽从(475,650)至(700,430) -> 方向滑动至(550,430)
[ACTION] ✅ CV校验通过！网格(5,3)具有高亮绿色(像素:900)，准许拖拽。
[REWARD] 动作已执行，开始 3 次心跳检测 (间隔 0.2s)...
[REWARD] ✅ 第 1 次检测命中目标干员血条！
[REWARD] 执行前血条数: 2 -> 最终确认血条数: 3
[REWARD] 🎯 完美落子！部署点靠近敌人 (距离: 176.1)，奖励 +2.0
[REWARD] ⚔️ 完美朝向！正对敌人 (角度: 181.0°)，巨额奖励 +8.0
[TemplateMatcher] pause_gear.png -> max conf: 0.908 (needs 0.5, optimal scale: 0.80x)

[STEP 22] 开始执行动作...
[ACTION] AI决定: 💤 挂机 (Skip / Wait for Cost)
[REWARD] 执行前血条数: 3 -> 最终确认血条数: 0
[REWARD] 💤 AI 主动挂机等费用，只扣除微小时间惩罚 -0.01
[TemplateMatcher] pause_gear.png -> max conf: 0.908 (needs 0.5, optimal scale: 0.80x)

[STEP 23] 开始执行动作...
[ACTION] AI决定: 选卡 5 -> 放入网格(7,2) -> 朝向 3
         坐标映射: 拖拽从(745,650)至(900,350) -> 方向滑动至(1050,350)
[ACTION] ✅ CV校验通过！网格(7,2)具有高亮绿色(像素:539)，准许拖拽。
[REWARD] 动作已执行，开始 3 次心跳检测 (间隔 0.2s)...
[REWARD] ❌ 第 1 次未检测到目标血条...
[REWARD] ❌ 第 2 次未检测到目标血条...
[REWARD] ❌ 第 3 次未检测到目标血条...
[REWARD] 执行前血条数: 3 -> 最终确认血条数: 3
[REWARD] 部署失败，计算前后帧 MSE (均方误差) = 298.77
[REWARD] 画面未发生明显变化(非法部署)。奖励 -0.5 (连续无作为: 1次)
[TemplateMatcher] pause_gear.png -> max conf: 0.908 (needs 0.5, optimal scale: 0.80x)

[STEP 24] 开始执行动作...
[ACTION] AI决定: 选卡 4 -> 放入网格(6,4) -> 朝向 1
         坐标映射: 拖拽从(655,650)至(800,510) -> 方向滑动至(800,660)
[ACTION] ⛔ Fast-Fail! 目标网格(6,4)非绿色高亮(绿像素:0)。取消拖拽。
[REWARD] 执行前血条数: 3 -> 最终确认血条数: 0
[REWARD] ⛔ 非法区域/无费用，已被 CV 阻断。奖励 -0.5 (连续无作为: 2次)
[TemplateMatcher] pause_gear.png -> max conf: 0.908 (needs 0.5, optimal scale: 0.80x)

[STEP 25] 开始执行动作...
[ACTION] AI决定: 选卡 3 -> 放入网格(1,2) -> 朝向 2
         坐标映射: 拖拽从(565,650)至(300,350) -> 方向滑动至(150,350)
[ACTION] ⛔ Fast-Fail! 目标网格(1,2)非绿色高亮(绿像素:0)。取消拖拽。
[REWARD] 执行前血条数: 3 -> 最终确认血条数: 0
[REWARD] ⛔ 非法区域/无费用，已被 CV 阻断。奖励 -0.5 (连续无作为: 3次)
[TemplateMatcher] pause_gear.png -> max conf: 0.907 (needs 0.5, optimal scale: 0.80x)

[STEP 26] 开始执行动作...
[ACTION] AI决定: 选卡 9 -> 放入网格(1,4) -> 朝向 0
         坐标映射: 拖拽从(1105,650)至(300,510) -> 方向滑动至(300,360)
[ACTION] ⛔ Fast-Fail! 目标网格(1,4)非绿色高亮(绿像素:0)。取消拖拽。
[REWARD] 执行前血条数: 3 -> 最终确认血条数: 0
[REWARD] ⛔ 非法区域/无费用，已被 CV 阻断。奖励 -0.5 (连续无作为: 4次)
[TemplateMatcher] pause_gear.png -> max conf: 0.907 (needs 0.5, optimal scale: 0.80x)

[STEP 27] 开始执行动作...
[ACTION] AI决定: 选卡 0 -> 放入网格(3,1) -> 朝向 1
         坐标映射: 拖拽从(295,650)至(500,270) -> 方向滑动至(500,420)
[ACTION] ✅ CV校验通过！网格(3,1)具有高亮绿色(像素:755)，准许拖拽。
[REWARD] 动作已执行，开始 3 次心跳检测 (间隔 0.2s)...
[REWARD] ✅ 第 1 次检测命中目标干员血条！
[REWARD] 执行前血条数: 3 -> 最终确认血条数: 4
[REWARD] 🎯 完美落子！部署点靠近敌人 (距离: 243.7)，奖励 +2.0
[REWARD] ⚔️ 完美朝向！正对敌人 (角度: 53.8°)，巨额奖励 +8.0
[TemplateMatcher] pause_gear.png -> max conf: 0.908 (needs 0.5, optimal scale: 0.80x)

[STEP 28] 开始执行动作...
[ACTION] AI决定: 选卡 0 -> 放入网格(1,1) -> 朝向 0
         坐标映射: 拖拽从(295,650)至(300,270) -> 方向滑动至(300,120)
[ACTION] ⛔ Fast-Fail! 目标网格(1,1)非绿色高亮(绿像素:0)。取消拖拽。
[REWARD] 执行前血条数: 4 -> 最终确认血条数: 0
[REWARD] ⛔ 非法区域/无费用，已被 CV 阻断。奖励 -0.5 (连续无作为: 1次)
[TemplateMatcher] pause_gear.png -> max conf: 0.907 (needs 0.5, optimal scale: 0.80x)

[STEP 29] 开始执行动作...
[ACTION] AI决定: 选卡 6 -> 放入网格(8,0) -> 朝向 1
         坐标映射: 拖拽从(835,650)至(1000,190) -> 方向滑动至(1000,340)
[ACTION] ⛔ Fast-Fail! 目标网格(8,0)非绿色高亮(绿像素:0)。取消拖拽。
[REWARD] 执行前血条数: 4 -> 最终确认血条数: 0
[REWARD] ⛔ 非法区域/无费用，已被 CV 阻断。奖励 -0.5 (连续无作为: 2次)
[TemplateMatcher] pause_gear.png -> max conf: 0.907 (needs 0.5, optimal scale: 0.80x)

[STEP 30] 开始执行动作...
[ACTION] AI决定: 选卡 2 -> 放入网格(5,0) -> 朝向 1
         坐标映射: 拖拽从(475,650)至(700,190) -> 方向滑动至(700,340)
[ACTION] ✅ CV校验通过！网格(5,0)具有高亮绿色(像素:812)，准许拖拽。
[REWARD] 动作已执行，开始 3 次心跳检测 (间隔 0.2s)...
[REWARD] ✅ 第 1 次检测命中目标干员血条！
[REWARD] 执行前血条数: 4 -> 最终确认血条数: 6
[REWARD] ⚔️ 完美朝向！正对敌人 (角度: 126.7°)，巨额奖励 +8.0
[TemplateMatcher] pause_gear.png -> max conf: 0.908 (needs 0.5, optimal scale: 0.80x)

[STEP 31] 开始执行动作...
[ACTION] AI决定: 选卡 0 -> 放入网格(8,3) -> 朝向 2
         坐标映射: 拖拽从(295,650)至(1000,430) -> 方向滑动至(850,430)
[ACTION] ⛔ Fast-Fail! 目标网格(8,3)非绿色高亮(绿像素:0)。取消拖拽。
[REWARD] 执行前血条数: 6 -> 最终确认血条数: 0
[REWARD] ⛔ 非法区域/无费用，已被 CV 阻断。奖励 -0.5 (连续无作为: 1次)
[TemplateMatcher] pause_gear.png -> max conf: 0.908 (needs 0.5, optimal scale: 0.80x)

[STEP 32] 开始执行动作...
[ACTION] AI决定: 选卡 6 -> 放入网格(0,1) -> 朝向 0
         坐标映射: 拖拽从(835,650)至(200,270) -> 方向滑动至(200,120)
[ACTION] ⛔ Fast-Fail! 目标网格(0,1)非绿色高亮(绿像素:0)。取消拖拽。
[REWARD] 执行前血条数: 6 -> 最终确认血条数: 0
[REWARD] ⛔ 非法区域/无费用，已被 CV 阻断。奖励 -0.5 (连续无作为: 2次)
[TemplateMatcher] pause_gear.png -> max conf: 0.908 (needs 0.5, optimal scale: 0.80x)

[STEP 33] 开始执行动作...
[ACTION] AI决定: 选卡 8 -> 放入网格(6,3) -> 朝向 1
         坐标映射: 拖拽从(1015,650)至(800,430) -> 方向滑动至(800,580)
[ACTION] ⛔ Fast-Fail! 目标网格(6,3)非绿色高亮(绿像素:0)。取消拖拽。
[REWARD] 执行前血条数: 6 -> 最终确认血条数: 0
[REWARD] ⛔ 非法区域/无费用，已被 CV 阻断。奖励 -0.5 (连续无作为: 3次)
[TemplateMatcher] pause_gear.png -> max conf: 0.907 (needs 0.5, optimal scale: 0.80x)

[STEP 34] 开始执行动作...
[ACTION] AI决定: 选卡 0 -> 放入网格(6,4) -> 朝向 0
         坐标映射: 拖拽从(295,650)至(800,510) -> 方向滑动至(800,360)
[ACTION] ⛔ Fast-Fail! 目标网格(6,4)非绿色高亮(绿像素:0)。取消拖拽。
[REWARD] 执行前血条数: 5 -> 最终确认血条数: 0
[REWARD] ⛔ 非法区域/无费用，已被 CV 阻断。奖励 -0.5 (连续无作为: 4次)
[TemplateMatcher] pause_gear.png -> max conf: 0.908 (needs 0.5, optimal scale: 0.80x)

[STEP 35] 开始执行动作...
[ACTION] AI决定: 选卡 3 -> 放入网格(5,4) -> 朝向 3
         坐标映射: 拖拽从(565,650)至(700,510) -> 方向滑动至(850,510)
[ACTION] ✅ CV校验通过！网格(5,4)具有高亮绿色(像素:900)，准许拖拽。
[REWARD] 动作已执行，开始 3 次心跳检测 (间隔 0.2s)...
[REWARD] ✅ 第 1 次检测命中目标干员血条！
[REWARD] 执行前血条数: 6 -> 最终确认血条数: 6
[REWARD] 🎯 完美落子！部署点靠近敌人 (距离: 100.0)，奖励 +2.0
[REWARD] ⚔️ 完美朝向！正对敌人 (角度: 0.0°)，巨额奖励 +8.0
[TemplateMatcher] pause_gear.png -> max conf: 0.908 (needs 0.5, optimal scale: 0.80x)

[STEP 36] 开始执行动作...
[ACTION] AI决定: 选卡 6 -> 放入网格(1,4) -> 朝向 0
         坐标映射: 拖拽从(835,650)至(300,510) -> 方向滑动至(300,360)
[ACTION] ⛔ Fast-Fail! 目标网格(1,4)非绿色高亮(绿像素:0)。取消拖拽。
[REWARD] 执行前血条数: 7 -> 最终确认血条数: 0
[REWARD] ⛔ 非法区域/无费用，已被 CV 阻断。奖励 -0.5 (连续无作为: 1次)
[TemplateMatcher] pause_gear.png -> max conf: 0.908 (needs 0.5, optimal scale: 0.80x)

[STEP 37] 开始执行动作...
[ACTION] AI决定: 选卡 3 -> 放入网格(7,4) -> 朝向 2
         坐标映射: 拖拽从(565,650)至(900,510) -> 方向滑动至(750,510)
[ACTION] ⛔ Fast-Fail! 目标网格(7,4)非绿色高亮(绿像素:0)。取消拖拽。
[REWARD] 执行前血条数: 7 -> 最终确认血条数: 0
[REWARD] ⛔ 非法区域/无费用，已被 CV 阻断。奖励 -0.5 (连续无作为: 2次)
[TemplateMatcher] pause_gear.png -> max conf: 0.908 (needs 0.5, optimal scale: 0.80x)

[STEP 38] 开始执行动作...
[ACTION] AI决定: 选卡 4 -> 放入网格(3,1) -> 朝向 0
         坐标映射: 拖拽从(655,650)至(500,270) -> 方向滑动至(500,120)
[ACTION] ⛔ Fast-Fail! 目标网格(3,1)非绿色高亮(绿像素:0)。取消拖拽。
[REWARD] 执行前血条数: 7 -> 最终确认血条数: 0
[REWARD] ⛔ 非法区域/无费用，已被 CV 阻断。奖励 -0.5 (连续无作为: 3次)
[TemplateMatcher] pause_gear.png -> max conf: 0.908 (needs 0.5, optimal scale: 0.80x)

[STEP 39] 开始执行动作...
[ACTION] AI决定: 选卡 5 -> 放入网格(1,4) -> 朝向 1
         坐标映射: 拖拽从(745,650)至(300,510) -> 方向滑动至(300,660)
[ACTION] ⛔ Fast-Fail! 目标网格(1,4)非绿色高亮(绿像素:0)。取消拖拽。
[REWARD] 执行前血条数: 6 -> 最终确认血条数: 0
[REWARD] ⛔ 非法区域/无费用，已被 CV 阻断。奖励 -0.5 (连续无作为: 4次)
[TemplateMatcher] pause_gear.png -> max conf: 0.908 (needs 0.5, optimal scale: 0.80x)

[STEP 40] 开始执行动作...
[ACTION] AI决定: 选卡 4 -> 放入网格(5,0) -> 朝向 1
         坐标映射: 拖拽从(655,650)至(700,190) -> 方向滑动至(700,340)
[ACTION] ✅ CV校验通过！网格(5,0)具有高亮绿色(像素:81)，准许拖拽。
[REWARD] 动作已执行，开始 3 次心跳检测 (间隔 0.2s)...
[REWARD] ❌ 第 1 次未检测到目标血条...
[REWARD] ❌ 第 2 次未检测到目标血条...
[REWARD] ❌ 第 3 次未检测到目标血条...
[REWARD] 执行前血条数: 7 -> 最终确认血条数: 7
[REWARD] 部署失败，计算前后帧 MSE (均方误差) = 474.05
[REWARD] 动作无效，但游戏仍在进行(画面有变化)。奖励 -0.2 (已清空无作为计数器)
[TemplateMatcher] pause_gear.png -> max conf: 0.908 (needs 0.5, optimal scale: 0.80x)

[STEP 41] 开始执行动作...
[ACTION] AI决定: 选卡 0 -> 放入网格(3,1) -> 朝向 2
         坐标映射: 拖拽从(295,650)至(500,270) -> 方向滑动至(350,270)
[ACTION] ⛔ Fast-Fail! 目标网格(3,1)非绿色高亮(绿像素:2)。取消拖拽。
[REWARD] 执行前血条数: 7 -> 最终确认血条数: 0
[REWARD] ⛔ 非法区域/无费用，已被 CV 阻断。奖励 -0.5 (连续无作为: 1次)
[TemplateMatcher] pause_gear.png -> max conf: 0.908 (needs 0.5, optimal scale: 0.80x)

[STEP 42] 开始执行动作...
[ACTION] AI决定: 💤 挂机 (Skip / Wait for Cost)
[REWARD] 执行前血条数: 7 -> 最终确认血条数: 0
[REWARD] 💤 AI 主动挂机等费用，只扣除微小时间惩罚 -0.01
[TemplateMatcher] pause_gear.png -> max conf: 0.908 (needs 0.5, optimal scale: 0.80x)

[STEP 43] 开始执行动作...
[ACTION] AI决定: 💤 挂机 (Skip / Wait for Cost)
[REWARD] 执行前血条数: 7 -> 最终确认血条数: 0
[REWARD] 💤 AI 主动挂机等费用，只扣除微小时间惩罚 -0.01
[TemplateMatcher] pause_gear.png -> max conf: 0.908 (needs 0.5, optimal scale: 0.80x)

[STEP 44] 开始执行动作...
[ACTION] AI决定: 选卡 9 -> 放入网格(9,2) -> 朝向 1
         坐标映射: 拖拽从(1105,650)至(1100,350) -> 方向滑动至(1100,500)
[ACTION] ✅ CV校验通过！网格(9,2)具有高亮绿色(像素:861)，准许拖拽。
[REWARD] 动作已执行，开始 3 次心跳检测 (间隔 0.2s)...
[REWARD] ✅ 第 1 次检测命中目标干员血条！
[REWARD] 执行前血条数: 6 -> 最终确认血条数: 8
[REWARD] 🎯 完美落子！部署点靠近敌人 (距离: 154.3)，奖励 +2.0
[REWARD] ⚔️ 完美朝向！正对敌人 (角度: 74.0°)，巨额奖励 +8.0
[TemplateMatcher] pause_gear.png -> max conf: 0.908 (needs 0.5, optimal scale: 0.80x)

[STEP 45] 开始执行动作...
[ACTION] AI决定: 选卡 5 -> 放入网格(3,0) -> 朝向 0
         坐标映射: 拖拽从(745,650)至(500,190) -> 方向滑动至(500,40)
[ACTION] ✅ CV校验通过！网格(3,0)具有高亮绿色(像素:900)，准许拖拽。
[REWARD] 动作已执行，开始 3 次心跳检测 (间隔 0.2s)...
[REWARD] ✅ 第 1 次检测命中目标干员血条！
[REWARD] 执行前血条数: 8 -> 最终确认血条数: 9
[REWARD] 场上暂无移动目标，仅发放基础部署奖励 +1.0
[TemplateMatcher] pause_gear.png -> max conf: 0.908 (needs 0.5, optimal scale: 0.80x)

[STEP 46] 开始执行动作...
[ACTION] AI决定: 选卡 6 -> 放入网格(0,1) -> 朝向 0
         坐标映射: 拖拽从(835,650)至(200,270) -> 方向滑动至(200,120)
[ACTION] ⛔ Fast-Fail! 目标网格(0,1)非绿色高亮(绿像素:0)。取消拖拽。
[REWARD] 执行前血条数: 8 -> 最终确认血条数: 0
[REWARD] ⛔ 非法区域/无费用，已被 CV 阻断。奖励 -0.5 (连续无作为: 1次)
[TemplateMatcher] pause_gear.png -> max conf: 0.908 (needs 0.5, optimal scale: 0.80x)

[STEP 47] 开始执行动作...
[ACTION] AI决定: 选卡 4 -> 放入网格(0,2) -> 朝向 0
         坐标映射: 拖拽从(655,650)至(200,350) -> 方向滑动至(200,200)
[ACTION] ⛔ Fast-Fail! 目标网格(0,2)非绿色高亮(绿像素:0)。取消拖拽。
[REWARD] 执行前血条数: 8 -> 最终确认血条数: 0
[REWARD] ⛔ 非法区域/无费用，已被 CV 阻断。奖励 -0.5 (连续无作为: 2次)
[TemplateMatcher] pause_gear.png -> max conf: 0.908 (needs 0.5, optimal scale: 0.80x)

[STEP 48] 开始执行动作...
[ACTION] AI决定: 选卡 4 -> 放入网格(5,4) -> 朝向 0
         坐标映射: 拖拽从(655,650)至(700,510) -> 方向滑动至(700,360)
[ACTION] ⛔ Fast-Fail! 目标网格(5,4)非绿色高亮(绿像素:0)。取消拖拽。
[REWARD] 执行前血条数: 9 -> 最终确认血条数: 0
[REWARD] ⛔ 非法区域/无费用，已被 CV 阻断。奖励 -0.5 (连续无作为: 3次)
[TemplateMatcher] pause_gear.png -> max conf: 0.908 (needs 0.5, optimal scale: 0.80x)

[STEP 49] 开始执行动作...
[ACTION] AI决定: 选卡 1 -> 放入网格(0,4) -> 朝向 2
         坐标映射: 拖拽从(385,650)至(200,510) -> 方向滑动至(50,510)
[ACTION] ⛔ Fast-Fail! 目标网格(0,4)非绿色高亮(绿像素:0)。取消拖拽。
[REWARD] 执行前血条数: 9 -> 最终确认血条数: 0
[REWARD] ⛔ 非法区域/无费用，已被 CV 阻断。奖励 -0.5 (连续无作为: 4次)
[TemplateMatcher] pause_gear.png -> max conf: 0.908 (needs 0.5, optimal scale: 0.80x)

[STEP 50] 开始执行动作...
[ACTION] AI决定: 选卡 0 -> 放入网格(7,4) -> 朝向 2
         坐标映射: 拖拽从(295,650)至(900,510) -> 方向滑动至(750,510)
[ACTION] ⛔ Fast-Fail! 目标网格(7,4)非绿色高亮(绿像素:0)。取消拖拽。
[REWARD] 执行前血条数: 8 -> 最终确认血条数: 0
[REWARD] ⛔ 非法区域/无费用，已被 CV 阻断。奖励 -0.5 (连续无作为: 5次)
[TemplateMatcher] pause_gear.png -> max conf: 0.908 (needs 0.5, optimal scale: 0.80x)

[STEP 51] 开始执行动作...
[ACTION] AI决定: 选卡 7 -> 放入网格(5,4) -> 朝向 3
         坐标映射: 拖拽从(925,650)至(700,510) -> 方向滑动至(850,510)
[ACTION] ✅ CV校验通过！网格(5,4)具有高亮绿色(像素:900)，准许拖拽。
[REWARD] 动作已执行，开始 3 次心跳检测 (间隔 0.2s)...
[REWARD] ❌ 第 1 次未检测到目标血条...
[REWARD] ❌ 第 2 次未检测到目标血条...
[REWARD] ❌ 第 3 次未检测到目标血条...
[REWARD] 执行前血条数: 9 -> 最终确认血条数: 8
[REWARD] 部署失败，计算前后帧 MSE (均方误差) = 393.18
[REWARD] 动作无效，但游戏仍在进行(画面有变化)。奖励 -0.2 (已清空无作为计数器)
[TemplateMatcher] pause_gear.png -> max conf: 0.908 (needs 0.5, optimal scale: 0.80x)

[STEP 52] 开始执行动作...
[ACTION] AI决定: 选卡 8 -> 放入网格(2,3) -> 朝向 1
         坐标映射: 拖拽从(1015,650)至(400,430) -> 方向滑动至(400,580)
[ACTION] ⛔ Fast-Fail! 目标网格(2,3)非绿色高亮(绿像素:4)。取消拖拽。
[REWARD] 执行前血条数: 9 -> 最终确认血条数: 0
[REWARD] ⛔ 非法区域/无费用，已被 CV 阻断。奖励 -0.5 (连续无作为: 1次)
[TemplateMatcher] pause_gear.png -> max conf: 0.908 (needs 0.5, optimal scale: 0.80x)

[STEP 53] 开始执行动作...
[ACTION] AI决定: 选卡 7 -> 放入网格(3,2) -> 朝向 3
         坐标映射: 拖拽从(925,650)至(500,350) -> 方向滑动至(650,350)
[ACTION] ✅ CV校验通过！网格(3,2)具有高亮绿色(像素:360)，准许拖拽。
[REWARD] 动作已执行，开始 3 次心跳检测 (间隔 0.2s)...
[REWARD] ❌ 第 1 次未检测到目标血条...
[REWARD] ❌ 第 2 次未检测到目标血条...
[REWARD] ❌ 第 3 次未检测到目标血条...
[REWARD] 执行前血条数: 8 -> 最终确认血条数: 8
[REWARD] 部署失败，计算前后帧 MSE (均方误差) = 298.78
[REWARD] 画面未发生明显变化(非法部署)。奖励 -0.5 (连续无作为: 2次)
[TemplateMatcher] pause_gear.png -> max conf: 0.908 (needs 0.5, optimal scale: 0.80x)

[STEP 54] 开始执行动作...
[ACTION] AI决定: 选卡 7 -> 放入网格(1,3) -> 朝向 3
         坐标映射: 拖拽从(925,650)至(300,430) -> 方向滑动至(450,430)
[ACTION] ⛔ Fast-Fail! 目标网格(1,3)非绿色高亮(绿像素:0)。取消拖拽。
[REWARD] 执行前血条数: 9 -> 最终确认血条数: 0
[REWARD] ⛔ 非法区域/无费用，已被 CV 阻断。奖励 -0.5 (连续无作为: 3次)
[TemplateMatcher] pause_gear.png -> max conf: 0.908 (needs 0.5, optimal scale: 0.80x)

[STEP 55] 开始执行动作...
[ACTION] AI决定: 选卡 0 -> 放入网格(2,3) -> 朝向 3
         坐标映射: 拖拽从(295,650)至(400,430) -> 方向滑动至(550,430)
[ACTION] ⛔ Fast-Fail! 目标网格(2,3)非绿色高亮(绿像素:0)。取消拖拽。
[REWARD] 执行前血条数: 9 -> 最终确认血条数: 0
[REWARD] ⛔ 非法区域/无费用，已被 CV 阻断。奖励 -0.5 (连续无作为: 4次)
[TemplateMatcher] pause_gear.png -> max conf: 0.908 (needs 0.5, optimal scale: 0.80x)

[STEP 56] 开始执行动作...
[ACTION] AI决定: 选卡 3 -> 放入网格(6,4) -> 朝向 1
         坐标映射: 拖拽从(565,650)至(800,510) -> 方向滑动至(800,660)
[ACTION] ⛔ Fast-Fail! 目标网格(6,4)非绿色高亮(绿像素:0)。取消拖拽。
[REWARD] 执行前血条数: 9 -> 最终确认血条数: 0
[REWARD] ⛔ 非法区域/无费用，已被 CV 阻断。奖励 -0.5 (连续无作为: 5次)
[TemplateMatcher] pause_gear.png -> max conf: 0.908 (needs 0.5, optimal scale: 0.80x)

[STEP 57] 开始执行动作...
[ACTION] AI决定: 选卡 4 -> 放入网格(6,3) -> 朝向 0
         坐标映射: 拖拽从(655,650)至(800,430) -> 方向滑动至(800,280)
[ACTION] ⛔ Fast-Fail! 目标网格(6,3)非绿色高亮(绿像素:19)。取消拖拽。
[REWARD] 执行前血条数: 8 -> 最终确认血条数: 0
[REWARD] ⛔ 非法区域/无费用，已被 CV 阻断。奖励 -0.5 (连续无作为: 6次)
[TemplateMatcher] pause_gear.png -> max conf: 0.908 (needs 0.5, optimal scale: 0.80x)

[STEP 58] 开始执行动作...
[ACTION] AI决定: 选卡 9 -> 放入网格(4,0) -> 朝向 0
         坐标映射: 拖拽从(1105,650)至(600,190) -> 方向滑动至(600,40)
[ACTION] ✅ CV校验通过！网格(4,0)具有高亮绿色(像素:711)，准许拖拽。
[REWARD] 动作已执行，开始 3 次心跳检测 (间隔 0.2s)...
[REWARD] ❌ 第 1 次未检测到目标血条...
[REWARD] ❌ 第 2 次未检测到目标血条...
[REWARD] ❌ 第 3 次未检测到目标血条...
[REWARD] 执行前血条数: 9 -> 最终确认血条数: 9
[REWARD] 部署失败，计算前后帧 MSE (均方误差) = 466.90
[REWARD] 动作无效，但游戏仍在进行(画面有变化)。奖励 -0.2 (已清空无作为计数器)
[TemplateMatcher] pause_gear.png -> max conf: 0.908 (needs 0.5, optimal scale: 0.80x)

[STEP 59] 开始执行动作...
[ACTION] AI决定: 选卡 7 -> 放入网格(1,1) -> 朝向 1
         坐标映射: 拖拽从(925,650)至(300,270) -> 方向滑动至(300,420)
[ACTION] ⛔ Fast-Fail! 目标网格(1,1)非绿色高亮(绿像素:0)。取消拖拽。
[REWARD] 执行前血条数: 9 -> 最终确认血条数: 0
[REWARD] ⛔ 非法区域/无费用，已被 CV 阻断。奖励 -0.5 (连续无作为: 1次)
[TemplateMatcher] pause_gear.png -> max conf: 0.907 (needs 0.5, optimal scale: 0.80x)

[STEP 60] 开始执行动作...
[ACTION] AI决定: 选卡 8 -> 放入网格(1,4) -> 朝向 2
         坐标映射: 拖拽从(1015,650)至(300,510) -> 方向滑动至(150,510)
[ACTION] ⛔ Fast-Fail! 目标网格(1,4)非绿色高亮(绿像素:0)。取消拖拽。
[REWARD] 执行前血条数: 9 -> 最终确认血条数: 0
[REWARD] ⛔ 非法区域/无费用，已被 CV 阻断。奖励 -0.5 (连续无作为: 2次)
[TemplateMatcher] pause_gear.png -> max conf: 0.908 (needs 0.5, optimal scale: 0.80x)

[STEP 61] 开始执行动作...
[ACTION] AI决定: 选卡 6 -> 放入网格(5,4) -> 朝向 3
         坐标映射: 拖拽从(835,650)至(700,510) -> 方向滑动至(850,510)
[ACTION] ⛔ Fast-Fail! 目标网格(5,4)非绿色高亮(绿像素:0)。取消拖拽。
[REWARD] 执行前血条数: 8 -> 最终确认血条数: 0
[REWARD] ⛔ 非法区域/无费用，已被 CV 阻断。奖励 -0.5 (连续无作为: 3次)
[TemplateMatcher] pause_gear.png -> max conf: 0.889 (needs 0.5, optimal scale: 0.80x)

[STEP 62] 开始执行动作...
[ACTION] AI决定: 选卡 6 -> 放入网格(1,4) -> 朝向 0
         坐标映射: 拖拽从(835,650)至(300,510) -> 方向滑动至(300,360)
[ACTION] ⛔ Fast-Fail! 目标网格(1,4)非绿色高亮(绿像素:0)。取消拖拽。
[REWARD] 执行前血条数: 9 -> 最终确认血条数: 0
[REWARD] ⛔ 非法区域/无费用，已被 CV 阻断。奖励 -0.5 (连续无作为: 4次)
[TemplateMatcher] pause_gear.png -> max conf: 0.583 (needs 0.5, optimal scale: 0.90x)

[STEP 63] 开始执行动作...
[ACTION] AI决定: 选卡 7 -> 放入网格(9,2) -> 朝向 0
         坐标映射: 拖拽从(925,650)至(1100,350) -> 方向滑动至(1100,200)
[ACTION] ⛔ Fast-Fail! 目标网格(9,2)非绿色高亮(绿像素:0)。取消拖拽。
[REWARD] 执行前血条数: 0 -> 最终确认血条数: 0
[REWARD] ⛔ 非法区域/无费用，已被 CV 阻断。奖励 -0.5 (连续无作为: 5次)
[TemplateMatcher] pause_gear.png -> max conf: 0.000 (needs 0.5, optimal scale: 0.80x)
[ENV] ⚠️ 警告：未检测到右上角齿轮图标！(连续 1/3 次)

[STEP 64] 开始执行动作...
[ACTION] AI决定: 选卡 3 -> 放入网格(0,3) -> 朝向 3
         坐标映射: 拖拽从(565,650)至(200,430) -> 方向滑动至(350,430)
[ACTION] ⛔ Fast-Fail! 目标网格(0,3)非绿色高亮(绿像素:0)。取消拖拽。
[REWARD] 执行前血条数: 0 -> 最终确认血条数: 0
[REWARD] ⛔ 非法区域/无费用，已被 CV 阻断。奖励 -0.5 (连续无作为: 6次)
[TemplateMatcher] pause_gear.png -> max conf: 0.000 (needs 0.5, optimal scale: 0.80x)
[ENV] ⚠️ 警告：未检测到右上角齿轮图标！(连续 2/3 次)

[STEP 65] 开始执行动作...
[ACTION] AI决定: 选卡 8 -> 放入网格(9,3) -> 朝向 0
         坐标映射: 拖拽从(1015,650)至(1100,430) -> 方向滑动至(1100,280)
[ACTION] ⛔ Fast-Fail! 目标网格(9,3)非绿色高亮(绿像素:0)。取消拖拽。
[REWARD] 执行前血条数: 0 -> 最终确认血条数: 0
[REWARD] ⛔ 非法区域/无费用，已被 CV 阻断。奖励 -0.5 (连续无作为: 7次)
[TemplateMatcher] pause_gear.png -> max conf: 0.000 (needs 0.5, optimal scale: 0.80x)
[ENV] ⚠️ 警告：未检测到右上角齿轮图标！(连续 3/3 次)
[ENV] 🚨 优先级 2 触发：连续 3 次未检测到战斗界面UI元素，判定游戏已结束！

================= 回合结束，开始自动重启关卡 =================
[TemplateMatcher] pause_gear.png -> max conf: 0.000 (needs 0.7, optimal scale: 0.80x)
[DEBUG] 未匹配 [pause_gear] (要求阈值 0.7)
[TemplateMatcher] start_action.png -> max conf: 0.000 (needs 0.45, optimal scale: 0.80x)
[DEBUG] 未匹配 [start_action] (要求阈值 0.45)
[TemplateMatcher] practice.png -> max conf: 0.000 (needs 0.5, optimal scale: 0.80x)
[DEBUG] 未匹配 [practice] (要求阈值 0.5)
[TemplateMatcher] stage_1_7.png -> max conf: 0.000 (needs 0.5, optimal scale: 0.80x)
[DEBUG] 未匹配 [stage_1_7] (要求阈值 0.5)
[RESET] 尝试跳过动画/寻找入口... (尝试 1/100)
[TemplateMatcher] pause_gear.png -> max conf: 0.447 (needs 0.7, optimal scale: 0.80x)
[DEBUG] 未匹配 [pause_gear] (要求阈值 0.7)
[TemplateMatcher] start_action.png -> max conf: 0.093 (needs 0.45, optimal scale: 0.80x)
[DEBUG] 未匹配 [start_action] (要求阈值 0.45)
[TemplateMatcher] practice.png -> max conf: 0.587 (needs 0.5, optimal scale: 1.10x)
[RESET] 找到 [practice] (置信度 0.59 >= 0.5)，点击 (849, 673)
[RESET] 点击演习按钮
[TemplateMatcher] pause_gear.png -> max conf: 0.447 (needs 0.7, optimal scale: 0.80x)
[DEBUG] 未匹配 [pause_gear] (要求阈值 0.7)
[TemplateMatcher] start_action.png -> max conf: 0.093 (needs 0.45, optimal scale: 0.80x)
[DEBUG] 未匹配 [start_action] (要求阈值 0.45)
[TemplateMatcher] practice.png -> max conf: 0.587 (needs 0.5, optimal scale: 1.10x)
[RESET] 找到 [practice] (置信度 0.59 >= 0.5)，点击 (849, 673)
[RESET] 点击演习按钮
[TemplateMatcher] pause_gear.png -> max conf: 0.490 (needs 0.7, optimal scale: 0.80x)
[DEBUG] 未匹配 [pause_gear] (要求阈值 0.7)
[TemplateMatcher] start_action.png -> max conf: -0.034 (needs 0.45, optimal scale: 0.80x)
[DEBUG] 未匹配 [start_action] (要求阈值 0.45)
[TemplateMatcher] practice.png -> max conf: 0.522 (needs 0.5, optimal scale: 0.80x)
[RESET] 找到 [practice] (置信度 0.52 >= 0.5)，点击 (533, 603)
[RESET] 点击演习按钮
[TemplateMatcher] pause_gear.png -> max conf: 0.490 (needs 0.7, optimal scale: 0.80x)
[DEBUG] 未匹配 [pause_gear] (要求阈值 0.7)
[TemplateMatcher] start_action.png -> max conf: -0.034 (needs 0.45, optimal scale: 0.80x)
[DEBUG] 未匹配 [start_action] (要求阈值 0.45)
[TemplateMatcher] practice.png -> max conf: 0.522 (needs 0.5, optimal scale: 0.80x)
[RESET] 找到 [practice] (置信度 0.52 >= 0.5)，点击 (533, 603)
[RESET] 点击演习按钮
[TemplateMatcher] pause_gear.png -> max conf: 0.490 (needs 0.7, optimal scale: 0.80x)
[DEBUG] 未匹配 [pause_gear] (要求阈值 0.7)
[TemplateMatcher] start_action.png -> max conf: -0.034 (needs 0.45, optimal scale: 0.80x)
[DEBUG] 未匹配 [start_action] (要求阈值 0.45)
[TemplateMatcher] practice.png -> max conf: 0.522 (needs 0.5, optimal scale: 0.80x)
[RESET] 找到 [practice] (置信度 0.52 >= 0.5)，点击 (533, 603)
[RESET] 点击演习按钮
[TemplateMatcher] pause_gear.png -> max conf: 0.473 (needs 0.7, optimal scale: 0.90x)
[DEBUG] 未匹配 [pause_gear] (要求阈值 0.7)
[TemplateMatcher] start_action.png -> max conf: 0.037 (needs 0.45, optimal scale: 0.80x)
[DEBUG] 未匹配 [start_action] (要求阈值 0.45)
[TemplateMatcher] practice.png -> max conf: 0.489 (needs 0.5, optimal scale: 0.85x)
[DEBUG] 未匹配 [practice] (要求阈值 0.5)
[TemplateMatcher] stage_1_7.png -> max conf: 0.712 (needs 0.5, optimal scale: 0.80x)
[RESET] 找到 [stage_1_7] (置信度 0.71 >= 0.5)，点击 (638, 224)
[RESET] 点击关卡 1-7 图标
[TemplateMatcher] pause_gear.png -> max conf: 0.612 (needs 0.7, optimal scale: 1.10x)
[DEBUG] 未匹配 [pause_gear] (要求阈值 0.7)
[TemplateMatcher] start_action.png -> max conf: 0.100 (needs 0.45, optimal scale: 0.80x)
[DEBUG] 未匹配 [start_action] (要求阈值 0.45)
[TemplateMatcher] practice.png -> max conf: 0.687 (needs 0.5, optimal scale: 0.80x)
[RESET] 找到 [practice] (置信度 0.69 >= 0.5)，点击 (935, 660)
[RESET] 点击演习按钮
[TemplateMatcher] pause_gear.png -> max conf: 0.470 (needs 0.7, optimal scale: 1.05x)
[DEBUG] 未匹配 [pause_gear] (要求阈值 0.7)
[TemplateMatcher] start_action.png -> max conf: 0.451 (needs 0.45, optimal scale: 0.80x)
[RESET] 找到 [start_action] (置信度 0.45 >= 0.45)，点击 (1101, 513)
[RESET] 点击开始行动，进入加载...
[TemplateMatcher] pause_gear.png -> max conf: 0.000 (needs 0.7, optimal scale: 0.80x)
[DEBUG] 未匹配 [pause_gear] (要求阈值 0.7)
[TemplateMatcher] start_action.png -> max conf: 0.000 (needs 0.45, optimal scale: 0.80x)
[DEBUG] 未匹配 [start_action] (要求阈值 0.45)
[TemplateMatcher] practice.png -> max conf: 0.000 (needs 0.5, optimal scale: 0.80x)
[DEBUG] 未匹配 [practice] (要求阈值 0.5)
[TemplateMatcher] stage_1_7.png -> max conf: 0.000 (needs 0.5, optimal scale: 0.80x)
[DEBUG] 未匹配 [stage_1_7] (要求阈值 0.5)
[RESET] 尝试跳过动画/寻找入口... (尝试 10/100)
[TemplateMatcher] pause_gear.png -> max conf: 0.000 (needs 0.7, optimal scale: 0.80x)
[DEBUG] 未匹配 [pause_gear] (要求阈值 0.7)
[TemplateMatcher] start_action.png -> max conf: 0.000 (needs 0.45, optimal scale: 0.80x)
[DEBUG] 未匹配 [start_action] (要求阈值 0.45)
[TemplateMatcher] practice.png -> max conf: 0.000 (needs 0.5, optimal scale: 0.80x)
[DEBUG] 未匹配 [practice] (要求阈值 0.5)
[TemplateMatcher] stage_1_7.png -> max conf: 0.000 (needs 0.5, optimal scale: 0.80x)
[DEBUG] 未匹配 [stage_1_7] (要求阈值 0.5)
[RESET] 尝试跳过动画/寻找入口... (尝试 11/100)
[TemplateMatcher] pause_gear.png -> max conf: 0.000 (needs 0.7, optimal scale: 0.80x)
[DEBUG] 未匹配 [pause_gear] (要求阈值 0.7)
[TemplateMatcher] start_action.png -> max conf: 0.000 (needs 0.45, optimal scale: 0.80x)
[DEBUG] 未匹配 [start_action] (要求阈值 0.45)
[TemplateMatcher] practice.png -> max conf: 0.000 (needs 0.5, optimal scale: 0.80x)
[DEBUG] 未匹配 [practice] (要求阈值 0.5)
[TemplateMatcher] stage_1_7.png -> max conf: 0.000 (needs 0.5, optimal scale: 0.80x)
[DEBUG] 未匹配 [stage_1_7] (要求阈值 0.5)
[RESET] 尝试跳过动画/寻找入口... (尝试 12/100)
[TemplateMatcher] pause_gear.png -> max conf: 0.511 (needs 0.7, optimal scale: 1.20x)
[DEBUG] 未匹配 [pause_gear] (要求阈值 0.7)
[TemplateMatcher] start_action.png -> max conf: -0.063 (needs 0.45, optimal scale: 0.80x)
[DEBUG] 未匹配 [start_action] (要求阈值 0.45)
[TemplateMatcher] practice.png -> max conf: 0.379 (needs 0.5, optimal scale: 0.90x)
[DEBUG] 未匹配 [practice] (要求阈值 0.5)
[TemplateMatcher] stage_1_7.png -> max conf: 0.411 (needs 0.5, optimal scale: 0.90x)
[DEBUG] 未匹配 [stage_1_7] (要求阈值 0.5)
[RESET] 尝试跳过动画/寻找入口... (尝试 13/100)
[TemplateMatcher] pause_gear.png -> max conf: 0.221 (needs 0.7, optimal scale: 1.20x)
[DEBUG] 未匹配 [pause_gear] (要求阈值 0.7)
[TemplateMatcher] start_action.png -> max conf: 0.223 (needs 0.45, optimal scale: 0.80x)
[DEBUG] 未匹配 [start_action] (要求阈值 0.45)
[TemplateMatcher] practice.png -> max conf: 0.373 (needs 0.5, optimal scale: 0.80x)
[DEBUG] 未匹配 [practice] (要求阈值 0.5)
[TemplateMatcher] stage_1_7.png -> max conf: 0.272 (needs 0.5, optimal scale: 0.80x)
[DEBUG] 未匹配 [stage_1_7] (要求阈值 0.5)
[RESET] 尝试跳过动画/寻找入口... (尝试 14/100)
[TemplateMatcher] pause_gear.png -> max conf: 0.215 (needs 0.7, optimal scale: 1.20x)
[DEBUG] 未匹配 [pause_gear] (要求阈值 0.7)
[TemplateMatcher] start_action.png -> max conf: 0.224 (needs 0.45, optimal scale: 0.80x)
[DEBUG] 未匹配 [start_action] (要求阈值 0.45)
[TemplateMatcher] practice.png -> max conf: 0.373 (needs 0.5, optimal scale: 0.80x)
[DEBUG] 未匹配 [practice] (要求阈值 0.5)
[TemplateMatcher] stage_1_7.png -> max conf: 0.271 (needs 0.5, optimal scale: 0.80x)
[DEBUG] 未匹配 [stage_1_7] (要求阈值 0.5)
[RESET] 尝试跳过动画/寻找入口... (尝试 15/100)
[TemplateMatcher] pause_gear.png -> max conf: 0.211 (needs 0.7, optimal scale: 1.05x)
[DEBUG] 未匹配 [pause_gear] (要求阈值 0.7)
[TemplateMatcher] start_action.png -> max conf: 0.202 (needs 0.45, optimal scale: 0.80x)
[DEBUG] 未匹配 [start_action] (要求阈值 0.45)
[TemplateMatcher] practice.png -> max conf: 0.297 (needs 0.5, optimal scale: 0.80x)
[DEBUG] 未匹配 [practice] (要求阈值 0.5)
[TemplateMatcher] stage_1_7.png -> max conf: 0.277 (needs 0.5, optimal scale: 0.85x)
[DEBUG] 未匹配 [stage_1_7] (要求阈值 0.5)
[RESET] 尝试跳过动画/寻找入口... (尝试 16/100)
[TemplateMatcher] pause_gear.png -> max conf: 0.845 (needs 0.7, optimal scale: 0.80x)
[RESET] 找到 [pause_gear] (置信度 0.84 >= 0.7)，(仅检测，不点击)
[RESET] ✅ 检测到战斗画面右上角齿轮，重启成功！
================= 关卡重启流程结束 =================

--> [回合结束] 第 1 回合 | 奖励: 29.4 | 步数: 65

[STEP 1] 开始执行动作...
[ACTION] AI决定: 选卡 2 -> 放入网格(9,1) -> 朝向 2
         坐标映射: 拖拽从(475,650)至(1100,270) -> 方向滑动至(950,270)
[ACTION] ⛔ Fast-Fail! 目标网格(9,1)非绿色高亮(绿像素:0)。取消拖拽。
[REWARD] 执行前血条数: 0 -> 最终确认血条数: 0
[REWARD] ⛔ 非法区域/无费用，已被 CV 阻断。奖励 -0.5 (连续无作为: 8次)
[TemplateMatcher] pause_gear.png -> max conf: 0.908 (needs 0.5, optimal scale: 0.80x)

[STEP 2] 开始执行动作...
[ACTION] AI决定: 选卡 9 -> 放入网格(5,0) -> 朝向 2
         坐标映射: 拖拽从(1105,650)至(700,190) -> 方向滑动至(550,190)
[ACTION] ✅ CV校验通过！网格(5,0)具有高亮绿色(像素:812)，准许拖拽。
[REWARD] 动作已执行，开始 3 次心跳检测 (间隔 0.2s)...
[REWARD] ❌ 第 1 次未检测到目标血条...
[REWARD] ❌ 第 2 次未检测到目标血条...
[REWARD] ❌ 第 3 次未检测到目标血条...
[REWARD] 执行前血条数: 0 -> 最终确认血条数: 0
[REWARD] 部署失败，计算前后帧 MSE (均方误差) = 244.06
[REWARD] 画面未发生明显变化(非法部署)。奖励 -0.5 (连续无作为: 9次)
[TemplateMatcher] pause_gear.png -> max conf: 0.908 (needs 0.5, optimal scale: 0.80x)

[STEP 3] 开始执行动作...
[ACTION] AI决定: 选卡 2 -> 放入网格(0,0) -> 朝向 3
         坐标映射: 拖拽从(475,650)至(200,190) -> 方向滑动至(350,190)
[ACTION] ⛔ Fast-Fail! 目标网格(0,0)非绿色高亮(绿像素:0)。取消拖拽。
[REWARD] 执行前血条数: 0 -> 最终确认血条数: 0
[REWARD] ⛔ 非法区域/无费用，已被 CV 阻断。奖励 -0.5 (连续无作为: 10次)
[TemplateMatcher] pause_gear.png -> max conf: 0.907 (needs 0.5, optimal scale: 0.80x)

[STEP 4] 开始执行动作...
[ACTION] AI决定: 选卡 1 -> 放入网格(6,4) -> 朝向 2
         坐标映射: 拖拽从(385,650)至(800,510) -> 方向滑动至(650,510)
[ACTION] ⛔ Fast-Fail! 目标网格(6,4)非绿色高亮(绿像素:0)。取消拖拽。
[REWARD] 执行前血条数: 0 -> 最终确认血条数: 0
[REWARD] ⛔ 非法区域/无费用，已被 CV 阻断。奖励 -0.5 (连续无作为: 11次)
[TemplateMatcher] pause_gear.png -> max conf: 0.908 (needs 0.5, optimal scale: 0.80x)

[STEP 5] 开始执行动作...
[ACTION] AI决定: 选卡 1 -> 放入网格(7,0) -> 朝向 1
         坐标映射: 拖拽从(385,650)至(900,190) -> 方向滑动至(900,340)
[ACTION] ✅ CV校验通过！网格(7,0)具有高亮绿色(像素:754)，准许拖拽。
[REWARD] 动作已执行，开始 3 次心跳检测 (间隔 0.2s)...
[REWARD] ❌ 第 1 次未检测到目标血条...
[REWARD] ❌ 第 2 次未检测到目标血条...
[REWARD] ❌ 第 3 次未检测到目标血条...
[REWARD] 执行前血条数: 0 -> 最终确认血条数: 0
[REWARD] 部署失败，计算前后帧 MSE (均方误差) = 229.65
[REWARD] 画面未发生明显变化(非法部署)。奖励 -0.5 (连续无作为: 12次)
[TemplateMatcher] pause_gear.png -> max conf: 0.908 (needs 0.5, optimal scale: 0.80x)

[STEP 6] 开始执行动作...
[ACTION] AI决定: 💤 挂机 (Skip / Wait for Cost)
[REWARD] 执行前血条数: 0 -> 最终确认血条数: 0
[REWARD] 💤 AI 主动挂机等费用，只扣除微小时间惩罚 -0.01
[TemplateMatcher] pause_gear.png -> max conf: 0.908 (needs 0.5, optimal scale: 0.80x)

[STEP 7] 开始执行动作...
[ACTION] AI决定: 选卡 1 -> 放入网格(6,0) -> 朝向 0
         坐标映射: 拖拽从(385,650)至(800,190) -> 方向滑动至(800,40)
[ACTION] ✅ CV校验通过！网格(6,0)具有高亮绿色(像素:425)，准许拖拽。
[REWARD] 动作已执行，开始 3 次心跳检测 (间隔 0.2s)...
[REWARD] ❌ 第 1 次未检测到目标血条...
[REWARD] ❌ 第 2 次未检测到目标血条...
[REWARD] ❌ 第 3 次未检测到目标血条...
[REWARD] 执行前血条数: 0 -> 最终确认血条数: 0
[REWARD] 部署失败，计算前后帧 MSE (均方误差) = 190.38
[REWARD] 画面未发生明显变化(非法部署)。奖励 -0.5 (连续无作为: 1次)
[TemplateMatcher] pause_gear.png -> max conf: 0.908 (needs 0.5, optimal scale: 0.80x)

[STEP 8] 开始执行动作...
[ACTION] AI决定: 选卡 4 -> 放入网格(0,4) -> 朝向 0
         坐标映射: 拖拽从(655,650)至(200,510) -> 方向滑动至(200,360)
[ACTION] ⛔ Fast-Fail! 目标网格(0,4)非绿色高亮(绿像素:0)。取消拖拽。
[REWARD] 执行前血条数: 0 -> 最终确认血条数: 0
[REWARD] ⛔ 非法区域/无费用，已被 CV 阻断。奖励 -0.5 (连续无作为: 2次)
[TemplateMatcher] pause_gear.png -> max conf: 0.908 (needs 0.5, optimal scale: 0.80x)

[STEP 9] 开始执行动作...
[ACTION] AI决定: 选卡 3 -> 放入网格(1,1) -> 朝向 0
         坐标映射: 拖拽从(565,650)至(300,270) -> 方向滑动至(300,120)
[ACTION] ⛔ Fast-Fail! 目标网格(1,1)非绿色高亮(绿像素:0)。取消拖拽。
[REWARD] 执行前血条数: 0 -> 最终确认血条数: 0
[REWARD] ⛔ 非法区域/无费用，已被 CV 阻断。奖励 -0.5 (连续无作为: 3次)
[TemplateMatcher] pause_gear.png -> max conf: 0.908 (needs 0.5, optimal scale: 0.80x)

[STEP 10] 开始执行动作...
[ACTION] AI决定: 选卡 4 -> 放入网格(0,4) -> 朝向 0
         坐标映射: 拖拽从(655,650)至(200,510) -> 方向滑动至(200,360)
[ACTION] ⛔ Fast-Fail! 目标网格(0,4)非绿色高亮(绿像素:0)。取消拖拽。
[REWARD] 执行前血条数: 0 -> 最终确认血条数: 0
[REWARD] ⛔ 非法区域/无费用，已被 CV 阻断。奖励 -0.5 (连续无作为: 4次)
[TemplateMatcher] pause_gear.png -> max conf: 0.908 (needs 0.5, optimal scale: 0.80x)

[STEP 11] 开始执行动作...
[ACTION] AI决定: 选卡 7 -> 放入网格(1,1) -> 朝向 3
         坐标映射: 拖拽从(925,650)至(300,270) -> 方向滑动至(450,270)
[ACTION] ⛔ Fast-Fail! 目标网格(1,1)非绿色高亮(绿像素:0)。取消拖拽。
[REWARD] 执行前血条数: 0 -> 最终确认血条数: 0
[REWARD] ⛔ 非法区域/无费用，已被 CV 阻断。奖励 -0.5 (连续无作为: 5次)
[TemplateMatcher] pause_gear.png -> max conf: 0.907 (needs 0.5, optimal scale: 0.80x)

[STEP 12] 开始执行动作...
[ACTION] AI决定: 选卡 5 -> 放入网格(2,1) -> 朝向 2
         坐标映射: 拖拽从(745,650)至(400,270) -> 方向滑动至(250,270)
[ACTION] ✅ CV校验通过！网格(2,1)具有高亮绿色(像素:76)，准许拖拽。
[REWARD] 动作已执行，开始 3 次心跳检测 (间隔 0.2s)...
[REWARD] ✅ 第 1 次检测命中目标干员血条！
[REWARD] 执行前血条数: 0 -> 最终确认血条数: 1
[REWARD] 🎯 完美落子！部署点靠近敌人 (距离: 251.4)，奖励 +2.0
[REWARD] 🛡️ 背对敌人！(角度: 75.1°)，严厉惩罚 -3.0
[TemplateMatcher] pause_gear.png -> max conf: 0.908 (needs 0.5, optimal scale: 0.80x)

[STEP 13] 开始执行动作...
[ACTION] AI决定: 选卡 7 -> 放入网格(4,0) -> 朝向 0
         坐标映射: 拖拽从(925,650)至(600,190) -> 方向滑动至(600,40)
[ACTION] ✅ CV校验通过！网格(4,0)具有高亮绿色(像素:707)，准许拖拽。
[REWARD] 动作已执行，开始 3 次心跳检测 (间隔 0.2s)...
[REWARD] ✅ 第 1 次检测命中目标干员血条！
[REWARD] 执行前血条数: 1 -> 最终确认血条数: 2
[REWARD] 场上暂无移动目标，仅发放基础部署奖励 +1.0
[TemplateMatcher] pause_gear.png -> max conf: 0.908 (needs 0.5, optimal scale: 0.80x)

[STEP 14] 开始执行动作...
[ACTION] AI决定: 选卡 1 -> 放入网格(8,0) -> 朝向 0
         坐标映射: 拖拽从(385,650)至(1000,190) -> 方向滑动至(1000,40)
[ACTION] ⛔ Fast-Fail! 目标网格(8,0)非绿色高亮(绿像素:0)。取消拖拽。
[REWARD] 执行前血条数: 2 -> 最终确认血条数: 0
[REWARD] ⛔ 非法区域/无费用，已被 CV 阻断。奖励 -0.5 (连续无作为: 1次)
[TemplateMatcher] pause_gear.png -> max conf: 0.908 (needs 0.5, optimal scale: 0.80x)

[STEP 15] 开始执行动作...
[ACTION] AI决定: 选卡 9 -> 放入网格(9,3) -> 朝向 0
         坐标映射: 拖拽从(1105,650)至(1100,430) -> 方向滑动至(1100,280)
[ACTION] ✅ CV校验通过！网格(9,3)具有高亮绿色(像素:98)，准许拖拽。
[REWARD] 动作已执行，开始 3 次心跳检测 (间隔 0.2s)...
[REWARD] ❌ 第 1 次未检测到目标血条...
[REWARD] ❌ 第 2 次未检测到目标血条...
[REWARD] ❌ 第 3 次未检测到目标血条...
[REWARD] 执行前血条数: 2 -> 最终确认血条数: 2
[REWARD] 部署失败，计算前后帧 MSE (均方误差) = 201.39
[REWARD] 画面未发生明显变化(非法部署)。奖励 -0.5 (连续无作为: 2次)
[TemplateMatcher] pause_gear.png -> max conf: 0.908 (needs 0.5, optimal scale: 0.80x)

[STEP 16] 开始执行动作...
[ACTION] AI决定: 选卡 4 -> 放入网格(4,1) -> 朝向 1
         坐标映射: 拖拽从(655,650)至(600,270) -> 方向滑动至(600,420)
[ACTION] ⛔ Fast-Fail! 目标网格(4,1)非绿色高亮(绿像素:0)。取消拖拽。
[REWARD] 执行前血条数: 2 -> 最终确认血条数: 0
[REWARD] ⛔ 非法区域/无费用，已被 CV 阻断。奖励 -0.5 (连续无作为: 3次)
[TemplateMatcher] pause_gear.png -> max conf: 0.908 (needs 0.5, optimal scale: 0.80x)

[STEP 17] 开始执行动作...
[ACTION] AI决定: 选卡 6 -> 放入网格(7,2) -> 朝向 0
         坐标映射: 拖拽从(835,650)至(900,350) -> 方向滑动至(900,200)
[ACTION] ✅ CV校验通过！网格(7,2)具有高亮绿色(像素:562)，准许拖拽。
[REWARD] 动作已执行，开始 3 次心跳检测 (间隔 0.2s)...
[REWARD] ❌ 第 1 次未检测到目标血条...
[REWARD] ❌ 第 2 次未检测到目标血条...
[REWARD] ❌ 第 3 次未检测到目标血条...
[REWARD] 执行前血条数: 3 -> 最终确认血条数: 2
[REWARD] 部署失败，计算前后帧 MSE (均方误差) = 274.18
[REWARD] 画面未发生明显变化(非法部署)。奖励 -0.5 (连续无作为: 4次)
[TemplateMatcher] pause_gear.png -> max conf: 0.908 (needs 0.5, optimal scale: 0.80x)

[STEP 18] 开始执行动作...
[ACTION] AI决定: 选卡 3 -> 放入网格(8,4) -> 朝向 1
         坐标映射: 拖拽从(565,650)至(1000,510) -> 方向滑动至(1000,660)
[ACTION] ⛔ Fast-Fail! 目标网格(8,4)非绿色高亮(绿像素:0)。取消拖拽。
[REWARD] 执行前血条数: 3 -> 最终确认血条数: 0
[REWARD] ⛔ 非法区域/无费用，已被 CV 阻断。奖励 -0.5 (连续无作为: 5次)
[TemplateMatcher] pause_gear.png -> max conf: 0.908 (needs 0.5, optimal scale: 0.80x)

[STEP 19] 开始执行动作...
[ACTION] AI决定: 选卡 0 -> 放入网格(5,4) -> 朝向 0
         坐标映射: 拖拽从(295,650)至(700,510) -> 方向滑动至(700,360)
[ACTION] ✅ CV校验通过！网格(5,4)具有高亮绿色(像素:900)，准许拖拽。
[REWARD] 动作已执行，开始 3 次心跳检测 (间隔 0.2s)...
[REWARD] ✅ 第 1 次检测命中目标干员血条！
[REWARD] 执行前血条数: 2 -> 最终确认血条数: 3
[REWARD] 🎯 完美落子！部署点靠近敌人 (距离: 137.7)，奖励 +2.0
[REWARD] 🛡️ 背对敌人！(角度: 343.6°)，严厉惩罚 -3.0
[TemplateMatcher] pause_gear.png -> max conf: 0.908 (needs 0.5, optimal scale: 0.80x)

[STEP 20] 开始执行动作...
[ACTION] AI决定: 选卡 9 -> 放入网格(4,0) -> 朝向 2
         坐标映射: 拖拽从(1105,650)至(600,190) -> 方向滑动至(450,190)
[ACTION] ⛔ Fast-Fail! 目标网格(4,0)非绿色高亮(绿像素:0)。取消拖拽。
[REWARD] 执行前血条数: 3 -> 最终确认血条数: 0
[REWARD] ⛔ 非法区域/无费用，已被 CV 阻断。奖励 -0.5 (连续无作为: 1次)
[TemplateMatcher] pause_gear.png -> max conf: 0.908 (needs 0.5, optimal scale: 0.80x)

[STEP 21] 开始执行动作...
[ACTION] AI决定: 选卡 0 -> 放入网格(3,4) -> 朝向 2
         坐标映射: 拖拽从(295,650)至(500,510) -> 方向滑动至(350,510)
[ACTION] ⛔ Fast-Fail! 目标网格(3,4)非绿色高亮(绿像素:0)。取消拖拽。
[REWARD] 执行前血条数: 4 -> 最终确认血条数: 0
[REWARD] ⛔ 非法区域/无费用，已被 CV 阻断。奖励 -0.5 (连续无作为: 2次)
[TemplateMatcher] pause_gear.png -> max conf: 0.908 (needs 0.5, optimal scale: 0.80x)

[STEP 22] 开始执行动作...
[ACTION] AI决定: 选卡 3 -> 放入网格(4,3) -> 朝向 2
         坐标映射: 拖拽从(565,650)至(600,430) -> 方向滑动至(450,430)
[ACTION] ⛔ Fast-Fail! 目标网格(4,3)非绿色高亮(绿像素:0)。取消拖拽。
[REWARD] 执行前血条数: 4 -> 最终确认血条数: 0
[REWARD] ⛔ 非法区域/无费用，已被 CV 阻断。奖励 -0.5 (连续无作为: 3次)
[TemplateMatcher] pause_gear.png -> max conf: 0.907 (needs 0.5, optimal scale: 0.80x)

[STEP 23] 开始执行动作...
[ACTION] AI决定: 选卡 6 -> 放入网格(5,0) -> 朝向 3
         坐标映射: 拖拽从(835,650)至(700,190) -> 方向滑动至(850,190)
[ACTION] ✅ CV校验通过！网格(5,0)具有高亮绿色(像素:82)，准许拖拽。
[REWARD] 动作已执行，开始 3 次心跳检测 (间隔 0.2s)...
[REWARD] ❌ 第 1 次未检测到目标血条...
[REWARD] ❌ 第 2 次未检测到目标血条...
[REWARD] ❌ 第 3 次未检测到目标血条...
[REWARD] 执行前血条数: 4 -> 最终确认血条数: 3
[REWARD] 部署失败，计算前后帧 MSE (均方误差) = 210.92
[REWARD] 画面未发生明显变化(非法部署)。奖励 -0.5 (连续无作为: 4次)
[TemplateMatcher] pause_gear.png -> max conf: 0.908 (needs 0.5, optimal scale: 0.80x)

[STEP 24] 开始执行动作...
[ACTION] AI决定: 选卡 5 -> 放入网格(0,1) -> 朝向 3
         坐标映射: 拖拽从(745,650)至(200,270) -> 方向滑动至(350,270)
[ACTION] ⛔ Fast-Fail! 目标网格(0,1)非绿色高亮(绿像素:0)。取消拖拽。
[REWARD] 执行前血条数: 4 -> 最终确认血条数: 0
[REWARD] ⛔ 非法区域/无费用，已被 CV 阻断。奖励 -0.5 (连续无作为: 5次)
[TemplateMatcher] pause_gear.png -> max conf: 0.908 (needs 0.5, optimal scale: 0.80x)

[STEP 25] 开始执行动作...
[ACTION] AI决定: 选卡 8 -> 放入网格(1,2) -> 朝向 2
         坐标映射: 拖拽从(1015,650)至(300,350) -> 方向滑动至(150,350)
[ACTION] ⛔ Fast-Fail! 目标网格(1,2)非绿色高亮(绿像素:0)。取消拖拽。
[REWARD] 执行前血条数: 3 -> 最终确认血条数: 0
[REWARD] ⛔ 非法区域/无费用，已被 CV 阻断。奖励 -0.5 (连续无作为: 6次)
[TemplateMatcher] pause_gear.png -> max conf: 0.907 (needs 0.5, optimal scale: 0.80x)

[STEP 26] 开始执行动作...
[ACTION] AI决定: 选卡 9 -> 放入网格(3,2) -> 朝向 3
         坐标映射: 拖拽从(1105,650)至(500,350) -> 方向滑动至(650,350)
[ACTION] ✅ CV校验通过！网格(3,2)具有高亮绿色(像素:362)，准许拖拽。
[REWARD] 动作已执行，开始 3 次心跳检测 (间隔 0.2s)...
[REWARD] ❌ 第 1 次未检测到目标血条...
[REWARD] ❌ 第 2 次未检测到目标血条...
[REWARD] ❌ 第 3 次未检测到目标血条...
[REWARD] 执行前血条数: 4 -> 最终确认血条数: 4
[REWARD] 部署失败，计算前后帧 MSE (均方误差) = 358.55
[REWARD] 动作无效，但游戏仍在进行(画面有变化)。奖励 -0.2 (已清空无作为计数器)
[TemplateMatcher] pause_gear.png -> max conf: 0.908 (needs 0.5, optimal scale: 0.80x)

[STEP 27] 开始执行动作...
[ACTION] AI决定: 选卡 5 -> 放入网格(2,1) -> 朝向 2
         坐标映射: 拖拽从(745,650)至(400,270) -> 方向滑动至(250,270)
[ACTION] ✅ CV校验通过！网格(2,1)具有高亮绿色(像素:422)，准许拖拽。
[REWARD] 动作已执行，开始 3 次心跳检测 (间隔 0.2s)...
[REWARD] ❌ 第 1 次未检测到目标血条...
[REWARD] ❌ 第 2 次未检测到目标血条...
[REWARD] ❌ 第 3 次未检测到目标血条...
[REWARD] 执行前血条数: 4 -> 最终确认血条数: 4
[REWARD] 部署失败，计算前后帧 MSE (均方误差) = 240.59
[REWARD] 画面未发生明显变化(非法部署)。奖励 -0.5 (连续无作为: 1次)
[TemplateMatcher] pause_gear.png -> max conf: 0.908 (needs 0.5, optimal scale: 0.80x)

[STEP 28] 开始执行动作...
[ACTION] AI决定: 选卡 7 -> 放入网格(6,4) -> 朝向 3
         坐标映射: 拖拽从(925,650)至(800,510) -> 方向滑动至(950,510)
[ACTION] ⛔ Fast-Fail! 目标网格(6,4)非绿色高亮(绿像素:5)。取消拖拽。
[REWARD] 执行前血条数: 4 -> 最终确认血条数: 0
[REWARD] ⛔ 非法区域/无费用，已被 CV 阻断。奖励 -0.5 (连续无作为: 2次)
[TemplateMatcher] pause_gear.png -> max conf: 0.908 (needs 0.5, optimal scale: 0.80x)

[STEP 29] 开始执行动作...
[ACTION] AI决定: 选卡 3 -> 放入网格(3,0) -> 朝向 3
         坐标映射: 拖拽从(565,650)至(500,190) -> 方向滑动至(650,190)
[ACTION] ✅ CV校验通过！网格(3,0)具有高亮绿色(像素:900)，准许拖拽。
[REWARD] 动作已执行，开始 3 次心跳检测 (间隔 0.2s)...
[REWARD] ❌ 第 1 次未检测到目标血条...
[REWARD] ❌ 第 2 次未检测到目标血条...
[REWARD] ❌ 第 3 次未检测到目标血条...
[REWARD] 执行前血条数: 3 -> 最终确认血条数: 3
[REWARD] 部署失败，计算前后帧 MSE (均方误差) = 492.61
[REWARD] 动作无效，但游戏仍在进行(画面有变化)。奖励 -0.2 (已清空无作为计数器)
[TemplateMatcher] pause_gear.png -> max conf: 0.908 (needs 0.5, optimal scale: 0.80x)

[STEP 30] 开始执行动作...
[ACTION] AI决定: 选卡 4 -> 放入网格(4,1) -> 朝向 3
         坐标映射: 拖拽从(655,650)至(600,270) -> 方向滑动至(750,270)
[ACTION] ⛔ Fast-Fail! 目标网格(4,1)非绿色高亮(绿像素:0)。取消拖拽。
[REWARD] 执行前血条数: 4 -> 最终确认血条数: 0
[REWARD] ⛔ 非法区域/无费用，已被 CV 阻断。奖励 -0.5 (连续无作为: 1次)
[TemplateMatcher] pause_gear.png -> max conf: 0.908 (needs 0.5, optimal scale: 0.80x)

[STEP 31] 开始执行动作...
[ACTION] AI决定: 选卡 9 -> 放入网格(0,2) -> 朝向 3
         坐标映射: 拖拽从(1105,650)至(200,350) -> 方向滑动至(350,350)
[ACTION] ⛔ Fast-Fail! 目标网格(0,2)非绿色高亮(绿像素:0)。取消拖拽。
[REWARD] 执行前血条数: 4 -> 最终确认血条数: 0
[REWARD] ⛔ 非法区域/无费用，已被 CV 阻断。奖励 -0.5 (连续无作为: 2次)
[TemplateMatcher] pause_gear.png -> max conf: 0.908 (needs 0.5, optimal scale: 0.80x)

[STEP 32] 开始执行动作...
[ACTION] AI决定: 选卡 8 -> 放入网格(3,1) -> 朝向 3
         坐标映射: 拖拽从(1015,650)至(500,270) -> 方向滑动至(650,270)
[ACTION] ⛔ Fast-Fail! 目标网格(3,1)非绿色高亮(绿像素:0)。取消拖拽。
[REWARD] 执行前血条数: 4 -> 最终确认血条数: 0
[REWARD] ⛔ 非法区域/无费用，已被 CV 阻断。奖励 -0.5 (连续无作为: 3次)
[TemplateMatcher] pause_gear.png -> max conf: 0.907 (needs 0.5, optimal scale: 0.80x)

[STEP 33] 开始执行动作...
[ACTION] AI决定: 选卡 6 -> 放入网格(2,2) -> 朝向 0
         坐标映射: 拖拽从(835,650)至(400,350) -> 方向滑动至(400,200)
[ACTION] ⛔ Fast-Fail! 目标网格(2,2)非绿色高亮(绿像素:0)。取消拖拽。
[REWARD] 执行前血条数: 4 -> 最终确认血条数: 0
[REWARD] ⛔ 非法区域/无费用，已被 CV 阻断。奖励 -0.5 (连续无作为: 4次)
[TemplateMatcher] pause_gear.png -> max conf: 0.908 (needs 0.5, optimal scale: 0.80x)

[STEP 34] 开始执行动作...
[ACTION] AI决定: 选卡 6 -> 放入网格(6,0) -> 朝向 1
         坐标映射: 拖拽从(835,650)至(800,190) -> 方向滑动至(800,340)
[ACTION] ✅ CV校验通过！网格(6,0)具有高亮绿色(像素:418)，准许拖拽。
[REWARD] 动作已执行，开始 3 次心跳检测 (间隔 0.2s)...
[REWARD] ❌ 第 1 次未检测到目标血条...
[REWARD] ❌ 第 2 次未检测到目标血条...
[REWARD] ❌ 第 3 次未检测到目标血条...
[REWARD] 执行前血条数: 4 -> 最终确认血条数: 4
[REWARD] 部署失败，计算前后帧 MSE (均方误差) = 176.69
[REWARD] 画面未发生明显变化(非法部署)。奖励 -0.5 (连续无作为: 5次)
[TemplateMatcher] pause_gear.png -> max conf: 0.908 (needs 0.5, optimal scale: 0.80x)

[STEP 35] 开始执行动作...
[ACTION] AI决定: 选卡 8 -> 放入网格(1,0) -> 朝向 1
         坐标映射: 拖拽从(1015,650)至(300,190) -> 方向滑动至(300,340)
[ACTION] ⛔ Fast-Fail! 目标网格(1,0)非绿色高亮(绿像素:0)。取消拖拽。
[REWARD] 执行前血条数: 3 -> 最终确认血条数: 0
[REWARD] ⛔ 非法区域/无费用，已被 CV 阻断。奖励 -0.5 (连续无作为: 6次)
[TemplateMatcher] pause_gear.png -> max conf: 0.908 (needs 0.5, optimal scale: 0.80x)
[SAVE] 自动保存进度 (Step 100) -> policy_latest.zip

[STEP 36] 开始执行动作...
[ACTION] AI决定: 选卡 6 -> 放入网格(5,4) -> 朝向 2
         坐标映射: 拖拽从(835,650)至(700,510) -> 方向滑动至(550,510)
[ACTION] ⛔ Fast-Fail! 目标网格(5,4)非绿色高亮(绿像素:9)。取消拖拽。
[REWARD] 执行前血条数: 4 -> 最终确认血条数: 0
[REWARD] ⛔ 非法区域/无费用，已被 CV 阻断。奖励 -0.5 (连续无作为: 7次)
[TemplateMatcher] pause_gear.png -> max conf: 0.908 (needs 0.5, optimal scale: 0.80x)

[STEP 37] 开始执行动作...
[ACTION] AI决定: 选卡 9 -> 放入网格(3,0) -> 朝向 0
         坐标映射: 拖拽从(1105,650)至(500,190) -> 方向滑动至(500,40)
[ACTION] ✅ CV校验通过！网格(3,0)具有高亮绿色(像素:63)，准许拖拽。
[REWARD] 动作已执行，开始 3 次心跳检测 (间隔 0.2s)...
[REWARD] ❌ 第 1 次未检测到目标血条...
[REWARD] ❌ 第 2 次未检测到目标血条...
[REWARD] ❌ 第 3 次未检测到目标血条...
[REWARD] 执行前血条数: 4 -> 最终确认血条数: 3
[REWARD] 部署失败，计算前后帧 MSE (均方误差) = 349.93
[REWARD] 动作无效，但游戏仍在进行(画面有变化)。奖励 -0.2 (已清空无作为计数器)
[TemplateMatcher] pause_gear.png -> max conf: 0.908 (needs 0.5, optimal scale: 0.80x)

[STEP 38] 开始执行动作...
[ACTION] AI决定: 选卡 7 -> 放入网格(5,2) -> 朝向 0
         坐标映射: 拖拽从(925,650)至(700,350) -> 方向滑动至(700,200)
[ACTION] ✅ CV校验通过！网格(5,2)具有高亮绿色(像素:84)，准许拖拽。
[REWARD] 动作已执行，开始 3 次心跳检测 (间隔 0.2s)...
[REWARD] ❌ 第 1 次未检测到目标血条...
[REWARD] ❌ 第 2 次未检测到目标血条...
[REWARD] ❌ 第 3 次未检测到目标血条...
[REWARD] 执行前血条数: 4 -> 最终确认血条数: 4
[REWARD] 部署失败，计算前后帧 MSE (均方误差) = 237.21
[REWARD] 画面未发生明显变化(非法部署)。奖励 -0.5 (连续无作为: 1次)
[TemplateMatcher] pause_gear.png -> max conf: 0.908 (needs 0.5, optimal scale: 0.80x)

[STEP 39] 开始执行动作...
[ACTION] AI决定: 选卡 3 -> 放入网格(2,4) -> 朝向 3
         坐标映射: 拖拽从(565,650)至(400,510) -> 方向滑动至(550,510)
[ACTION] ✅ CV校验通过！网格(2,4)具有高亮绿色(像素:215)，准许拖拽。
[REWARD] 动作已执行，开始 3 次心跳检测 (间隔 0.2s)...
[REWARD] ✅ 第 1 次检测命中目标干员血条！
[REWARD] 执行前血条数: 3 -> 最终确认血条数: 4
[REWARD] 🎯 完美落子！部署点靠近敌人 (距离: 184.6)，奖励 +2.0
[REWARD] ⚔️ 完美朝向！正对敌人 (角度: 350.5°)，巨额奖励 +8.0
[TemplateMatcher] pause_gear.png -> max conf: 0.908 (needs 0.5, optimal scale: 0.80x)

[STEP 40] 开始执行动作...
[ACTION] AI决定: 选卡 5 -> 放入网格(0,0) -> 朝向 3
         坐标映射: 拖拽从(745,650)至(200,190) -> 方向滑动至(350,190)
[ACTION] ⛔ Fast-Fail! 目标网格(0,0)非绿色高亮(绿像素:0)。取消拖拽。
[REWARD] 执行前血条数: 5 -> 最终确认血条数: 0
[REWARD] ⛔ 非法区域/无费用，已被 CV 阻断。奖励 -0.5 (连续无作为: 1次)
[TemplateMatcher] pause_gear.png -> max conf: 0.907 (needs 0.5, optimal scale: 0.80x)

[STEP 41] 开始执行动作...
[ACTION] AI决定: 选卡 5 -> 放入网格(2,4) -> 朝向 1
         坐标映射: 拖拽从(745,650)至(400,510) -> 方向滑动至(400,660)
[ACTION] ⛔ Fast-Fail! 目标网格(2,4)非绿色高亮(绿像素:0)。取消拖拽。
[REWARD] 执行前血条数: 5 -> 最终确认血条数: 0
[REWARD] ⛔ 非法区域/无费用，已被 CV 阻断。奖励 -0.5 (连续无作为: 2次)
[TemplateMatcher] pause_gear.png -> max conf: 0.908 (needs 0.5, optimal scale: 0.80x)

[STEP 42] 开始执行动作...
[ACTION] AI决定: 选卡 8 -> 放入网格(8,3) -> 朝向 0
         坐标映射: 拖拽从(1015,650)至(1000,430) -> 方向滑动至(1000,280)
[ACTION] ✅ CV校验通过！网格(8,3)具有高亮绿色(像素:562)，准许拖拽。
[REWARD] 动作已执行，开始 3 次心跳检测 (间隔 0.2s)...
[REWARD] ❌ 第 1 次未检测到目标血条...
[REWARD] ❌ 第 2 次未检测到目标血条...
[REWARD] ❌ 第 3 次未检测到目标血条...
[REWARD] 执行前血条数: 4 -> 最终确认血条数: 4
[REWARD] 部署失败，计算前后帧 MSE (均方误差) = 312.78
[REWARD] 动作无效，但游戏仍在进行(画面有变化)。奖励 -0.2 (已清空无作为计数器)
[TemplateMatcher] pause_gear.png -> max conf: 0.908 (needs 0.5, optimal scale: 0.80x)

[STEP 43] 开始执行动作...
[ACTION] AI决定: 选卡 2 -> 放入网格(6,0) -> 朝向 2
         坐标映射: 拖拽从(475,650)至(800,190) -> 方向滑动至(650,190)
[ACTION] ✅ CV校验通过！网格(6,0)具有高亮绿色(像素:476)，准许拖拽。
[REWARD] 动作已执行，开始 3 次心跳检测 (间隔 0.2s)...
[REWARD] ✅ 第 1 次检测命中目标干员血条！
[REWARD] 执行前血条数: 5 -> 最终确认血条数: 6
[REWARD] 🎯 完美落子！部署点靠近敌人 (距离: 207.6)，奖励 +2.0
[REWARD] ⚔️ 完美朝向！正对敌人 (角度: 207.0°)，巨额奖励 +8.0
[TemplateMatcher] pause_gear.png -> max conf: 0.908 (needs 0.5, optimal scale: 0.80x)

[STEP 44] 开始执行动作...
[ACTION] AI决定: 选卡 6 -> 放入网格(5,1) -> 朝向 3
         坐标映射: 拖拽从(835,650)至(700,270) -> 方向滑动至(850,270)
[ACTION] ✅ CV校验通过！网格(5,1)具有高亮绿色(像素:900)，准许拖拽。
[REWARD] 动作已执行，开始 3 次心跳检测 (间隔 0.2s)...
[REWARD] ✅ 第 1 次检测命中目标干员血条！
[REWARD] 执行前血条数: 7 -> 最终确认血条数: 8
[REWARD] 场上暂无移动目标，仅发放基础部署奖励 +1.0
[TemplateMatcher] pause_gear.png -> max conf: 0.908 (needs 0.5, optimal scale: 0.80x)

[STEP 45] 开始执行动作...
[ACTION] AI决定: 选卡 4 -> 放入网格(3,1) -> 朝向 0
         坐标映射: 拖拽从(655,650)至(500,270) -> 方向滑动至(500,120)
[ACTION] ⛔ Fast-Fail! 目标网格(3,1)非绿色高亮(绿像素:0)。取消拖拽。
[REWARD] 执行前血条数: 8 -> 最终确认血条数: 0
[REWARD] ⛔ 非法区域/无费用，已被 CV 阻断。奖励 -0.5 (连续无作为: 1次)
[TemplateMatcher] pause_gear.png -> max conf: 0.907 (needs 0.5, optimal scale: 0.80x)

[STEP 46] 开始执行动作...
[ACTION] AI决定: 选卡 1 -> 放入网格(2,0) -> 朝向 2
         坐标映射: 拖拽从(385,650)至(400,190) -> 方向滑动至(250,190)
[ACTION] ⛔ Fast-Fail! 目标网格(2,0)非绿色高亮(绿像素:4)。取消拖拽。
[REWARD] 执行前血条数: 7 -> 最终确认血条数: 0
[REWARD] ⛔ 非法区域/无费用，已被 CV 阻断。奖励 -0.5 (连续无作为: 2次)
[TemplateMatcher] pause_gear.png -> max conf: 0.908 (needs 0.5, optimal scale: 0.80x)

[STEP 47] 开始执行动作...
[ACTION] AI决定: 选卡 3 -> 放入网格(9,4) -> 朝向 1
         坐标映射: 拖拽从(565,650)至(1100,510) -> 方向滑动至(1100,660)
[ACTION] ⛔ Fast-Fail! 目标网格(9,4)非绿色高亮(绿像素:0)。取消拖拽。
[REWARD] 执行前血条数: 8 -> 最终确认血条数: 0
[REWARD] ⛔ 非法区域/无费用，已被 CV 阻断。奖励 -0.5 (连续无作为: 3次)
[TemplateMatcher] pause_gear.png -> max conf: 0.907 (needs 0.5, optimal scale: 0.80x)

[STEP 48] 开始执行动作...
[ACTION] AI决定: 选卡 9 -> 放入网格(0,3) -> 朝向 3
         坐标映射: 拖拽从(1105,650)至(200,430) -> 方向滑动至(350,430)
[ACTION] ⛔ Fast-Fail! 目标网格(0,3)非绿色高亮(绿像素:0)。取消拖拽。
[REWARD] 执行前血条数: 8 -> 最终确认血条数: 0
[REWARD] ⛔ 非法区域/无费用，已被 CV 阻断。奖励 -0.5 (连续无作为: 4次)
[TemplateMatcher] pause_gear.png -> max conf: 0.908 (needs 0.5, optimal scale: 0.80x)

[STEP 49] 开始执行动作...
[ACTION] AI决定: 💤 挂机 (Skip / Wait for Cost)
[REWARD] 执行前血条数: 8 -> 最终确认血条数: 0
[REWARD] 💤 AI 主动挂机等费用，只扣除微小时间惩罚 -0.01
[TemplateMatcher] pause_gear.png -> max conf: 0.908 (needs 0.5, optimal scale: 0.80x)

[STEP 50] 开始执行动作...
[ACTION] AI决定: 选卡 8 -> 放入网格(9,2) -> 朝向 3
         坐标映射: 拖拽从(1015,650)至(1100,350) -> 方向滑动至(1250,350)
[ACTION] ✅ CV校验通过！网格(9,2)具有高亮绿色(像素:861)，准许拖拽。
[REWARD] 动作已执行，开始 3 次心跳检测 (间隔 0.2s)...
[REWARD] ✅ 第 1 次检测命中目标干员血条！
[REWARD] 执行前血条数: 8 -> 最终确认血条数: 9
[REWARD] 🎯 完美落子！部署点靠近敌人 (距离: 247.2)，奖励 +2.0
[REWARD] 🛡️ 背对敌人！(角度: 191.7°)，严厉惩罚 -3.0
[TemplateMatcher] pause_gear.png -> max conf: 0.908 (needs 0.5, optimal scale: 0.80x)

[STEP 51] 开始执行动作...
[ACTION] AI决定: 选卡 8 -> 放入网格(6,1) -> 朝向 3
         坐标映射: 拖拽从(1015,650)至(800,270) -> 方向滑动至(950,270)
[ACTION] ✅ CV校验通过！网格(6,1)具有高亮绿色(像素:411)，准许拖拽。
[REWARD] 动作已执行，开始 3 次心跳检测 (间隔 0.2s)...
[REWARD] ❌ 第 1 次未检测到目标血条...
[REWARD] ❌ 第 2 次未检测到目标血条...
[REWARD] ❌ 第 3 次未检测到目标血条...
[REWARD] 执行前血条数: 9 -> 最终确认血条数: 9
[REWARD] 部署失败，计算前后帧 MSE (均方误差) = 308.75
[REWARD] 动作无效，但游戏仍在进行(画面有变化)。奖励 -0.2 (已清空无作为计数器)
[TemplateMatcher] pause_gear.png -> max conf: 0.908 (needs 0.5, optimal scale: 0.80x)

[STEP 52] 开始执行动作...
[ACTION] AI决定: 选卡 1 -> 放入网格(0,4) -> 朝向 3
         坐标映射: 拖拽从(385,650)至(200,510) -> 方向滑动至(350,510)
[ACTION] ⛔ Fast-Fail! 目标网格(0,4)非绿色高亮(绿像素:0)。取消拖拽。
[REWARD] 执行前血条数: 9 -> 最终确认血条数: 0
[REWARD] ⛔ 非法区域/无费用，已被 CV 阻断。奖励 -0.5 (连续无作为: 1次)
[TemplateMatcher] pause_gear.png -> max conf: 0.908 (needs 0.5, optimal scale: 0.80x)

[STEP 53] 开始执行动作...
[ACTION] AI决定: 💤 挂机 (Skip / Wait for Cost)
[REWARD] 执行前血条数: 9 -> 最终确认血条数: 0
[REWARD] 💤 AI 主动挂机等费用，只扣除微小时间惩罚 -0.01
[TemplateMatcher] pause_gear.png -> max conf: 0.908 (needs 0.5, optimal scale: 0.80x)

[STEP 54] 开始执行动作...
[ACTION] AI决定: 💤 挂机 (Skip / Wait for Cost)
[REWARD] 执行前血条数: 8 -> 最终确认血条数: 0
[REWARD] 💤 AI 主动挂机等费用，只扣除微小时间惩罚 -0.01
[TemplateMatcher] pause_gear.png -> max conf: 0.908 (needs 0.5, optimal scale: 0.80x)

[STEP 55] 开始执行动作...
[ACTION] AI决定: 选卡 2 -> 放入网格(5,1) -> 朝向 3
         坐标映射: 拖拽从(475,650)至(700,270) -> 方向滑动至(850,270)
[ACTION] ⛔ Fast-Fail! 目标网格(5,1)非绿色高亮(绿像素:0)。取消拖拽。
[REWARD] 执行前血条数: 9 -> 最终确认血条数: 0
[REWARD] ⛔ 非法区域/无费用，已被 CV 阻断。奖励 -0.5 (连续无作为: 1次)
[TemplateMatcher] pause_gear.png -> max conf: 0.908 (needs 0.5, optimal scale: 0.80x)

[STEP 56] 开始执行动作...
[ACTION] AI决定: 选卡 1 -> 放入网格(8,4) -> 朝向 3
         坐标映射: 拖拽从(385,650)至(1000,510) -> 方向滑动至(1150,510)
[ACTION] ⛔ Fast-Fail! 目标网格(8,4)非绿色高亮(绿像素:0)。取消拖拽。
[REWARD] 执行前血条数: 9 -> 最终确认血条数: 0
[REWARD] ⛔ 非法区域/无费用，已被 CV 阻断。奖励 -0.5 (连续无作为: 2次)
[TemplateMatcher] pause_gear.png -> max conf: 0.908 (needs 0.5, optimal scale: 0.80x)

[STEP 57] 开始执行动作...
[ACTION] AI决定: 选卡 8 -> 放入网格(6,4) -> 朝向 3
         坐标映射: 拖拽从(1015,650)至(800,510) -> 方向滑动至(950,510)
[ACTION] ⛔ Fast-Fail! 目标网格(6,4)非绿色高亮(绿像素:0)。取消拖拽。
[REWARD] 执行前血条数: 9 -> 最终确认血条数: 0
[REWARD] ⛔ 非法区域/无费用，已被 CV 阻断。奖励 -0.5 (连续无作为: 3次)
[TemplateMatcher] pause_gear.png -> max conf: 0.908 (needs 0.5, optimal scale: 0.80x)

[STEP 58] 开始执行动作...
[ACTION] AI决定: 选卡 7 -> 放入网格(8,4) -> 朝向 0
         坐标映射: 拖拽从(925,650)至(1000,510) -> 方向滑动至(1000,360)
[ACTION] ⛔ Fast-Fail! 目标网格(8,4)非绿色高亮(绿像素:0)。取消拖拽。
[REWARD] 执行前血条数: 8 -> 最终确认血条数: 0
[REWARD] ⛔ 非法区域/无费用，已被 CV 阻断。奖励 -0.5 (连续无作为: 4次)
[TemplateMatcher] pause_gear.png -> max conf: 0.908 (needs 0.5, optimal scale: 0.80x)

[STEP 59] 开始执行动作...
[ACTION] AI决定: 选卡 5 -> 放入网格(3,0) -> 朝向 0
         坐标映射: 拖拽从(745,650)至(500,190) -> 方向滑动至(500,40)
[ACTION] ⛔ Fast-Fail! 目标网格(3,0)非绿色高亮(绿像素:8)。取消拖拽。
[REWARD] 执行前血条数: 9 -> 最终确认血条数: 0
[REWARD] ⛔ 非法区域/无费用，已被 CV 阻断。奖励 -0.5 (连续无作为: 5次)
[TemplateMatcher] pause_gear.png -> max conf: 0.908 (needs 0.5, optimal scale: 0.80x)

[STEP 60] 开始执行动作...
[ACTION] AI决定: 选卡 8 -> 放入网格(0,1) -> 朝向 0
         坐标映射: 拖拽从(1015,650)至(200,270) -> 方向滑动至(200,120)
[ACTION] ⛔ Fast-Fail! 目标网格(0,1)非绿色高亮(绿像素:0)。取消拖拽。
[REWARD] 执行前血条数: 9 -> 最终确认血条数: 0
[REWARD] ⛔ 非法区域/无费用，已被 CV 阻断。奖励 -0.5 (连续无作为: 6次)
[TemplateMatcher] pause_gear.png -> max conf: 0.907 (needs 0.5, optimal scale: 0.80x)

[STEP 61] 开始执行动作...
[ACTION] AI决定: 选卡 9 -> 放入网格(5,2) -> 朝向 1
         坐标映射: 拖拽从(1105,650)至(700,350) -> 方向滑动至(700,500)
[ACTION] ✅ CV校验通过！网格(5,2)具有高亮绿色(像素:816)，准许拖拽。
[REWARD] 动作已执行，开始 3 次心跳检测 (间隔 0.2s)...
[REWARD] ✅ 第 1 次检测命中目标干员血条！
[REWARD] 执行前血条数: 9 -> 最终确认血条数: 9
[REWARD] 场上暂无移动目标，仅发放基础部署奖励 +1.0
[TemplateMatcher] pause_gear.png -> max conf: 0.908 (needs 0.5, optimal scale: 0.80x)

[STEP 62] 开始执行动作...
[ACTION] AI决定: 选卡 4 -> 放入网格(3,3) -> 朝向 0
         坐标映射: 拖拽从(655,650)至(500,430) -> 方向滑动至(500,280)
[ACTION] ⛔ Fast-Fail! 目标网格(3,3)非绿色高亮(绿像素:0)。取消拖拽。
[REWARD] 执行前血条数: 10 -> 最终确认血条数: 0
[REWARD] ⛔ 非法区域/无费用，已被 CV 阻断。奖励 -0.5 (连续无作为: 1次)
[TemplateMatcher] pause_gear.png -> max conf: 0.909 (needs 0.5, optimal scale: 0.80x)

[STEP 63] 开始执行动作...
[ACTION] AI决定: 选卡 5 -> 放入网格(9,3) -> 朝向 1
         坐标映射: 拖拽从(745,650)至(1100,430) -> 方向滑动至(1100,580)
[ACTION] ⛔ Fast-Fail! 目标网格(9,3)非绿色高亮(绿像素:0)。取消拖拽。
[REWARD] 执行前血条数: 10 -> 最终确认血条数: 0
[REWARD] ⛔ 非法区域/无费用，已被 CV 阻断。奖励 -0.5 (连续无作为: 2次)
[TemplateMatcher] pause_gear.png -> max conf: 0.908 (needs 0.5, optimal scale: 0.80x)
----------------------------
| time/              |     |
|    fps             | 0   |
|    iterations      | 1   |
|    time_elapsed    | 376 |
|    total_timesteps | 128 |
----------------------------

[STEP 64] 开始执行动作...
[ACTION] AI决定: 选卡 7 -> 放入网格(4,3) -> 朝向 2
         坐标映射: 拖拽从(925,650)至(600,430) -> 方向滑动至(450,430)
[ACTION] ⛔ Fast-Fail! 目标网格(4,3)非绿色高亮(绿像素:0)。取消拖拽。
[REWARD] 执行前血条数: 7 -> 最终确认血条数: 0
[REWARD] ⛔ 非法区域/无费用，已被 CV 阻断。奖励 -0.5 (连续无作为: 3次)
[TemplateMatcher] pause_gear.png -> max conf: 0.581 (needs 0.5, optimal scale: 0.90x)

[STEP 65] 开始执行动作...
[ACTION] AI决定: 选卡 0 -> 放入网格(4,3) -> 朝向 2
         坐标映射: 拖拽从(295,650)至(600,430) -> 方向滑动至(450,430)
[ACTION] ⛔ Fast-Fail! 目标网格(4,3)非绿色高亮(绿像素:0)。取消拖拽。
[REWARD] 执行前血条数: 10 -> 最终确认血条数: 0
[REWARD] ⛔ 非法区域/无费用，已被 CV 阻断。奖励 -0.5 (连续无作为: 4次)
[TemplateMatcher] pause_gear.png -> max conf: 0.000 (needs 0.5, optimal scale: 0.80x)
[ENV] ⚠️ 警告：未检测到右上角齿轮图标！(连续 1/3 次)

[STEP 66] 开始执行动作...
[ACTION] AI决定: 选卡 2 -> 放入网格(4,0) -> 朝向 3
         坐标映射: 拖拽从(475,650)至(600,190) -> 方向滑动至(750,190)
[ACTION] ⛔ Fast-Fail! 目标网格(4,0)非绿色高亮(绿像素:0)。取消拖拽。
[REWARD] 执行前血条数: 0 -> 最终确认血条数: 0
[REWARD] ⛔ 非法区域/无费用，已被 CV 阻断。奖励 -0.5 (连续无作为: 5次)
[TemplateMatcher] pause_gear.png -> max conf: 0.000 (needs 0.5, optimal scale: 0.80x)
[ENV] ⚠️ 警告：未检测到右上角齿轮图标！(连续 2/3 次)

[STEP 67] 开始执行动作...
[ACTION] AI决定: 选卡 6 -> 放入网格(7,4) -> 朝向 1
         坐标映射: 拖拽从(835,650)至(900,510) -> 方向滑动至(900,660)
[ACTION] ⛔ Fast-Fail! 目标网格(7,4)非绿色高亮(绿像素:0)。取消拖拽。
[REWARD] 执行前血条数: 0 -> 最终确认血条数: 0
[REWARD] ⛔ 非法区域/无费用，已被 CV 阻断。奖励 -0.5 (连续无作为: 6次)
[TemplateMatcher] pause_gear.png -> max conf: 0.000 (needs 0.5, optimal scale: 0.80x)
[ENV] ⚠️ 警告：未检测到右上角齿轮图标！(连续 3/3 次)
[ENV] 🚨 优先级 2 触发：连续 3 次未检测到战斗界面UI元素，判定游戏已结束！

================= 回合结束，开始自动重启关卡 =================
[TemplateMatcher] pause_gear.png -> max conf: 0.000 (needs 0.7, optimal scale: 0.80x)
[DEBUG] 未匹配 [pause_gear] (要求阈值 0.7)
[TemplateMatcher] start_action.png -> max conf: 0.000 (needs 0.45, optimal scale: 0.80x)
[DEBUG] 未匹配 [start_action] (要求阈值 0.45)
[TemplateMatcher] practice.png -> max conf: 0.000 (needs 0.5, optimal scale: 0.80x)
[DEBUG] 未匹配 [practice] (要求阈值 0.5)
[TemplateMatcher] stage_1_7.png -> max conf: 0.000 (needs 0.5, optimal scale: 0.80x)
[DEBUG] 未匹配 [stage_1_7] (要求阈值 0.5)
[RESET] 尝试跳过动画/寻找入口... (尝试 1/100)
[TemplateMatcher] pause_gear.png -> max conf: 0.620 (needs 0.7, optimal scale: 0.80x)
[DEBUG] 未匹配 [pause_gear] (要求阈值 0.7)
[TemplateMatcher] start_action.png -> max conf: 0.011 (needs 0.45, optimal scale: 0.80x)
[DEBUG] 未匹配 [start_action] (要求阈值 0.45)
[TemplateMatcher] practice.png -> max conf: 0.549 (needs 0.5, optimal scale: 0.85x)
[RESET] 找到 [practice] (置信度 0.55 >= 0.5)，点击 (708, 603)
[RESET] 点击演习按钮
[TemplateMatcher] pause_gear.png -> max conf: 0.620 (needs 0.7, optimal scale: 0.80x)
[DEBUG] 未匹配 [pause_gear] (要求阈值 0.7)
[TemplateMatcher] start_action.png -> max conf: 0.011 (needs 0.45, optimal scale: 0.80x)
[DEBUG] 未匹配 [start_action] (要求阈值 0.45)
[TemplateMatcher] practice.png -> max conf: 0.549 (needs 0.5, optimal scale: 0.85x)
[RESET] 找到 [practice] (置信度 0.55 >= 0.5)，点击 (708, 603)
[RESET] 点击演习按钮
[TemplateMatcher] pause_gear.png -> max conf: 0.490 (needs 0.7, optimal scale: 0.80x)
[DEBUG] 未匹配 [pause_gear] (要求阈值 0.7)
[TemplateMatcher] start_action.png -> max conf: -0.034 (needs 0.45, optimal scale: 0.80x)
[DEBUG] 未匹配 [start_action] (要求阈值 0.45)
[TemplateMatcher] practice.png -> max conf: 0.522 (needs 0.5, optimal scale: 0.80x)
[RESET] 找到 [practice] (置信度 0.52 >= 0.5)，点击 (533, 603)
[RESET] 点击演习按钮
[TemplateMatcher] pause_gear.png -> max conf: 0.490 (needs 0.7, optimal scale: 0.80x)
[DEBUG] 未匹配 [pause_gear] (要求阈值 0.7)
[TemplateMatcher] start_action.png -> max conf: -0.034 (needs 0.45, optimal scale: 0.80x)
[DEBUG] 未匹配 [start_action] (要求阈值 0.45)
[TemplateMatcher] practice.png -> max conf: 0.522 (needs 0.5, optimal scale: 0.80x)
[RESET] 找到 [practice] (置信度 0.52 >= 0.5)，点击 (533, 603)
[RESET] 点击演习按钮
[TemplateMatcher] pause_gear.png -> max conf: 0.490 (needs 0.7, optimal scale: 0.80x)
[DEBUG] 未匹配 [pause_gear] (要求阈值 0.7)
[TemplateMatcher] start_action.png -> max conf: -0.034 (needs 0.45, optimal scale: 0.80x)
[DEBUG] 未匹配 [start_action] (要求阈值 0.45)
[TemplateMatcher] practice.png -> max conf: 0.522 (needs 0.5, optimal scale: 0.80x)
[RESET] 找到 [practice] (置信度 0.52 >= 0.5)，点击 (533, 603)
[RESET] 点击演习按钮
[TemplateMatcher] pause_gear.png -> max conf: 0.473 (needs 0.7, optimal scale: 0.90x)
[DEBUG] 未匹配 [pause_gear] (要求阈值 0.7)
[TemplateMatcher] start_action.png -> max conf: 0.037 (needs 0.45, optimal scale: 0.80x)
[DEBUG] 未匹配 [start_action] (要求阈值 0.45)
[TemplateMatcher] practice.png -> max conf: 0.489 (needs 0.5, optimal scale: 0.85x)
[DEBUG] 未匹配 [practice] (要求阈值 0.5)
[TemplateMatcher] stage_1_7.png -> max conf: 0.712 (needs 0.5, optimal scale: 0.80x)
[RESET] 找到 [stage_1_7] (置信度 0.71 >= 0.5)，点击 (638, 224)
[RESET] 点击关卡 1-7 图标
[TemplateMatcher] pause_gear.png -> max conf: 0.612 (needs 0.7, optimal scale: 1.10x)
[DEBUG] 未匹配 [pause_gear] (要求阈值 0.7)
[TemplateMatcher] start_action.png -> max conf: 0.100 (needs 0.45, optimal scale: 0.80x)
[DEBUG] 未匹配 [start_action] (要求阈值 0.45)
[TemplateMatcher] practice.png -> max conf: 0.687 (needs 0.5, optimal scale: 0.80x)
[RESET] 找到 [practice] (置信度 0.69 >= 0.5)，点击 (935, 660)
[RESET] 点击演习按钮
[TemplateMatcher] pause_gear.png -> max conf: 0.470 (needs 0.7, optimal scale: 1.05x)
[DEBUG] 未匹配 [pause_gear] (要求阈值 0.7)
[TemplateMatcher] start_action.png -> max conf: 0.451 (needs 0.45, optimal scale: 0.80x)
[RESET] 找到 [start_action] (置信度 0.45 >= 0.45)，点击 (1101, 513)
[RESET] 点击开始行动，进入加载...
[TemplateMatcher] pause_gear.png -> max conf: 0.000 (needs 0.7, optimal scale: 0.80x)
[DEBUG] 未匹配 [pause_gear] (要求阈值 0.7)
[TemplateMatcher] start_action.png -> max conf: 0.000 (needs 0.45, optimal scale: 0.80x)
[DEBUG] 未匹配 [start_action] (要求阈值 0.45)
[TemplateMatcher] practice.png -> max conf: 0.000 (needs 0.5, optimal scale: 0.80x)
[DEBUG] 未匹配 [practice] (要求阈值 0.5)
[TemplateMatcher] stage_1_7.png -> max conf: 0.000 (needs 0.5, optimal scale: 0.80x)
[DEBUG] 未匹配 [stage_1_7] (要求阈值 0.5)
[RESET] 尝试跳过动画/寻找入口... (尝试 10/100)
[TemplateMatcher] pause_gear.png -> max conf: 0.000 (needs 0.7, optimal scale: 0.80x)
[DEBUG] 未匹配 [pause_gear] (要求阈值 0.7)
[TemplateMatcher] start_action.png -> max conf: 0.000 (needs 0.45, optimal scale: 0.80x)
[DEBUG] 未匹配 [start_action] (要求阈值 0.45)
[TemplateMatcher] practice.png -> max conf: 0.000 (needs 0.5, optimal scale: 0.80x)
[DEBUG] 未匹配 [practice] (要求阈值 0.5)
[TemplateMatcher] stage_1_7.png -> max conf: 0.000 (needs 0.5, optimal scale: 0.80x)
[DEBUG] 未匹配 [stage_1_7] (要求阈值 0.5)
[RESET] 尝试跳过动画/寻找入口... (尝试 11/100)
[TemplateMatcher] pause_gear.png -> max conf: 0.511 (needs 0.7, optimal scale: 1.20x)
[DEBUG] 未匹配 [pause_gear] (要求阈值 0.7)
[TemplateMatcher] start_action.png -> max conf: -0.063 (needs 0.45, optimal scale: 0.80x)
[DEBUG] 未匹配 [start_action] (要求阈值 0.45)
[TemplateMatcher] practice.png -> max conf: 0.379 (needs 0.5, optimal scale: 0.90x)
[DEBUG] 未匹配 [practice] (要求阈值 0.5)
[TemplateMatcher] stage_1_7.png -> max conf: 0.411 (needs 0.5, optimal scale: 0.90x)
[DEBUG] 未匹配 [stage_1_7] (要求阈值 0.5)
[RESET] 尝试跳过动画/寻找入口... (尝试 12/100)
[TemplateMatcher] pause_gear.png -> max conf: 0.511 (needs 0.7, optimal scale: 1.20x)
[DEBUG] 未匹配 [pause_gear] (要求阈值 0.7)
[TemplateMatcher] start_action.png -> max conf: -0.063 (needs 0.45, optimal scale: 0.80x)
[DEBUG] 未匹配 [start_action] (要求阈值 0.45)
[TemplateMatcher] practice.png -> max conf: 0.379 (needs 0.5, optimal scale: 0.90x)
[DEBUG] 未匹配 [practice] (要求阈值 0.5)
[TemplateMatcher] stage_1_7.png -> max conf: 0.411 (needs 0.5, optimal scale: 0.90x)
[DEBUG] 未匹配 [stage_1_7] (要求阈值 0.5)
[RESET] 尝试跳过动画/寻找入口... (尝试 13/100)
[TemplateMatcher] pause_gear.png -> max conf: 0.215 (needs 0.7, optimal scale: 1.20x)
[DEBUG] 未匹配 [pause_gear] (要求阈值 0.7)
[TemplateMatcher] start_action.png -> max conf: 0.224 (needs 0.45, optimal scale: 0.80x)
[DEBUG] 未匹配 [start_action] (要求阈值 0.45)
[TemplateMatcher] practice.png -> max conf: 0.333 (needs 0.5, optimal scale: 0.80x)
[DEBUG] 未匹配 [practice] (要求阈值 0.5)
[TemplateMatcher] stage_1_7.png -> max conf: 0.271 (needs 0.5, optimal scale: 0.80x)
[DEBUG] 未匹配 [stage_1_7] (要求阈值 0.5)
[RESET] 尝试跳过动画/寻找入口... (尝试 14/100)
[TemplateMatcher] pause_gear.png -> max conf: 0.211 (needs 0.7, optimal scale: 1.05x)
[DEBUG] 未匹配 [pause_gear] (要求阈值 0.7)
[TemplateMatcher] start_action.png -> max conf: 0.202 (needs 0.45, optimal scale: 0.80x)
[DEBUG] 未匹配 [start_action] (要求阈值 0.45)
[TemplateMatcher] practice.png -> max conf: 0.297 (needs 0.5, optimal scale: 0.80x)
[DEBUG] 未匹配 [practice] (要求阈值 0.5)
[TemplateMatcher] stage_1_7.png -> max conf: 0.277 (needs 0.5, optimal scale: 0.85x)
[DEBUG] 未匹配 [stage_1_7] (要求阈值 0.5)
[RESET] 尝试跳过动画/寻找入口... (尝试 15/100)
[TemplateMatcher] pause_gear.png -> max conf: 0.793 (needs 0.7, optimal scale: 0.80x)
[RESET] 找到 [pause_gear] (置信度 0.79 >= 0.7)，(仅检测，不点击)
[RESET] ✅ 检测到战斗画面右上角齿轮，重启成功！
================= 关卡重启流程结束 =================

--> [回合结束] 第 2 回合 | 奖励: -1.0 | 步数: 67

[STEP 1] 开始执行动作...
[ACTION] AI决定: 选卡 9 -> 放入网格(1,2) -> 朝向 3
         坐标映射: 拖拽从(1105,650)至(300,350) -> 方向滑动至(450,350)
[ACTION] ⛔ Fast-Fail! 目标网格(1,2)非绿色高亮(绿像素:0)。取消拖拽。
[REWARD] 执行前血条数: 0 -> 最终确认血条数: 0
[REWARD] ⛔ 非法区域/无费用，已被 CV 阻断。奖励 -0.5 (连续无作为: 7次)
[TemplateMatcher] pause_gear.png -> max conf: 0.907 (needs 0.5, optimal scale: 0.80x)

[STEP 2] 开始执行动作...
[ACTION] AI决定: 选卡 6 -> 放入网格(5,0) -> 朝向 2
         坐标映射: 拖拽从(835,650)至(700,190) -> 方向滑动至(550,190)
[ACTION] ✅ CV校验通过！网格(5,0)具有高亮绿色(像素:813)，准许拖拽。
[REWARD] 动作已执行，开始 3 次心跳检测 (间隔 0.2s)...
[REWARD] ❌ 第 1 次未检测到目标血条...
[REWARD] ❌ 第 2 次未检测到目标血条...
[REWARD] ❌ 第 3 次未检测到目标血条...
[REWARD] 执行前血条数: 0 -> 最终确认血条数: 0
[REWARD] 部署失败，计算前后帧 MSE (均方误差) = 168.83
[REWARD] 画面未发生明显变化(非法部署)。奖励 -0.5 (连续无作为: 8次)
[TemplateMatcher] pause_gear.png -> max conf: 0.908 (needs 0.5, optimal scale: 0.80x)

[STEP 3] 开始执行动作...
[ACTION] AI决定: 选卡 0 -> 放入网格(5,3) -> 朝向 1
         坐标映射: 拖拽从(295,650)至(700,430) -> 方向滑动至(700,580)
[ACTION] ⛔ Fast-Fail! 目标网格(5,3)非绿色高亮(绿像素:0)。取消拖拽。
[REWARD] 执行前血条数: 0 -> 最终确认血条数: 0
[REWARD] ⛔ 非法区域/无费用，已被 CV 阻断。奖励 -0.5 (连续无作为: 9次)
[TemplateMatcher] pause_gear.png -> max conf: 0.908 (needs 0.5, optimal scale: 0.80x)

[STEP 4] 开始执行动作...
[ACTION] AI决定: 选卡 5 -> 放入网格(1,1) -> 朝向 2
         坐标映射: 拖拽从(745,650)至(300,270) -> 方向滑动至(150,270)
[ACTION] ⛔ Fast-Fail! 目标网格(1,1)非绿色高亮(绿像素:0)。取消拖拽。
[REWARD] 执行前血条数: 0 -> 最终确认血条数: 0
[REWARD] ⛔ 非法区域/无费用，已被 CV 阻断。奖励 -0.5 (连续无作为: 10次)
[TemplateMatcher] pause_gear.png -> max conf: 0.907 (needs 0.5, optimal scale: 0.80x)

[STEP 5] 开始执行动作...
[ACTION] AI决定: 选卡 3 -> 放入网格(2,3) -> 朝向 0
         坐标映射: 拖拽从(565,650)至(400,430) -> 方向滑动至(400,280)
[ACTION] ⛔ Fast-Fail! 目标网格(2,3)非绿色高亮(绿像素:0)。取消拖拽。
[REWARD] 执行前血条数: 0 -> 最终确认血条数: 0
[REWARD] ⛔ 非法区域/无费用，已被 CV 阻断。奖励 -0.5 (连续无作为: 11次)
[TemplateMatcher] pause_gear.png -> max conf: 0.908 (needs 0.5, optimal scale: 0.80x)

[STEP 6] 开始执行动作...
[ACTION] AI决定: 选卡 4 -> 放入网格(0,3) -> 朝向 0
         坐标映射: 拖拽从(655,650)至(200,430) -> 方向滑动至(200,280)
[ACTION] ⛔ Fast-Fail! 目标网格(0,3)非绿色高亮(绿像素:0)。取消拖拽。
[REWARD] 执行前血条数: 0 -> 最终确认血条数: 0
[REWARD] ⛔ 非法区域/无费用，已被 CV 阻断。奖励 -0.5 (连续无作为: 12次)
[TemplateMatcher] pause_gear.png -> max conf: 0.908 (needs 0.5, optimal scale: 0.80x)

[STEP 7] 开始执行动作...
[ACTION] AI决定: 选卡 0 -> 放入网格(3,1) -> 朝向 0
         坐标映射: 拖拽从(295,650)至(500,270) -> 方向滑动至(500,120)
[ACTION] ✅ CV校验通过！网格(3,1)具有高亮绿色(像素:752)，准许拖拽。
[REWARD] 动作已执行，开始 3 次心跳检测 (间隔 0.2s)...
[REWARD] ✅ 第 1 次检测命中目标干员血条！
[REWARD] 执行前血条数: 0 -> 最终确认血条数: 1
[REWARD] 🛡️ 背对敌人！(角度: 70.5°)，严厉惩罚 -3.0
[TemplateMatcher] pause_gear.png -> max conf: 0.908 (needs 0.5, optimal scale: 0.80x)

[STEP 8] 开始执行动作...
[ACTION] AI决定: 选卡 6 -> 放入网格(5,2) -> 朝向 3
         坐标映射: 拖拽从(835,650)至(700,350) -> 方向滑动至(850,350)
[ACTION] ✅ CV校验通过！网格(5,2)具有高亮绿色(像素:815)，准许拖拽。
[REWARD] 动作已执行，开始 3 次心跳检测 (间隔 0.2s)...
[REWARD] ❌ 第 1 次未检测到目标血条...
[REWARD] ❌ 第 2 次未检测到目标血条...
[REWARD] ❌ 第 3 次未检测到目标血条...
[REWARD] 执行前血条数: 1 -> 最终确认血条数: 1
[REWARD] 部署失败，计算前后帧 MSE (均方误差) = 264.49
[REWARD] 画面未发生明显变化(非法部署)。奖励 -0.5 (连续无作为: 1次)
[TemplateMatcher] pause_gear.png -> max conf: 0.908 (needs 0.5, optimal scale: 0.80x)

[STEP 9] 开始执行动作...
[ACTION] AI决定: 选卡 6 -> 放入网格(8,0) -> 朝向 1
         坐标映射: 拖拽从(835,650)至(1000,190) -> 方向滑动至(1000,340)
[ACTION] ⛔ Fast-Fail! 目标网格(8,0)非绿色高亮(绿像素:0)。取消拖拽。
[REWARD] 执行前血条数: 1 -> 最终确认血条数: 0
[REWARD] ⛔ 非法区域/无费用，已被 CV 阻断。奖励 -0.5 (连续无作为: 2次)
[TemplateMatcher] pause_gear.png -> max conf: 0.908 (needs 0.5, optimal scale: 0.80x)

[STEP 10] 开始执行动作...
[ACTION] AI决定: 选卡 2 -> 放入网格(8,4) -> 朝向 1
         坐标映射: 拖拽从(475,650)至(1000,510) -> 方向滑动至(1000,660)
[ACTION] ⛔ Fast-Fail! 目标网格(8,4)非绿色高亮(绿像素:0)。取消拖拽。
[REWARD] 执行前血条数: 1 -> 最终确认血条数: 0
[REWARD] ⛔ 非法区域/无费用，已被 CV 阻断。奖励 -0.5 (连续无作为: 3次)
[TemplateMatcher] pause_gear.png -> max conf: 0.908 (needs 0.5, optimal scale: 0.80x)

[STEP 11] 开始执行动作...
[ACTION] AI决定: 选卡 0 -> 放入网格(9,3) -> 朝向 2
         坐标映射: 拖拽从(295,650)至(1100,430) -> 方向滑动至(950,430)
[ACTION] ✅ CV校验通过！网格(9,3)具有高亮绿色(像素:805)，准许拖拽。
[REWARD] 动作已执行，开始 3 次心跳检测 (间隔 0.2s)...
[REWARD] ❌ 第 1 次未检测到目标血条...
[REWARD] ❌ 第 2 次未检测到目标血条...
[REWARD] ❌ 第 3 次未检测到目标血条...
[REWARD] 执行前血条数: 1 -> 最终确认血条数: 1
[REWARD] 部署失败，计算前后帧 MSE (均方误差) = 347.79
[REWARD] 动作无效，但游戏仍在进行(画面有变化)。奖励 -0.2 (已清空无作为计数器)
[TemplateMatcher] pause_gear.png -> max conf: 0.908 (needs 0.5, optimal scale: 0.80x)

[STEP 12] 开始执行动作...
[ACTION] AI决定: 选卡 6 -> 放入网格(5,2) -> 朝向 0
         坐标映射: 拖拽从(835,650)至(700,350) -> 方向滑动至(700,200)
[ACTION] ✅ CV校验通过！网格(5,2)具有高亮绿色(像素:816)，准许拖拽。
[REWARD] 动作已执行，开始 3 次心跳检测 (间隔 0.2s)...
[REWARD] ✅ 第 1 次检测命中目标干员血条！
[REWARD] 执行前血条数: 1 -> 最终确认血条数: 2
[REWARD] 🎯 完美落子！部署点靠近敌人 (距离: 244.0)，奖励 +2.0
[REWARD] 🛡️ 背对敌人！(角度: 355.0°)，严厉惩罚 -3.0
[TemplateMatcher] pause_gear.png -> max conf: 0.908 (needs 0.5, optimal scale: 0.80x)

[STEP 13] 开始执行动作...
[ACTION] AI决定: 选卡 3 -> 放入网格(9,1) -> 朝向 1
         坐标映射: 拖拽从(565,650)至(1100,270) -> 方向滑动至(1100,420)
[ACTION] ⛔ Fast-Fail! 目标网格(9,1)非绿色高亮(绿像素:0)。取消拖拽。
[REWARD] 执行前血条数: 2 -> 最终确认血条数: 0
[REWARD] ⛔ 非法区域/无费用，已被 CV 阻断。奖励 -0.5 (连续无作为: 1次)
[TemplateMatcher] pause_gear.png -> max conf: 0.908 (needs 0.5, optimal scale: 0.80x)

[STEP 14] 开始执行动作...
[ACTION] AI决定: 选卡 9 -> 放入网格(5,2) -> 朝向 2
         坐标映射: 拖拽从(1105,650)至(700,350) -> 方向滑动至(550,350)
[ACTION] ⛔ Fast-Fail! 目标网格(5,2)非绿色高亮(绿像素:0)。取消拖拽。
[REWARD] 执行前血条数: 2 -> 最终确认血条数: 0
[REWARD] ⛔ 非法区域/无费用，已被 CV 阻断。奖励 -0.5 (连续无作为: 2次)
[TemplateMatcher] pause_gear.png -> max conf: 0.908 (needs 0.5, optimal scale: 0.80x)

[STEP 15] 开始执行动作...
[ACTION] AI决定: 选卡 5 -> 放入网格(7,3) -> 朝向 3
         坐标映射: 拖拽从(745,650)至(900,430) -> 方向滑动至(1050,430)
[ACTION] ✅ CV校验通过！网格(7,3)具有高亮绿色(像素:900)，准许拖拽。
[REWARD] 动作已执行，开始 3 次心跳检测 (间隔 0.2s)...
[REWARD] ❌ 第 1 次未检测到目标血条...
[REWARD] ❌ 第 2 次未检测到目标血条...
[REWARD] ❌ 第 3 次未检测到目标血条...
[REWARD] 执行前血条数: 2 -> 最终确认血条数: 2
[REWARD] 部署失败，计算前后帧 MSE (均方误差) = 226.97
[REWARD] 画面未发生明显变化(非法部署)。奖励 -0.5 (连续无作为: 3次)
[TemplateMatcher] pause_gear.png -> max conf: 0.908 (needs 0.5, optimal scale: 0.80x)

[STEP 16] 开始执行动作...
[ACTION] AI决定: 选卡 8 -> 放入网格(3,0) -> 朝向 3
         坐标映射: 拖拽从(1015,650)至(500,190) -> 方向滑动至(650,190)
[ACTION] ✅ CV校验通过！网格(3,0)具有高亮绿色(像素:900)，准许拖拽。
[REWARD] 动作已执行，开始 3 次心跳检测 (间隔 0.2s)...
[REWARD] ❌ 第 1 次未检测到目标血条...
[REWARD] ❌ 第 2 次未检测到目标血条...
[REWARD] ❌ 第 3 次未检测到目标血条...
[REWARD] 执行前血条数: 2 -> 最终确认血条数: 2
[REWARD] 部署失败，计算前后帧 MSE (均方误差) = 334.82
[REWARD] 动作无效，但游戏仍在进行(画面有变化)。奖励 -0.2 (已清空无作为计数器)
[TemplateMatcher] pause_gear.png -> max conf: 0.908 (needs 0.5, optimal scale: 0.80x)

[STEP 17] 开始执行动作...
[ACTION] AI决定: 选卡 8 -> 放入网格(1,0) -> 朝向 0
         坐标映射: 拖拽从(1015,650)至(300,190) -> 方向滑动至(300,40)
[ACTION] ⛔ Fast-Fail! 目标网格(1,0)非绿色高亮(绿像素:0)。取消拖拽。
[REWARD] 执行前血条数: 2 -> 最终确认血条数: 0
[REWARD] ⛔ 非法区域/无费用，已被 CV 阻断。奖励 -0.5 (连续无作为: 1次)
[TemplateMatcher] pause_gear.png -> max conf: 0.908 (needs 0.5, optimal scale: 0.80x)

[STEP 18] 开始执行动作...
[ACTION] AI决定: 选卡 9 -> 放入网格(4,3) -> 朝向 1
         坐标映射: 拖拽从(1105,650)至(600,430) -> 方向滑动至(600,580)
[ACTION] ✅ CV校验通过！网格(4,3)具有高亮绿色(像素:900)，准许拖拽。
[REWARD] 动作已执行，开始 3 次心跳检测 (间隔 0.2s)...
[REWARD] ❌ 第 1 次未检测到目标血条...
[REWARD] ❌ 第 2 次未检测到目标血条...
[REWARD] ❌ 第 3 次未检测到目标血条...
[REWARD] 执行前血条数: 2 -> 最终确认血条数: 2
[REWARD] 部署失败，计算前后帧 MSE (均方误差) = 266.18
[REWARD] 画面未发生明显变化(非法部署)。奖励 -0.5 (连续无作为: 2次)
[TemplateMatcher] pause_gear.png -> max conf: 0.908 (needs 0.5, optimal scale: 0.80x)

[STEP 19] 开始执行动作...
[ACTION] AI决定: 选卡 0 -> 放入网格(5,3) -> 朝向 1
         坐标映射: 拖拽从(295,650)至(700,430) -> 方向滑动至(700,580)
[ACTION] ⛔ Fast-Fail! 目标网格(5,3)非绿色高亮(绿像素:0)。取消拖拽。
[REWARD] 执行前血条数: 2 -> 最终确认血条数: 0
[REWARD] ⛔ 非法区域/无费用，已被 CV 阻断。奖励 -0.5 (连续无作为: 3次)
[TemplateMatcher] pause_gear.png -> max conf: 0.908 (needs 0.5, optimal scale: 0.80x)

[STEP 20] 开始执行动作...
[ACTION] AI决定: 选卡 9 -> 放入网格(9,0) -> 朝向 3
         坐标映射: 拖拽从(1105,650)至(1100,190) -> 方向滑动至(1250,190)
[ACTION] ⛔ Fast-Fail! 目标网格(9,0)非绿色高亮(绿像素:0)。取消拖拽。
[REWARD] 执行前血条数: 2 -> 最终确认血条数: 0
[REWARD] ⛔ 非法区域/无费用，已被 CV 阻断。奖励 -0.5 (连续无作为: 4次)
[TemplateMatcher] pause_gear.png -> max conf: 0.908 (needs 0.5, optimal scale: 0.80x)

[STEP 21] 开始执行动作...
[ACTION] AI决定: 选卡 0 -> 放入网格(2,1) -> 朝向 1
         坐标映射: 拖拽从(295,650)至(400,270) -> 方向滑动至(400,420)
[ACTION] ⛔ Fast-Fail! 目标网格(2,1)非绿色高亮(绿像素:0)。取消拖拽。
[REWARD] 执行前血条数: 2 -> 最终确认血条数: 0
[REWARD] ⛔ 非法区域/无费用，已被 CV 阻断。奖励 -0.5 (连续无作为: 5次)
[TemplateMatcher] pause_gear.png -> max conf: 0.907 (needs 0.5, optimal scale: 0.80x)

[STEP 22] 开始执行动作...
[ACTION] AI决定: 选卡 9 -> 放入网格(5,2) -> 朝向 3
         坐标映射: 拖拽从(1105,650)至(700,350) -> 方向滑动至(850,350)
[ACTION] ⛔ Fast-Fail! 目标网格(5,2)非绿色高亮(绿像素:0)。取消拖拽。
[REWARD] 执行前血条数: 2 -> 最终确认血条数: 0
[REWARD] ⛔ 非法区域/无费用，已被 CV 阻断。奖励 -0.5 (连续无作为: 6次)
[TemplateMatcher] pause_gear.png -> max conf: 0.908 (needs 0.5, optimal scale: 0.80x)

[STEP 23] 开始执行动作...
[ACTION] AI决定: 选卡 6 -> 放入网格(5,2) -> 朝向 3
         坐标映射: 拖拽从(835,650)至(700,350) -> 方向滑动至(850,350)
[ACTION] ⛔ Fast-Fail! 目标网格(5,2)非绿色高亮(绿像素:0)。取消拖拽。
[REWARD] 执行前血条数: 2 -> 最终确认血条数: 0
[REWARD] ⛔ 非法区域/无费用，已被 CV 阻断。奖励 -0.5 (连续无作为: 7次)
[TemplateMatcher] pause_gear.png -> max conf: 0.908 (needs 0.5, optimal scale: 0.80x)

[STEP 24] 开始执行动作...
[ACTION] AI决定: 选卡 2 -> 放入网格(1,2) -> 朝向 0
         坐标映射: 拖拽从(475,650)至(300,350) -> 方向滑动至(300,200)
[ACTION] ⛔ Fast-Fail! 目标网格(1,2)非绿色高亮(绿像素:0)。取消拖拽。
[REWARD] 执行前血条数: 2 -> 最终确认血条数: 0
[REWARD] ⛔ 非法区域/无费用，已被 CV 阻断。奖励 -0.5 (连续无作为: 8次)
[TemplateMatcher] pause_gear.png -> max conf: 0.908 (needs 0.5, optimal scale: 0.80x)

[STEP 25] 开始执行动作...
[ACTION] AI决定: 选卡 1 -> 放入网格(9,0) -> 朝向 2
         坐标映射: 拖拽从(385,650)至(1100,190) -> 方向滑动至(950,190)
[ACTION] ⛔ Fast-Fail! 目标网格(9,0)非绿色高亮(绿像素:0)。取消拖拽。
[REWARD] 执行前血条数: 2 -> 最终确认血条数: 0
[REWARD] ⛔ 非法区域/无费用，已被 CV 阻断。奖励 -0.5 (连续无作为: 9次)
[TemplateMatcher] pause_gear.png -> max conf: 0.908 (needs 0.5, optimal scale: 0.80x)

[STEP 26] 开始执行动作...
[ACTION] AI决定: 选卡 6 -> 放入网格(8,2) -> 朝向 3
         坐标映射: 拖拽从(835,650)至(1000,350) -> 方向滑动至(1150,350)
[ACTION] ✅ CV校验通过！网格(8,2)具有高亮绿色(像素:78)，准许拖拽。
[REWARD] 动作已执行，开始 3 次心跳检测 (间隔 0.2s)...
[REWARD] ❌ 第 1 次未检测到目标血条...
[REWARD] ❌ 第 2 次未检测到目标血条...
[REWARD] ❌ 第 3 次未检测到目标血条...
[REWARD] 执行前血条数: 2 -> 最终确认血条数: 2
[REWARD] 部署失败，计算前后帧 MSE (均方误差) = 294.47
[REWARD] 画面未发生明显变化(非法部署)。奖励 -0.5 (连续无作为: 10次)
[TemplateMatcher] pause_gear.png -> max conf: 0.908 (needs 0.5, optimal scale: 0.80x)

[STEP 27] 开始执行动作...
[ACTION] AI决定: 💤 挂机 (Skip / Wait for Cost)
[REWARD] 执行前血条数: 2 -> 最终确认血条数: 0
[REWARD] 💤 AI 主动挂机等费用，只扣除微小时间惩罚 -0.01
[TemplateMatcher] pause_gear.png -> max conf: 0.908 (needs 0.5, optimal scale: 0.80x)

[STEP 28] 开始执行动作...
[ACTION] AI决定: 选卡 8 -> 放入网格(7,2) -> 朝向 3
         坐标映射: 拖拽从(1015,650)至(900,350) -> 方向滑动至(1050,350)
[ACTION] ✅ CV校验通过！网格(7,2)具有高亮绿色(像素:562)，准许拖拽。
[REWARD] 动作已执行，开始 3 次心跳检测 (间隔 0.2s)...
[REWARD] ❌ 第 1 次未检测到目标血条...
[REWARD] ❌ 第 2 次未检测到目标血条...
[REWARD] ❌ 第 3 次未检测到目标血条...
[REWARD] 执行前血条数: 2 -> 最终确认血条数: 2
[REWARD] 部署失败，计算前后帧 MSE (均方误差) = 231.10
[REWARD] 画面未发生明显变化(非法部署)。奖励 -0.5 (连续无作为: 1次)
[TemplateMatcher] pause_gear.png -> max conf: 0.908 (needs 0.5, optimal scale: 0.80x)

[STEP 29] 开始执行动作...
[ACTION] AI决定: 选卡 9 -> 放入网格(3,2) -> 朝向 1
         坐标映射: 拖拽从(1105,650)至(500,350) -> 方向滑动至(500,500)
[ACTION] ✅ CV校验通过！网格(3,2)具有高亮绿色(像素:362)，准许拖拽。
[REWARD] 动作已执行，开始 3 次心跳检测 (间隔 0.2s)...
[REWARD] ❌ 第 1 次未检测到目标血条...
[REWARD] ❌ 第 2 次未检测到目标血条...
[REWARD] ❌ 第 3 次未检测到目标血条...
[REWARD] 执行前血条数: 2 -> 最终确认血条数: 2
[REWARD] 部署失败，计算前后帧 MSE (均方误差) = 235.38
[REWARD] 画面未发生明显变化(非法部署)。奖励 -0.5 (连续无作为: 2次)
[TemplateMatcher] pause_gear.png -> max conf: 0.908 (needs 0.5, optimal scale: 0.80x)

[STEP 30] 开始执行动作...
[ACTION] AI决定: 选卡 5 -> 放入网格(1,4) -> 朝向 1
         坐标映射: 拖拽从(745,650)至(300,510) -> 方向滑动至(300,660)
[ACTION] ⛔ Fast-Fail! 目标网格(1,4)非绿色高亮(绿像素:0)。取消拖拽。
[REWARD] 执行前血条数: 2 -> 最终确认血条数: 0
[REWARD] ⛔ 非法区域/无费用，已被 CV 阻断。奖励 -0.5 (连续无作为: 3次)
[TemplateMatcher] pause_gear.png -> max conf: 0.908 (needs 0.5, optimal scale: 0.80x)

[STEP 31] 开始执行动作...
[ACTION] AI决定: 选卡 2 -> 放入网格(7,0) -> 朝向 3
         坐标映射: 拖拽从(475,650)至(900,190) -> 方向滑动至(1050,190)
[ACTION] ✅ CV校验通过！网格(7,0)具有高亮绿色(像素:755)，准许拖拽。
[REWARD] 动作已执行，开始 3 次心跳检测 (间隔 0.2s)...
[REWARD] ❌ 第 1 次未检测到目标血条...
[REWARD] ❌ 第 2 次未检测到目标血条...
[REWARD] ❌ 第 3 次未检测到目标血条...
[REWARD] 执行前血条数: 2 -> 最终确认血条数: 2
[REWARD] 部署失败，计算前后帧 MSE (均方误差) = 326.34
[REWARD] 动作无效，但游戏仍在进行(画面有变化)。奖励 -0.2 (已清空无作为计数器)
[TemplateMatcher] pause_gear.png -> max conf: 0.908 (needs 0.5, optimal scale: 0.80x)

[STEP 32] 开始执行动作...
[ACTION] AI决定: 选卡 0 -> 放入网格(2,4) -> 朝向 1
         坐标映射: 拖拽从(295,650)至(400,510) -> 方向滑动至(400,660)
[ACTION] ⛔ Fast-Fail! 目标网格(2,4)非绿色高亮(绿像素:0)。取消拖拽。
[REWARD] 执行前血条数: 2 -> 最终确认血条数: 0
[REWARD] ⛔ 非法区域/无费用，已被 CV 阻断。奖励 -0.5 (连续无作为: 1次)
[TemplateMatcher] pause_gear.png -> max conf: 0.908 (needs 0.5, optimal scale: 0.80x)

[STEP 33] 开始执行动作...
[ACTION] AI决定: 💤 挂机 (Skip / Wait for Cost)
[REWARD] 执行前血条数: 2 -> 最终确认血条数: 0
[REWARD] 💤 AI 主动挂机等费用，只扣除微小时间惩罚 -0.01
[TemplateMatcher] pause_gear.png -> max conf: 0.908 (needs 0.5, optimal scale: 0.80x)

[STEP 34] 开始执行动作...
[ACTION] AI决定: 选卡 0 -> 放入网格(8,3) -> 朝向 0
         坐标映射: 拖拽从(295,650)至(1000,430) -> 方向滑动至(1000,280)
[ACTION] ⛔ Fast-Fail! 目标网格(8,3)非绿色高亮(绿像素:0)。取消拖拽。
[REWARD] 执行前血条数: 2 -> 最终确认血条数: 0
[REWARD] ⛔ 非法区域/无费用，已被 CV 阻断。奖励 -0.5 (连续无作为: 1次)
[TemplateMatcher] pause_gear.png -> max conf: 0.907 (needs 0.5, optimal scale: 0.80x)

[STEP 35] 开始执行动作...
[ACTION] AI决定: 选卡 8 -> 放入网格(2,3) -> 朝向 2
         坐标映射: 拖拽从(1015,650)至(400,430) -> 方向滑动至(250,430)
[ACTION] ⛔ Fast-Fail! 目标网格(2,3)非绿色高亮(绿像素:0)。取消拖拽。
[REWARD] 执行前血条数: 2 -> 最终确认血条数: 0
[REWARD] ⛔ 非法区域/无费用，已被 CV 阻断。奖励 -0.5 (连续无作为: 2次)
[TemplateMatcher] pause_gear.png -> max conf: 0.908 (needs 0.5, optimal scale: 0.80x)

[STEP 36] 开始执行动作...
[ACTION] AI决定: 选卡 2 -> 放入网格(1,2) -> 朝向 1
         坐标映射: 拖拽从(475,650)至(300,350) -> 方向滑动至(300,500)
[ACTION] ⛔ Fast-Fail! 目标网格(1,2)非绿色高亮(绿像素:0)。取消拖拽。
[REWARD] 执行前血条数: 2 -> 最终确认血条数: 0
[REWARD] ⛔ 非法区域/无费用，已被 CV 阻断。奖励 -0.5 (连续无作为: 3次)
[TemplateMatcher] pause_gear.png -> max conf: 0.908 (needs 0.5, optimal scale: 0.80x)

[STEP 37] 开始执行动作...
[ACTION] AI决定: 选卡 2 -> 放入网格(0,0) -> 朝向 0
         坐标映射: 拖拽从(475,650)至(200,190) -> 方向滑动至(200,40)
[ACTION] ⛔ Fast-Fail! 目标网格(0,0)非绿色高亮(绿像素:0)。取消拖拽。
[REWARD] 执行前血条数: 2 -> 最终确认血条数: 0
[REWARD] ⛔ 非法区域/无费用，已被 CV 阻断。奖励 -0.5 (连续无作为: 4次)
[TemplateMatcher] pause_gear.png -> max conf: 0.908 (needs 0.5, optimal scale: 0.80x)

[STEP 38] 开始执行动作...
[ACTION] AI决定: 选卡 6 -> 放入网格(3,4) -> 朝向 2
         坐标映射: 拖拽从(835,650)至(500,510) -> 方向滑动至(350,510)
[ACTION] ⛔ Fast-Fail! 目标网格(3,4)非绿色高亮(绿像素:0)。取消拖拽。
[REWARD] 执行前血条数: 2 -> 最终确认血条数: 0
[REWARD] ⛔ 非法区域/无费用，已被 CV 阻断。奖励 -0.5 (连续无作为: 5次)
[TemplateMatcher] pause_gear.png -> max conf: 0.908 (needs 0.5, optimal scale: 0.80x)

[STEP 39] 开始执行动作...
[ACTION] AI决定: 选卡 9 -> 放入网格(8,3) -> 朝向 1
         坐标映射: 拖拽从(1105,650)至(1000,430) -> 方向滑动至(1000,580)
[ACTION] ⛔ Fast-Fail! 目标网格(8,3)非绿色高亮(绿像素:0)。取消拖拽。
[REWARD] 执行前血条数: 2 -> 最终确认血条数: 0
[REWARD] ⛔ 非法区域/无费用，已被 CV 阻断。奖励 -0.5 (连续无作为: 6次)
[TemplateMatcher] pause_gear.png -> max conf: 0.908 (needs 0.5, optimal scale: 0.80x)

[STEP 40] 开始执行动作...
[ACTION] AI决定: 选卡 1 -> 放入网格(6,3) -> 朝向 3
         坐标映射: 拖拽从(385,650)至(800,430) -> 方向滑动至(950,430)
[ACTION] ✅ CV校验通过！网格(6,3)具有高亮绿色(像素:900)，准许拖拽。
[REWARD] 动作已执行，开始 3 次心跳检测 (间隔 0.2s)...
[REWARD] ✅ 第 1 次检测命中目标干员血条！
[REWARD] 执行前血条数: 2 -> 最终确认血条数: 3
[REWARD] 🎯 完美落子！部署点靠近敌人 (距离: 186.4)，奖励 +2.0
[REWARD] ⚔️ 完美朝向！正对敌人 (角度: 24.0°)，巨额奖励 +8.0
[TemplateMatcher] pause_gear.png -> max conf: 0.908 (needs 0.5, optimal scale: 0.80x)

[STEP 41] 开始执行动作...
[ACTION] AI决定: 选卡 8 -> 放入网格(2,4) -> 朝向 3
         坐标映射: 拖拽从(1015,650)至(400,510) -> 方向滑动至(550,510)
[ACTION] ⛔ Fast-Fail! 目标网格(2,4)非绿色高亮(绿像素:0)。取消拖拽。
[REWARD] 执行前血条数: 3 -> 最终确认血条数: 0
[REWARD] ⛔ 非法区域/无费用，已被 CV 阻断。奖励 -0.5 (连续无作为: 1次)
[TemplateMatcher] pause_gear.png -> max conf: 0.908 (needs 0.5, optimal scale: 0.80x)

[STEP 42] 开始执行动作...
[ACTION] AI决定: 选卡 2 -> 放入网格(1,2) -> 朝向 0
         坐标映射: 拖拽从(475,650)至(300,350) -> 方向滑动至(300,200)
[ACTION] ⛔ Fast-Fail! 目标网格(1,2)非绿色高亮(绿像素:0)。取消拖拽。
[REWARD] 执行前血条数: 3 -> 最终确认血条数: 0
[REWARD] ⛔ 非法区域/无费用，已被 CV 阻断。奖励 -0.5 (连续无作为: 2次)
[TemplateMatcher] pause_gear.png -> max conf: 0.908 (needs 0.5, optimal scale: 0.80x)

[STEP 43] 开始执行动作...
[ACTION] AI决定: 选卡 3 -> 放入网格(3,2) -> 朝向 0
         坐标映射: 拖拽从(565,650)至(500,350) -> 方向滑动至(500,200)
[ACTION] ✅ CV校验通过！网格(3,2)具有高亮绿色(像素:69)，准许拖拽。
[REWARD] 动作已执行，开始 3 次心跳检测 (间隔 0.2s)...
[REWARD] ❌ 第 1 次未检测到目标血条...
[REWARD] ❌ 第 2 次未检测到目标血条...
[REWARD] ❌ 第 3 次未检测到目标血条...
[REWARD] 执行前血条数: 3 -> 最终确认血条数: 3
[REWARD] 部署失败，计算前后帧 MSE (均方误差) = 257.59
[REWARD] 画面未发生明显变化(非法部署)。奖励 -0.5 (连续无作为: 3次)
[TemplateMatcher] pause_gear.png -> max conf: 0.908 (needs 0.5, optimal scale: 0.80x)

[STEP 44] 开始执行动作...
[ACTION] AI决定: 选卡 1 -> 放入网格(7,2) -> 朝向 1
         坐标映射: 拖拽从(385,650)至(900,350) -> 方向滑动至(900,500)
[ACTION] ✅ CV校验通过！网格(7,2)具有高亮绿色(像素:283)，准许拖拽。
[REWARD] 动作已执行，开始 3 次心跳检测 (间隔 0.2s)...
[REWARD] ❌ 第 1 次未检测到目标血条...
[REWARD] ❌ 第 2 次未检测到目标血条...
[REWARD] ❌ 第 3 次未检测到目标血条...
[REWARD] 执行前血条数: 3 -> 最终确认血条数: 3
[REWARD] 部署失败，计算前后帧 MSE (均方误差) = 490.16
[REWARD] 动作无效，但游戏仍在进行(画面有变化)。奖励 -0.2 (已清空无作为计数器)
[TemplateMatcher] pause_gear.png -> max conf: 0.908 (needs 0.5, optimal scale: 0.80x)

[STEP 45] 开始执行动作...
[ACTION] AI决定: 选卡 0 -> 放入网格(8,1) -> 朝向 2
         坐标映射: 拖拽从(295,650)至(1000,270) -> 方向滑动至(850,270)
[ACTION] ✅ CV校验通过！网格(8,1)具有高亮绿色(像素:582)，准许拖拽。
[REWARD] 动作已执行，开始 3 次心跳检测 (间隔 0.2s)...
[REWARD] ❌ 第 1 次未检测到目标血条...
[REWARD] ❌ 第 2 次未检测到目标血条...
[REWARD] ❌ 第 3 次未检测到目标血条...
[REWARD] 执行前血条数: 3 -> 最终确认血条数: 3
[REWARD] 部署失败，计算前后帧 MSE (均方误差) = 288.90
[REWARD] 画面未发生明显变化(非法部署)。奖励 -0.5 (连续无作为: 1次)
[TemplateMatcher] pause_gear.png -> max conf: 0.908 (needs 0.5, optimal scale: 0.80x)

[STEP 46] 开始执行动作...
[ACTION] AI决定: 💤 挂机 (Skip / Wait for Cost)
[REWARD] 执行前血条数: 3 -> 最终确认血条数: 0
[REWARD] 💤 AI 主动挂机等费用，只扣除微小时间惩罚 -0.01
[TemplateMatcher] pause_gear.png -> max conf: 0.908 (needs 0.5, optimal scale: 0.80x)

[STEP 47] 开始执行动作...
[ACTION] AI决定: 选卡 9 -> 放入网格(5,0) -> 朝向 1
         坐标映射: 拖拽从(1105,650)至(700,190) -> 方向滑动至(700,340)
[ACTION] ✅ CV校验通过！网格(5,0)具有高亮绿色(像素:369)，准许拖拽。
[REWARD] 动作已执行，开始 3 次心跳检测 (间隔 0.2s)...
[REWARD] ✅ 第 1 次检测命中目标干员血条！
[REWARD] 执行前血条数: 3 -> 最终确认血条数: 4
[REWARD] 🎯 完美落子！部署点靠近敌人 (距离: 147.6)，奖励 +2.0
[REWARD] 🛡️ 背对敌人！(角度: 233.1°)，严厉惩罚 -3.0
[TemplateMatcher] pause_gear.png -> max conf: 0.908 (needs 0.5, optimal scale: 0.80x)

[STEP 48] 开始执行动作...
[ACTION] AI决定: 选卡 9 -> 放入网格(5,2) -> 朝向 0
         坐标映射: 拖拽从(1105,650)至(700,350) -> 方向滑动至(700,200)
[ACTION] ✅ CV校验通过！网格(5,2)具有高亮绿色(像素:28)，准许拖拽。
[REWARD] 动作已执行，开始 3 次心跳检测 (间隔 0.2s)...
[REWARD] ❌ 第 1 次未检测到目标血条...
[REWARD] ❌ 第 2 次未检测到目标血条...
[REWARD] ❌ 第 3 次未检测到目标血条...
[REWARD] 执行前血条数: 4 -> 最终确认血条数: 4
[REWARD] 部署失败，计算前后帧 MSE (均方误差) = 309.99
[REWARD] 动作无效，但游戏仍在进行(画面有变化)。奖励 -0.2 (已清空无作为计数器)
[TemplateMatcher] pause_gear.png -> max conf: 0.908 (needs 0.5, optimal scale: 0.80x)

[STEP 49] 开始执行动作...
[ACTION] AI决定: 选卡 1 -> 放入网格(4,2) -> 朝向 1
         坐标映射: 拖拽从(385,650)至(600,350) -> 方向滑动至(600,500)
[ACTION] ✅ CV校验通过！网格(4,2)具有高亮绿色(像素:867)，准许拖拽。
[REWARD] 动作已执行，开始 3 次心跳检测 (间隔 0.2s)...
[REWARD] ❌ 第 1 次未检测到目标血条...
[REWARD] ❌ 第 2 次未检测到目标血条...
[REWARD] ❌ 第 3 次未检测到目标血条...
[REWARD] 执行前血条数: 4 -> 最终确认血条数: 4
[REWARD] 部署失败，计算前后帧 MSE (均方误差) = 223.56
[REWARD] 画面未发生明显变化(非法部署)。奖励 -0.5 (连续无作为: 1次)
[TemplateMatcher] pause_gear.png -> max conf: 0.908 (needs 0.5, optimal scale: 0.80x)

[STEP 50] 开始执行动作...
[ACTION] AI决定: 选卡 9 -> 放入网格(2,4) -> 朝向 1
         坐标映射: 拖拽从(1105,650)至(400,510) -> 方向滑动至(400,660)
[ACTION] ⛔ Fast-Fail! 目标网格(2,4)非绿色高亮(绿像素:0)。取消拖拽。
[REWARD] 执行前血条数: 4 -> 最终确认血条数: 0
[REWARD] ⛔ 非法区域/无费用，已被 CV 阻断。奖励 -0.5 (连续无作为: 2次)
[TemplateMatcher] pause_gear.png -> max conf: 0.908 (needs 0.5, optimal scale: 0.80x)

[STEP 51] 开始执行动作...
[ACTION] AI决定: 选卡 9 -> 放入网格(8,3) -> 朝向 1
         坐标映射: 拖拽从(1105,650)至(1000,430) -> 方向滑动至(1000,580)
[ACTION] ✅ CV校验通过！网格(8,3)具有高亮绿色(像素:894)，准许拖拽。
[REWARD] 动作已执行，开始 3 次心跳检测 (间隔 0.2s)...
[REWARD] ❌ 第 1 次未检测到目标血条...
[REWARD] ❌ 第 2 次未检测到目标血条...
[REWARD] ❌ 第 3 次未检测到目标血条...
[REWARD] 执行前血条数: 4 -> 最终确认血条数: 4
[REWARD] 部署失败，计算前后帧 MSE (均方误差) = 226.47
[REWARD] 画面未发生明显变化(非法部署)。奖励 -0.5 (连续无作为: 3次)
[TemplateMatcher] pause_gear.png -> max conf: 0.908 (needs 0.5, optimal scale: 0.80x)

[STEP 52] 开始执行动作...
[ACTION] AI决定: 选卡 5 -> 放入网格(3,2) -> 朝向 0
         坐标映射: 拖拽从(745,650)至(500,350) -> 方向滑动至(500,200)
[ACTION] ✅ CV校验通过！网格(3,2)具有高亮绿色(像素:64)，准许拖拽。
[REWARD] 动作已执行，开始 3 次心跳检测 (间隔 0.2s)...
[REWARD] ❌ 第 1 次未检测到目标血条...
[REWARD] ❌ 第 2 次未检测到目标血条...
[REWARD] ❌ 第 3 次未检测到目标血条...
[REWARD] 执行前血条数: 4 -> 最终确认血条数: 4
[REWARD] 部署失败，计算前后帧 MSE (均方误差) = 344.07
[REWARD] 动作无效，但游戏仍在进行(画面有变化)。奖励 -0.2 (已清空无作为计数器)
[TemplateMatcher] pause_gear.png -> max conf: 0.908 (needs 0.5, optimal scale: 0.80x)

[STEP 53] 开始执行动作...
[ACTION] AI决定: 选卡 7 -> 放入网格(7,1) -> 朝向 1
         坐标映射: 拖拽从(925,650)至(900,270) -> 方向滑动至(900,420)
[ACTION] ✅ CV校验通过！网格(7,1)具有高亮绿色(像素:290)，准许拖拽。
[REWARD] 动作已执行，开始 3 次心跳检测 (间隔 0.2s)...
[REWARD] ✅ 第 1 次检测命中目标干员血条！
[REWARD] 执行前血条数: 5 -> 最终确认血条数: 5
[REWARD] 🎯 完美落子！部署点靠近敌人 (距离: 75.0)，奖励 +2.0
[REWARD] 🛡️ 背对敌人！(角度: 349.0°)，严厉惩罚 -3.0
[TemplateMatcher] pause_gear.png -> max conf: 0.908 (needs 0.5, optimal scale: 0.80x)

[STEP 54] 开始执行动作...
[ACTION] AI决定: 选卡 2 -> 放入网格(8,2) -> 朝向 0
         坐标映射: 拖拽从(475,650)至(1000,350) -> 方向滑动至(1000,200)
[ACTION] ✅ CV校验通过！网格(8,2)具有高亮绿色(像素:60)，准许拖拽。
[REWARD] 动作已执行，开始 3 次心跳检测 (间隔 0.2s)...
[REWARD] ❌ 第 1 次未检测到目标血条...
[REWARD] ❌ 第 2 次未检测到目标血条...
[REWARD] ❌ 第 3 次未检测到目标血条...
[REWARD] 执行前血条数: 5 -> 最终确认血条数: 5
[REWARD] 部署失败，计算前后帧 MSE (均方误差) = 217.88
[REWARD] 画面未发生明显变化(非法部署)。奖励 -0.5 (连续无作为: 1次)
[TemplateMatcher] pause_gear.png -> max conf: 0.908 (needs 0.5, optimal scale: 0.80x)

[STEP 55] 开始执行动作...
[ACTION] AI决定: 选卡 3 -> 放入网格(8,4) -> 朝向 2
         坐标映射: 拖拽从(565,650)至(1000,510) -> 方向滑动至(850,510)
[ACTION] ✅ CV校验通过！网格(8,4)具有高亮绿色(像素:900)，准许拖拽。
[REWARD] 动作已执行，开始 3 次心跳检测 (间隔 0.2s)...
[REWARD] ✅ 第 1 次检测命中目标干员血条！
[REWARD] 执行前血条数: 5 -> 最终确认血条数: 7
[REWARD] ⚔️ 完美朝向！正对敌人 (角度: 218.6°)，巨额奖励 +8.0
[TemplateMatcher] pause_gear.png -> max conf: 0.910 (needs 0.5, optimal scale: 0.80x)

[STEP 56] 开始执行动作...
[ACTION] AI决定: 选卡 0 -> 放入网格(5,4) -> 朝向 0
         坐标映射: 拖拽从(295,650)至(700,510) -> 方向滑动至(700,360)
[ACTION] ⛔ Fast-Fail! 目标网格(5,4)非绿色高亮(绿像素:0)。取消拖拽。
[REWARD] 执行前血条数: 7 -> 最终确认血条数: 0
[REWARD] ⛔ 非法区域/无费用，已被 CV 阻断。奖励 -0.5 (连续无作为: 1次)
[TemplateMatcher] pause_gear.png -> max conf: 0.908 (needs 0.5, optimal scale: 0.80x)

[STEP 57] 开始执行动作...
[ACTION] AI决定: 选卡 0 -> 放入网格(3,1) -> 朝向 2
         坐标映射: 拖拽从(295,650)至(500,270) -> 方向滑动至(350,270)
[ACTION] ⛔ Fast-Fail! 目标网格(3,1)非绿色高亮(绿像素:0)。取消拖拽。
[REWARD] 执行前血条数: 6 -> 最终确认血条数: 0
[REWARD] ⛔ 非法区域/无费用，已被 CV 阻断。奖励 -0.5 (连续无作为: 2次)
[TemplateMatcher] pause_gear.png -> max conf: 0.908 (needs 0.5, optimal scale: 0.80x)

[STEP 58] 开始执行动作...
[ACTION] AI决定: 💤 挂机 (Skip / Wait for Cost)
[REWARD] 执行前血条数: 7 -> 最终确认血条数: 0
[REWARD] 💤 AI 主动挂机等费用，只扣除微小时间惩罚 -0.01
[TemplateMatcher] pause_gear.png -> max conf: 0.908 (needs 0.5, optimal scale: 0.80x)

[STEP 59] 开始执行动作...
[ACTION] AI决定: 选卡 8 -> 放入网格(1,4) -> 朝向 1
         坐标映射: 拖拽从(1015,650)至(300,510) -> 方向滑动至(300,660)
[ACTION] ⛔ Fast-Fail! 目标网格(1,4)非绿色高亮(绿像素:0)。取消拖拽。
[REWARD] 执行前血条数: 6 -> 最终确认血条数: 0
[REWARD] ⛔ 非法区域/无费用，已被 CV 阻断。奖励 -0.5 (连续无作为: 1次)
[TemplateMatcher] pause_gear.png -> max conf: 0.908 (needs 0.5, optimal scale: 0.80x)

[STEP 60] 开始执行动作...
[ACTION] AI决定: 选卡 8 -> 放入网格(0,0) -> 朝向 3
         坐标映射: 拖拽从(1015,650)至(200,190) -> 方向滑动至(350,190)
[ACTION] ⛔ Fast-Fail! 目标网格(0,0)非绿色高亮(绿像素:0)。取消拖拽。
[REWARD] 执行前血条数: 6 -> 最终确认血条数: 0
[REWARD] ⛔ 非法区域/无费用，已被 CV 阻断。奖励 -0.5 (连续无作为: 2次)
[TemplateMatcher] pause_gear.png -> max conf: 0.908 (needs 0.5, optimal scale: 0.80x)

[STEP 61] 开始执行动作...
[ACTION] AI决定: 选卡 3 -> 放入网格(0,4) -> 朝向 2
         坐标映射: 拖拽从(565,650)至(200,510) -> 方向滑动至(50,510)
[ACTION] ⛔ Fast-Fail! 目标网格(0,4)非绿色高亮(绿像素:0)。取消拖拽。
[REWARD] 执行前血条数: 6 -> 最终确认血条数: 0
[REWARD] ⛔ 非法区域/无费用，已被 CV 阻断。奖励 -0.5 (连续无作为: 3次)
[TemplateMatcher] pause_gear.png -> max conf: 0.908 (needs 0.5, optimal scale: 0.80x)

[STEP 62] 开始执行动作...
[ACTION] AI决定: 选卡 4 -> 放入网格(0,3) -> 朝向 2
         坐标映射: 拖拽从(655,650)至(200,430) -> 方向滑动至(50,430)
[ACTION] ⛔ Fast-Fail! 目标网格(0,3)非绿色高亮(绿像素:0)。取消拖拽。
[REWARD] 执行前血条数: 6 -> 最终确认血条数: 0
[REWARD] ⛔ 非法区域/无费用，已被 CV 阻断。奖励 -0.5 (连续无作为: 4次)
[TemplateMatcher] pause_gear.png -> max conf: 0.908 (needs 0.5, optimal scale: 0.80x)

[STEP 63] 开始执行动作...
[ACTION] AI决定: 💤 挂机 (Skip / Wait for Cost)
[REWARD] 执行前血条数: 6 -> 最终确认血条数: 0
[REWARD] 💤 AI 主动挂机等费用，只扣除微小时间惩罚 -0.01
[TemplateMatcher] pause_gear.png -> max conf: 0.908 (needs 0.5, optimal scale: 0.80x)

[STEP 64] 开始执行动作...
[ACTION] AI决定: 选卡 0 -> 放入网格(1,0) -> 朝向 1
         坐标映射: 拖拽从(295,650)至(300,190) -> 方向滑动至(300,340)
[ACTION] ⛔ Fast-Fail! 目标网格(1,0)非绿色高亮(绿像素:0)。取消拖拽。
[REWARD] 执行前血条数: 4 -> 最终确认血条数: 0
[REWARD] ⛔ 非法区域/无费用，已被 CV 阻断。奖励 -0.5 (连续无作为: 1次)
[TemplateMatcher] pause_gear.png -> max conf: 0.580 (needs 0.5, optimal scale: 0.90x)

[STEP 65] 开始执行动作...
[ACTION] AI决定: 选卡 5 -> 放入网格(1,4) -> 朝向 1
         坐标映射: 拖拽从(745,650)至(300,510) -> 方向滑动至(300,660)
[ACTION] ⛔ Fast-Fail! 目标网格(1,4)非绿色高亮(绿像素:0)。取消拖拽。
[REWARD] 执行前血条数: 6 -> 最终确认血条数: 0
[REWARD] ⛔ 非法区域/无费用，已被 CV 阻断。奖励 -0.5 (连续无作为: 2次)
[ENV] 🚨 优先级 1 触发：检测到画面剧烈变化 (MSE=9656.38 > 8000)，判定为场景切换/结算，强制终止回合！

================= 回合结束，开始自动重启关卡 =================
[TemplateMatcher] pause_gear.png -> max conf: 0.000 (needs 0.7, optimal scale: 0.80x)
[DEBUG] 未匹配 [pause_gear] (要求阈值 0.7)
[TemplateMatcher] start_action.png -> max conf: 0.000 (needs 0.45, optimal scale: 0.80x)
[DEBUG] 未匹配 [start_action] (要求阈值 0.45)
[TemplateMatcher] practice.png -> max conf: 0.000 (needs 0.5, optimal scale: 0.80x)
[DEBUG] 未匹配 [practice] (要求阈值 0.5)
[TemplateMatcher] stage_1_7.png -> max conf: 0.000 (needs 0.5, optimal scale: 0.80x)
[DEBUG] 未匹配 [stage_1_7] (要求阈值 0.5)
[RESET] 尝试跳过动画/寻找入口... (尝试 1/100)
[TemplateMatcher] pause_gear.png -> max conf: 0.000 (needs 0.7, optimal scale: 0.80x)
[DEBUG] 未匹配 [pause_gear] (要求阈值 0.7)
[TemplateMatcher] start_action.png -> max conf: 0.000 (needs 0.45, optimal scale: 0.80x)
[DEBUG] 未匹配 [start_action] (要求阈值 0.45)
[TemplateMatcher] practice.png -> max conf: 0.000 (needs 0.5, optimal scale: 0.80x)
[DEBUG] 未匹配 [practice] (要求阈值 0.5)
[TemplateMatcher] stage_1_7.png -> max conf: 0.000 (needs 0.5, optimal scale: 0.80x)
[DEBUG] 未匹配 [stage_1_7] (要求阈值 0.5)
[RESET] 尝试跳过动画/寻找入口... (尝试 2/100)
[TemplateMatcher] pause_gear.png -> max conf: 0.426 (needs 0.7, optimal scale: 0.80x)
[DEBUG] 未匹配 [pause_gear] (要求阈值 0.7)
[TemplateMatcher] start_action.png -> max conf: -0.043 (needs 0.45, optimal scale: 0.80x)
[DEBUG] 未匹配 [start_action] (要求阈值 0.45)
[TemplateMatcher] practice.png -> max conf: 0.533 (needs 0.5, optimal scale: 1.20x)
[RESET] 找到 [practice] (置信度 0.53 >= 0.5)，点击 (554, 665)
[RESET] 点击演习按钮
[TemplateMatcher] pause_gear.png -> max conf: 0.428 (needs 0.7, optimal scale: 0.80x)
[DEBUG] 未匹配 [pause_gear] (要求阈值 0.7)
[TemplateMatcher] start_action.png -> max conf: -0.042 (needs 0.45, optimal scale: 0.80x)
[DEBUG] 未匹配 [start_action] (要求阈值 0.45)
[TemplateMatcher] practice.png -> max conf: 0.531 (needs 0.5, optimal scale: 0.80x)
[RESET] 找到 [practice] (置信度 0.53 >= 0.5)，点击 (679, 676)
[RESET] 点击演习按钮
[TemplateMatcher] pause_gear.png -> max conf: 0.490 (needs 0.7, optimal scale: 0.80x)
[DEBUG] 未匹配 [pause_gear] (要求阈值 0.7)
[TemplateMatcher] start_action.png -> max conf: -0.034 (needs 0.45, optimal scale: 0.80x)
[DEBUG] 未匹配 [start_action] (要求阈值 0.45)
[TemplateMatcher] practice.png -> max conf: 0.522 (needs 0.5, optimal scale: 0.80x)
[RESET] 找到 [practice] (置信度 0.52 >= 0.5)，点击 (533, 603)
[RESET] 点击演习按钮
[TemplateMatcher] pause_gear.png -> max conf: 0.490 (needs 0.7, optimal scale: 0.80x)
[DEBUG] 未匹配 [pause_gear] (要求阈值 0.7)
[TemplateMatcher] start_action.png -> max conf: -0.034 (needs 0.45, optimal scale: 0.80x)
[DEBUG] 未匹配 [start_action] (要求阈值 0.45)
[TemplateMatcher] practice.png -> max conf: 0.522 (needs 0.5, optimal scale: 0.80x)
[RESET] 找到 [practice] (置信度 0.52 >= 0.5)，点击 (533, 603)
[RESET] 点击演习按钮
[TemplateMatcher] pause_gear.png -> max conf: 0.490 (needs 0.7, optimal scale: 0.80x)
[DEBUG] 未匹配 [pause_gear] (要求阈值 0.7)
[TemplateMatcher] start_action.png -> max conf: -0.034 (needs 0.45, optimal scale: 0.80x)
[DEBUG] 未匹配 [start_action] (要求阈值 0.45)
[TemplateMatcher] practice.png -> max conf: 0.522 (needs 0.5, optimal scale: 0.80x)
[RESET] 找到 [practice] (置信度 0.52 >= 0.5)，点击 (533, 603)
[RESET] 点击演习按钮
[TemplateMatcher] pause_gear.png -> max conf: 0.475 (needs 0.7, optimal scale: 0.90x)
[DEBUG] 未匹配 [pause_gear] (要求阈值 0.7)
[TemplateMatcher] start_action.png -> max conf: 0.037 (needs 0.45, optimal scale: 0.80x)
[DEBUG] 未匹配 [start_action] (要求阈值 0.45)
[TemplateMatcher] practice.png -> max conf: 0.489 (needs 0.5, optimal scale: 0.85x)
[DEBUG] 未匹配 [practice] (要求阈值 0.5)
[TemplateMatcher] stage_1_7.png -> max conf: 0.712 (needs 0.5, optimal scale: 0.80x)
[RESET] 找到 [stage_1_7] (置信度 0.71 >= 0.5)，点击 (638, 224)
[RESET] 点击关卡 1-7 图标
[TemplateMatcher] pause_gear.png -> max conf: 0.612 (needs 0.7, optimal scale: 1.10x)
[DEBUG] 未匹配 [pause_gear] (要求阈值 0.7)
[TemplateMatcher] start_action.png -> max conf: 0.100 (needs 0.45, optimal scale: 0.80x)
[DEBUG] 未匹配 [start_action] (要求阈值 0.45)
[TemplateMatcher] practice.png -> max conf: 0.687 (needs 0.5, optimal scale: 0.80x)
[RESET] 找到 [practice] (置信度 0.69 >= 0.5)，点击 (935, 660)
[RESET] 点击演习按钮
[TemplateMatcher] pause_gear.png -> max conf: 0.470 (needs 0.7, optimal scale: 1.05x)
[DEBUG] 未匹配 [pause_gear] (要求阈值 0.7)
[TemplateMatcher] start_action.png -> max conf: 0.451 (needs 0.45, optimal scale: 0.80x)
[RESET] 找到 [start_action] (置信度 0.45 >= 0.45)，点击 (1101, 513)
[RESET] 点击开始行动，进入加载...
[TemplateMatcher] pause_gear.png -> max conf: 0.000 (needs 0.7, optimal scale: 0.80x)
[DEBUG] 未匹配 [pause_gear] (要求阈值 0.7)
[TemplateMatcher] start_action.png -> max conf: 0.000 (needs 0.45, optimal scale: 0.80x)
[DEBUG] 未匹配 [start_action] (要求阈值 0.45)
[TemplateMatcher] practice.png -> max conf: 0.000 (needs 0.5, optimal scale: 0.80x)
[DEBUG] 未匹配 [practice] (要求阈值 0.5)
[TemplateMatcher] stage_1_7.png -> max conf: 0.000 (needs 0.5, optimal scale: 0.80x)
[DEBUG] 未匹配 [stage_1_7] (要求阈值 0.5)
[RESET] 尝试跳过动画/寻找入口... (尝试 11/100)
[TemplateMatcher] pause_gear.png -> max conf: 0.000 (needs 0.7, optimal scale: 0.80x)
[DEBUG] 未匹配 [pause_gear] (要求阈值 0.7)
[TemplateMatcher] start_action.png -> max conf: 0.000 (needs 0.45, optimal scale: 0.80x)
[DEBUG] 未匹配 [start_action] (要求阈值 0.45)
[TemplateMatcher] practice.png -> max conf: 0.000 (needs 0.5, optimal scale: 0.80x)
[DEBUG] 未匹配 [practice] (要求阈值 0.5)
[TemplateMatcher] stage_1_7.png -> max conf: 0.000 (needs 0.5, optimal scale: 0.80x)
[DEBUG] 未匹配 [stage_1_7] (要求阈值 0.5)
[RESET] 尝试跳过动画/寻找入口... (尝试 12/100)
[TemplateMatcher] pause_gear.png -> max conf: 0.506 (needs 0.7, optimal scale: 1.20x)
[DEBUG] 未匹配 [pause_gear] (要求阈值 0.7)
[TemplateMatcher] start_action.png -> max conf: -0.063 (needs 0.45, optimal scale: 0.80x)
[DEBUG] 未匹配 [start_action] (要求阈值 0.45)
[TemplateMatcher] practice.png -> max conf: 0.386 (needs 0.5, optimal scale: 0.85x)
[DEBUG] 未匹配 [practice] (要求阈值 0.5)
[TemplateMatcher] stage_1_7.png -> max conf: 0.409 (needs 0.5, optimal scale: 0.90x)
[DEBUG] 未匹配 [stage_1_7] (要求阈值 0.5)
[RESET] 尝试跳过动画/寻找入口... (尝试 13/100)
[TemplateMatcher] pause_gear.png -> max conf: 0.511 (needs 0.7, optimal scale: 1.20x)
[DEBUG] 未匹配 [pause_gear] (要求阈值 0.7)
[TemplateMatcher] start_action.png -> max conf: -0.063 (needs 0.45, optimal scale: 0.80x)
[DEBUG] 未匹配 [start_action] (要求阈值 0.45)
[TemplateMatcher] practice.png -> max conf: 0.379 (needs 0.5, optimal scale: 0.90x)
[DEBUG] 未匹配 [practice] (要求阈值 0.5)
[TemplateMatcher] stage_1_7.png -> max conf: 0.411 (needs 0.5, optimal scale: 0.90x)
[DEBUG] 未匹配 [stage_1_7] (要求阈值 0.5)
[RESET] 尝试跳过动画/寻找入口... (尝试 14/100)
[TemplateMatcher] pause_gear.png -> max conf: 0.215 (needs 0.7, optimal scale: 1.20x)
[DEBUG] 未匹配 [pause_gear] (要求阈值 0.7)
[TemplateMatcher] start_action.png -> max conf: 0.224 (needs 0.45, optimal scale: 0.80x)
[DEBUG] 未匹配 [start_action] (要求阈值 0.45)
[TemplateMatcher] practice.png -> max conf: 0.333 (needs 0.5, optimal scale: 0.80x)
[DEBUG] 未匹配 [practice] (要求阈值 0.5)
[TemplateMatcher] stage_1_7.png -> max conf: 0.271 (needs 0.5, optimal scale: 0.80x)
[DEBUG] 未匹配 [stage_1_7] (要求阈值 0.5)
[RESET] 尝试跳过动画/寻找入口... (尝试 15/100)
[TemplateMatcher] pause_gear.png -> max conf: 0.215 (needs 0.7, optimal scale: 1.20x)
[DEBUG] 未匹配 [pause_gear] (要求阈值 0.7)
[TemplateMatcher] start_action.png -> max conf: 0.224 (needs 0.45, optimal scale: 0.80x)
[DEBUG] 未匹配 [start_action] (要求阈值 0.45)
[TemplateMatcher] practice.png -> max conf: 0.333 (needs 0.5, optimal scale: 0.80x)
[DEBUG] 未匹配 [practice] (要求阈值 0.5)
[TemplateMatcher] stage_1_7.png -> max conf: 0.271 (needs 0.5, optimal scale: 0.80x)
[DEBUG] 未匹配 [stage_1_7] (要求阈值 0.5)
[RESET] 尝试跳过动画/寻找入口... (尝试 16/100)
[TemplateMatcher] pause_gear.png -> max conf: 0.211 (needs 0.7, optimal scale: 1.05x)
[DEBUG] 未匹配 [pause_gear] (要求阈值 0.7)
[TemplateMatcher] start_action.png -> max conf: 0.202 (needs 0.45, optimal scale: 0.80x)
[DEBUG] 未匹配 [start_action] (要求阈值 0.45)
[TemplateMatcher] practice.png -> max conf: 0.297 (needs 0.5, optimal scale: 0.80x)
[DEBUG] 未匹配 [practice] (要求阈值 0.5)
[TemplateMatcher] stage_1_7.png -> max conf: 0.277 (needs 0.5, optimal scale: 0.85x)
[DEBUG] 未匹配 [stage_1_7] (要求阈值 0.5)
[RESET] 尝试跳过动画/寻找入口... (尝试 17/100)
[TemplateMatcher] pause_gear.png -> max conf: 0.908 (needs 0.7, optimal scale: 0.80x)
[RESET] 找到 [pause_gear] (置信度 0.91 >= 0.7)，(仅检测，不点击)
[RESET] ✅ 检测到战斗画面右上角齿轮，重启成功！
================= 关卡重启流程结束 =================

--> [回合结束] 第 3 回合 | 奖励: -7.2 | 步数: 65

[STEP 1] 开始执行动作...
[ACTION] AI决定: 选卡 9 -> 放入网格(7,2) -> 朝向 0
         坐标映射: 拖拽从(1105,650)至(900,350) -> 方向滑动至(900,200)
[ACTION] ✅ CV校验通过！网格(7,2)具有高亮绿色(像素:324)，准许拖拽。
[REWARD] 动作已执行，开始 3 次心跳检测 (间隔 0.2s)...
[REWARD] ❌ 第 1 次未检测到目标血条...
[REWARD] ❌ 第 2 次未检测到目标血条...
[REWARD] ❌ 第 3 次未检测到目标血条...
[REWARD] 执行前血条数: 0 -> 最终确认血条数: 0
[REWARD] 部署失败，计算前后帧 MSE (均方误差) = 195.50
[REWARD] 画面未发生明显变化(非法部署)。奖励 -0.5 (连续无作为: 3次)
[TemplateMatcher] pause_gear.png -> max conf: 0.908 (needs 0.5, optimal scale: 0.80x)

[STEP 2] 开始执行动作...
[ACTION] AI决定: 选卡 8 -> 放入网格(0,1) -> 朝向 3
         坐标映射: 拖拽从(1015,650)至(200,270) -> 方向滑动至(350,270)
[ACTION] ⛔ Fast-Fail! 目标网格(0,1)非绿色高亮(绿像素:0)。取消拖拽。
[REWARD] 执行前血条数: 0 -> 最终确认血条数: 0
[REWARD] ⛔ 非法区域/无费用，已被 CV 阻断。奖励 -0.5 (连续无作为: 4次)
[TemplateMatcher] pause_gear.png -> max conf: 0.908 (needs 0.5, optimal scale: 0.80x)

[STEP 3] 开始执行动作...
[ACTION] AI决定: 选卡 2 -> 放入网格(4,3) -> 朝向 0
         坐标映射: 拖拽从(475,650)至(600,430) -> 方向滑动至(600,280)
[ACTION] ⛔ Fast-Fail! 目标网格(4,3)非绿色高亮(绿像素:0)。取消拖拽。
[REWARD] 执行前血条数: 0 -> 最终确认血条数: 0
[REWARD] ⛔ 非法区域/无费用，已被 CV 阻断。奖励 -0.5 (连续无作为: 5次)
[TemplateMatcher] pause_gear.png -> max conf: 0.908 (needs 0.5, optimal scale: 0.80x)
[SAVE] 自动保存进度 (Step 200) -> policy_latest.zip

[STEP 4] 开始执行动作...
[ACTION] AI决定: 选卡 1 -> 放入网格(8,2) -> 朝向 2
         坐标映射: 拖拽从(385,650)至(1000,350) -> 方向滑动至(850,350)
[ACTION] ✅ CV校验通过！网格(8,2)具有高亮绿色(像素:757)，准许拖拽。
[REWARD] 动作已执行，开始 3 次心跳检测 (间隔 0.2s)...
[REWARD] ✅ 第 1 次检测命中目标干员血条！
[REWARD] 执行前血条数: 0 -> 最终确认血条数: 1
[REWARD] 🛡️ 背对敌人！(角度: 99.7°)，严厉惩罚 -3.0
[TemplateMatcher] pause_gear.png -> max conf: 0.908 (needs 0.5, optimal scale: 0.80x)

[STEP 5] 开始执行动作...
[ACTION] AI决定: 选卡 3 -> 放入网格(7,0) -> 朝向 2
         坐标映射: 拖拽从(565,650)至(900,190) -> 方向滑动至(750,190)
[ACTION] ✅ CV校验通过！网格(7,0)具有高亮绿色(像素:754)，准许拖拽。
[REWARD] 动作已执行，开始 3 次心跳检测 (间隔 0.2s)...
[REWARD] ❌ 第 1 次未检测到目标血条...
[REWARD] ❌ 第 2 次未检测到目标血条...
[REWARD] ❌ 第 3 次未检测到目标血条...
[REWARD] 执行前血条数: 1 -> 最终确认血条数: 1
[REWARD] 部署失败，计算前后帧 MSE (均方误差) = 178.00
[REWARD] 画面未发生明显变化(非法部署)。奖励 -0.5 (连续无作为: 1次)
[TemplateMatcher] pause_gear.png -> max conf: 0.908 (needs 0.5, optimal scale: 0.80x)

[STEP 6] 开始执行动作...
[ACTION] AI决定: 选卡 2 -> 放入网格(5,1) -> 朝向 2
         坐标映射: 拖拽从(475,650)至(700,270) -> 方向滑动至(550,270)
[ACTION] ✅ CV校验通过！网格(5,1)具有高亮绿色(像素:900)，准许拖拽。
[REWARD] 动作已执行，开始 3 次心跳检测 (间隔 0.2s)...
[REWARD] ✅ 第 1 次检测命中目标干员血条！
[REWARD] 执行前血条数: 1 -> 最终确认血条数: 2
[REWARD] 🎯 完美落子！部署点靠近敌人 (距离: 189.7)，奖励 +2.0
[REWARD] 🛡️ 背对敌人！(角度: 124.5°)，严厉惩罚 -3.0
[TemplateMatcher] pause_gear.png -> max conf: 0.908 (needs 0.5, optimal scale: 0.80x)

[STEP 7] 开始执行动作...
[ACTION] AI决定: 选卡 3 -> 放入网格(1,4) -> 朝向 2
         坐标映射: 拖拽从(565,650)至(300,510) -> 方向滑动至(150,510)
[ACTION] ⛔ Fast-Fail! 目标网格(1,4)非绿色高亮(绿像素:0)。取消拖拽。
[REWARD] 执行前血条数: 2 -> 最终确认血条数: 0
[REWARD] ⛔ 非法区域/无费用，已被 CV 阻断。奖励 -0.5 (连续无作为: 1次)
[TemplateMatcher] pause_gear.png -> max conf: 0.908 (needs 0.5, optimal scale: 0.80x)

[STEP 8] 开始执行动作...
[ACTION] AI决定: 选卡 3 -> 放入网格(8,2) -> 朝向 1
         坐标映射: 拖拽从(565,650)至(1000,350) -> 方向滑动至(1000,500)
[ACTION] ✅ CV校验通过！网格(8,2)具有高亮绿色(像素:435)，准许拖拽。
[REWARD] 动作已执行，开始 3 次心跳检测 (间隔 0.2s)...
[REWARD] ❌ 第 1 次未检测到目标血条...
[REWARD] ❌ 第 2 次未检测到目标血条...
[REWARD] ❌ 第 3 次未检测到目标血条...
[REWARD] 执行前血条数: 2 -> 最终确认血条数: 2
[REWARD] 部署失败，计算前后帧 MSE (均方误差) = 289.21
[REWARD] 画面未发生明显变化(非法部署)。奖励 -0.5 (连续无作为: 2次)
[TemplateMatcher] pause_gear.png -> max conf: 0.908 (needs 0.5, optimal scale: 0.80x)

[STEP 9] 开始执行动作...
[ACTION] AI决定: 选卡 6 -> 放入网格(5,0) -> 朝向 1
         坐标映射: 拖拽从(835,650)至(700,190) -> 方向滑动至(700,340)
[ACTION] ✅ CV校验通过！网格(5,0)具有高亮绿色(像素:322)，准许拖拽。
[REWARD] 动作已执行，开始 3 次心跳检测 (间隔 0.2s)...
[REWARD] ❌ 第 1 次未检测到目标血条...
[REWARD] ❌ 第 2 次未检测到目标血条...
[REWARD] ❌ 第 3 次未检测到目标血条...
[REWARD] 执行前血条数: 2 -> 最终确认血条数: 2
[REWARD] 部署失败，计算前后帧 MSE (均方误差) = 323.14
[REWARD] 动作无效，但游戏仍在进行(画面有变化)。奖励 -0.2 (已清空无作为计数器)
[TemplateMatcher] pause_gear.png -> max conf: 0.908 (needs 0.5, optimal scale: 0.80x)

[STEP 10] 开始执行动作...
[ACTION] AI决定: 选卡 0 -> 放入网格(0,3) -> 朝向 0
         坐标映射: 拖拽从(295,650)至(200,430) -> 方向滑动至(200,280)
[ACTION] ⛔ Fast-Fail! 目标网格(0,3)非绿色高亮(绿像素:0)。取消拖拽。
[REWARD] 执行前血条数: 2 -> 最终确认血条数: 0
[REWARD] ⛔ 非法区域/无费用，已被 CV 阻断。奖励 -0.5 (连续无作为: 1次)
[TemplateMatcher] pause_gear.png -> max conf: 0.908 (needs 0.5, optimal scale: 0.80x)

[STEP 11] 开始执行动作...
[ACTION] AI决定: 选卡 8 -> 放入网格(7,1) -> 朝向 1
         坐标映射: 拖拽从(1015,650)至(900,270) -> 方向滑动至(900,420)
[ACTION] ✅ CV校验通过！网格(7,1)具有高亮绿色(像素:616)，准许拖拽。
[REWARD] 动作已执行，开始 3 次心跳检测 (间隔 0.2s)...
[REWARD] ✅ 第 1 次检测命中目标干员血条！
[REWARD] 执行前血条数: 2 -> 最终确认血条数: 2
[REWARD] 🎯 完美落子！部署点靠近敌人 (距离: 141.5)，奖励 +2.0
[REWARD] 🛡️ 背对敌人！(角度: 154.4°)，严厉惩罚 -3.0
[TemplateMatcher] pause_gear.png -> max conf: 0.907 (needs 0.5, optimal scale: 0.80x)

[STEP 12] 开始执行动作...
[ACTION] AI决定: 选卡 2 -> 放入网格(7,3) -> 朝向 2
         坐标映射: 拖拽从(475,650)至(900,430) -> 方向滑动至(750,430)
[ACTION] ✅ CV校验通过！网格(7,3)具有高亮绿色(像素:900)，准许拖拽。
[REWARD] 动作已执行，开始 3 次心跳检测 (间隔 0.2s)...
[REWARD] ❌ 第 1 次未检测到目标血条...
[REWARD] ❌ 第 2 次未检测到目标血条...
[REWARD] ❌ 第 3 次未检测到目标血条...
[REWARD] 执行前血条数: 2 -> 最终确认血条数: 2
[REWARD] 部署失败，计算前后帧 MSE (均方误差) = 2181.67
[REWARD] 动作无效，但游戏仍在进行(画面有变化)。奖励 -0.2 (已清空无作为计数器)
[TemplateMatcher] pause_gear.png -> max conf: 0.907 (needs 0.5, optimal scale: 0.80x)

[STEP 13] 开始执行动作...
[ACTION] AI决定: 选卡 9 -> 放入网格(0,1) -> 朝向 1
         坐标映射: 拖拽从(1105,650)至(200,270) -> 方向滑动至(200,420)
[ACTION] ⛔ Fast-Fail! 目标网格(0,1)非绿色高亮(绿像素:0)。取消拖拽。
[REWARD] 执行前血条数: 2 -> 最终确认血条数: 0
[REWARD] ⛔ 非法区域/无费用，已被 CV 阻断。奖励 -0.5 (连续无作为: 1次)
[TemplateMatcher] pause_gear.png -> max conf: 0.908 (needs 0.5, optimal scale: 0.80x)

[STEP 14] 开始执行动作...
[ACTION] AI决定: 选卡 8 -> 放入网格(9,2) -> 朝向 3
         坐标映射: 拖拽从(1015,650)至(1100,350) -> 方向滑动至(1250,350)
[ACTION] ⛔ Fast-Fail! 目标网格(9,2)非绿色高亮(绿像素:0)。取消拖拽。
[REWARD] 执行前血条数: 2 -> 最终确认血条数: 0
[REWARD] ⛔ 非法区域/无费用，已被 CV 阻断。奖励 -0.5 (连续无作为: 2次)
[TemplateMatcher] pause_gear.png -> max conf: 0.907 (needs 0.5, optimal scale: 0.80x)

[STEP 15] 开始执行动作...
[ACTION] AI决定: 选卡 9 -> 放入网格(2,3) -> 朝向 2
         坐标映射: 拖拽从(1105,650)至(400,430) -> 方向滑动至(250,430)
[ACTION] ⛔ Fast-Fail! 目标网格(2,3)非绿色高亮(绿像素:0)。取消拖拽。
[REWARD] 执行前血条数: 2 -> 最终确认血条数: 0
[REWARD] ⛔ 非法区域/无费用，已被 CV 阻断。奖励 -0.5 (连续无作为: 3次)
[TemplateMatcher] pause_gear.png -> max conf: 0.908 (needs 0.5, optimal scale: 0.80x)

[STEP 16] 开始执行动作...
[ACTION] AI决定: 选卡 6 -> 放入网格(8,2) -> 朝向 0
         坐标映射: 拖拽从(835,650)至(1000,350) -> 方向滑动至(1000,200)
[ACTION] ⛔ Fast-Fail! 目标网格(8,2)非绿色高亮(绿像素:0)。取消拖拽。
[REWARD] 执行前血条数: 2 -> 最终确认血条数: 0
[REWARD] ⛔ 非法区域/无费用，已被 CV 阻断。奖励 -0.5 (连续无作为: 4次)
[TemplateMatcher] pause_gear.png -> max conf: 0.908 (needs 0.5, optimal scale: 0.80x)

[STEP 17] 开始执行动作...
[ACTION] AI决定: 选卡 2 -> 放入网格(5,3) -> 朝向 0
         坐标映射: 拖拽从(475,650)至(700,430) -> 方向滑动至(700,280)
[ACTION] ⛔ Fast-Fail! 目标网格(5,3)非绿色高亮(绿像素:0)。取消拖拽。
[REWARD] 执行前血条数: 2 -> 最终确认血条数: 0
[REWARD] ⛔ 非法区域/无费用，已被 CV 阻断。奖励 -0.5 (连续无作为: 5次)
[TemplateMatcher] pause_gear.png -> max conf: 0.908 (needs 0.5, optimal scale: 0.80x)

[STEP 18] 开始执行动作...
[ACTION] AI决定: 选卡 9 -> 放入网格(8,3) -> 朝向 2
         坐标映射: 拖拽从(1105,650)至(1000,430) -> 方向滑动至(850,430)
[ACTION] ⛔ Fast-Fail! 目标网格(8,3)非绿色高亮(绿像素:0)。取消拖拽。
[REWARD] 执行前血条数: 3 -> 最终确认血条数: 0
[REWARD] ⛔ 非法区域/无费用，已被 CV 阻断。奖励 -0.5 (连续无作为: 6次)
[TemplateMatcher] pause_gear.png -> max conf: 0.908 (needs 0.5, optimal scale: 0.80x)

[STEP 19] 开始执行动作...
[ACTION] AI决定: 选卡 3 -> 放入网格(4,2) -> 朝向 0
         坐标映射: 拖拽从(565,650)至(600,350) -> 方向滑动至(600,200)
[ACTION] ⛔ Fast-Fail! 目标网格(4,2)非绿色高亮(绿像素:0)。取消拖拽。
[REWARD] 执行前血条数: 2 -> 最终确认血条数: 0
[REWARD] ⛔ 非法区域/无费用，已被 CV 阻断。奖励 -0.5 (连续无作为: 7次)
[TemplateMatcher] pause_gear.png -> max conf: 0.908 (needs 0.5, optimal scale: 0.80x)

[STEP 20] 开始执行动作...
[ACTION] AI决定: 选卡 0 -> 放入网格(4,4) -> 朝向 3
         坐标映射: 拖拽从(295,650)至(600,510) -> 方向滑动至(750,510)
[ACTION] ⛔ Fast-Fail! 目标网格(4,4)非绿色高亮(绿像素:0)。取消拖拽。
[REWARD] 执行前血条数: 2 -> 最终确认血条数: 0
[REWARD] ⛔ 非法区域/无费用，已被 CV 阻断。奖励 -0.5 (连续无作为: 8次)
[TemplateMatcher] pause_gear.png -> max conf: 0.908 (needs 0.5, optimal scale: 0.80x)

[STEP 21] 开始执行动作...
[ACTION] AI决定: 选卡 6 -> 放入网格(4,2) -> 朝向 1
         坐标映射: 拖拽从(835,650)至(600,350) -> 方向滑动至(600,500)
[ACTION] ⛔ Fast-Fail! 目标网格(4,2)非绿色高亮(绿像素:0)。取消拖拽。
[REWARD] 执行前血条数: 2 -> 最终确认血条数: 0
[REWARD] ⛔ 非法区域/无费用，已被 CV 阻断。奖励 -0.5 (连续无作为: 9次)
[TemplateMatcher] pause_gear.png -> max conf: 0.908 (needs 0.5, optimal scale: 0.80x)

[STEP 22] 开始执行动作...
[ACTION] AI决定: 选卡 4 -> 放入网格(4,3) -> 朝向 1
         坐标映射: 拖拽从(655,650)至(600,430) -> 方向滑动至(600,580)
[ACTION] ⛔ Fast-Fail! 目标网格(4,3)非绿色高亮(绿像素:0)。取消拖拽。
[REWARD] 执行前血条数: 2 -> 最终确认血条数: 0
[REWARD] ⛔ 非法区域/无费用，已被 CV 阻断。奖励 -0.5 (连续无作为: 10次)
[TemplateMatcher] pause_gear.png -> max conf: 0.908 (needs 0.5, optimal scale: 0.80x)

[STEP 23] 开始执行动作...
[ACTION] AI决定: 选卡 0 -> 放入网格(5,2) -> 朝向 0
         坐标映射: 拖拽从(295,650)至(700,350) -> 方向滑动至(700,200)
[ACTION] ⛔ Fast-Fail! 目标网格(5,2)非绿色高亮(绿像素:0)。取消拖拽。
[REWARD] 执行前血条数: 2 -> 最终确认血条数: 0
[REWARD] ⛔ 非法区域/无费用，已被 CV 阻断。奖励 -0.5 (连续无作为: 11次)
[TemplateMatcher] pause_gear.png -> max conf: 0.908 (needs 0.5, optimal scale: 0.80x)

[STEP 24] 开始执行动作...
[ACTION] AI决定: 选卡 5 -> 放入网格(0,0) -> 朝向 2
         坐标映射: 拖拽从(745,650)至(200,190) -> 方向滑动至(50,190)
[ACTION] ⛔ Fast-Fail! 目标网格(0,0)非绿色高亮(绿像素:0)。取消拖拽。
[REWARD] 执行前血条数: 2 -> 最终确认血条数: 0
[REWARD] ⛔ 非法区域/无费用，已被 CV 阻断。奖励 -0.5 (连续无作为: 12次)
[TemplateMatcher] pause_gear.png -> max conf: 0.908 (needs 0.5, optimal scale: 0.80x)

[STEP 25] 开始执行动作...
[ACTION] AI决定: 选卡 5 -> 放入网格(5,4) -> 朝向 2
         坐标映射: 拖拽从(745,650)至(700,510) -> 方向滑动至(550,510)
[ACTION] ⛔ Fast-Fail! 目标网格(5,4)非绿色高亮(绿像素:0)。取消拖拽。
[REWARD] 执行前血条数: 2 -> 最终确认血条数: 0
[REWARD] ⛔ 非法区域/无费用，已被 CV 阻断。奖励 -0.5 (连续无作为: 13次)
[TemplateMatcher] pause_gear.png -> max conf: 0.908 (needs 0.5, optimal scale: 0.80x)

[STEP 26] 开始执行动作...
[ACTION] AI决定: 💤 挂机 (Skip / Wait for Cost)
[REWARD] 执行前血条数: 2 -> 最终确认血条数: 0
[REWARD] 💤 AI 主动挂机等费用，只扣除微小时间惩罚 -0.01
[TemplateMatcher] pause_gear.png -> max conf: 0.908 (needs 0.5, optimal scale: 0.80x)

[STEP 27] 开始执行动作...
[ACTION] AI决定: 选卡 1 -> 放入网格(7,2) -> 朝向 2
         坐标映射: 拖拽从(385,650)至(900,350) -> 方向滑动至(750,350)
[ACTION] ✅ CV校验通过！网格(7,2)具有高亮绿色(像素:70)，准许拖拽。
[REWARD] 动作已执行，开始 3 次心跳检测 (间隔 0.2s)...
[REWARD] ✅ 第 1 次检测命中目标干员血条！
[REWARD] 执行前血条数: 2 -> 最终确认血条数: 2
[REWARD] 🎯 完美落子！部署点靠近敌人 (距离: 172.3)，奖励 +2.0
[REWARD] ⚔️ 完美朝向！正对敌人 (角度: 157.3°)，巨额奖励 +8.0
[TemplateMatcher] pause_gear.png -> max conf: 0.908 (needs 0.5, optimal scale: 0.80x)

[STEP 28] 开始执行动作...
[ACTION] AI决定: 选卡 2 -> 放入网格(5,2) -> 朝向 0
         坐标映射: 拖拽从(475,650)至(700,350) -> 方向滑动至(700,200)
[ACTION] ✅ CV校验通过！网格(5,2)具有高亮绿色(像素:86)，准许拖拽。
[REWARD] 动作已执行，开始 3 次心跳检测 (间隔 0.2s)...
[REWARD] ❌ 第 1 次未检测到目标血条...
[REWARD] ❌ 第 2 次未检测到目标血条...
[REWARD] ❌ 第 3 次未检测到目标血条...
[REWARD] 执行前血条数: 2 -> 最终确认血条数: 2
[REWARD] 部署失败，计算前后帧 MSE (均方误差) = 300.85
[REWARD] 动作无效，但游戏仍在进行(画面有变化)。奖励 -0.2 (已清空无作为计数器)
[TemplateMatcher] pause_gear.png -> max conf: 0.908 (needs 0.5, optimal scale: 0.80x)

[STEP 29] 开始执行动作...
[ACTION] AI决定: 选卡 9 -> 放入网格(0,2) -> 朝向 0
         坐标映射: 拖拽从(1105,650)至(200,350) -> 方向滑动至(200,200)
[ACTION] ⛔ Fast-Fail! 目标网格(0,2)非绿色高亮(绿像素:0)。取消拖拽。
[REWARD] 执行前血条数: 2 -> 最终确认血条数: 0
[REWARD] ⛔ 非法区域/无费用，已被 CV 阻断。奖励 -0.5 (连续无作为: 1次)
[TemplateMatcher] pause_gear.png -> max conf: 0.908 (needs 0.5, optimal scale: 0.80x)

[STEP 30] 开始执行动作...
[ACTION] AI决定: 选卡 8 -> 放入网格(3,1) -> 朝向 3
         坐标映射: 拖拽从(1015,650)至(500,270) -> 方向滑动至(650,270)
[ACTION] ⛔ Fast-Fail! 目标网格(3,1)非绿色高亮(绿像素:0)。取消拖拽。
[REWARD] 执行前血条数: 2 -> 最终确认血条数: 0
[REWARD] ⛔ 非法区域/无费用，已被 CV 阻断。奖励 -0.5 (连续无作为: 2次)
[TemplateMatcher] pause_gear.png -> max conf: 0.908 (needs 0.5, optimal scale: 0.80x)

[STEP 31] 开始执行动作...
[ACTION] AI决定: 选卡 0 -> 放入网格(7,0) -> 朝向 1
         坐标映射: 拖拽从(295,650)至(900,190) -> 方向滑动至(900,340)
[ACTION] ✅ CV校验通过！网格(7,0)具有高亮绿色(像素:137)，准许拖拽。
[REWARD] 动作已执行，开始 3 次心跳检测 (间隔 0.2s)...
[REWARD] ❌ 第 1 次未检测到目标血条...
[REWARD] ❌ 第 2 次未检测到目标血条...
[REWARD] ❌ 第 3 次未检测到目标血条...
[REWARD] 执行前血条数: 2 -> 最终确认血条数: 2
[REWARD] 部署失败，计算前后帧 MSE (均方误差) = 348.12
[REWARD] 动作无效，但游戏仍在进行(画面有变化)。奖励 -0.2 (已清空无作为计数器)
[TemplateMatcher] pause_gear.png -> max conf: 0.908 (needs 0.5, optimal scale: 0.80x)

[STEP 32] 开始执行动作...
[ACTION] AI决定: 选卡 2 -> 放入网格(5,3) -> 朝向 2
         坐标映射: 拖拽从(475,650)至(700,430) -> 方向滑动至(550,430)
[ACTION] ✅ CV校验通过！网格(5,3)具有高亮绿色(像素:900)，准许拖拽。
[REWARD] 动作已执行，开始 3 次心跳检测 (间隔 0.2s)...
[REWARD] ✅ 第 1 次检测命中目标干员血条！
[REWARD] 执行前血条数: 2 -> 最终确认血条数: 3
[REWARD] 🎯 完美落子！部署点靠近敌人 (距离: 90.8)，奖励 +2.0
[REWARD] ⚔️ 完美朝向！正对敌人 (角度: 142.1°)，巨额奖励 +8.0
[TemplateMatcher] pause_gear.png -> max conf: 0.908 (needs 0.5, optimal scale: 0.80x)

[STEP 33] 开始执行动作...
[ACTION] AI决定: 选卡 6 -> 放入网格(5,3) -> 朝向 2
         坐标映射: 拖拽从(835,650)至(700,430) -> 方向滑动至(550,430)
[ACTION] ✅ CV校验通过！网格(5,3)具有高亮绿色(像素:24)，准许拖拽。
[REWARD] 动作已执行，开始 3 次心跳检测 (间隔 0.2s)...
[REWARD] ❌ 第 1 次未检测到目标血条...
[REWARD] ❌ 第 2 次未检测到目标血条...
[REWARD] ❌ 第 3 次未检测到目标血条...
[REWARD] 执行前血条数: 3 -> 最终确认血条数: 3
[REWARD] 部署失败，计算前后帧 MSE (均方误差) = 319.59
[REWARD] 动作无效，但游戏仍在进行(画面有变化)。奖励 -0.2 (已清空无作为计数器)
[TemplateMatcher] pause_gear.png -> max conf: 0.908 (needs 0.5, optimal scale: 0.80x)

[STEP 34] 开始执行动作...
[ACTION] AI决定: 选卡 6 -> 放入网格(2,4) -> 朝向 3
         坐标映射: 拖拽从(835,650)至(400,510) -> 方向滑动至(550,510)
[ACTION] ⛔ Fast-Fail! 目标网格(2,4)非绿色高亮(绿像素:0)。取消拖拽。
[REWARD] 执行前血条数: 3 -> 最终确认血条数: 0
[REWARD] ⛔ 非法区域/无费用，已被 CV 阻断。奖励 -0.5 (连续无作为: 1次)
[TemplateMatcher] pause_gear.png -> max conf: 0.908 (needs 0.5, optimal scale: 0.80x)

[STEP 35] 开始执行动作...
[ACTION] AI决定: 选卡 9 -> 放入网格(0,1) -> 朝向 2
         坐标映射: 拖拽从(1105,650)至(200,270) -> 方向滑动至(50,270)
[ACTION] ⛔ Fast-Fail! 目标网格(0,1)非绿色高亮(绿像素:0)。取消拖拽。
[REWARD] 执行前血条数: 3 -> 最终确认血条数: 0
[REWARD] ⛔ 非法区域/无费用，已被 CV 阻断。奖励 -0.5 (连续无作为: 2次)
[TemplateMatcher] pause_gear.png -> max conf: 0.908 (needs 0.5, optimal scale: 0.80x)

[STEP 36] 开始执行动作...
[ACTION] AI决定: 选卡 3 -> 放入网格(6,3) -> 朝向 3
         坐标映射: 拖拽从(565,650)至(800,430) -> 方向滑动至(950,430)
[ACTION] ⛔ Fast-Fail! 目标网格(6,3)非绿色高亮(绿像素:0)。取消拖拽。
[REWARD] 执行前血条数: 3 -> 最终确认血条数: 0
[REWARD] ⛔ 非法区域/无费用，已被 CV 阻断。奖励 -0.5 (连续无作为: 3次)
[TemplateMatcher] pause_gear.png -> max conf: 0.908 (needs 0.5, optimal scale: 0.80x)

[STEP 37] 开始执行动作...
[ACTION] AI决定: 选卡 3 -> 放入网格(9,2) -> 朝向 1
         坐标映射: 拖拽从(565,650)至(1100,350) -> 方向滑动至(1100,500)
[ACTION] ⛔ Fast-Fail! 目标网格(9,2)非绿色高亮(绿像素:0)。取消拖拽。
[REWARD] 执行前血条数: 3 -> 最终确认血条数: 0
[REWARD] ⛔ 非法区域/无费用，已被 CV 阻断。奖励 -0.5 (连续无作为: 4次)
[TemplateMatcher] pause_gear.png -> max conf: 0.907 (needs 0.5, optimal scale: 0.80x)

[STEP 38] 开始执行动作...
[ACTION] AI决定: 选卡 4 -> 放入网格(6,4) -> 朝向 3
         坐标映射: 拖拽从(655,650)至(800,510) -> 方向滑动至(950,510)
[ACTION] ⛔ Fast-Fail! 目标网格(6,4)非绿色高亮(绿像素:0)。取消拖拽。
[REWARD] 执行前血条数: 3 -> 最终确认血条数: 0
[REWARD] ⛔ 非法区域/无费用，已被 CV 阻断。奖励 -0.5 (连续无作为: 5次)
[TemplateMatcher] pause_gear.png -> max conf: 0.908 (needs 0.5, optimal scale: 0.80x)

[STEP 39] 开始执行动作...
[ACTION] AI决定: 选卡 3 -> 放入网格(6,2) -> 朝向 2
         坐标映射: 拖拽从(565,650)至(800,350) -> 方向滑动至(650,350)
[ACTION] ✅ CV校验通过！网格(6,2)具有高亮绿色(像素:552)，准许拖拽。
[REWARD] 动作已执行，开始 3 次心跳检测 (间隔 0.2s)...
[REWARD] ✅ 第 1 次检测命中目标干员血条！
[REWARD] 执行前血条数: 3 -> 最终确认血条数: 4
[REWARD] 🎯 完美落子！部署点靠近敌人 (距离: 98.0)，奖励 +2.0
[REWARD] 🛡️ 背对敌人！(角度: 9.6°)，严厉惩罚 -3.0
[TemplateMatcher] pause_gear.png -> max conf: 0.909 (needs 0.5, optimal scale: 0.80x)

[STEP 40] 开始执行动作...
[ACTION] AI决定: 选卡 3 -> 放入网格(1,4) -> 朝向 1
         坐标映射: 拖拽从(565,650)至(300,510) -> 方向滑动至(300,660)
[ACTION] ⛔ Fast-Fail! 目标网格(1,4)非绿色高亮(绿像素:0)。取消拖拽。
[REWARD] 执行前血条数: 4 -> 最终确认血条数: 0
[REWARD] ⛔ 非法区域/无费用，已被 CV 阻断。奖励 -0.5 (连续无作为: 1次)
[TemplateMatcher] pause_gear.png -> max conf: 0.907 (needs 0.5, optimal scale: 0.80x)

[STEP 41] 开始执行动作...
[ACTION] AI决定: 选卡 4 -> 放入网格(4,4) -> 朝向 1
         坐标映射: 拖拽从(655,650)至(600,510) -> 方向滑动至(600,660)
[ACTION] ⛔ Fast-Fail! 目标网格(4,4)非绿色高亮(绿像素:0)。取消拖拽。
[REWARD] 执行前血条数: 4 -> 最终确认血条数: 0
[REWARD] ⛔ 非法区域/无费用，已被 CV 阻断。奖励 -0.5 (连续无作为: 2次)
[TemplateMatcher] pause_gear.png -> max conf: 0.907 (needs 0.5, optimal scale: 0.80x)

[STEP 42] 开始执行动作...
[ACTION] AI决定: 选卡 5 -> 放入网格(5,1) -> 朝向 0
         坐标映射: 拖拽从(745,650)至(700,270) -> 方向滑动至(700,120)
[ACTION] ⛔ Fast-Fail! 目标网格(5,1)非绿色高亮(绿像素:2)。取消拖拽。
[REWARD] 执行前血条数: 4 -> 最终确认血条数: 0
[REWARD] ⛔ 非法区域/无费用，已被 CV 阻断。奖励 -0.5 (连续无作为: 3次)
[TemplateMatcher] pause_gear.png -> max conf: 0.908 (needs 0.5, optimal scale: 0.80x)

[STEP 43] 开始执行动作...
[ACTION] AI决定: 选卡 1 -> 放入网格(9,3) -> 朝向 1
         坐标映射: 拖拽从(385,650)至(1100,430) -> 方向滑动至(1100,580)
[ACTION] ✅ CV校验通过！网格(9,3)具有高亮绿色(像素:96)，准许拖拽。
[REWARD] 动作已执行，开始 3 次心跳检测 (间隔 0.2s)...
[REWARD] ❌ 第 1 次未检测到目标血条...
[REWARD] ❌ 第 2 次未检测到目标血条...
[REWARD] ❌ 第 3 次未检测到目标血条...
[REWARD] 执行前血条数: 4 -> 最终确认血条数: 4
[REWARD] 部署失败，计算前后帧 MSE (均方误差) = 423.68
[REWARD] 动作无效，但游戏仍在进行(画面有变化)。奖励 -0.2 (已清空无作为计数器)
[TemplateMatcher] pause_gear.png -> max conf: 0.908 (needs 0.5, optimal scale: 0.80x)

[STEP 44] 开始执行动作...
[ACTION] AI决定: 选卡 9 -> 放入网格(9,1) -> 朝向 0
         坐标映射: 拖拽从(1105,650)至(1100,270) -> 方向滑动至(1100,120)
[ACTION] ⛔ Fast-Fail! 目标网格(9,1)非绿色高亮(绿像素:0)。取消拖拽。
[REWARD] 执行前血条数: 4 -> 最终确认血条数: 0
[REWARD] ⛔ 非法区域/无费用，已被 CV 阻断。奖励 -0.5 (连续无作为: 1次)
[TemplateMatcher] pause_gear.png -> max conf: 0.907 (needs 0.5, optimal scale: 0.80x)

[STEP 45] 开始执行动作...
[ACTION] AI决定: 选卡 9 -> 放入网格(4,0) -> 朝向 0
         坐标映射: 拖拽从(1105,650)至(600,190) -> 方向滑动至(600,40)
[ACTION] ✅ CV校验通过！网格(4,0)具有高亮绿色(像素:702)，准许拖拽。
[REWARD] 动作已执行，开始 3 次心跳检测 (间隔 0.2s)...
[REWARD] ✅ 第 1 次检测命中目标干员血条！
[REWARD] 执行前血条数: 4 -> 最终确认血条数: 6
[REWARD] 🛡️ 背对敌人！(角度: 58.0°)，严厉惩罚 -3.0
[TemplateMatcher] pause_gear.png -> max conf: 0.908 (needs 0.5, optimal scale: 0.80x)

[STEP 46] 开始执行动作...
[ACTION] AI决定: 选卡 7 -> 放入网格(6,1) -> 朝向 0
         坐标映射: 拖拽从(925,650)至(800,270) -> 方向滑动至(800,120)
[ACTION] ⛔ Fast-Fail! 目标网格(6,1)非绿色高亮(绿像素:0)。取消拖拽。
[REWARD] 执行前血条数: 5 -> 最终确认血条数: 0
[REWARD] ⛔ 非法区域/无费用，已被 CV 阻断。奖励 -0.5 (连续无作为: 1次)
[TemplateMatcher] pause_gear.png -> max conf: 0.908 (needs 0.5, optimal scale: 0.80x)

[STEP 47] 开始执行动作...
[ACTION] AI决定: 选卡 9 -> 放入网格(5,2) -> 朝向 0
         坐标映射: 拖拽从(1105,650)至(700,350) -> 方向滑动至(700,200)
[ACTION] ⛔ Fast-Fail! 目标网格(5,2)非绿色高亮(绿像素:0)。取消拖拽。
[REWARD] 执行前血条数: 5 -> 最终确认血条数: 0
[REWARD] ⛔ 非法区域/无费用，已被 CV 阻断。奖励 -0.5 (连续无作为: 2次)
[TemplateMatcher] pause_gear.png -> max conf: 0.908 (needs 0.5, optimal scale: 0.80x)

[STEP 48] 开始执行动作...
[ACTION] AI决定: 选卡 3 -> 放入网格(0,0) -> 朝向 0
         坐标映射: 拖拽从(565,650)至(200,190) -> 方向滑动至(200,40)
[ACTION] ⛔ Fast-Fail! 目标网格(0,0)非绿色高亮(绿像素:0)。取消拖拽。
[REWARD] 执行前血条数: 5 -> 最终确认血条数: 0
[REWARD] ⛔ 非法区域/无费用，已被 CV 阻断。奖励 -0.5 (连续无作为: 3次)
[TemplateMatcher] pause_gear.png -> max conf: 0.908 (needs 0.5, optimal scale: 0.80x)

[STEP 49] 开始执行动作...
[ACTION] AI决定: 选卡 0 -> 放入网格(1,0) -> 朝向 2
         坐标映射: 拖拽从(295,650)至(300,190) -> 方向滑动至(150,190)
[ACTION] ⛔ Fast-Fail! 目标网格(1,0)非绿色高亮(绿像素:0)。取消拖拽。
[REWARD] 执行前血条数: 5 -> 最终确认血条数: 0
[REWARD] ⛔ 非法区域/无费用，已被 CV 阻断。奖励 -0.5 (连续无作为: 4次)
[TemplateMatcher] pause_gear.png -> max conf: 0.908 (needs 0.5, optimal scale: 0.80x)

[STEP 50] 开始执行动作...
[ACTION] AI决定: 选卡 2 -> 放入网格(3,1) -> 朝向 2
         坐标映射: 拖拽从(475,650)至(500,270) -> 方向滑动至(350,270)
[ACTION] ✅ CV校验通过！网格(3,1)具有高亮绿色(像素:757)，准许拖拽。
[REWARD] 动作已执行，开始 3 次心跳检测 (间隔 0.2s)...
[REWARD] ❌ 第 1 次未检测到目标血条...
[REWARD] ❌ 第 2 次未检测到目标血条...
[REWARD] ❌ 第 3 次未检测到目标血条...
[REWARD] 执行前血条数: 6 -> 最终确认血条数: 5
[REWARD] 部署失败，计算前后帧 MSE (均方误差) = 427.88
[REWARD] 动作无效，但游戏仍在进行(画面有变化)。奖励 -0.2 (已清空无作为计数器)
[TemplateMatcher] pause_gear.png -> max conf: 0.908 (needs 0.5, optimal scale: 0.80x)

[STEP 51] 开始执行动作...
[ACTION] AI决定: 选卡 9 -> 放入网格(3,0) -> 朝向 2
         坐标映射: 拖拽从(1105,650)至(500,190) -> 方向滑动至(350,190)
[ACTION] ✅ CV校验通过！网格(3,0)具有高亮绿色(像素:900)，准许拖拽。
[REWARD] 动作已执行，开始 3 次心跳检测 (间隔 0.2s)...
[REWARD] ❌ 第 1 次未检测到目标血条...
[REWARD] ❌ 第 2 次未检测到目标血条...
[REWARD] ❌ 第 3 次未检测到目标血条...
[REWARD] 执行前血条数: 5 -> 最终确认血条数: 5
[REWARD] 部署失败，计算前后帧 MSE (均方误差) = 326.24
[REWARD] 动作无效，但游戏仍在进行(画面有变化)。奖励 -0.2 (已清空无作为计数器)
[TemplateMatcher] pause_gear.png -> max conf: 0.908 (needs 0.5, optimal scale: 0.80x)

[STEP 52] 开始执行动作...
[ACTION] AI决定: 选卡 2 -> 放入网格(1,4) -> 朝向 2
         坐标映射: 拖拽从(475,650)至(300,510) -> 方向滑动至(150,510)
[ACTION] ⛔ Fast-Fail! 目标网格(1,4)非绿色高亮(绿像素:0)。取消拖拽。
[REWARD] 执行前血条数: 5 -> 最终确认血条数: 0
[REWARD] ⛔ 非法区域/无费用，已被 CV 阻断。奖励 -0.5 (连续无作为: 1次)
[TemplateMatcher] pause_gear.png -> max conf: 0.907 (needs 0.5, optimal scale: 0.80x)

[STEP 53] 开始执行动作...
[ACTION] AI决定: 选卡 7 -> 放入网格(6,4) -> 朝向 3
         坐标映射: 拖拽从(925,650)至(800,510) -> 方向滑动至(950,510)
[ACTION] ✅ CV校验通过！网格(6,4)具有高亮绿色(像素:900)，准许拖拽。
[REWARD] 动作已执行，开始 3 次心跳检测 (间隔 0.2s)...
[REWARD] ❌ 第 1 次未检测到目标血条...
[REWARD] ❌ 第 2 次未检测到目标血条...
[REWARD] ❌ 第 3 次未检测到目标血条...
[REWARD] 执行前血条数: 5 -> 最终确认血条数: 5
[REWARD] 部署失败，计算前后帧 MSE (均方误差) = 477.52
[REWARD] 动作无效，但游戏仍在进行(画面有变化)。奖励 -0.2 (已清空无作为计数器)
[TemplateMatcher] pause_gear.png -> max conf: 0.908 (needs 0.5, optimal scale: 0.80x)

[STEP 54] 开始执行动作...
[ACTION] AI决定: 选卡 8 -> 放入网格(8,0) -> 朝向 1
         坐标映射: 拖拽从(1015,650)至(1000,190) -> 方向滑动至(1000,340)
[ACTION] ⛔ Fast-Fail! 目标网格(8,0)非绿色高亮(绿像素:0)。取消拖拽。
[REWARD] 执行前血条数: 6 -> 最终确认血条数: 0
[REWARD] ⛔ 非法区域/无费用，已被 CV 阻断。奖励 -0.5 (连续无作为: 1次)
[TemplateMatcher] pause_gear.png -> max conf: 0.908 (needs 0.5, optimal scale: 0.80x)

[STEP 55] 开始执行动作...
[ACTION] AI决定: 选卡 6 -> 放入网格(2,4) -> 朝向 3
         坐标映射: 拖拽从(835,650)至(400,510) -> 方向滑动至(550,510)
[ACTION] ⛔ Fast-Fail! 目标网格(2,4)非绿色高亮(绿像素:0)。取消拖拽。
[REWARD] 执行前血条数: 6 -> 最终确认血条数: 0
[REWARD] ⛔ 非法区域/无费用，已被 CV 阻断。奖励 -0.5 (连续无作为: 2次)
[TemplateMatcher] pause_gear.png -> max conf: 0.909 (needs 0.5, optimal scale: 0.80x)

[STEP 56] 开始执行动作...
[ACTION] AI决定: 选卡 9 -> 放入网格(4,2) -> 朝向 2
         坐标映射: 拖拽从(1105,650)至(600,350) -> 方向滑动至(450,350)
[ACTION] ⛔ Fast-Fail! 目标网格(4,2)非绿色高亮(绿像素:0)。取消拖拽。
[REWARD] 执行前血条数: 6 -> 最终确认血条数: 0
[REWARD] ⛔ 非法区域/无费用，已被 CV 阻断。奖励 -0.5 (连续无作为: 3次)
[TemplateMatcher] pause_gear.png -> max conf: 0.907 (needs 0.5, optimal scale: 0.80x)

[STEP 57] 开始执行动作...
[ACTION] AI决定: 💤 挂机 (Skip / Wait for Cost)
[REWARD] 执行前血条数: 6 -> 最终确认血条数: 0
[REWARD] 💤 AI 主动挂机等费用，只扣除微小时间惩罚 -0.01
[TemplateMatcher] pause_gear.png -> max conf: 0.908 (needs 0.5, optimal scale: 0.80x)

[STEP 58] 开始执行动作...
[ACTION] AI决定: 选卡 5 -> 放入网格(5,2) -> 朝向 2
         坐标映射: 拖拽从(745,650)至(700,350) -> 方向滑动至(550,350)
[ACTION] ⛔ Fast-Fail! 目标网格(5,2)非绿色高亮(绿像素:0)。取消拖拽。
[REWARD] 执行前血条数: 6 -> 最终确认血条数: 0
[REWARD] ⛔ 非法区域/无费用，已被 CV 阻断。奖励 -0.5 (连续无作为: 1次)
[TemplateMatcher] pause_gear.png -> max conf: 0.908 (needs 0.5, optimal scale: 0.80x)

[STEP 59] 开始执行动作...
[ACTION] AI决定: 选卡 6 -> 放入网格(6,1) -> 朝向 1
         坐标映射: 拖拽从(835,650)至(800,270) -> 方向滑动至(800,420)
[ACTION] ⛔ Fast-Fail! 目标网格(6,1)非绿色高亮(绿像素:10)。取消拖拽。
[REWARD] 执行前血条数: 5 -> 最终确认血条数: 0
[REWARD] ⛔ 非法区域/无费用，已被 CV 阻断。奖励 -0.5 (连续无作为: 2次)
[TemplateMatcher] pause_gear.png -> max conf: 0.908 (needs 0.5, optimal scale: 0.80x)
----------------------------------------
| time/                   |            |
|    fps                  | 0          |
|    iterations           | 2          |
|    time_elapsed         | 779        |
|    total_timesteps      | 256        |
| train/                  |            |
|    approx_kl            | 0.07479355 |
|    clip_fraction        | 0.451      |
|    clip_range           | 0.2        |
|    entropy_loss         | -7.64      |
|    explained_variance   | 0.00129    |
|    learning_rate        | 0.0003     |
|    loss                 | 19.8       |
|    n_updates            | 10         |
|    policy_gradient_loss | -0.0612    |
|    value_loss           | 55.8       |
----------------------------------------

[STEP 60] 开始执行动作...
[ACTION] AI决定: 选卡 2 -> 放入网格(6,2) -> 朝向 2
         坐标映射: 拖拽从(475,650)至(800,350) -> 方向滑动至(650,350)
[ACTION] ✅ CV校验通过！网格(6,2)具有高亮绿色(像素:138)，准许拖拽。
[REWARD] 动作已执行，开始 3 次心跳检测 (间隔 0.2s)...
[REWARD] ❌ 第 1 次未检测到目标血条...
[REWARD] ❌ 第 2 次未检测到目标血条...
[REWARD] ❌ 第 3 次未检测到目标血条...
[REWARD] 执行前血条数: 5 -> 最终确认血条数: 5
[REWARD] 部署失败，计算前后帧 MSE (均方误差) = 252.32
[REWARD] 画面未发生明显变化(非法部署)。奖励 -0.5 (连续无作为: 3次)
[TemplateMatcher] pause_gear.png -> max conf: 0.908 (needs 0.5, optimal scale: 0.80x)

[STEP 61] 开始执行动作...
[ACTION] AI决定: 选卡 8 -> 放入网格(9,2) -> 朝向 1
         坐标映射: 拖拽从(1015,650)至(1100,350) -> 方向滑动至(1100,500)
[ACTION] ⛔ Fast-Fail! 目标网格(9,2)非绿色高亮(绿像素:0)。取消拖拽。
[REWARD] 执行前血条数: 5 -> 最终确认血条数: 0
[REWARD] ⛔ 非法区域/无费用，已被 CV 阻断。奖励 -0.5 (连续无作为: 4次)
[TemplateMatcher] pause_gear.png -> max conf: 0.908 (needs 0.5, optimal scale: 0.80x)

[STEP 62] 开始执行动作...
[ACTION] AI决定: 选卡 5 -> 放入网格(2,1) -> 朝向 0
         坐标映射: 拖拽从(745,650)至(400,270) -> 方向滑动至(400,120)
[ACTION] ✅ CV校验通过！网格(2,1)具有高亮绿色(像素:46)，准许拖拽。
[REWARD] 动作已执行，开始 3 次心跳检测 (间隔 0.2s)...
[REWARD] ❌ 第 1 次未检测到目标血条...
[REWARD] ❌ 第 2 次未检测到目标血条...
[REWARD] ❌ 第 3 次未检测到目标血条...
[REWARD] 执行前血条数: 6 -> 最终确认血条数: 5
[REWARD] 部署失败，计算前后帧 MSE (均方误差) = 333.65
[REWARD] 动作无效，但游戏仍在进行(画面有变化)。奖励 -0.2 (已清空无作为计数器)
[TemplateMatcher] pause_gear.png -> max conf: 0.908 (needs 0.5, optimal scale: 0.80x)

[STEP 63] 开始执行动作...
[ACTION] AI决定: 选卡 9 -> 放入网格(7,2) -> 朝向 2
         坐标映射: 拖拽从(1105,650)至(900,350) -> 方向滑动至(750,350)
[ACTION] ✅ CV校验通过！网格(7,2)具有高亮绿色(像素:48)，准许拖拽。
[REWARD] 动作已执行，开始 3 次心跳检测 (间隔 0.2s)...
[REWARD] ❌ 第 1 次未检测到目标血条...
[REWARD] ❌ 第 2 次未检测到目标血条...
[REWARD] ❌ 第 3 次未检测到目标血条...
[REWARD] 执行前血条数: 5 -> 最终确认血条数: 4
[REWARD] 部署失败，计算前后帧 MSE (均方误差) = 3387.87
[REWARD] 动作无效，但游戏仍在进行(画面有变化)。奖励 -0.2 (已清空无作为计数器)
[TemplateMatcher] pause_gear.png -> max conf: 0.908 (needs 0.5, optimal scale: 0.80x)

[STEP 64] 开始执行动作...
[ACTION] AI决定: 选卡 1 -> 放入网格(7,2) -> 朝向 1
         坐标映射: 拖拽从(385,650)至(900,350) -> 方向滑动至(900,500)
[ACTION] ⛔ Fast-Fail! 目标网格(7,2)非绿色高亮(绿像素:0)。取消拖拽。
[REWARD] 执行前血条数: 4 -> 最终确认血条数: 0
[REWARD] ⛔ 非法区域/无费用，已被 CV 阻断。奖励 -0.5 (连续无作为: 1次)
[TemplateMatcher] pause_gear.png -> max conf: 0.908 (needs 0.5, optimal scale: 0.80x)

[STEP 65] 开始执行动作...
[ACTION] AI决定: 选卡 9 -> 放入网格(6,3) -> 朝向 3
         坐标映射: 拖拽从(1105,650)至(800,430) -> 方向滑动至(950,430)
[ACTION] ⛔ Fast-Fail! 目标网格(6,3)非绿色高亮(绿像素:18)。取消拖拽。
[REWARD] 执行前血条数: 5 -> 最终确认血条数: 0
[REWARD] ⛔ 非法区域/无费用，已被 CV 阻断。奖励 -0.5 (连续无作为: 2次)
[TemplateMatcher] pause_gear.png -> max conf: 0.907 (needs 0.5, optimal scale: 0.80x)

[STEP 66] 开始执行动作...
[ACTION] AI决定: 选卡 2 -> 放入网格(8,4) -> 朝向 1
         坐标映射: 拖拽从(475,650)至(1000,510) -> 方向滑动至(1000,660)
[ACTION] ⛔ Fast-Fail! 目标网格(8,4)非绿色高亮(绿像素:0)。取消拖拽。
[REWARD] 执行前血条数: 5 -> 最终确认血条数: 0
[REWARD] ⛔ 非法区域/无费用，已被 CV 阻断。奖励 -0.5 (连续无作为: 3次)
[TemplateMatcher] pause_gear.png -> max conf: 0.908 (needs 0.5, optimal scale: 0.80x)

[STEP 67] 开始执行动作...
[ACTION] AI决定: 💤 挂机 (Skip / Wait for Cost)
[REWARD] 执行前血条数: 4 -> 最终确认血条数: 0
[REWARD] 💤 AI 主动挂机等费用，只扣除微小时间惩罚 -0.01
[TemplateMatcher] pause_gear.png -> max conf: 0.908 (needs 0.5, optimal scale: 0.80x)

[STEP 68] 开始执行动作...
[ACTION] AI决定: 选卡 6 -> 放入网格(0,4) -> 朝向 3
         坐标映射: 拖拽从(835,650)至(200,510) -> 方向滑动至(350,510)
[ACTION] ⛔ Fast-Fail! 目标网格(0,4)非绿色高亮(绿像素:0)。取消拖拽。
[REWARD] 执行前血条数: 5 -> 最终确认血条数: 0
[REWARD] ⛔ 非法区域/无费用，已被 CV 阻断。奖励 -0.5 (连续无作为: 1次)
[TemplateMatcher] pause_gear.png -> max conf: 0.908 (needs 0.5, optimal scale: 0.80x)

[STEP 69] 开始执行动作...
[ACTION] AI决定: 💤 挂机 (Skip / Wait for Cost)
[REWARD] 执行前血条数: 5 -> 最终确认血条数: 0
[REWARD] 💤 AI 主动挂机等费用，只扣除微小时间惩罚 -0.01
[TemplateMatcher] pause_gear.png -> max conf: 0.908 (needs 0.5, optimal scale: 0.80x)

[STEP 70] 开始执行动作...
[ACTION] AI决定: 选卡 9 -> 放入网格(1,1) -> 朝向 3
         坐标映射: 拖拽从(1105,650)至(300,270) -> 方向滑动至(450,270)
[ACTION] ⛔ Fast-Fail! 目标网格(1,1)非绿色高亮(绿像素:0)。取消拖拽。
[REWARD] 执行前血条数: 5 -> 最终确认血条数: 0
[REWARD] ⛔ 非法区域/无费用，已被 CV 阻断。奖励 -0.5 (连续无作为: 1次)
[TemplateMatcher] pause_gear.png -> max conf: 0.908 (needs 0.5, optimal scale: 0.80x)

[STEP 71] 开始执行动作...
[ACTION] AI决定: 选卡 2 -> 放入网格(8,1) -> 朝向 2
         坐标映射: 拖拽从(475,650)至(1000,270) -> 方向滑动至(850,270)
[ACTION] ⛔ Fast-Fail! 目标网格(8,1)非绿色高亮(绿像素:0)。取消拖拽。
[REWARD] 执行前血条数: 5 -> 最终确认血条数: 0
[REWARD] ⛔ 非法区域/无费用，已被 CV 阻断。奖励 -0.5 (连续无作为: 2次)
[TemplateMatcher] pause_gear.png -> max conf: 0.908 (needs 0.5, optimal scale: 0.80x)

[STEP 72] 开始执行动作...
[ACTION] AI决定: 选卡 0 -> 放入网格(7,3) -> 朝向 2
         坐标映射: 拖拽从(295,650)至(900,430) -> 方向滑动至(750,430)
[ACTION] ⛔ Fast-Fail! 目标网格(7,3)非绿色高亮(绿像素:0)。取消拖拽。
[REWARD] 执行前血条数: 4 -> 最终确认血条数: 0
[REWARD] ⛔ 非法区域/无费用，已被 CV 阻断。奖励 -0.5 (连续无作为: 3次)
[TemplateMatcher] pause_gear.png -> max conf: 0.908 (needs 0.5, optimal scale: 0.80x)

[STEP 73] 开始执行动作...
[ACTION] AI决定: 选卡 9 -> 放入网格(2,0) -> 朝向 3
         坐标映射: 拖拽从(1105,650)至(400,190) -> 方向滑动至(550,190)
[ACTION] ⛔ Fast-Fail! 目标网格(2,0)非绿色高亮(绿像素:0)。取消拖拽。
[REWARD] 执行前血条数: 5 -> 最终确认血条数: 0
[REWARD] ⛔ 非法区域/无费用，已被 CV 阻断。奖励 -0.5 (连续无作为: 4次)
[TemplateMatcher] pause_gear.png -> max conf: 0.908 (needs 0.5, optimal scale: 0.80x)

[STEP 74] 开始执行动作...
[ACTION] AI决定: 选卡 5 -> 放入网格(3,4) -> 朝向 0
         坐标映射: 拖拽从(745,650)至(500,510) -> 方向滑动至(500,360)
[ACTION] ✅ CV校验通过！网格(3,4)具有高亮绿色(像素:900)，准许拖拽。
[REWARD] 动作已执行，开始 3 次心跳检测 (间隔 0.2s)...
[REWARD] ❌ 第 1 次未检测到目标血条...
[REWARD] ✅ 第 2 次检测命中目标干员血条！
[REWARD] 执行前血条数: 5 -> 最终确认血条数: 6
[REWARD] 🛡️ 背对敌人！(角度: 2.0°)，严厉惩罚 -3.0
[TemplateMatcher] pause_gear.png -> max conf: 0.908 (needs 0.5, optimal scale: 0.80x)

[STEP 75] 开始执行动作...
[ACTION] AI决定: 选卡 0 -> 放入网格(7,2) -> 朝向 3
         坐标映射: 拖拽从(295,650)至(900,350) -> 方向滑动至(1050,350)
[ACTION] ⛔ Fast-Fail! 目标网格(7,2)非绿色高亮(绿像素:0)。取消拖拽。
[REWARD] 执行前血条数: 6 -> 最终确认血条数: 0
[REWARD] ⛔ 非法区域/无费用，已被 CV 阻断。奖励 -0.5 (连续无作为: 1次)
[TemplateMatcher] pause_gear.png -> max conf: 0.908 (needs 0.5, optimal scale: 0.80x)

[STEP 76] 开始执行动作...
[ACTION] AI决定: 选卡 8 -> 放入网格(8,2) -> 朝向 3
         坐标映射: 拖拽从(1015,650)至(1000,350) -> 方向滑动至(1150,350)
[ACTION] ✅ CV校验通过！网格(8,2)具有高亮绿色(像素:26)，准许拖拽。
[REWARD] 动作已执行，开始 3 次心跳检测 (间隔 0.2s)...
[REWARD] ❌ 第 1 次未检测到目标血条...
[REWARD] ❌ 第 2 次未检测到目标血条...
[REWARD] ❌ 第 3 次未检测到目标血条...
[REWARD] 执行前血条数: 7 -> 最终确认血条数: 6
[REWARD] 部署失败，计算前后帧 MSE (均方误差) = 371.16
[REWARD] 动作无效，但游戏仍在进行(画面有变化)。奖励 -0.2 (已清空无作为计数器)
[TemplateMatcher] pause_gear.png -> max conf: 0.908 (needs 0.5, optimal scale: 0.80x)

[STEP 77] 开始执行动作...
[ACTION] AI决定: 选卡 8 -> 放入网格(0,1) -> 朝向 3
         坐标映射: 拖拽从(1015,650)至(200,270) -> 方向滑动至(350,270)
[ACTION] ⛔ Fast-Fail! 目标网格(0,1)非绿色高亮(绿像素:0)。取消拖拽。
[REWARD] 执行前血条数: 7 -> 最终确认血条数: 0
[REWARD] ⛔ 非法区域/无费用，已被 CV 阻断。奖励 -0.5 (连续无作为: 1次)
[TemplateMatcher] pause_gear.png -> max conf: 0.908 (needs 0.5, optimal scale: 0.80x)

[STEP 78] 开始执行动作...
[ACTION] AI决定: 选卡 5 -> 放入网格(3,3) -> 朝向 3
         坐标映射: 拖拽从(745,650)至(500,430) -> 方向滑动至(650,430)
[ACTION] ✅ CV校验通过！网格(3,3)具有高亮绿色(像素:340)，准许拖拽。
[REWARD] 动作已执行，开始 3 次心跳检测 (间隔 0.2s)...
[REWARD] ✅ 第 1 次检测命中目标干员血条！
[REWARD] 执行前血条数: 7 -> 最终确认血条数: 8
[REWARD] ⚔️ 完美朝向！正对敌人 (角度: 17.2°)，巨额奖励 +8.0
[TemplateMatcher] pause_gear.png -> max conf: 0.908 (needs 0.5, optimal scale: 0.80x)

[STEP 79] 开始执行动作...
[ACTION] AI决定: 选卡 2 -> 放入网格(5,2) -> 朝向 0
         坐标映射: 拖拽从(475,650)至(700,350) -> 方向滑动至(700,200)
[ACTION] ⛔ Fast-Fail! 目标网格(5,2)非绿色高亮(绿像素:0)。取消拖拽。
[REWARD] 执行前血条数: 8 -> 最终确认血条数: 0
[REWARD] ⛔ 非法区域/无费用，已被 CV 阻断。奖励 -0.5 (连续无作为: 1次)
[TemplateMatcher] pause_gear.png -> max conf: 0.908 (needs 0.5, optimal scale: 0.80x)

[STEP 80] 开始执行动作...
[ACTION] AI决定: 选卡 8 -> 放入网格(8,4) -> 朝向 1
         坐标映射: 拖拽从(1015,650)至(1000,510) -> 方向滑动至(1000,660)
[ACTION] ✅ CV校验通过！网格(8,4)具有高亮绿色(像素:900)，准许拖拽。
[REWARD] 动作已执行，开始 3 次心跳检测 (间隔 0.2s)...
[REWARD] ✅ 第 1 次检测命中目标干员血条！
[REWARD] 执行前血条数: 7 -> 最终确认血条数: 8
[REWARD] 🎯 完美落子！部署点靠近敌人 (距离: 140.0)，奖励 +2.0
[REWARD] 🛡️ 背对敌人！(角度: 166.8°)，严厉惩罚 -3.0
[TemplateMatcher] pause_gear.png -> max conf: 0.908 (needs 0.5, optimal scale: 0.80x)

[STEP 81] 开始执行动作...
[ACTION] AI决定: 选卡 5 -> 放入网格(7,3) -> 朝向 1
         坐标映射: 拖拽从(745,650)至(900,430) -> 方向滑动至(900,580)
[ACTION] ✅ CV校验通过！网格(7,3)具有高亮绿色(像素:391)，准许拖拽。
[REWARD] 动作已执行，开始 3 次心跳检测 (间隔 0.2s)...
[REWARD] ✅ 第 1 次检测命中目标干员血条！
[REWARD] 执行前血条数: 8 -> 最终确认血条数: 7
[REWARD] 场上暂无移动目标，仅发放基础部署奖励 +1.0
[TemplateMatcher] pause_gear.png -> max conf: 0.907 (needs 0.5, optimal scale: 0.80x)

[STEP 82] 开始执行动作...
[ACTION] AI决定: 选卡 1 -> 放入网格(8,4) -> 朝向 1
         坐标映射: 拖拽从(385,650)至(1000,510) -> 方向滑动至(1000,660)
[ACTION] ⛔ Fast-Fail! 目标网格(8,4)非绿色高亮(绿像素:0)。取消拖拽。
[REWARD] 执行前血条数: 7 -> 最终确认血条数: 0
[REWARD] ⛔ 非法区域/无费用，已被 CV 阻断。奖励 -0.5 (连续无作为: 1次)
[TemplateMatcher] pause_gear.png -> max conf: 0.907 (needs 0.5, optimal scale: 0.80x)

[STEP 83] 开始执行动作...
[ACTION] AI决定: 选卡 1 -> 放入网格(3,2) -> 朝向 1
         坐标映射: 拖拽从(385,650)至(500,350) -> 方向滑动至(500,500)
[ACTION] ⛔ Fast-Fail! 目标网格(3,2)非绿色高亮(绿像素:0)。取消拖拽。
[REWARD] 执行前血条数: 7 -> 最终确认血条数: 0
[REWARD] ⛔ 非法区域/无费用，已被 CV 阻断。奖励 -0.5 (连续无作为: 2次)
[TemplateMatcher] pause_gear.png -> max conf: 0.907 (needs 0.5, optimal scale: 0.80x)

[STEP 84] 开始执行动作...
[ACTION] AI决定: 选卡 6 -> 放入网格(0,3) -> 朝向 0
         坐标映射: 拖拽从(835,650)至(200,430) -> 方向滑动至(200,280)
[ACTION] ⛔ Fast-Fail! 目标网格(0,3)非绿色高亮(绿像素:0)。取消拖拽。
[REWARD] 执行前血条数: 7 -> 最终确认血条数: 0
[REWARD] ⛔ 非法区域/无费用，已被 CV 阻断。奖励 -0.5 (连续无作为: 3次)
[TemplateMatcher] pause_gear.png -> max conf: 0.908 (needs 0.5, optimal scale: 0.80x)

[STEP 85] 开始执行动作...
[ACTION] AI决定: 选卡 9 -> 放入网格(1,2) -> 朝向 0
         坐标映射: 拖拽从(1105,650)至(300,350) -> 方向滑动至(300,200)
[ACTION] ⛔ Fast-Fail! 目标网格(1,2)非绿色高亮(绿像素:0)。取消拖拽。
[REWARD] 执行前血条数: 9 -> 最终确认血条数: 0
[REWARD] ⛔ 非法区域/无费用，已被 CV 阻断。奖励 -0.5 (连续无作为: 4次)
[TemplateMatcher] pause_gear.png -> max conf: 0.908 (needs 0.5, optimal scale: 0.80x)

[STEP 86] 开始执行动作...
[ACTION] AI决定: 选卡 2 -> 放入网格(0,0) -> 朝向 1
         坐标映射: 拖拽从(475,650)至(200,190) -> 方向滑动至(200,340)
[ACTION] ✅ CV校验通过！网格(0,0)具有高亮绿色(像素:25)，准许拖拽。
[REWARD] 动作已执行，开始 3 次心跳检测 (间隔 0.2s)...
[REWARD] ❌ 第 1 次未检测到目标血条...
[REWARD] ❌ 第 2 次未检测到目标血条...
[REWARD] ❌ 第 3 次未检测到目标血条...
[REWARD] 执行前血条数: 9 -> 最终确认血条数: 9
[REWARD] 部署失败，计算前后帧 MSE (均方误差) = 2817.41
[REWARD] 动作无效，但游戏仍在进行(画面有变化)。奖励 -0.2 (已清空无作为计数器)
[TemplateMatcher] pause_gear.png -> max conf: 0.908 (needs 0.5, optimal scale: 0.80x)

[STEP 87] 开始执行动作...
[ACTION] AI决定: 选卡 5 -> 放入网格(2,4) -> 朝向 1
         坐标映射: 拖拽从(745,650)至(400,510) -> 方向滑动至(400,660)
[ACTION] ⛔ Fast-Fail! 目标网格(2,4)非绿色高亮(绿像素:2)。取消拖拽。
[REWARD] 执行前血条数: 9 -> 最终确认血条数: 0
[REWARD] ⛔ 非法区域/无费用，已被 CV 阻断。奖励 -0.5 (连续无作为: 1次)
[TemplateMatcher] pause_gear.png -> max conf: 0.908 (needs 0.5, optimal scale: 0.80x)

[STEP 88] 开始执行动作...
[ACTION] AI决定: 选卡 9 -> 放入网格(3,2) -> 朝向 0
         坐标映射: 拖拽从(1105,650)至(500,350) -> 方向滑动至(500,200)
[ACTION] ⛔ Fast-Fail! 目标网格(3,2)非绿色高亮(绿像素:0)。取消拖拽。
[REWARD] 执行前血条数: 9 -> 最终确认血条数: 0
[REWARD] ⛔ 非法区域/无费用，已被 CV 阻断。奖励 -0.5 (连续无作为: 2次)
[TemplateMatcher] pause_gear.png -> max conf: 0.908 (needs 0.5, optimal scale: 0.80x)

[STEP 89] 开始执行动作...
[ACTION] AI决定: 选卡 6 -> 放入网格(1,4) -> 朝向 2
         坐标映射: 拖拽从(835,650)至(300,510) -> 方向滑动至(150,510)
[ACTION] ⛔ Fast-Fail! 目标网格(1,4)非绿色高亮(绿像素:0)。取消拖拽。
[REWARD] 执行前血条数: 8 -> 最终确认血条数: 0
[REWARD] ⛔ 非法区域/无费用，已被 CV 阻断。奖励 -0.5 (连续无作为: 3次)
[TemplateMatcher] pause_gear.png -> max conf: 0.907 (needs 0.5, optimal scale: 0.80x)

[STEP 90] 开始执行动作...
[ACTION] AI决定: 选卡 2 -> 放入网格(7,2) -> 朝向 1
         坐标映射: 拖拽从(475,650)至(900,350) -> 方向滑动至(900,500)
[ACTION] ⛔ Fast-Fail! 目标网格(7,2)非绿色高亮(绿像素:0)。取消拖拽。
[REWARD] 执行前血条数: 8 -> 最终确认血条数: 0
[REWARD] ⛔ 非法区域/无费用，已被 CV 阻断。奖励 -0.5 (连续无作为: 4次)
[TemplateMatcher] pause_gear.png -> max conf: 0.908 (needs 0.5, optimal scale: 0.80x)

[STEP 91] 开始执行动作...
[ACTION] AI决定: 选卡 8 -> 放入网格(3,2) -> 朝向 1
         坐标映射: 拖拽从(1015,650)至(500,350) -> 方向滑动至(500,500)
[ACTION] ✅ CV校验通过！网格(3,2)具有高亮绿色(像素:356)，准许拖拽。
[REWARD] 动作已执行，开始 3 次心跳检测 (间隔 0.2s)...
[REWARD] ✅ 第 1 次检测命中目标干员血条！
[REWARD] 执行前血条数: 9 -> 最终确认血条数: 9
[REWARD] 场上暂无移动目标，仅发放基础部署奖励 +1.0
[TemplateMatcher] pause_gear.png -> max conf: 0.908 (needs 0.5, optimal scale: 0.80x)

[STEP 92] 开始执行动作...
[ACTION] AI决定: 选卡 0 -> 放入网格(4,3) -> 朝向 0
         坐标映射: 拖拽从(295,650)至(600,430) -> 方向滑动至(600,280)
[ACTION] ✅ CV校验通过！网格(4,3)具有高亮绿色(像素:900)，准许拖拽。
[REWARD] 动作已执行，开始 3 次心跳检测 (间隔 0.2s)...
[REWARD] ✅ 第 1 次检测命中目标干员血条！
[REWARD] 执行前血条数: 9 -> 最终确认血条数: 9
[REWARD] 场上暂无移动目标，仅发放基础部署奖励 +1.0
[TemplateMatcher] pause_gear.png -> max conf: 0.908 (needs 0.5, optimal scale: 0.80x)

[STEP 93] 开始执行动作...
[ACTION] AI决定: 选卡 8 -> 放入网格(0,2) -> 朝向 0
         坐标映射: 拖拽从(1015,650)至(200,350) -> 方向滑动至(200,200)
[ACTION] ⛔ Fast-Fail! 目标网格(0,2)非绿色高亮(绿像素:0)。取消拖拽。
[REWARD] 执行前血条数: 9 -> 最终确认血条数: 0
[REWARD] ⛔ 非法区域/无费用，已被 CV 阻断。奖励 -0.5 (连续无作为: 1次)
[TemplateMatcher] pause_gear.png -> max conf: 0.907 (needs 0.5, optimal scale: 0.80x)

[STEP 94] 开始执行动作...
[ACTION] AI决定: 选卡 5 -> 放入网格(0,4) -> 朝向 0
         坐标映射: 拖拽从(745,650)至(200,510) -> 方向滑动至(200,360)
[ACTION] ⛔ Fast-Fail! 目标网格(0,4)非绿色高亮(绿像素:0)。取消拖拽。
[REWARD] 执行前血条数: 8 -> 最终确认血条数: 0
[REWARD] ⛔ 非法区域/无费用，已被 CV 阻断。奖励 -0.5 (连续无作为: 2次)
[TemplateMatcher] pause_gear.png -> max conf: 0.908 (needs 0.5, optimal scale: 0.80x)

[STEP 95] 开始执行动作...
[ACTION] AI决定: 选卡 1 -> 放入网格(3,3) -> 朝向 1
         坐标映射: 拖拽从(385,650)至(500,430) -> 方向滑动至(500,580)
[ACTION] ⛔ Fast-Fail! 目标网格(3,3)非绿色高亮(绿像素:0)。取消拖拽。
[REWARD] 执行前血条数: 9 -> 最终确认血条数: 0
[REWARD] ⛔ 非法区域/无费用，已被 CV 阻断。奖励 -0.5 (连续无作为: 3次)
[TemplateMatcher] pause_gear.png -> max conf: 0.883 (needs 0.5, optimal scale: 0.80x)

[STEP 96] 开始执行动作...
[ACTION] AI决定: 选卡 7 -> 放入网格(6,3) -> 朝向 1
         坐标映射: 拖拽从(925,650)至(800,430) -> 方向滑动至(800,580)
[ACTION] ⛔ Fast-Fail! 目标网格(6,3)非绿色高亮(绿像素:0)。取消拖拽。
[REWARD] 执行前血条数: 4 -> 最终确认血条数: 0
[REWARD] ⛔ 非法区域/无费用，已被 CV 阻断。奖励 -0.5 (连续无作为: 4次)
[TemplateMatcher] pause_gear.png -> max conf: 0.601 (needs 0.5, optimal scale: 0.80x)

[STEP 97] 开始执行动作...
[ACTION] AI决定: 选卡 6 -> 放入网格(3,2) -> 朝向 2
         坐标映射: 拖拽从(835,650)至(500,350) -> 方向滑动至(350,350)
[ACTION] ⛔ Fast-Fail! 目标网格(3,2)非绿色高亮(绿像素:0)。取消拖拽。
[REWARD] 执行前血条数: 8 -> 最终确认血条数: 0
[REWARD] ⛔ 非法区域/无费用，已被 CV 阻断。奖励 -0.5 (连续无作为: 5次)
[ENV] 🚨 优先级 1 触发：检测到画面剧烈变化 (MSE=8144.06 > 8000)，判定为场景切换/结算，强制终止回合！

================= 回合结束，开始自动重启关卡 =================
[TemplateMatcher] pause_gear.png -> max conf: 0.000 (needs 0.7, optimal scale: 0.80x)
[DEBUG] 未匹配 [pause_gear] (要求阈值 0.7)
[TemplateMatcher] start_action.png -> max conf: 0.000 (needs 0.45, optimal scale: 0.80x)
[DEBUG] 未匹配 [start_action] (要求阈值 0.45)
[TemplateMatcher] practice.png -> max conf: 0.000 (needs 0.5, optimal scale: 0.80x)
[DEBUG] 未匹配 [practice] (要求阈值 0.5)
[TemplateMatcher] stage_1_7.png -> max conf: 0.000 (needs 0.5, optimal scale: 0.80x)
[DEBUG] 未匹配 [stage_1_7] (要求阈值 0.5)
[RESET] 尝试跳过动画/寻找入口... (尝试 1/100)
[TemplateMatcher] pause_gear.png -> max conf: 0.000 (needs 0.7, optimal scale: 0.80x)
[DEBUG] 未匹配 [pause_gear] (要求阈值 0.7)
[TemplateMatcher] start_action.png -> max conf: 0.000 (needs 0.45, optimal scale: 0.80x)
[DEBUG] 未匹配 [start_action] (要求阈值 0.45)
[TemplateMatcher] practice.png -> max conf: 0.000 (needs 0.5, optimal scale: 0.80x)
[DEBUG] 未匹配 [practice] (要求阈值 0.5)
[TemplateMatcher] stage_1_7.png -> max conf: 0.000 (needs 0.5, optimal scale: 0.80x)
[DEBUG] 未匹配 [stage_1_7] (要求阈值 0.5)
[RESET] 尝试跳过动画/寻找入口... (尝试 2/100)
[TemplateMatcher] pause_gear.png -> max conf: 0.000 (needs 0.7, optimal scale: 0.80x)
[DEBUG] 未匹配 [pause_gear] (要求阈值 0.7)
[TemplateMatcher] start_action.png -> max conf: 0.000 (needs 0.45, optimal scale: 0.80x)
[DEBUG] 未匹配 [start_action] (要求阈值 0.45)
[TemplateMatcher] practice.png -> max conf: 0.000 (needs 0.5, optimal scale: 0.80x)
[DEBUG] 未匹配 [practice] (要求阈值 0.5)
[TemplateMatcher] stage_1_7.png -> max conf: 0.000 (needs 0.5, optimal scale: 0.80x)
[DEBUG] 未匹配 [stage_1_7] (要求阈值 0.5)
[RESET] 尝试跳过动画/寻找入口... (尝试 3/100)
[TemplateMatcher] pause_gear.png -> max conf: 0.492 (needs 0.7, optimal scale: 0.80x)
[DEBUG] 未匹配 [pause_gear] (要求阈值 0.7)
[TemplateMatcher] start_action.png -> max conf: 0.035 (needs 0.45, optimal scale: 0.80x)
[DEBUG] 未匹配 [start_action] (要求阈值 0.45)
[TemplateMatcher] practice.png -> max conf: 0.529 (needs 0.5, optimal scale: 1.15x)
[RESET] 找到 [practice] (置信度 0.53 >= 0.5)，点击 (1087, 603)
[RESET] 点击演习按钮
[TemplateMatcher] pause_gear.png -> max conf: 0.492 (needs 0.7, optimal scale: 0.80x)
[DEBUG] 未匹配 [pause_gear] (要求阈值 0.7)
[TemplateMatcher] start_action.png -> max conf: 0.035 (needs 0.45, optimal scale: 0.80x)
[DEBUG] 未匹配 [start_action] (要求阈值 0.45)
[TemplateMatcher] practice.png -> max conf: 0.529 (needs 0.5, optimal scale: 1.15x)
[RESET] 找到 [practice] (置信度 0.53 >= 0.5)，点击 (1087, 603)
[RESET] 点击演习按钮
[TemplateMatcher] pause_gear.png -> max conf: 0.490 (needs 0.7, optimal scale: 0.80x)
[DEBUG] 未匹配 [pause_gear] (要求阈值 0.7)
[TemplateMatcher] start_action.png -> max conf: -0.034 (needs 0.45, optimal scale: 0.80x)
[DEBUG] 未匹配 [start_action] (要求阈值 0.45)
[TemplateMatcher] practice.png -> max conf: 0.522 (needs 0.5, optimal scale: 0.80x)
[RESET] 找到 [practice] (置信度 0.52 >= 0.5)，点击 (533, 603)
[RESET] 点击演习按钮
[TemplateMatcher] pause_gear.png -> max conf: 0.490 (needs 0.7, optimal scale: 0.80x)
[DEBUG] 未匹配 [pause_gear] (要求阈值 0.7)
[TemplateMatcher] start_action.png -> max conf: -0.034 (needs 0.45, optimal scale: 0.80x)
[DEBUG] 未匹配 [start_action] (要求阈值 0.45)
[TemplateMatcher] practice.png -> max conf: 0.522 (needs 0.5, optimal scale: 0.80x)
[RESET] 找到 [practice] (置信度 0.52 >= 0.5)，点击 (533, 603)
[RESET] 点击演习按钮
[TemplateMatcher] pause_gear.png -> max conf: 0.490 (needs 0.7, optimal scale: 0.80x)
[DEBUG] 未匹配 [pause_gear] (要求阈值 0.7)
[TemplateMatcher] start_action.png -> max conf: -0.034 (needs 0.45, optimal scale: 0.80x)
[DEBUG] 未匹配 [start_action] (要求阈值 0.45)
[TemplateMatcher] practice.png -> max conf: 0.522 (needs 0.5, optimal scale: 0.80x)
[RESET] 找到 [practice] (置信度 0.52 >= 0.5)，点击 (533, 603)
[RESET] 点击演习按钮
[TemplateMatcher] pause_gear.png -> max conf: 0.473 (needs 0.7, optimal scale: 0.90x)
[DEBUG] 未匹配 [pause_gear] (要求阈值 0.7)
[TemplateMatcher] start_action.png -> max conf: 0.037 (needs 0.45, optimal scale: 0.80x)
[DEBUG] 未匹配 [start_action] (要求阈值 0.45)
[TemplateMatcher] practice.png -> max conf: 0.489 (needs 0.5, optimal scale: 0.85x)
[DEBUG] 未匹配 [practice] (要求阈值 0.5)
[TemplateMatcher] stage_1_7.png -> max conf: 0.712 (needs 0.5, optimal scale: 0.80x)
[RESET] 找到 [stage_1_7] (置信度 0.71 >= 0.5)，点击 (638, 224)
[RESET] 点击关卡 1-7 图标
[TemplateMatcher] pause_gear.png -> max conf: 0.612 (needs 0.7, optimal scale: 1.10x)
[DEBUG] 未匹配 [pause_gear] (要求阈值 0.7)
[TemplateMatcher] start_action.png -> max conf: 0.100 (needs 0.45, optimal scale: 0.80x)
[DEBUG] 未匹配 [start_action] (要求阈值 0.45)
[TemplateMatcher] practice.png -> max conf: 0.687 (needs 0.5, optimal scale: 0.80x)
[RESET] 找到 [practice] (置信度 0.69 >= 0.5)，点击 (935, 660)
[RESET] 点击演习按钮
[TemplateMatcher] pause_gear.png -> max conf: 0.470 (needs 0.7, optimal scale: 1.05x)
[DEBUG] 未匹配 [pause_gear] (要求阈值 0.7)
[TemplateMatcher] start_action.png -> max conf: 0.451 (needs 0.45, optimal scale: 0.80x)
[RESET] 找到 [start_action] (置信度 0.45 >= 0.45)，点击 (1101, 513)
[RESET] 点击开始行动，进入加载...
[TemplateMatcher] pause_gear.png -> max conf: 0.000 (needs 0.7, optimal scale: 0.80x)
[DEBUG] 未匹配 [pause_gear] (要求阈值 0.7)
[TemplateMatcher] start_action.png -> max conf: 0.000 (needs 0.45, optimal scale: 0.80x)
[DEBUG] 未匹配 [start_action] (要求阈值 0.45)
[TemplateMatcher] practice.png -> max conf: 0.000 (needs 0.5, optimal scale: 0.80x)
[DEBUG] 未匹配 [practice] (要求阈值 0.5)
[TemplateMatcher] stage_1_7.png -> max conf: 0.000 (needs 0.5, optimal scale: 0.80x)
[DEBUG] 未匹配 [stage_1_7] (要求阈值 0.5)
[RESET] 尝试跳过动画/寻找入口... (尝试 12/100)
[TemplateMatcher] pause_gear.png -> max conf: 0.000 (needs 0.7, optimal scale: 0.80x)
[DEBUG] 未匹配 [pause_gear] (要求阈值 0.7)
[TemplateMatcher] start_action.png -> max conf: 0.000 (needs 0.45, optimal scale: 0.80x)
[DEBUG] 未匹配 [start_action] (要求阈值 0.45)
[TemplateMatcher] practice.png -> max conf: 0.000 (needs 0.5, optimal scale: 0.80x)
[DEBUG] 未匹配 [practice] (要求阈值 0.5)
[TemplateMatcher] stage_1_7.png -> max conf: 0.000 (needs 0.5, optimal scale: 0.80x)
[DEBUG] 未匹配 [stage_1_7] (要求阈值 0.5)
[RESET] 尝试跳过动画/寻找入口... (尝试 13/100)
[TemplateMatcher] pause_gear.png -> max conf: 0.511 (needs 0.7, optimal scale: 1.20x)
[DEBUG] 未匹配 [pause_gear] (要求阈值 0.7)
[TemplateMatcher] start_action.png -> max conf: -0.063 (needs 0.45, optimal scale: 0.80x)
[DEBUG] 未匹配 [start_action] (要求阈值 0.45)
[TemplateMatcher] practice.png -> max conf: 0.379 (needs 0.5, optimal scale: 0.90x)
[DEBUG] 未匹配 [practice] (要求阈值 0.5)
[TemplateMatcher] stage_1_7.png -> max conf: 0.411 (needs 0.5, optimal scale: 0.90x)
[DEBUG] 未匹配 [stage_1_7] (要求阈值 0.5)
[RESET] 尝试跳过动画/寻找入口... (尝试 14/100)
[TemplateMatcher] pause_gear.png -> max conf: 0.511 (needs 0.7, optimal scale: 1.20x)
[DEBUG] 未匹配 [pause_gear] (要求阈值 0.7)
[TemplateMatcher] start_action.png -> max conf: -0.063 (needs 0.45, optimal scale: 0.80x)
[DEBUG] 未匹配 [start_action] (要求阈值 0.45)
[TemplateMatcher] practice.png -> max conf: 0.379 (needs 0.5, optimal scale: 0.90x)
[DEBUG] 未匹配 [practice] (要求阈值 0.5)
[TemplateMatcher] stage_1_7.png -> max conf: 0.411 (needs 0.5, optimal scale: 0.90x)
[DEBUG] 未匹配 [stage_1_7] (要求阈值 0.5)
[RESET] 尝试跳过动画/寻找入口... (尝试 15/100)
[TemplateMatcher] pause_gear.png -> max conf: 0.215 (needs 0.7, optimal scale: 1.20x)
[DEBUG] 未匹配 [pause_gear] (要求阈值 0.7)
[TemplateMatcher] start_action.png -> max conf: 0.224 (needs 0.45, optimal scale: 0.80x)
[DEBUG] 未匹配 [start_action] (要求阈值 0.45)
[TemplateMatcher] practice.png -> max conf: 0.264 (needs 0.5, optimal scale: 0.80x)
[DEBUG] 未匹配 [practice] (要求阈值 0.5)
[TemplateMatcher] stage_1_7.png -> max conf: 0.271 (needs 0.5, optimal scale: 0.80x)
[DEBUG] 未匹配 [stage_1_7] (要求阈值 0.5)
[RESET] 尝试跳过动画/寻找入口... (尝试 16/100)
[TemplateMatcher] pause_gear.png -> max conf: 0.211 (needs 0.7, optimal scale: 1.05x)
[DEBUG] 未匹配 [pause_gear] (要求阈值 0.7)
[TemplateMatcher] start_action.png -> max conf: 0.202 (needs 0.45, optimal scale: 0.80x)
[DEBUG] 未匹配 [start_action] (要求阈值 0.45)
[TemplateMatcher] practice.png -> max conf: 0.297 (needs 0.5, optimal scale: 0.80x)
[DEBUG] 未匹配 [practice] (要求阈值 0.5)
[TemplateMatcher] stage_1_7.png -> max conf: 0.277 (needs 0.5, optimal scale: 0.85x)
[DEBUG] 未匹配 [stage_1_7] (要求阈值 0.5)
[RESET] 尝试跳过动画/寻找入口... (尝试 17/100)
[TemplateMatcher] pause_gear.png -> max conf: 0.828 (needs 0.7, optimal scale: 0.80x)
[RESET] 找到 [pause_gear] (置信度 0.83 >= 0.7)，(仅检测，不点击)
[RESET] ✅ 检测到战斗画面右上角齿轮，重启成功！
================= 关卡重启流程结束 =================

--> [回合结束] 第 4 回合 | 奖励: -8.1 | 步数: 97

[STEP 1] 开始执行动作...
[ACTION] AI决定: 选卡 8 -> 放入网格(3,4) -> 朝向 2
         坐标映射: 拖拽从(1015,650)至(500,510) -> 方向滑动至(350,510)
[ACTION] ✅ CV校验通过！网格(3,4)具有高亮绿色(像素:900)，准许拖拽。
[REWARD] 动作已执行，开始 3 次心跳检测 (间隔 0.2s)...
[REWARD] ❌ 第 1 次未检测到目标血条...
[REWARD] ❌ 第 2 次未检测到目标血条...
[REWARD] ❌ 第 3 次未检测到目标血条...
[REWARD] 执行前血条数: 0 -> 最终确认血条数: 0
[REWARD] 部署失败，计算前后帧 MSE (均方误差) = 3672.92
[REWARD] 动作无效，但游戏仍在进行(画面有变化)。奖励 -0.2 (已清空无作为计数器)
[TemplateMatcher] pause_gear.png -> max conf: 0.907 (needs 0.5, optimal scale: 0.80x)

[STEP 2] 开始执行动作...
[ACTION] AI决定: 选卡 5 -> 放入网格(0,3) -> 朝向 0
         坐标映射: 拖拽从(745,650)至(200,430) -> 方向滑动至(200,280)
[ACTION] ⛔ Fast-Fail! 目标网格(0,3)非绿色高亮(绿像素:0)。取消拖拽。
[REWARD] 执行前血条数: 0 -> 最终确认血条数: 0
[REWARD] ⛔ 非法区域/无费用，已被 CV 阻断。奖励 -0.5 (连续无作为: 1次)
[TemplateMatcher] pause_gear.png -> max conf: 0.908 (needs 0.5, optimal scale: 0.80x)

[STEP 3] 开始执行动作...
[ACTION] AI决定: 选卡 2 -> 放入网格(3,2) -> 朝向 1
         坐标映射: 拖拽从(475,650)至(500,350) -> 方向滑动至(500,500)
[ACTION] ✅ CV校验通过！网格(3,2)具有高亮绿色(像素:71)，准许拖拽。
[REWARD] 动作已执行，开始 3 次心跳检测 (间隔 0.2s)...
[REWARD] ❌ 第 1 次未检测到目标血条...
[REWARD] ❌ 第 2 次未检测到目标血条...
[REWARD] ❌ 第 3 次未检测到目标血条...
[REWARD] 执行前血条数: 0 -> 最终确认血条数: 0
[REWARD] 部署失败，计算前后帧 MSE (均方误差) = 142.74
[REWARD] 画面未发生明显变化(非法部署)。奖励 -0.5 (连续无作为: 2次)
[TemplateMatcher] pause_gear.png -> max conf: 0.908 (needs 0.5, optimal scale: 0.80x)

[STEP 4] 开始执行动作...
[ACTION] AI决定: 选卡 2 -> 放入网格(8,2) -> 朝向 3
         坐标映射: 拖拽从(475,650)至(1000,350) -> 方向滑动至(1150,350)
[ACTION] ✅ CV校验通过！网格(8,2)具有高亮绿色(像素:812)，准许拖拽。
[REWARD] 动作已执行，开始 3 次心跳检测 (间隔 0.2s)...
[REWARD] ❌ 第 1 次未检测到目标血条...
[REWARD] ❌ 第 2 次未检测到目标血条...
[REWARD] ❌ 第 3 次未检测到目标血条...
[REWARD] 执行前血条数: 0 -> 最终确认血条数: 0
[REWARD] 部署失败，计算前后帧 MSE (均方误差) = 241.39
[REWARD] 画面未发生明显变化(非法部署)。奖励 -0.5 (连续无作为: 3次)
[TemplateMatcher] pause_gear.png -> max conf: 0.908 (needs 0.5, optimal scale: 0.80x)

[STEP 5] 开始执行动作...
[ACTION] AI决定: 选卡 1 -> 放入网格(3,2) -> 朝向 1
         坐标映射: 拖拽从(385,650)至(500,350) -> 方向滑动至(500,500)
[ACTION] ✅ CV校验通过！网格(3,2)具有高亮绿色(像素:68)，准许拖拽。
[REWARD] 动作已执行，开始 3 次心跳检测 (间隔 0.2s)...
[REWARD] ❌ 第 1 次未检测到目标血条...
[REWARD] ❌ 第 2 次未检测到目标血条...
[REWARD] ❌ 第 3 次未检测到目标血条...
[REWARD] 执行前血条数: 0 -> 最终确认血条数: 0
[REWARD] 部署失败，计算前后帧 MSE (均方误差) = 154.58
[REWARD] 画面未发生明显变化(非法部署)。奖励 -0.5 (连续无作为: 4次)
[TemplateMatcher] pause_gear.png -> max conf: 0.908 (needs 0.5, optimal scale: 0.80x)

[STEP 6] 开始执行动作...
[ACTION] AI决定: 选卡 6 -> 放入网格(5,2) -> 朝向 2
         坐标映射: 拖拽从(835,650)至(700,350) -> 方向滑动至(550,350)
[ACTION] ✅ CV校验通过！网格(5,2)具有高亮绿色(像素:816)，准许拖拽。
[REWARD] 动作已执行，开始 3 次心跳检测 (间隔 0.2s)...
[REWARD] ✅ 第 1 次检测命中目标干员血条！
[REWARD] 执行前血条数: 0 -> 最终确认血条数: 1
[REWARD] ⚔️ 完美朝向！正对敌人 (角度: 154.5°)，巨额奖励 +8.0
[TemplateMatcher] pause_gear.png -> max conf: 0.907 (needs 0.5, optimal scale: 0.80x)
[SAVE] 自动保存进度 (Step 300) -> policy_latest.zip

[STEP 7] 开始执行动作...
[ACTION] AI决定: 选卡 1 -> 放入网格(2,0) -> 朝向 3
         坐标映射: 拖拽从(385,650)至(400,190) -> 方向滑动至(550,190)
[ACTION] ✅ CV校验通过！网格(2,0)具有高亮绿色(像素:845)，准许拖拽。
[REWARD] 动作已执行，开始 3 次心跳检测 (间隔 0.2s)...
[REWARD] ❌ 第 1 次未检测到目标血条...
[REWARD] ❌ 第 2 次未检测到目标血条...
[REWARD] ❌ 第 3 次未检测到目标血条...
[REWARD] 执行前血条数: 1 -> 最终确认血条数: 1
[REWARD] 部署失败，计算前后帧 MSE (均方误差) = 143.41
[REWARD] 画面未发生明显变化(非法部署)。奖励 -0.5 (连续无作为: 1次)
[TemplateMatcher] pause_gear.png -> max conf: 0.908 (needs 0.5, optimal scale: 0.80x)

[STEP 8] 开始执行动作...
[ACTION] AI决定: 选卡 9 -> 放入网格(1,2) -> 朝向 2
         坐标映射: 拖拽从(1105,650)至(300,350) -> 方向滑动至(150,350)
[ACTION] ⛔ Fast-Fail! 目标网格(1,2)非绿色高亮(绿像素:0)。取消拖拽。
[REWARD] 执行前血条数: 1 -> 最终确认血条数: 0
[REWARD] ⛔ 非法区域/无费用，已被 CV 阻断。奖励 -0.5 (连续无作为: 2次)
[TemplateMatcher] pause_gear.png -> max conf: 0.908 (needs 0.5, optimal scale: 0.80x)

[STEP 9] 开始执行动作...
[ACTION] AI决定: 选卡 8 -> 放入网格(6,4) -> 朝向 0
         坐标映射: 拖拽从(1015,650)至(800,510) -> 方向滑动至(800,360)
[ACTION] ⛔ Fast-Fail! 目标网格(6,4)非绿色高亮(绿像素:0)。取消拖拽。
[REWARD] 执行前血条数: 1 -> 最终确认血条数: 0
[REWARD] ⛔ 非法区域/无费用，已被 CV 阻断。奖励 -0.5 (连续无作为: 3次)
[TemplateMatcher] pause_gear.png -> max conf: 0.907 (needs 0.5, optimal scale: 0.80x)

[STEP 10] 开始执行动作...
[ACTION] AI决定: 选卡 0 -> 放入网格(0,3) -> 朝向 2
         坐标映射: 拖拽从(295,650)至(200,430) -> 方向滑动至(50,430)
[ACTION] ⛔ Fast-Fail! 目标网格(0,3)非绿色高亮(绿像素:0)。取消拖拽。
[REWARD] 执行前血条数: 1 -> 最终确认血条数: 0
[REWARD] ⛔ 非法区域/无费用，已被 CV 阻断。奖励 -0.5 (连续无作为: 4次)
[TemplateMatcher] pause_gear.png -> max conf: 0.908 (needs 0.5, optimal scale: 0.80x)

[STEP 11] 开始执行动作...
[ACTION] AI决定: 选卡 9 -> 放入网格(8,4) -> 朝向 0
         坐标映射: 拖拽从(1105,650)至(1000,510) -> 方向滑动至(1000,360)
[ACTION] ✅ CV校验通过！网格(8,4)具有高亮绿色(像素:900)，准许拖拽。
[REWARD] 动作已执行，开始 3 次心跳检测 (间隔 0.2s)...
[REWARD] ❌ 第 1 次未检测到目标血条...
[REWARD] ❌ 第 2 次未检测到目标血条...
[REWARD] ❌ 第 3 次未检测到目标血条...
[REWARD] 执行前血条数: 1 -> 最终确认血条数: 1
[REWARD] 部署失败，计算前后帧 MSE (均方误差) = 355.01
[REWARD] 动作无效，但游戏仍在进行(画面有变化)。奖励 -0.2 (已清空无作为计数器)
[TemplateMatcher] pause_gear.png -> max conf: 0.908 (needs 0.5, optimal scale: 0.80x)

[STEP 12] 开始执行动作...
[ACTION] AI决定: 选卡 2 -> 放入网格(2,3) -> 朝向 1
         坐标映射: 拖拽从(475,650)至(400,430) -> 方向滑动至(400,580)
[ACTION] ⛔ Fast-Fail! 目标网格(2,3)非绿色高亮(绿像素:0)。取消拖拽。
[REWARD] 执行前血条数: 1 -> 最终确认血条数: 0
[REWARD] ⛔ 非法区域/无费用，已被 CV 阻断。奖励 -0.5 (连续无作为: 1次)
[TemplateMatcher] pause_gear.png -> max conf: 0.908 (needs 0.5, optimal scale: 0.80x)

[STEP 13] 开始执行动作...
[ACTION] AI决定: 选卡 2 -> 放入网格(0,3) -> 朝向 1
         坐标映射: 拖拽从(475,650)至(200,430) -> 方向滑动至(200,580)
[ACTION] ⛔ Fast-Fail! 目标网格(0,3)非绿色高亮(绿像素:0)。取消拖拽。
[REWARD] 执行前血条数: 1 -> 最终确认血条数: 0
[REWARD] ⛔ 非法区域/无费用，已被 CV 阻断。奖励 -0.5 (连续无作为: 2次)
[TemplateMatcher] pause_gear.png -> max conf: 0.908 (needs 0.5, optimal scale: 0.80x)

[STEP 14] 开始执行动作...
[ACTION] AI决定: 选卡 9 -> 放入网格(7,3) -> 朝向 3
         坐标映射: 拖拽从(1105,650)至(900,430) -> 方向滑动至(1050,430)
[ACTION] ⛔ Fast-Fail! 目标网格(7,3)非绿色高亮(绿像素:16)。取消拖拽。
[REWARD] 执行前血条数: 1 -> 最终确认血条数: 0
[REWARD] ⛔ 非法区域/无费用，已被 CV 阻断。奖励 -0.5 (连续无作为: 3次)
[TemplateMatcher] pause_gear.png -> max conf: 0.907 (needs 0.5, optimal scale: 0.80x)

[STEP 15] 开始执行动作...
[ACTION] AI决定: 选卡 8 -> 放入网格(8,3) -> 朝向 0
         坐标映射: 拖拽从(1015,650)至(1000,430) -> 方向滑动至(1000,280)
[ACTION] ✅ CV校验通过！网格(8,3)具有高亮绿色(像素:896)，准许拖拽。
[REWARD] 动作已执行，开始 3 次心跳检测 (间隔 0.2s)...
[REWARD] ❌ 第 1 次未检测到目标血条...
[REWARD] ❌ 第 2 次未检测到目标血条...
[REWARD] ❌ 第 3 次未检测到目标血条...
[REWARD] 执行前血条数: 1 -> 最终确认血条数: 1
[REWARD] 部署失败，计算前后帧 MSE (均方误差) = 310.82
[REWARD] 动作无效，但游戏仍在进行(画面有变化)。奖励 -0.2 (已清空无作为计数器)
[TemplateMatcher] pause_gear.png -> max conf: 0.908 (needs 0.5, optimal scale: 0.80x)

[STEP 16] 开始执行动作...
[ACTION] AI决定: 选卡 2 -> 放入网格(2,2) -> 朝向 0
         坐标映射: 拖拽从(475,650)至(400,350) -> 方向滑动至(400,200)
[ACTION] ⛔ Fast-Fail! 目标网格(2,2)非绿色高亮(绿像素:8)。取消拖拽。
[REWARD] 执行前血条数: 1 -> 最终确认血条数: 0
[REWARD] ⛔ 非法区域/无费用，已被 CV 阻断。奖励 -0.5 (连续无作为: 1次)
[TemplateMatcher] pause_gear.png -> max conf: 0.908 (needs 0.5, optimal scale: 0.80x)

[STEP 17] 开始执行动作...
[ACTION] AI决定: 选卡 5 -> 放入网格(8,2) -> 朝向 2
         坐标映射: 拖拽从(745,650)至(1000,350) -> 方向滑动至(850,350)
[ACTION] ✅ CV校验通过！网格(8,2)具有高亮绿色(像素:812)，准许拖拽。
[REWARD] 动作已执行，开始 3 次心跳检测 (间隔 0.2s)...
[REWARD] ✅ 第 1 次检测命中目标干员血条！
[REWARD] 执行前血条数: 1 -> 最终确认血条数: 2
[REWARD] 🎯 完美落子！部署点靠近敌人 (距离: 168.1)，奖励 +2.0
[REWARD] 🛡️ 背对敌人！(角度: 316.2°)，严厉惩罚 -3.0
[TemplateMatcher] pause_gear.png -> max conf: 0.908 (needs 0.5, optimal scale: 0.80x)

[STEP 18] 开始执行动作...
[ACTION] AI决定: 选卡 2 -> 放入网格(7,2) -> 朝向 0
         坐标映射: 拖拽从(475,650)至(900,350) -> 方向滑动至(900,200)
[ACTION] ✅ CV校验通过！网格(7,2)具有高亮绿色(像素:52)，准许拖拽。
[REWARD] 动作已执行，开始 3 次心跳检测 (间隔 0.2s)...
[REWARD] ❌ 第 1 次未检测到目标血条...
[REWARD] ❌ 第 2 次未检测到目标血条...
[REWARD] ❌ 第 3 次未检测到目标血条...
[REWARD] 执行前血条数: 2 -> 最终确认血条数: 2
[REWARD] 部署失败，计算前后帧 MSE (均方误差) = 339.91
[REWARD] 动作无效，但游戏仍在进行(画面有变化)。奖励 -0.2 (已清空无作为计数器)
[TemplateMatcher] pause_gear.png -> max conf: 0.908 (needs 0.5, optimal scale: 0.80x)

[STEP 19] 开始执行动作...
[ACTION] AI决定: 💤 挂机 (Skip / Wait for Cost)
[REWARD] 执行前血条数: 2 -> 最终确认血条数: 0
[REWARD] 💤 AI 主动挂机等费用，只扣除微小时间惩罚 -0.01
[TemplateMatcher] pause_gear.png -> max conf: 0.908 (needs 0.5, optimal scale: 0.80x)

[STEP 20] 开始执行动作...
[ACTION] AI决定: 💤 挂机 (Skip / Wait for Cost)
[REWARD] 执行前血条数: 2 -> 最终确认血条数: 0
[REWARD] 💤 AI 主动挂机等费用，只扣除微小时间惩罚 -0.01
[TemplateMatcher] pause_gear.png -> max conf: 0.908 (needs 0.5, optimal scale: 0.80x)

[STEP 21] 开始执行动作...
[ACTION] AI决定: 选卡 8 -> 放入网格(8,2) -> 朝向 1
         坐标映射: 拖拽从(1015,650)至(1000,350) -> 方向滑动至(1000,500)
[ACTION] ✅ CV校验通过！网格(8,2)具有高亮绿色(像素:456)，准许拖拽。
[REWARD] 动作已执行，开始 3 次心跳检测 (间隔 0.2s)...
[REWARD] ❌ 第 1 次未检测到目标血条...
[REWARD] ❌ 第 2 次未检测到目标血条...
[REWARD] ❌ 第 3 次未检测到目标血条...
[REWARD] 执行前血条数: 2 -> 最终确认血条数: 2
[REWARD] 部署失败，计算前后帧 MSE (均方误差) = 136.65
[REWARD] 画面未发生明显变化(非法部署)。奖励 -0.5 (连续无作为: 1次)
[TemplateMatcher] pause_gear.png -> max conf: 0.908 (needs 0.5, optimal scale: 0.80x)

[STEP 22] 开始执行动作...
[ACTION] AI决定: 选卡 5 -> 放入网格(9,4) -> 朝向 2
         坐标映射: 拖拽从(745,650)至(1100,510) -> 方向滑动至(950,510)
[ACTION] ⛔ Fast-Fail! 目标网格(9,4)非绿色高亮(绿像素:0)。取消拖拽。
[REWARD] 执行前血条数: 2 -> 最终确认血条数: 0
[REWARD] ⛔ 非法区域/无费用，已被 CV 阻断。奖励 -0.5 (连续无作为: 2次)
[TemplateMatcher] pause_gear.png -> max conf: 0.908 (needs 0.5, optimal scale: 0.80x)

[STEP 23] 开始执行动作...
[ACTION] AI决定: 选卡 2 -> 放入网格(7,4) -> 朝向 3
         坐标映射: 拖拽从(475,650)至(900,510) -> 方向滑动至(1050,510)
[ACTION] ⛔ Fast-Fail! 目标网格(7,4)非绿色高亮(绿像素:0)。取消拖拽。
[REWARD] 执行前血条数: 2 -> 最终确认血条数: 0
[REWARD] ⛔ 非法区域/无费用，已被 CV 阻断。奖励 -0.5 (连续无作为: 3次)
[TemplateMatcher] pause_gear.png -> max conf: 0.908 (needs 0.5, optimal scale: 0.80x)

[STEP 24] 开始执行动作...
[ACTION] AI决定: 选卡 7 -> 放入网格(3,3) -> 朝向 1
         坐标映射: 拖拽从(925,650)至(500,430) -> 方向滑动至(500,580)
[ACTION] ⛔ Fast-Fail! 目标网格(3,3)非绿色高亮(绿像素:0)。取消拖拽。
[REWARD] 执行前血条数: 2 -> 最终确认血条数: 0
[REWARD] ⛔ 非法区域/无费用，已被 CV 阻断。奖励 -0.5 (连续无作为: 4次)
[TemplateMatcher] pause_gear.png -> max conf: 0.908 (needs 0.5, optimal scale: 0.80x)

[STEP 25] 开始执行动作...
[ACTION] AI决定: 选卡 3 -> 放入网格(6,2) -> 朝向 3
         坐标映射: 拖拽从(565,650)至(800,350) -> 方向滑动至(950,350)
[ACTION] ✅ CV校验通过！网格(6,2)具有高亮绿色(像素:341)，准许拖拽。
[REWARD] 动作已执行，开始 3 次心跳检测 (间隔 0.2s)...
[REWARD] ❌ 第 1 次未检测到目标血条...
[REWARD] ❌ 第 2 次未检测到目标血条...
[REWARD] ❌ 第 3 次未检测到目标血条...
[REWARD] 执行前血条数: 2 -> 最终确认血条数: 2
[REWARD] 部署失败，计算前后帧 MSE (均方误差) = 228.57
[REWARD] 画面未发生明显变化(非法部署)。奖励 -0.5 (连续无作为: 5次)
[TemplateMatcher] pause_gear.png -> max conf: 0.908 (needs 0.5, optimal scale: 0.80x)

[STEP 26] 开始执行动作...
[ACTION] AI决定: 选卡 1 -> 放入网格(2,4) -> 朝向 2
         坐标映射: 拖拽从(385,650)至(400,510) -> 方向滑动至(250,510)
[ACTION] ⛔ Fast-Fail! 目标网格(2,4)非绿色高亮(绿像素:0)。取消拖拽。
[REWARD] 执行前血条数: 2 -> 最终确认血条数: 0
[REWARD] ⛔ 非法区域/无费用，已被 CV 阻断。奖励 -0.5 (连续无作为: 6次)
[TemplateMatcher] pause_gear.png -> max conf: 0.908 (needs 0.5, optimal scale: 0.80x)

[STEP 27] 开始执行动作...
[ACTION] AI决定: 选卡 5 -> 放入网格(0,3) -> 朝向 0
         坐标映射: 拖拽从(745,650)至(200,430) -> 方向滑动至(200,280)
[ACTION] ⛔ Fast-Fail! 目标网格(0,3)非绿色高亮(绿像素:0)。取消拖拽。
[REWARD] 执行前血条数: 2 -> 最终确认血条数: 0
[REWARD] ⛔ 非法区域/无费用，已被 CV 阻断。奖励 -0.5 (连续无作为: 7次)
[TemplateMatcher] pause_gear.png -> max conf: 0.907 (needs 0.5, optimal scale: 0.80x)

[STEP 28] 开始执行动作...
[ACTION] AI决定: 选卡 0 -> 放入网格(3,2) -> 朝向 3
         坐标映射: 拖拽从(295,650)至(500,350) -> 方向滑动至(650,350)
[ACTION] ✅ CV校验通过！网格(3,2)具有高亮绿色(像素:361)，准许拖拽。
[REWARD] 动作已执行，开始 3 次心跳检测 (间隔 0.2s)...
[REWARD] ✅ 第 1 次检测命中目标干员血条！
[REWARD] 执行前血条数: 2 -> 最终确认血条数: 3
[REWARD] 🎯 完美落子！部署点靠近敌人 (距离: 172.5)，奖励 +2.0
[REWARD] 🛡️ 背对敌人！(角度: 258.6°)，严厉惩罚 -3.0
[TemplateMatcher] pause_gear.png -> max conf: 0.908 (needs 0.5, optimal scale: 0.80x)

[STEP 29] 开始执行动作...
[ACTION] AI决定: 选卡 9 -> 放入网格(2,4) -> 朝向 0
         坐标映射: 拖拽从(1105,650)至(400,510) -> 方向滑动至(400,360)
[ACTION] ⛔ Fast-Fail! 目标网格(2,4)非绿色高亮(绿像素:0)。取消拖拽。
[REWARD] 执行前血条数: 3 -> 最终确认血条数: 0
[REWARD] ⛔ 非法区域/无费用，已被 CV 阻断。奖励 -0.5 (连续无作为: 1次)
[TemplateMatcher] pause_gear.png -> max conf: 0.908 (needs 0.5, optimal scale: 0.80x)

[STEP 30] 开始执行动作...
[ACTION] AI决定: 选卡 5 -> 放入网格(7,3) -> 朝向 1
         坐标映射: 拖拽从(745,650)至(900,430) -> 方向滑动至(900,580)
[ACTION] ✅ CV校验通过！网格(7,3)具有高亮绿色(像素:406)，准许拖拽。
[REWARD] 动作已执行，开始 3 次心跳检测 (间隔 0.2s)...
[REWARD] ❌ 第 1 次未检测到目标血条...
[REWARD] ❌ 第 2 次未检测到目标血条...
[REWARD] ❌ 第 3 次未检测到目标血条...
[REWARD] 执行前血条数: 3 -> 最终确认血条数: 3
[REWARD] 部署失败，计算前后帧 MSE (均方误差) = 370.73
[REWARD] 动作无效，但游戏仍在进行(画面有变化)。奖励 -0.2 (已清空无作为计数器)
[TemplateMatcher] pause_gear.png -> max conf: 0.908 (needs 0.5, optimal scale: 0.80x)

[STEP 31] 开始执行动作...
[ACTION] AI决定: 💤 挂机 (Skip / Wait for Cost)
[REWARD] 执行前血条数: 3 -> 最终确认血条数: 0
[REWARD] 💤 AI 主动挂机等费用，只扣除微小时间惩罚 -0.01
[TemplateMatcher] pause_gear.png -> max conf: 0.908 (needs 0.5, optimal scale: 0.80x)

[STEP 32] 开始执行动作...
[ACTION] AI决定: 选卡 0 -> 放入网格(8,0) -> 朝向 1
         坐标映射: 拖拽从(295,650)至(1000,190) -> 方向滑动至(1000,340)
[ACTION] ⛔ Fast-Fail! 目标网格(8,0)非绿色高亮(绿像素:0)。取消拖拽。
[REWARD] 执行前血条数: 3 -> 最终确认血条数: 0
[REWARD] ⛔ 非法区域/无费用，已被 CV 阻断。奖励 -0.5 (连续无作为: 1次)
[TemplateMatcher] pause_gear.png -> max conf: 0.908 (needs 0.5, optimal scale: 0.80x)

[STEP 33] 开始执行动作...
[ACTION] AI决定: 选卡 0 -> 放入网格(2,1) -> 朝向 1
         坐标映射: 拖拽从(295,650)至(400,270) -> 方向滑动至(400,420)
[ACTION] ⛔ Fast-Fail! 目标网格(2,1)非绿色高亮(绿像素:3)。取消拖拽。
[REWARD] 执行前血条数: 3 -> 最终确认血条数: 0
[REWARD] ⛔ 非法区域/无费用，已被 CV 阻断。奖励 -0.5 (连续无作为: 2次)
[TemplateMatcher] pause_gear.png -> max conf: 0.908 (needs 0.5, optimal scale: 0.80x)

[STEP 34] 开始执行动作...
[ACTION] AI决定: 选卡 3 -> 放入网格(8,2) -> 朝向 1
         坐标映射: 拖拽从(565,650)至(1000,350) -> 方向滑动至(1000,500)
[ACTION] ✅ CV校验通过！网格(8,2)具有高亮绿色(像素:456)，准许拖拽。
[REWARD] 动作已执行，开始 3 次心跳检测 (间隔 0.2s)...
[REWARD] ❌ 第 1 次未检测到目标血条...
[REWARD] ❌ 第 2 次未检测到目标血条...
[REWARD] ❌ 第 3 次未检测到目标血条...
[REWARD] 执行前血条数: 3 -> 最终确认血条数: 3
[REWARD] 部署失败，计算前后帧 MSE (均方误差) = 244.75
[REWARD] 画面未发生明显变化(非法部署)。奖励 -0.5 (连续无作为: 3次)
[TemplateMatcher] pause_gear.png -> max conf: 0.908 (needs 0.5, optimal scale: 0.80x)

[STEP 35] 开始执行动作...
[ACTION] AI决定: 选卡 0 -> 放入网格(6,2) -> 朝向 2
         坐标映射: 拖拽从(295,650)至(800,350) -> 方向滑动至(650,350)
[ACTION] ✅ CV校验通过！网格(6,2)具有高亮绿色(像素:509)，准许拖拽。
[REWARD] 动作已执行，开始 3 次心跳检测 (间隔 0.2s)...
[REWARD] ✅ 第 1 次检测命中目标干员血条！
[REWARD] 执行前血条数: 3 -> 最终确认血条数: 4
[REWARD] 🎯 完美落子！部署点靠近敌人 (距离: 169.3)，奖励 +2.0
[REWARD] 🛡️ 背对敌人！(角度: 116.8°)，严厉惩罚 -3.0
[TemplateMatcher] pause_gear.png -> max conf: 0.908 (needs 0.5, optimal scale: 0.80x)

[STEP 36] 开始执行动作...
[ACTION] AI决定: 选卡 9 -> 放入网格(3,3) -> 朝向 1
         坐标映射: 拖拽从(1105,650)至(500,430) -> 方向滑动至(500,580)
[ACTION] ✅ CV校验通过！网格(3,3)具有高亮绿色(像素:900)，准许拖拽。
[REWARD] 动作已执行，开始 3 次心跳检测 (间隔 0.2s)...
[REWARD] ✅ 第 1 次检测命中目标干员血条！
[REWARD] 执行前血条数: 4 -> 最终确认血条数: 5
[REWARD] 场上暂无移动目标，仅发放基础部署奖励 +1.0
[TemplateMatcher] pause_gear.png -> max conf: 0.908 (needs 0.5, optimal scale: 0.80x)

[STEP 37] 开始执行动作...
[ACTION] AI决定: 选卡 5 -> 放入网格(3,4) -> 朝向 0
         坐标映射: 拖拽从(745,650)至(500,510) -> 方向滑动至(500,360)
[ACTION] ✅ CV校验通过！网格(3,4)具有高亮绿色(像素:900)，准许拖拽。
[REWARD] 动作已执行，开始 3 次心跳检测 (间隔 0.2s)...
[REWARD] ✅ 第 1 次检测命中目标干员血条！
[REWARD] 执行前血条数: 5 -> 最终确认血条数: 6
[REWARD] 场上暂无移动目标，仅发放基础部署奖励 +1.0
[TemplateMatcher] pause_gear.png -> max conf: 0.907 (needs 0.5, optimal scale: 0.80x)

[STEP 38] 开始执行动作...
[ACTION] AI决定: 选卡 1 -> 放入网格(3,4) -> 朝向 1
         坐标映射: 拖拽从(385,650)至(500,510) -> 方向滑动至(500,660)
[ACTION] ✅ CV校验通过！网格(3,4)具有高亮绿色(像素:900)，准许拖拽。
[REWARD] 动作已执行，开始 3 次心跳检测 (间隔 0.2s)...
[REWARD] ❌ 第 1 次未检测到目标血条...
[REWARD] ❌ 第 2 次未检测到目标血条...
[REWARD] ❌ 第 3 次未检测到目标血条...
[REWARD] 执行前血条数: 6 -> 最终确认血条数: 6
[REWARD] 部署失败，计算前后帧 MSE (均方误差) = 176.70
[REWARD] 画面未发生明显变化(非法部署)。奖励 -0.5 (连续无作为: 1次)
[TemplateMatcher] pause_gear.png -> max conf: 0.905 (needs 0.5, optimal scale: 0.80x)

[STEP 39] 开始执行动作...
[ACTION] AI决定: 选卡 3 -> 放入网格(5,0) -> 朝向 1
         坐标映射: 拖拽从(565,650)至(700,190) -> 方向滑动至(700,340)
[ACTION] ✅ CV校验通过！网格(5,0)具有高亮绿色(像素:811)，准许拖拽。
[REWARD] 动作已执行，开始 3 次心跳检测 (间隔 0.2s)...
[REWARD] ❌ 第 1 次未检测到目标血条...
[REWARD] ❌ 第 2 次未检测到目标血条...
[REWARD] ❌ 第 3 次未检测到目标血条...
[REWARD] 执行前血条数: 6 -> 最终确认血条数: 7
[REWARD] 部署失败，计算前后帧 MSE (均方误差) = 1784.88
[REWARD] 动作无效，但游戏仍在进行(画面有变化)。奖励 -0.2 (已清空无作为计数器)
[TemplateMatcher] pause_gear.png -> max conf: 0.908 (needs 0.5, optimal scale: 0.80x)

[STEP 40] 开始执行动作...
[ACTION] AI决定: 选卡 2 -> 放入网格(0,4) -> 朝向 3
         坐标映射: 拖拽从(475,650)至(200,510) -> 方向滑动至(350,510)
[ACTION] ⛔ Fast-Fail! 目标网格(0,4)非绿色高亮(绿像素:0)。取消拖拽。
[REWARD] 执行前血条数: 6 -> 最终确认血条数: 0
[REWARD] ⛔ 非法区域/无费用，已被 CV 阻断。奖励 -0.5 (连续无作为: 1次)
[TemplateMatcher] pause_gear.png -> max conf: 0.908 (needs 0.5, optimal scale: 0.80x)

[STEP 41] 开始执行动作...
[ACTION] AI决定: 选卡 8 -> 放入网格(6,4) -> 朝向 2
         坐标映射: 拖拽从(1015,650)至(800,510) -> 方向滑动至(650,510)
[ACTION] ⛔ Fast-Fail! 目标网格(6,4)非绿色高亮(绿像素:0)。取消拖拽。
[REWARD] 执行前血条数: 5 -> 最终确认血条数: 0
[REWARD] ⛔ 非法区域/无费用，已被 CV 阻断。奖励 -0.5 (连续无作为: 2次)
[TemplateMatcher] pause_gear.png -> max conf: 0.908 (needs 0.5, optimal scale: 0.80x)

[STEP 42] 开始执行动作...
[ACTION] AI决定: 选卡 0 -> 放入网格(6,4) -> 朝向 3
         坐标映射: 拖拽从(295,650)至(800,510) -> 方向滑动至(950,510)
[ACTION] ⛔ Fast-Fail! 目标网格(6,4)非绿色高亮(绿像素:0)。取消拖拽。
[REWARD] 执行前血条数: 5 -> 最终确认血条数: 0
[REWARD] ⛔ 非法区域/无费用，已被 CV 阻断。奖励 -0.5 (连续无作为: 3次)
[TemplateMatcher] pause_gear.png -> max conf: 0.908 (needs 0.5, optimal scale: 0.80x)

[STEP 43] 开始执行动作...
[ACTION] AI决定: 选卡 8 -> 放入网格(8,4) -> 朝向 3
         坐标映射: 拖拽从(1015,650)至(1000,510) -> 方向滑动至(1150,510)
[ACTION] ✅ CV校验通过！网格(8,4)具有高亮绿色(像素:900)，准许拖拽。
[REWARD] 动作已执行，开始 3 次心跳检测 (间隔 0.2s)...
[REWARD] ❌ 第 1 次未检测到目标血条...
[REWARD] ❌ 第 2 次未检测到目标血条...
[REWARD] ❌ 第 3 次未检测到目标血条...
[REWARD] 执行前血条数: 5 -> 最终确认血条数: 5
[REWARD] 部署失败，计算前后帧 MSE (均方误差) = 375.10
[REWARD] 动作无效，但游戏仍在进行(画面有变化)。奖励 -0.2 (已清空无作为计数器)
[TemplateMatcher] pause_gear.png -> max conf: 0.908 (needs 0.5, optimal scale: 0.80x)

[STEP 44] 开始执行动作...
[ACTION] AI决定: 选卡 2 -> 放入网格(0,4) -> 朝向 1
         坐标映射: 拖拽从(475,650)至(200,510) -> 方向滑动至(200,660)
[ACTION] ⛔ Fast-Fail! 目标网格(0,4)非绿色高亮(绿像素:0)。取消拖拽。
[REWARD] 执行前血条数: 5 -> 最终确认血条数: 0
[REWARD] ⛔ 非法区域/无费用，已被 CV 阻断。奖励 -0.5 (连续无作为: 1次)
[TemplateMatcher] pause_gear.png -> max conf: 0.907 (needs 0.5, optimal scale: 0.80x)

[STEP 45] 开始执行动作...
[ACTION] AI决定: 选卡 3 -> 放入网格(6,4) -> 朝向 2
         坐标映射: 拖拽从(565,650)至(800,510) -> 方向滑动至(650,510)
[ACTION] ✅ CV校验通过！网格(6,4)具有高亮绿色(像素:900)，准许拖拽。
[REWARD] 动作已执行，开始 3 次心跳检测 (间隔 0.2s)...
[REWARD] ✅ 第 1 次检测命中目标干员血条！
[REWARD] 执行前血条数: 5 -> 最终确认血条数: 6
[REWARD] 🎯 完美落子！部署点靠近敌人 (距离: 72.6)，奖励 +2.0
[REWARD] 🛡️ 背对敌人！(角度: 347.7°)，严厉惩罚 -3.0
[TemplateMatcher] pause_gear.png -> max conf: 0.908 (needs 0.5, optimal scale: 0.80x)

[STEP 46] 开始执行动作...
[ACTION] AI决定: 选卡 8 -> 放入网格(3,2) -> 朝向 0
         坐标映射: 拖拽从(1015,650)至(500,350) -> 方向滑动至(500,200)
[ACTION] ⛔ Fast-Fail! 目标网格(3,2)非绿色高亮(绿像素:0)。取消拖拽。
[REWARD] 执行前血条数: 6 -> 最终确认血条数: 0
[REWARD] ⛔ 非法区域/无费用，已被 CV 阻断。奖励 -0.5 (连续无作为: 1次)
[TemplateMatcher] pause_gear.png -> max conf: 0.908 (needs 0.5, optimal scale: 0.80x)

[STEP 47] 开始执行动作...
[ACTION] AI决定: 选卡 4 -> 放入网格(1,2) -> 朝向 0
         坐标映射: 拖拽从(655,650)至(300,350) -> 方向滑动至(300,200)
[ACTION] ⛔ Fast-Fail! 目标网格(1,2)非绿色高亮(绿像素:1)。取消拖拽。
[REWARD] 执行前血条数: 6 -> 最终确认血条数: 0
[REWARD] ⛔ 非法区域/无费用，已被 CV 阻断。奖励 -0.5 (连续无作为: 2次)
[TemplateMatcher] pause_gear.png -> max conf: 0.908 (needs 0.5, optimal scale: 0.80x)

[STEP 48] 开始执行动作...
[ACTION] AI决定: 选卡 5 -> 放入网格(3,0) -> 朝向 0
         坐标映射: 拖拽从(745,650)至(500,190) -> 方向滑动至(500,40)
[ACTION] ✅ CV校验通过！网格(3,0)具有高亮绿色(像素:900)，准许拖拽。
[REWARD] 动作已执行，开始 3 次心跳检测 (间隔 0.2s)...
[REWARD] ❌ 第 1 次未检测到目标血条...
[REWARD] ❌ 第 2 次未检测到目标血条...
[REWARD] ❌ 第 3 次未检测到目标血条...
[REWARD] 执行前血条数: 6 -> 最终确认血条数: 6
[REWARD] 部署失败，计算前后帧 MSE (均方误差) = 403.93
[REWARD] 动作无效，但游戏仍在进行(画面有变化)。奖励 -0.2 (已清空无作为计数器)
[TemplateMatcher] pause_gear.png -> max conf: 0.908 (needs 0.5, optimal scale: 0.80x)

[STEP 49] 开始执行动作...
[ACTION] AI决定: 选卡 2 -> 放入网格(1,3) -> 朝向 0
         坐标映射: 拖拽从(475,650)至(300,430) -> 方向滑动至(300,280)
[ACTION] ⛔ Fast-Fail! 目标网格(1,3)非绿色高亮(绿像素:0)。取消拖拽。
[REWARD] 执行前血条数: 6 -> 最终确认血条数: 0
[REWARD] ⛔ 非法区域/无费用，已被 CV 阻断。奖励 -0.5 (连续无作为: 1次)
[TemplateMatcher] pause_gear.png -> max conf: 0.908 (needs 0.5, optimal scale: 0.80x)

[STEP 50] 开始执行动作...
[ACTION] AI决定: 选卡 5 -> 放入网格(8,4) -> 朝向 2
         坐标映射: 拖拽从(745,650)至(1000,510) -> 方向滑动至(850,510)
[ACTION] ⛔ Fast-Fail! 目标网格(8,4)非绿色高亮(绿像素:0)。取消拖拽。
[REWARD] 执行前血条数: 6 -> 最终确认血条数: 0
[REWARD] ⛔ 非法区域/无费用，已被 CV 阻断。奖励 -0.5 (连续无作为: 2次)
[TemplateMatcher] pause_gear.png -> max conf: 0.908 (needs 0.5, optimal scale: 0.80x)

[STEP 51] 开始执行动作...
[ACTION] AI决定: 选卡 5 -> 放入网格(4,3) -> 朝向 2
         坐标映射: 拖拽从(745,650)至(600,430) -> 方向滑动至(450,430)
[ACTION] ⛔ Fast-Fail! 目标网格(4,3)非绿色高亮(绿像素:0)。取消拖拽。
[REWARD] 执行前血条数: 6 -> 最终确认血条数: 0
[REWARD] ⛔ 非法区域/无费用，已被 CV 阻断。奖励 -0.5 (连续无作为: 3次)
[TemplateMatcher] pause_gear.png -> max conf: 0.908 (needs 0.5, optimal scale: 0.80x)

[STEP 52] 开始执行动作...
[ACTION] AI决定: 💤 挂机 (Skip / Wait for Cost)
[REWARD] 执行前血条数: 6 -> 最终确认血条数: 0
[REWARD] 💤 AI 主动挂机等费用，只扣除微小时间惩罚 -0.01
[TemplateMatcher] pause_gear.png -> max conf: 0.908 (needs 0.5, optimal scale: 0.80x)

[STEP 53] 开始执行动作...
[ACTION] AI决定: 选卡 1 -> 放入网格(7,0) -> 朝向 3
         坐标映射: 拖拽从(385,650)至(900,190) -> 方向滑动至(1050,190)
[ACTION] ⛔ Fast-Fail! 目标网格(7,0)非绿色高亮(绿像素:0)。取消拖拽。
[REWARD] 执行前血条数: 6 -> 最终确认血条数: 0
[REWARD] ⛔ 非法区域/无费用，已被 CV 阻断。奖励 -0.5 (连续无作为: 1次)
[TemplateMatcher] pause_gear.png -> max conf: 0.908 (needs 0.5, optimal scale: 0.80x)

[STEP 54] 开始执行动作...
[ACTION] AI决定: 选卡 0 -> 放入网格(0,4) -> 朝向 0
         坐标映射: 拖拽从(295,650)至(200,510) -> 方向滑动至(200,360)
[ACTION] ⛔ Fast-Fail! 目标网格(0,4)非绿色高亮(绿像素:0)。取消拖拽。
[REWARD] 执行前血条数: 6 -> 最终确认血条数: 0
[REWARD] ⛔ 非法区域/无费用，已被 CV 阻断。奖励 -0.5 (连续无作为: 2次)
[TemplateMatcher] pause_gear.png -> max conf: 0.908 (needs 0.5, optimal scale: 0.80x)

[STEP 55] 开始执行动作...
[ACTION] AI决定: 选卡 0 -> 放入网格(7,3) -> 朝向 2
         坐标映射: 拖拽从(295,650)至(900,430) -> 方向滑动至(750,430)
[ACTION] ⛔ Fast-Fail! 目标网格(7,3)非绿色高亮(绿像素:3)。取消拖拽。
[REWARD] 执行前血条数: 6 -> 最终确认血条数: 0
[REWARD] ⛔ 非法区域/无费用，已被 CV 阻断。奖励 -0.5 (连续无作为: 3次)
[TemplateMatcher] pause_gear.png -> max conf: 0.908 (needs 0.5, optimal scale: 0.80x)

[STEP 56] 开始执行动作...
[ACTION] AI决定: 选卡 7 -> 放入网格(5,2) -> 朝向 3
         坐标映射: 拖拽从(925,650)至(700,350) -> 方向滑动至(850,350)
[ACTION] ⛔ Fast-Fail! 目标网格(5,2)非绿色高亮(绿像素:0)。取消拖拽。
[REWARD] 执行前血条数: 6 -> 最终确认血条数: 0
[REWARD] ⛔ 非法区域/无费用，已被 CV 阻断。奖励 -0.5 (连续无作为: 4次)
[TemplateMatcher] pause_gear.png -> max conf: 0.907 (needs 0.5, optimal scale: 0.80x)

[STEP 57] 开始执行动作...
[ACTION] AI决定: 选卡 5 -> 放入网格(5,1) -> 朝向 1
         坐标映射: 拖拽从(745,650)至(700,270) -> 方向滑动至(700,420)
[ACTION] ✅ CV校验通过！网格(5,1)具有高亮绿色(像素:860)，准许拖拽。
[REWARD] 动作已执行，开始 3 次心跳检测 (间隔 0.2s)...
[REWARD] ✅ 第 1 次检测命中目标干员血条！
[REWARD] 执行前血条数: 6 -> 最终确认血条数: 7
[REWARD] 🎯 完美落子！部署点靠近敌人 (距离: 256.4)，奖励 +2.0
[REWARD] 🛡️ 背对敌人！(角度: 247.9°)，严厉惩罚 -3.0
[TemplateMatcher] pause_gear.png -> max conf: 0.908 (needs 0.5, optimal scale: 0.80x)

[STEP 58] 开始执行动作...
[ACTION] AI决定: 选卡 9 -> 放入网格(3,2) -> 朝向 3
         坐标映射: 拖拽从(1105,650)至(500,350) -> 方向滑动至(650,350)
[ACTION] ⛔ Fast-Fail! 目标网格(3,2)非绿色高亮(绿像素:10)。取消拖拽。
[REWARD] 执行前血条数: 7 -> 最终确认血条数: 0
[REWARD] ⛔ 非法区域/无费用，已被 CV 阻断。奖励 -0.5 (连续无作为: 1次)
[TemplateMatcher] pause_gear.png -> max conf: 0.908 (needs 0.5, optimal scale: 0.80x)

[STEP 59] 开始执行动作...
[ACTION] AI决定: 选卡 2 -> 放入网格(6,2) -> 朝向 3
         坐标映射: 拖拽从(475,650)至(800,350) -> 方向滑动至(950,350)
[ACTION] ⛔ Fast-Fail! 目标网格(6,2)非绿色高亮(绿像素:0)。取消拖拽。
[REWARD] 执行前血条数: 7 -> 最终确认血条数: 0
[REWARD] ⛔ 非法区域/无费用，已被 CV 阻断。奖励 -0.5 (连续无作为: 2次)
[TemplateMatcher] pause_gear.png -> max conf: 0.908 (needs 0.5, optimal scale: 0.80x)

[STEP 60] 开始执行动作...
[ACTION] AI决定: 选卡 0 -> 放入网格(6,4) -> 朝向 3
         坐标映射: 拖拽从(295,650)至(800,510) -> 方向滑动至(950,510)
[ACTION] ⛔ Fast-Fail! 目标网格(6,4)非绿色高亮(绿像素:0)。取消拖拽。
[REWARD] 执行前血条数: 7 -> 最终确认血条数: 0
[REWARD] ⛔ 非法区域/无费用，已被 CV 阻断。奖励 -0.5 (连续无作为: 3次)
[TemplateMatcher] pause_gear.png -> max conf: 0.908 (needs 0.5, optimal scale: 0.80x)

[STEP 61] 开始执行动作...
[ACTION] AI决定: 选卡 1 -> 放入网格(3,3) -> 朝向 1
         坐标映射: 拖拽从(385,650)至(500,430) -> 方向滑动至(500,580)
[ACTION] ⛔ Fast-Fail! 目标网格(3,3)非绿色高亮(绿像素:0)。取消拖拽。
[REWARD] 执行前血条数: 7 -> 最终确认血条数: 0
[REWARD] ⛔ 非法区域/无费用，已被 CV 阻断。奖励 -0.5 (连续无作为: 4次)
[TemplateMatcher] pause_gear.png -> max conf: 0.908 (needs 0.5, optimal scale: 0.80x)

[STEP 62] 开始执行动作...
[ACTION] AI决定: 选卡 8 -> 放入网格(0,4) -> 朝向 0
         坐标映射: 拖拽从(1015,650)至(200,510) -> 方向滑动至(200,360)
[ACTION] ⛔ Fast-Fail! 目标网格(0,4)非绿色高亮(绿像素:0)。取消拖拽。
[REWARD] 执行前血条数: 7 -> 最终确认血条数: 0
[REWARD] ⛔ 非法区域/无费用，已被 CV 阻断。奖励 -0.5 (连续无作为: 5次)
[TemplateMatcher] pause_gear.png -> max conf: 0.908 (needs 0.5, optimal scale: 0.80x)

[STEP 63] 开始执行动作...
[ACTION] AI决定: 选卡 5 -> 放入网格(2,3) -> 朝向 3
         坐标映射: 拖拽从(745,650)至(400,430) -> 方向滑动至(550,430)
[ACTION] ⛔ Fast-Fail! 目标网格(2,3)非绿色高亮(绿像素:0)。取消拖拽。
[REWARD] 执行前血条数: 7 -> 最终确认血条数: 0
[REWARD] ⛔ 非法区域/无费用，已被 CV 阻断。奖励 -0.5 (连续无作为: 6次)
[TemplateMatcher] pause_gear.png -> max conf: 0.908 (needs 0.5, optimal scale: 0.80x)

[STEP 64] 开始执行动作...
[ACTION] AI决定: 💤 挂机 (Skip / Wait for Cost)
[REWARD] 执行前血条数: 7 -> 最终确认血条数: 0
[REWARD] 💤 AI 主动挂机等费用，只扣除微小时间惩罚 -0.01
[TemplateMatcher] pause_gear.png -> max conf: 0.908 (needs 0.5, optimal scale: 0.80x)

[STEP 65] 开始执行动作...
[ACTION] AI决定: 选卡 9 -> 放入网格(8,4) -> 朝向 1
         坐标映射: 拖拽从(1105,650)至(1000,510) -> 方向滑动至(1000,660)
[ACTION] ⛔ Fast-Fail! 目标网格(8,4)非绿色高亮(绿像素:0)。取消拖拽。
[REWARD] 执行前血条数: 7 -> 最终确认血条数: 0
[REWARD] ⛔ 非法区域/无费用，已被 CV 阻断。奖励 -0.5 (连续无作为: 1次)
[TemplateMatcher] pause_gear.png -> max conf: 0.908 (needs 0.5, optimal scale: 0.80x)

[STEP 66] 开始执行动作...
[ACTION] AI决定: 💤 挂机 (Skip / Wait for Cost)
[REWARD] 执行前血条数: 7 -> 最终确认血条数: 0
[REWARD] 💤 AI 主动挂机等费用，只扣除微小时间惩罚 -0.01
[TemplateMatcher] pause_gear.png -> max conf: 0.908 (needs 0.5, optimal scale: 0.80x)

[STEP 67] 开始执行动作...
[ACTION] AI决定: 选卡 3 -> 放入网格(0,3) -> 朝向 2
         坐标映射: 拖拽从(565,650)至(200,430) -> 方向滑动至(50,430)
[ACTION] ⛔ Fast-Fail! 目标网格(0,3)非绿色高亮(绿像素:4)。取消拖拽。
[REWARD] 执行前血条数: 7 -> 最终确认血条数: 0
[REWARD] ⛔ 非法区域/无费用，已被 CV 阻断。奖励 -0.5 (连续无作为: 1次)
[TemplateMatcher] pause_gear.png -> max conf: 0.908 (needs 0.5, optimal scale: 0.80x)

[STEP 68] 开始执行动作...
[ACTION] AI决定: 选卡 7 -> 放入网格(6,1) -> 朝向 1
         坐标映射: 拖拽从(925,650)至(800,270) -> 方向滑动至(800,420)
[ACTION] ⛔ Fast-Fail! 目标网格(6,1)非绿色高亮(绿像素:0)。取消拖拽。
[REWARD] 执行前血条数: 7 -> 最终确认血条数: 0
[REWARD] ⛔ 非法区域/无费用，已被 CV 阻断。奖励 -0.5 (连续无作为: 2次)
[TemplateMatcher] pause_gear.png -> max conf: 0.907 (needs 0.5, optimal scale: 0.80x)

[STEP 69] 开始执行动作...
[ACTION] AI决定: 选卡 2 -> 放入网格(0,4) -> 朝向 1
         坐标映射: 拖拽从(475,650)至(200,510) -> 方向滑动至(200,660)
[ACTION] ⛔ Fast-Fail! 目标网格(0,4)非绿色高亮(绿像素:0)。取消拖拽。
[REWARD] 执行前血条数: 7 -> 最终确认血条数: 0
[REWARD] ⛔ 非法区域/无费用，已被 CV 阻断。奖励 -0.5 (连续无作为: 3次)
[TemplateMatcher] pause_gear.png -> max conf: 0.908 (needs 0.5, optimal scale: 0.80x)

[STEP 70] 开始执行动作...
[ACTION] AI决定: 选卡 9 -> 放入网格(3,2) -> 朝向 1
         坐标映射: 拖拽从(1105,650)至(500,350) -> 方向滑动至(500,500)
[ACTION] ⛔ Fast-Fail! 目标网格(3,2)非绿色高亮(绿像素:8)。取消拖拽。
[REWARD] 执行前血条数: 7 -> 最终确认血条数: 0
[REWARD] ⛔ 非法区域/无费用，已被 CV 阻断。奖励 -0.5 (连续无作为: 4次)
[TemplateMatcher] pause_gear.png -> max conf: 0.907 (needs 0.5, optimal scale: 0.80x)

[STEP 71] 开始执行动作...
[ACTION] AI决定: 💤 挂机 (Skip / Wait for Cost)
[REWARD] 执行前血条数: 7 -> 最终确认血条数: 0
[REWARD] 💤 AI 主动挂机等费用，只扣除微小时间惩罚 -0.01
[TemplateMatcher] pause_gear.png -> max conf: 0.908 (needs 0.5, optimal scale: 0.80x)

[STEP 72] 开始执行动作...
[ACTION] AI决定: 选卡 5 -> 放入网格(8,0) -> 朝向 3
         坐标映射: 拖拽从(745,650)至(1000,190) -> 方向滑动至(1150,190)
[ACTION] ✅ CV校验通过！网格(8,0)具有高亮绿色(像素:900)，准许拖拽。
[REWARD] 动作已执行，开始 3 次心跳检测 (间隔 0.2s)...
[REWARD] ✅ 第 1 次检测命中目标干员血条！
[REWARD] 执行前血条数: 7 -> 最终确认血条数: 8
[REWARD] 🎯 完美落子！部署点靠近敌人 (距离: 81.6)，奖励 +2.0
[REWARD] ⚔️ 完美朝向！正对敌人 (角度: 338.2°)，巨额奖励 +8.0
[TemplateMatcher] pause_gear.png -> max conf: 0.908 (needs 0.5, optimal scale: 0.80x)

[STEP 73] 开始执行动作...
[ACTION] AI决定: 选卡 1 -> 放入网格(0,2) -> 朝向 3
         坐标映射: 拖拽从(385,650)至(200,350) -> 方向滑动至(350,350)
[ACTION] ⛔ Fast-Fail! 目标网格(0,2)非绿色高亮(绿像素:0)。取消拖拽。
[REWARD] 执行前血条数: 8 -> 最终确认血条数: 0
[REWARD] ⛔ 非法区域/无费用，已被 CV 阻断。奖励 -0.5 (连续无作为: 1次)
[TemplateMatcher] pause_gear.png -> max conf: 0.908 (needs 0.5, optimal scale: 0.80x)

[STEP 74] 开始执行动作...
[ACTION] AI决定: 选卡 9 -> 放入网格(8,2) -> 朝向 0
         坐标映射: 拖拽从(1105,650)至(1000,350) -> 方向滑动至(1000,200)
[ACTION] ✅ CV校验通过！网格(8,2)具有高亮绿色(像素:384)，准许拖拽。
[REWARD] 动作已执行，开始 3 次心跳检测 (间隔 0.2s)...
[REWARD] ❌ 第 1 次未检测到目标血条...
[REWARD] ❌ 第 2 次未检测到目标血条...
[REWARD] ❌ 第 3 次未检测到目标血条...
[REWARD] 执行前血条数: 8 -> 最终确认血条数: 5
[REWARD] 部署失败，计算前后帧 MSE (均方误差) = 3208.59
[REWARD] 动作无效，但游戏仍在进行(画面有变化)。奖励 -0.2 (已清空无作为计数器)
[TemplateMatcher] pause_gear.png -> max conf: 0.908 (needs 0.5, optimal scale: 0.80x)

[STEP 75] 开始执行动作...
[ACTION] AI决定: 选卡 1 -> 放入网格(4,4) -> 朝向 0
         坐标映射: 拖拽从(385,650)至(600,510) -> 方向滑动至(600,360)
[ACTION] ⛔ Fast-Fail! 目标网格(4,4)非绿色高亮(绿像素:0)。取消拖拽。
[REWARD] 执行前血条数: 5 -> 最终确认血条数: 0
[REWARD] ⛔ 非法区域/无费用，已被 CV 阻断。奖励 -0.5 (连续无作为: 1次)
[TemplateMatcher] pause_gear.png -> max conf: 0.908 (needs 0.5, optimal scale: 0.80x)

[STEP 76] 开始执行动作...
[ACTION] AI决定: 选卡 0 -> 放入网格(1,3) -> 朝向 0
         坐标映射: 拖拽从(295,650)至(300,430) -> 方向滑动至(300,280)
[ACTION] ⛔ Fast-Fail! 目标网格(1,3)非绿色高亮(绿像素:0)。取消拖拽。
[REWARD] 执行前血条数: 5 -> 最终确认血条数: 0
[REWARD] ⛔ 非法区域/无费用，已被 CV 阻断。奖励 -0.5 (连续无作为: 2次)
[TemplateMatcher] pause_gear.png -> max conf: 0.908 (needs 0.5, optimal scale: 0.80x)

[STEP 77] 开始执行动作...
[ACTION] AI决定: 选卡 6 -> 放入网格(7,2) -> 朝向 0
         坐标映射: 拖拽从(835,650)至(900,350) -> 方向滑动至(900,200)
[ACTION] ✅ CV校验通过！网格(7,2)具有高亮绿色(像素:58)，准许拖拽。
[REWARD] 动作已执行，开始 3 次心跳检测 (间隔 0.2s)...
[REWARD] ❌ 第 1 次未检测到目标血条...
[REWARD] ❌ 第 2 次未检测到目标血条...
[REWARD] ❌ 第 3 次未检测到目标血条...
[REWARD] 执行前血条数: 5 -> 最终确认血条数: 5
[REWARD] 部署失败，计算前后帧 MSE (均方误差) = 1861.84
[REWARD] 动作无效，但游戏仍在进行(画面有变化)。奖励 -0.2 (已清空无作为计数器)
[TemplateMatcher] pause_gear.png -> max conf: 0.908 (needs 0.5, optimal scale: 0.80x)

[STEP 78] 开始执行动作...
[ACTION] AI决定: 选卡 1 -> 放入网格(7,0) -> 朝向 3
         坐标映射: 拖拽从(385,650)至(900,190) -> 方向滑动至(1050,190)
[ACTION] ⛔ Fast-Fail! 目标网格(7,0)非绿色高亮(绿像素:0)。取消拖拽。
[REWARD] 执行前血条数: 5 -> 最终确认血条数: 0
[REWARD] ⛔ 非法区域/无费用，已被 CV 阻断。奖励 -0.5 (连续无作为: 1次)
[TemplateMatcher] pause_gear.png -> max conf: 0.908 (needs 0.5, optimal scale: 0.80x)

[STEP 79] 开始执行动作...
[ACTION] AI决定: 选卡 1 -> 放入网格(2,3) -> 朝向 0
         坐标映射: 拖拽从(385,650)至(400,430) -> 方向滑动至(400,280)
[ACTION] ⛔ Fast-Fail! 目标网格(2,3)非绿色高亮(绿像素:0)。取消拖拽。
[REWARD] 执行前血条数: 5 -> 最终确认血条数: 0
[REWARD] ⛔ 非法区域/无费用，已被 CV 阻断。奖励 -0.5 (连续无作为: 2次)
[TemplateMatcher] pause_gear.png -> max conf: 0.908 (needs 0.5, optimal scale: 0.80x)

[STEP 80] 开始执行动作...
[ACTION] AI决定: 选卡 6 -> 放入网格(7,3) -> 朝向 3
         坐标映射: 拖拽从(835,650)至(900,430) -> 方向滑动至(1050,430)
[ACTION] ⛔ Fast-Fail! 目标网格(7,3)非绿色高亮(绿像素:0)。取消拖拽。
[REWARD] 执行前血条数: 5 -> 最终确认血条数: 0
[REWARD] ⛔ 非法区域/无费用，已被 CV 阻断。奖励 -0.5 (连续无作为: 3次)
[TemplateMatcher] pause_gear.png -> max conf: 0.908 (needs 0.5, optimal scale: 0.80x)

[STEP 81] 开始执行动作...
[ACTION] AI决定: 选卡 6 -> 放入网格(6,2) -> 朝向 1
         坐标映射: 拖拽从(835,650)至(800,350) -> 方向滑动至(800,500)
[ACTION] ⛔ Fast-Fail! 目标网格(6,2)非绿色高亮(绿像素:0)。取消拖拽。
[REWARD] 执行前血条数: 5 -> 最终确认血条数: 0
[REWARD] ⛔ 非法区域/无费用，已被 CV 阻断。奖励 -0.5 (连续无作为: 4次)
[TemplateMatcher] pause_gear.png -> max conf: 0.908 (needs 0.5, optimal scale: 0.80x)

[STEP 82] 开始执行动作...
[ACTION] AI决定: 💤 挂机 (Skip / Wait for Cost)
[REWARD] 执行前血条数: 5 -> 最终确认血条数: 0
[REWARD] 💤 AI 主动挂机等费用，只扣除微小时间惩罚 -0.01
[TemplateMatcher] pause_gear.png -> max conf: 0.907 (needs 0.5, optimal scale: 0.80x)

[STEP 83] 开始执行动作...
[ACTION] AI决定: 选卡 8 -> 放入网格(3,3) -> 朝向 3
         坐标映射: 拖拽从(1015,650)至(500,430) -> 方向滑动至(650,430)
[ACTION] ⛔ Fast-Fail! 目标网格(3,3)非绿色高亮(绿像素:0)。取消拖拽。
[REWARD] 执行前血条数: 4 -> 最终确认血条数: 0
[REWARD] ⛔ 非法区域/无费用，已被 CV 阻断。奖励 -0.5 (连续无作为: 1次)
[TemplateMatcher] pause_gear.png -> max conf: 0.908 (needs 0.5, optimal scale: 0.80x)

[STEP 84] 开始执行动作...
[ACTION] AI决定: 💤 挂机 (Skip / Wait for Cost)
[REWARD] 执行前血条数: 7 -> 最终确认血条数: 0
[REWARD] 💤 AI 主动挂机等费用，只扣除微小时间惩罚 -0.01
[TemplateMatcher] pause_gear.png -> max conf: 0.907 (needs 0.5, optimal scale: 0.80x)

[STEP 85] 开始执行动作...
[ACTION] AI决定: 选卡 5 -> 放入网格(2,3) -> 朝向 2
         坐标映射: 拖拽从(745,650)至(400,430) -> 方向滑动至(250,430)
[ACTION] ⛔ Fast-Fail! 目标网格(2,3)非绿色高亮(绿像素:0)。取消拖拽。
[REWARD] 执行前血条数: 7 -> 最终确认血条数: 0
[REWARD] ⛔ 非法区域/无费用，已被 CV 阻断。奖励 -0.5 (连续无作为: 1次)
[TemplateMatcher] pause_gear.png -> max conf: 0.908 (needs 0.5, optimal scale: 0.80x)

[STEP 86] 开始执行动作...
[ACTION] AI决定: 选卡 5 -> 放入网格(3,2) -> 朝向 3
         坐标映射: 拖拽从(745,650)至(500,350) -> 方向滑动至(650,350)
[ACTION] ⛔ Fast-Fail! 目标网格(3,2)非绿色高亮(绿像素:0)。取消拖拽。
[REWARD] 执行前血条数: 7 -> 最终确认血条数: 0
[REWARD] ⛔ 非法区域/无费用，已被 CV 阻断。奖励 -0.5 (连续无作为: 2次)
[TemplateMatcher] pause_gear.png -> max conf: 0.908 (needs 0.5, optimal scale: 0.80x)

[STEP 87] 开始执行动作...
[ACTION] AI决定: 选卡 0 -> 放入网格(2,4) -> 朝向 1
         坐标映射: 拖拽从(295,650)至(400,510) -> 方向滑动至(400,660)
[ACTION] ⛔ Fast-Fail! 目标网格(2,4)非绿色高亮(绿像素:0)。取消拖拽。
[REWARD] 执行前血条数: 7 -> 最终确认血条数: 0
[REWARD] ⛔ 非法区域/无费用，已被 CV 阻断。奖励 -0.5 (连续无作为: 3次)
[TemplateMatcher] pause_gear.png -> max conf: 0.904 (needs 0.5, optimal scale: 0.80x)

[STEP 88] 开始执行动作...
[ACTION] AI决定: 选卡 0 -> 放入网格(1,4) -> 朝向 0
         坐标映射: 拖拽从(295,650)至(300,510) -> 方向滑动至(300,360)
[ACTION] ⛔ Fast-Fail! 目标网格(1,4)非绿色高亮(绿像素:0)。取消拖拽。
[REWARD] 执行前血条数: 9 -> 最终确认血条数: 0
[REWARD] ⛔ 非法区域/无费用，已被 CV 阻断。奖励 -0.5 (连续无作为: 4次)
[TemplateMatcher] pause_gear.png -> max conf: 0.904 (needs 0.5, optimal scale: 0.80x)

[STEP 89] 开始执行动作...
[ACTION] AI决定: 选卡 9 -> 放入网格(5,1) -> 朝向 1
         坐标映射: 拖拽从(1105,650)至(700,270) -> 方向滑动至(700,420)
[ACTION] ⛔ Fast-Fail! 目标网格(5,1)非绿色高亮(绿像素:0)。取消拖拽。
[REWARD] 执行前血条数: 8 -> 最终确认血条数: 0
[REWARD] ⛔ 非法区域/无费用，已被 CV 阻断。奖励 -0.5 (连续无作为: 5次)
[TemplateMatcher] pause_gear.png -> max conf: 0.907 (needs 0.5, optimal scale: 0.80x)

[STEP 90] 开始执行动作...
[ACTION] AI决定: 选卡 8 -> 放入网格(0,2) -> 朝向 1
         坐标映射: 拖拽从(1015,650)至(200,350) -> 方向滑动至(200,500)
[ACTION] ⛔ Fast-Fail! 目标网格(0,2)非绿色高亮(绿像素:0)。取消拖拽。
[REWARD] 执行前血条数: 10 -> 最终确认血条数: 0
[REWARD] ⛔ 非法区域/无费用，已被 CV 阻断。奖励 -0.5 (连续无作为: 6次)
[TemplateMatcher] pause_gear.png -> max conf: 0.904 (needs 0.5, optimal scale: 0.80x)
----------------------------------------
| time/                   |            |
|    fps                  | 0          |
|    iterations           | 3          |
|    time_elapsed         | 1106       |
|    total_timesteps      | 384        |
| train/                  |            |
|    approx_kl            | 0.24719232 |
|    clip_fraction        | 0.545      |
|    clip_range           | 0.2        |
|    entropy_loss         | -7.39      |
|    explained_variance   | 0.0678     |
|    learning_rate        | 0.0003     |
|    loss                 | 6.69       |
|    n_updates            | 20         |
|    policy_gradient_loss | -0.0396    |
|    value_loss           | 14.2       |
----------------------------------------

[STEP 91] 开始执行动作...
[ACTION] AI决定: 选卡 0 -> 放入网格(8,4) -> 朝向 0
         坐标映射: 拖拽从(295,650)至(1000,510) -> 方向滑动至(1000,360)
[ACTION] ⛔ Fast-Fail! 目标网格(8,4)非绿色高亮(绿像素:0)。取消拖拽。
[REWARD] 执行前血条数: 10 -> 最终确认血条数: 0
[REWARD] ⛔ 非法区域/无费用，已被 CV 阻断。奖励 -0.5 (连续无作为: 7次)
[TemplateMatcher] pause_gear.png -> max conf: 0.908 (needs 0.5, optimal scale: 0.80x)

[STEP 92] 开始执行动作...
[ACTION] AI决定: 选卡 1 -> 放入网格(0,2) -> 朝向 1
         坐标映射: 拖拽从(385,650)至(200,350) -> 方向滑动至(200,500)
[ACTION] ⛔ Fast-Fail! 目标网格(0,2)非绿色高亮(绿像素:0)。取消拖拽。
[REWARD] 执行前血条数: 8 -> 最终确认血条数: 0
[REWARD] ⛔ 非法区域/无费用，已被 CV 阻断。奖励 -0.5 (连续无作为: 8次)
[TemplateMatcher] pause_gear.png -> max conf: 0.908 (needs 0.5, optimal scale: 0.80x)

[STEP 93] 开始执行动作...
[ACTION] AI决定: 选卡 6 -> 放入网格(6,4) -> 朝向 2
         坐标映射: 拖拽从(835,650)至(800,510) -> 方向滑动至(650,510)
[ACTION] ⛔ Fast-Fail! 目标网格(6,4)非绿色高亮(绿像素:0)。取消拖拽。
[REWARD] 执行前血条数: 8 -> 最终确认血条数: 0
[REWARD] ⛔ 非法区域/无费用，已被 CV 阻断。奖励 -0.5 (连续无作为: 9次)
[TemplateMatcher] pause_gear.png -> max conf: 0.907 (needs 0.5, optimal scale: 0.80x)

[STEP 94] 开始执行动作...
[ACTION] AI决定: 选卡 5 -> 放入网格(0,2) -> 朝向 1
         坐标映射: 拖拽从(745,650)至(200,350) -> 方向滑动至(200,500)
[ACTION] ⛔ Fast-Fail! 目标网格(0,2)非绿色高亮(绿像素:0)。取消拖拽。
[REWARD] 执行前血条数: 8 -> 最终确认血条数: 0
[REWARD] ⛔ 非法区域/无费用，已被 CV 阻断。奖励 -0.5 (连续无作为: 10次)
[TemplateMatcher] pause_gear.png -> max conf: 0.908 (needs 0.5, optimal scale: 0.80x)

[STEP 95] 开始执行动作...
[ACTION] AI决定: 选卡 7 -> 放入网格(3,2) -> 朝向 0
         坐标映射: 拖拽从(925,650)至(500,350) -> 方向滑动至(500,200)
[ACTION] ✅ CV校验通过！网格(3,2)具有高亮绿色(像素:75)，准许拖拽。
[REWARD] 动作已执行，开始 3 次心跳检测 (间隔 0.2s)...
[REWARD] ❌ 第 1 次未检测到目标血条...
[REWARD] ❌ 第 2 次未检测到目标血条...
[REWARD] ❌ 第 3 次未检测到目标血条...
[REWARD] 执行前血条数: 8 -> 最终确认血条数: 8
[REWARD] 部署失败，计算前后帧 MSE (均方误差) = 228.63
[REWARD] 画面未发生明显变化(非法部署)。奖励 -0.5 (连续无作为: 11次)
[TemplateMatcher] pause_gear.png -> max conf: 0.908 (needs 0.5, optimal scale: 0.80x)

[STEP 96] 开始执行动作...
[ACTION] AI决定: 选卡 6 -> 放入网格(4,4) -> 朝向 2
         坐标映射: 拖拽从(835,650)至(600,510) -> 方向滑动至(450,510)
[ACTION] ⛔ Fast-Fail! 目标网格(4,4)非绿色高亮(绿像素:0)。取消拖拽。
[REWARD] 执行前血条数: 8 -> 最终确认血条数: 0
[REWARD] ⛔ 非法区域/无费用，已被 CV 阻断。奖励 -0.5 (连续无作为: 12次)
[TemplateMatcher] pause_gear.png -> max conf: 0.907 (needs 0.5, optimal scale: 0.80x)

[STEP 97] 开始执行动作...
[ACTION] AI决定: 选卡 9 -> 放入网格(5,2) -> 朝向 2
         坐标映射: 拖拽从(1105,650)至(700,350) -> 方向滑动至(550,350)
[ACTION] ✅ CV校验通过！网格(5,2)具有高亮绿色(像素:29)，准许拖拽。
[REWARD] 动作已执行，开始 3 次心跳检测 (间隔 0.2s)...
[REWARD] ✅ 第 1 次检测命中目标干员血条！
[REWARD] 执行前血条数: 8 -> 最终确认血条数: 9
[REWARD] 🎯 完美落子！部署点靠近敌人 (距离: 87.4)，奖励 +2.0
[REWARD] 🛡️ 背对敌人！(角度: 337.3°)，严厉惩罚 -3.0
[TemplateMatcher] pause_gear.png -> max conf: 0.902 (needs 0.5, optimal scale: 0.80x)

[STEP 98] 开始执行动作...
[ACTION] AI决定: 选卡 2 -> 放入网格(9,2) -> 朝向 1
         坐标映射: 拖拽从(475,650)至(1100,350) -> 方向滑动至(1100,500)
[ACTION] ✅ CV校验通过！网格(9,2)具有高亮绿色(像素:61)，准许拖拽。
[REWARD] 动作已执行，开始 3 次心跳检测 (间隔 0.2s)...
[REWARD] ✅ 第 1 次检测命中目标干员血条！
[REWARD] 执行前血条数: 10 -> 最终确认血条数: 8
[REWARD] 场上暂无移动目标，仅发放基础部署奖励 +1.0
[TemplateMatcher] pause_gear.png -> max conf: 0.908 (needs 0.5, optimal scale: 0.80x)

[STEP 99] 开始执行动作...
[ACTION] AI决定: 选卡 2 -> 放入网格(9,4) -> 朝向 2
         坐标映射: 拖拽从(475,650)至(1100,510) -> 方向滑动至(950,510)
[ACTION] ⛔ Fast-Fail! 目标网格(9,4)非绿色高亮(绿像素:0)。取消拖拽。
[REWARD] 执行前血条数: 8 -> 最终确认血条数: 0
[REWARD] ⛔ 非法区域/无费用，已被 CV 阻断。奖励 -0.5 (连续无作为: 1次)
[TemplateMatcher] pause_gear.png -> max conf: 0.908 (needs 0.5, optimal scale: 0.80x)

[STEP 100] 开始执行动作...
[ACTION] AI决定: 选卡 7 -> 放入网格(2,3) -> 朝向 2
         坐标映射: 拖拽从(925,650)至(400,430) -> 方向滑动至(250,430)
[ACTION] ⛔ Fast-Fail! 目标网格(2,3)非绿色高亮(绿像素:3)。取消拖拽。
[REWARD] 执行前血条数: 8 -> 最终确认血条数: 0
[REWARD] ⛔ 非法区域/无费用，已被 CV 阻断。奖励 -0.5 (连续无作为: 2次)
[TemplateMatcher] pause_gear.png -> max conf: 0.908 (needs 0.5, optimal scale: 0.80x)

[STEP 101] 开始执行动作...
[ACTION] AI决定: 选卡 2 -> 放入网格(2,2) -> 朝向 1
         坐标映射: 拖拽从(475,650)至(400,350) -> 方向滑动至(400,500)
[ACTION] ✅ CV校验通过！网格(2,2)具有高亮绿色(像素:627)，准许拖拽。
[REWARD] 动作已执行，开始 3 次心跳检测 (间隔 0.2s)...
[REWARD] ❌ 第 1 次未检测到目标血条...
[REWARD] ❌ 第 2 次未检测到目标血条...
[REWARD] ❌ 第 3 次未检测到目标血条...
[REWARD] 执行前血条数: 8 -> 最终确认血条数: 9
[REWARD] 部署失败，计算前后帧 MSE (均方误差) = 3247.02
[REWARD] 动作无效，但游戏仍在进行(画面有变化)。奖励 -0.2 (已清空无作为计数器)
[TemplateMatcher] pause_gear.png -> max conf: 0.902 (needs 0.5, optimal scale: 0.80x)

[STEP 102] 开始执行动作...
[ACTION] AI决定: 选卡 8 -> 放入网格(4,0) -> 朝向 1
         坐标映射: 拖拽从(1015,650)至(600,190) -> 方向滑动至(600,340)
[ACTION] ⛔ Fast-Fail! 目标网格(4,0)非绿色高亮(绿像素:0)。取消拖拽。
[REWARD] 执行前血条数: 10 -> 最终确认血条数: 0
[REWARD] ⛔ 非法区域/无费用，已被 CV 阻断。奖励 -0.5 (连续无作为: 1次)
[TemplateMatcher] pause_gear.png -> max conf: 0.907 (needs 0.5, optimal scale: 0.80x)

[STEP 103] 开始执行动作...
[ACTION] AI决定: 选卡 0 -> 放入网格(0,0) -> 朝向 1
         坐标映射: 拖拽从(295,650)至(200,190) -> 方向滑动至(200,340)
[ACTION] ⛔ Fast-Fail! 目标网格(0,0)非绿色高亮(绿像素:13)。取消拖拽。
[REWARD] 执行前血条数: 9 -> 最终确认血条数: 0
[REWARD] ⛔ 非法区域/无费用，已被 CV 阻断。奖励 -0.5 (连续无作为: 2次)
[TemplateMatcher] pause_gear.png -> max conf: 0.908 (needs 0.5, optimal scale: 0.80x)

[STEP 104] 开始执行动作...
[ACTION] AI决定: 💤 挂机 (Skip / Wait for Cost)
[REWARD] 执行前血条数: 8 -> 最终确认血条数: 0
[REWARD] 💤 AI 主动挂机等费用，只扣除微小时间惩罚 -0.01
[TemplateMatcher] pause_gear.png -> max conf: 0.884 (needs 0.5, optimal scale: 0.80x)

[STEP 105] 开始执行动作...
[ACTION] AI决定: 选卡 9 -> 放入网格(3,3) -> 朝向 2
         坐标映射: 拖拽从(1105,650)至(500,430) -> 方向滑动至(350,430)
[ACTION] ⛔ Fast-Fail! 目标网格(3,3)非绿色高亮(绿像素:0)。取消拖拽。
[REWARD] 执行前血条数: 8 -> 最终确认血条数: 0
[REWARD] ⛔ 非法区域/无费用，已被 CV 阻断。奖励 -0.5 (连续无作为: 1次)
[TemplateMatcher] pause_gear.png -> max conf: 0.581 (needs 0.5, optimal scale: 0.90x)

[STEP 106] 开始执行动作...
[ACTION] AI决定: 选卡 5 -> 放入网格(8,0) -> 朝向 0
         坐标映射: 拖拽从(745,650)至(1000,190) -> 方向滑动至(1000,40)
[ACTION] ⛔ Fast-Fail! 目标网格(8,0)非绿色高亮(绿像素:0)。取消拖拽。
[REWARD] 执行前血条数: 0 -> 最终确认血条数: 0
[REWARD] ⛔ 非法区域/无费用，已被 CV 阻断。奖励 -0.5 (连续无作为: 2次)
[TemplateMatcher] pause_gear.png -> max conf: 0.000 (needs 0.5, optimal scale: 0.80x)
[ENV] ⚠️ 警告：未检测到右上角齿轮图标！(连续 1/3 次)
[SAVE] 自动保存进度 (Step 400) -> policy_latest.zip

[STEP 107] 开始执行动作...
[ACTION] AI决定: 选卡 9 -> 放入网格(4,2) -> 朝向 3
         坐标映射: 拖拽从(1105,650)至(600,350) -> 方向滑动至(750,350)
[ACTION] ⛔ Fast-Fail! 目标网格(4,2)非绿色高亮(绿像素:0)。取消拖拽。
[REWARD] 执行前血条数: 0 -> 最终确认血条数: 0
[REWARD] ⛔ 非法区域/无费用，已被 CV 阻断。奖励 -0.5 (连续无作为: 3次)
[TemplateMatcher] pause_gear.png -> max conf: 0.000 (needs 0.5, optimal scale: 0.80x)
[ENV] ⚠️ 警告：未检测到右上角齿轮图标！(连续 2/3 次)

[STEP 108] 开始执行动作...
[ACTION] AI决定: 💤 挂机 (Skip / Wait for Cost)
[REWARD] 执行前血条数: 0 -> 最终确认血条数: 0
[REWARD] 💤 AI 主动挂机等费用，只扣除微小时间惩罚 -0.01
[TemplateMatcher] pause_gear.png -> max conf: 0.680 (needs 0.5, optimal scale: 1.10x)

[STEP 109] 开始执行动作...
[ACTION] AI决定: 选卡 1 -> 放入网格(4,2) -> 朝向 1
         坐标映射: 拖拽从(385,650)至(600,350) -> 方向滑动至(600,500)
[ACTION] ⛔ Fast-Fail! 目标网格(4,2)非绿色高亮(绿像素:0)。取消拖拽。
[REWARD] 执行前血条数: 0 -> 最终确认血条数: 0
[REWARD] ⛔ 非法区域/无费用，已被 CV 阻断。奖励 -0.5 (连续无作为: 1次)
[TemplateMatcher] pause_gear.png -> max conf: 0.681 (needs 0.5, optimal scale: 1.10x)

[STEP 110] 开始执行动作...
[ACTION] AI决定: 选卡 4 -> 放入网格(7,2) -> 朝向 1
         坐标映射: 拖拽从(655,650)至(900,350) -> 方向滑动至(900,500)
[ACTION] ⛔ Fast-Fail! 目标网格(7,2)非绿色高亮(绿像素:0)。取消拖拽。
[REWARD] 执行前血条数: 0 -> 最终确认血条数: 0
[REWARD] ⛔ 非法区域/无费用，已被 CV 阻断。奖励 -0.5 (连续无作为: 2次)
[ENV] 🚨 优先级 1 触发：检测到画面剧烈变化 (MSE=9045.40 > 8000)，判定为场景切换/结算，强制终止回合！

================= 回合结束，开始自动重启关卡 =================
[TemplateMatcher] pause_gear.png -> max conf: 0.490 (needs 0.7, optimal scale: 0.80x)
[DEBUG] 未匹配 [pause_gear] (要求阈值 0.7)
[TemplateMatcher] start_action.png -> max conf: -0.034 (needs 0.45, optimal scale: 0.80x)
[DEBUG] 未匹配 [start_action] (要求阈值 0.45)
[TemplateMatcher] practice.png -> max conf: 0.522 (needs 0.5, optimal scale: 0.80x)
[RESET] 找到 [practice] (置信度 0.52 >= 0.5)，点击 (533, 603)
[RESET] 点击演习按钮
[TemplateMatcher] pause_gear.png -> max conf: 0.490 (needs 0.7, optimal scale: 0.80x)
[DEBUG] 未匹配 [pause_gear] (要求阈值 0.7)
[TemplateMatcher] start_action.png -> max conf: -0.034 (needs 0.45, optimal scale: 0.80x)
[DEBUG] 未匹配 [start_action] (要求阈值 0.45)
[TemplateMatcher] practice.png -> max conf: 0.522 (needs 0.5, optimal scale: 0.80x)
[RESET] 找到 [practice] (置信度 0.52 >= 0.5)，点击 (533, 603)
[RESET] 点击演习按钮
[TemplateMatcher] pause_gear.png -> max conf: 0.490 (needs 0.7, optimal scale: 0.80x)
[DEBUG] 未匹配 [pause_gear] (要求阈值 0.7)
[TemplateMatcher] start_action.png -> max conf: -0.034 (needs 0.45, optimal scale: 0.80x)
[DEBUG] 未匹配 [start_action] (要求阈值 0.45)
[TemplateMatcher] practice.png -> max conf: 0.522 (needs 0.5, optimal scale: 0.80x)
[RESET] 找到 [practice] (置信度 0.52 >= 0.5)，点击 (533, 603)
[RESET] 点击演习按钮
[TemplateMatcher] pause_gear.png -> max conf: 0.473 (needs 0.7, optimal scale: 0.90x)
[DEBUG] 未匹配 [pause_gear] (要求阈值 0.7)
[TemplateMatcher] start_action.png -> max conf: 0.037 (needs 0.45, optimal scale: 0.80x)
[DEBUG] 未匹配 [start_action] (要求阈值 0.45)
[TemplateMatcher] practice.png -> max conf: 0.489 (needs 0.5, optimal scale: 0.85x)
[DEBUG] 未匹配 [practice] (要求阈值 0.5)
[TemplateMatcher] stage_1_7.png -> max conf: 0.712 (needs 0.5, optimal scale: 0.80x)
[RESET] 找到 [stage_1_7] (置信度 0.71 >= 0.5)，点击 (638, 224)
[RESET] 点击关卡 1-7 图标
[TemplateMatcher] pause_gear.png -> max conf: 0.612 (needs 0.7, optimal scale: 1.10x)
[DEBUG] 未匹配 [pause_gear] (要求阈值 0.7)
[TemplateMatcher] start_action.png -> max conf: 0.100 (needs 0.45, optimal scale: 0.80x)
[DEBUG] 未匹配 [start_action] (要求阈值 0.45)
[TemplateMatcher] practice.png -> max conf: 0.687 (needs 0.5, optimal scale: 0.80x)
[RESET] 找到 [practice] (置信度 0.69 >= 0.5)，点击 (935, 660)
[RESET] 点击演习按钮
[TemplateMatcher] pause_gear.png -> max conf: 0.470 (needs 0.7, optimal scale: 1.05x)
[DEBUG] 未匹配 [pause_gear] (要求阈值 0.7)
[TemplateMatcher] start_action.png -> max conf: 0.451 (needs 0.45, optimal scale: 0.80x)
[RESET] 找到 [start_action] (置信度 0.45 >= 0.45)，点击 (1101, 513)
[RESET] 点击开始行动，进入加载...
[TemplateMatcher] pause_gear.png -> max conf: 0.000 (needs 0.7, optimal scale: 0.80x)
[DEBUG] 未匹配 [pause_gear] (要求阈值 0.7)
[TemplateMatcher] start_action.png -> max conf: 0.000 (needs 0.45, optimal scale: 0.80x)
[DEBUG] 未匹配 [start_action] (要求阈值 0.45)
[TemplateMatcher] practice.png -> max conf: 0.000 (needs 0.5, optimal scale: 0.80x)
[DEBUG] 未匹配 [practice] (要求阈值 0.5)
[TemplateMatcher] stage_1_7.png -> max conf: 0.000 (needs 0.5, optimal scale: 0.80x)
[DEBUG] 未匹配 [stage_1_7] (要求阈值 0.5)
[RESET] 尝试跳过动画/寻找入口... (尝试 7/100)
[TemplateMatcher] pause_gear.png -> max conf: 0.000 (needs 0.7, optimal scale: 0.80x)
[DEBUG] 未匹配 [pause_gear] (要求阈值 0.7)
[TemplateMatcher] start_action.png -> max conf: 0.000 (needs 0.45, optimal scale: 0.80x)
[DEBUG] 未匹配 [start_action] (要求阈值 0.45)
[TemplateMatcher] practice.png -> max conf: 0.000 (needs 0.5, optimal scale: 0.80x)
[DEBUG] 未匹配 [practice] (要求阈值 0.5)
[TemplateMatcher] stage_1_7.png -> max conf: 0.000 (needs 0.5, optimal scale: 0.80x)
[DEBUG] 未匹配 [stage_1_7] (要求阈值 0.5)
[RESET] 尝试跳过动画/寻找入口... (尝试 8/100)
[TemplateMatcher] pause_gear.png -> max conf: 0.511 (needs 0.7, optimal scale: 1.20x)
[DEBUG] 未匹配 [pause_gear] (要求阈值 0.7)
[TemplateMatcher] start_action.png -> max conf: -0.063 (needs 0.45, optimal scale: 0.80x)
[DEBUG] 未匹配 [start_action] (要求阈值 0.45)
[TemplateMatcher] practice.png -> max conf: 0.379 (needs 0.5, optimal scale: 0.90x)
[DEBUG] 未匹配 [practice] (要求阈值 0.5)
[TemplateMatcher] stage_1_7.png -> max conf: 0.411 (needs 0.5, optimal scale: 0.90x)
[DEBUG] 未匹配 [stage_1_7] (要求阈值 0.5)
[RESET] 尝试跳过动画/寻找入口... (尝试 9/100)
[TemplateMatcher] pause_gear.png -> max conf: 0.511 (needs 0.7, optimal scale: 1.20x)
[DEBUG] 未匹配 [pause_gear] (要求阈值 0.7)
[TemplateMatcher] start_action.png -> max conf: -0.063 (needs 0.45, optimal scale: 0.80x)
[DEBUG] 未匹配 [start_action] (要求阈值 0.45)
[TemplateMatcher] practice.png -> max conf: 0.379 (needs 0.5, optimal scale: 0.90x)
[DEBUG] 未匹配 [practice] (要求阈值 0.5)
[TemplateMatcher] stage_1_7.png -> max conf: 0.411 (needs 0.5, optimal scale: 0.90x)
[DEBUG] 未匹配 [stage_1_7] (要求阈值 0.5)
[RESET] 尝试跳过动画/寻找入口... (尝试 10/100)
[TemplateMatcher] pause_gear.png -> max conf: 0.215 (needs 0.7, optimal scale: 1.20x)
[DEBUG] 未匹配 [pause_gear] (要求阈值 0.7)
[TemplateMatcher] start_action.png -> max conf: 0.224 (needs 0.45, optimal scale: 0.80x)
[DEBUG] 未匹配 [start_action] (要求阈值 0.45)
[TemplateMatcher] practice.png -> max conf: 0.373 (needs 0.5, optimal scale: 0.80x)
[DEBUG] 未匹配 [practice] (要求阈值 0.5)
[TemplateMatcher] stage_1_7.png -> max conf: 0.271 (needs 0.5, optimal scale: 0.80x)
[DEBUG] 未匹配 [stage_1_7] (要求阈值 0.5)
[RESET] 尝试跳过动画/寻找入口... (尝试 11/100)
[TemplateMatcher] pause_gear.png -> max conf: 0.211 (needs 0.7, optimal scale: 1.05x)
[DEBUG] 未匹配 [pause_gear] (要求阈值 0.7)
[TemplateMatcher] start_action.png -> max conf: 0.202 (needs 0.45, optimal scale: 0.80x)
[DEBUG] 未匹配 [start_action] (要求阈值 0.45)
[TemplateMatcher] practice.png -> max conf: 0.297 (needs 0.5, optimal scale: 0.80x)
[DEBUG] 未匹配 [practice] (要求阈值 0.5)
[TemplateMatcher] stage_1_7.png -> max conf: 0.277 (needs 0.5, optimal scale: 0.85x)
[DEBUG] 未匹配 [stage_1_7] (要求阈值 0.5)
[RESET] 尝试跳过动画/寻找入口... (尝试 12/100)
[TemplateMatcher] pause_gear.png -> max conf: 0.826 (needs 0.7, optimal scale: 0.80x)
[RESET] 找到 [pause_gear] (置信度 0.83 >= 0.7)，(仅检测，不点击)
[RESET] ✅ 检测到战斗画面右上角齿轮，重启成功！
================= 关卡重启流程结束 =================

--> [回合结束] 第 5 回合 | 奖励: -17.8 | 步数: 110

[STEP 1] 开始执行动作...
[ACTION] AI决定: 选卡 5 -> 放入网格(4,0) -> 朝向 2
         坐标映射: 拖拽从(745,650)至(600,190) -> 方向滑动至(450,190)
[ACTION] ✅ CV校验通过！网格(4,0)具有高亮绿色(像素:186)，准许拖拽。
[REWARD] 动作已执行，开始 3 次心跳检测 (间隔 0.2s)...
[REWARD] ❌ 第 1 次未检测到目标血条...
[REWARD] ❌ 第 2 次未检测到目标血条...
[REWARD] ❌ 第 3 次未检测到目标血条...
[REWARD] 执行前血条数: 0 -> 最终确认血条数: 0
[REWARD] 部署失败，计算前后帧 MSE (均方误差) = 139.92
[REWARD] 画面未发生明显变化(非法部署)。奖励 -0.5 (连续无作为: 3次)
[TemplateMatcher] pause_gear.png -> max conf: 0.908 (needs 0.5, optimal scale: 0.80x)

[STEP 2] 开始执行动作...
[ACTION] AI决定: 选卡 2 -> 放入网格(0,1) -> 朝向 2
         坐标映射: 拖拽从(475,650)至(200,270) -> 方向滑动至(50,270)
[ACTION] ⛔ Fast-Fail! 目标网格(0,1)非绿色高亮(绿像素:0)。取消拖拽。
[REWARD] 执行前血条数: 0 -> 最终确认血条数: 0
[REWARD] ⛔ 非法区域/无费用，已被 CV 阻断。奖励 -0.5 (连续无作为: 4次)
[TemplateMatcher] pause_gear.png -> max conf: 0.908 (needs 0.5, optimal scale: 0.80x)

[STEP 3] 开始执行动作...
[ACTION] AI决定: 选卡 7 -> 放入网格(9,1) -> 朝向 1
         坐标映射: 拖拽从(925,650)至(1100,270) -> 方向滑动至(1100,420)
[ACTION] ⛔ Fast-Fail! 目标网格(9,1)非绿色高亮(绿像素:0)。取消拖拽。
[REWARD] 执行前血条数: 0 -> 最终确认血条数: 0
[REWARD] ⛔ 非法区域/无费用，已被 CV 阻断。奖励 -0.5 (连续无作为: 5次)
[TemplateMatcher] pause_gear.png -> max conf: 0.908 (needs 0.5, optimal scale: 0.80x)

[STEP 4] 开始执行动作...
[ACTION] AI决定: 选卡 2 -> 放入网格(3,4) -> 朝向 3
         坐标映射: 拖拽从(475,650)至(500,510) -> 方向滑动至(650,510)
[ACTION] ✅ CV校验通过！网格(3,4)具有高亮绿色(像素:900)，准许拖拽。
[REWARD] 动作已执行，开始 3 次心跳检测 (间隔 0.2s)...
[REWARD] ✅ 第 1 次检测命中目标干员血条！
[REWARD] 执行前血条数: 0 -> 最终确认血条数: 1
[REWARD] 🎯 完美落子！部署点靠近敌人 (距离: 251.2)，奖励 +2.0
[REWARD] 🛡️ 背对敌人！(角度: 75.4°)，严厉惩罚 -3.0
[TemplateMatcher] pause_gear.png -> max conf: 0.908 (needs 0.5, optimal scale: 0.80x)

[STEP 5] 开始执行动作...
[ACTION] AI决定: 💤 挂机 (Skip / Wait for Cost)
[REWARD] 执行前血条数: 1 -> 最终确认血条数: 0
[REWARD] 💤 AI 主动挂机等费用，只扣除微小时间惩罚 -0.01
[TemplateMatcher] pause_gear.png -> max conf: 0.908 (needs 0.5, optimal scale: 0.80x)

[STEP 6] 开始执行动作...
[ACTION] AI决定: 选卡 5 -> 放入网格(3,2) -> 朝向 2
         坐标映射: 拖拽从(745,650)至(500,350) -> 方向滑动至(350,350)
[ACTION] ✅ CV校验通过！网格(3,2)具有高亮绿色(像素:288)，准许拖拽。
[REWARD] 动作已执行，开始 3 次心跳检测 (间隔 0.2s)...
[REWARD] ✅ 第 1 次检测命中目标干员血条！
[REWARD] 执行前血条数: 1 -> 最终确认血条数: 1
[REWARD] 🛡️ 背对敌人！(角度: 15.8°)，严厉惩罚 -3.0
[TemplateMatcher] pause_gear.png -> max conf: 0.907 (needs 0.5, optimal scale: 0.80x)

[STEP 7] 开始执行动作...
[ACTION] AI决定: 💤 挂机 (Skip / Wait for Cost)
[REWARD] 执行前血条数: 1 -> 最终确认血条数: 0
[REWARD] 💤 AI 主动挂机等费用，只扣除微小时间惩罚 -0.01
[TemplateMatcher] pause_gear.png -> max conf: 0.907 (needs 0.5, optimal scale: 0.80x)

[STEP 8] 开始执行动作...
[ACTION] AI决定: 选卡 5 -> 放入网格(7,3) -> 朝向 3
         坐标映射: 拖拽从(745,650)至(900,430) -> 方向滑动至(1050,430)
[ACTION] ⛔ Fast-Fail! 目标网格(7,3)非绿色高亮(绿像素:0)。取消拖拽。
[REWARD] 执行前血条数: 1 -> 最终确认血条数: 0
[REWARD] ⛔ 非法区域/无费用，已被 CV 阻断。奖励 -0.5 (连续无作为: 1次)
[TemplateMatcher] pause_gear.png -> max conf: 0.906 (needs 0.5, optimal scale: 0.80x)

[STEP 9] 开始执行动作...
[ACTION] AI决定: 选卡 6 -> 放入网格(7,2) -> 朝向 0
         坐标映射: 拖拽从(835,650)至(900,350) -> 方向滑动至(900,200)
[ACTION] ✅ CV校验通过！网格(7,2)具有高亮绿色(像素:333)，准许拖拽。
[REWARD] 动作已执行，开始 3 次心跳检测 (间隔 0.2s)...
[REWARD] ❌ 第 1 次未检测到目标血条...
[REWARD] ❌ 第 2 次未检测到目标血条...
[REWARD] ❌ 第 3 次未检测到目标血条...
[REWARD] 执行前血条数: 1 -> 最终确认血条数: 1
[REWARD] 部署失败，计算前后帧 MSE (均方误差) = 2961.56
[REWARD] 动作无效，但游戏仍在进行(画面有变化)。奖励 -0.2 (已清空无作为计数器)
[TemplateMatcher] pause_gear.png -> max conf: 0.908 (needs 0.5, optimal scale: 0.80x)

[STEP 10] 开始执行动作...
[ACTION] AI决定: 选卡 1 -> 放入网格(8,4) -> 朝向 2
         坐标映射: 拖拽从(385,650)至(1000,510) -> 方向滑动至(850,510)
[ACTION] ⛔ Fast-Fail! 目标网格(8,4)非绿色高亮(绿像素:0)。取消拖拽。
[REWARD] 执行前血条数: 1 -> 最终确认血条数: 0
[REWARD] ⛔ 非法区域/无费用，已被 CV 阻断。奖励 -0.5 (连续无作为: 1次)
[TemplateMatcher] pause_gear.png -> max conf: 0.908 (needs 0.5, optimal scale: 0.80x)

[STEP 11] 开始执行动作...
[ACTION] AI决定: 选卡 0 -> 放入网格(8,2) -> 朝向 0
         坐标映射: 拖拽从(295,650)至(1000,350) -> 方向滑动至(1000,200)
[ACTION] ✅ CV校验通过！网格(8,2)具有高亮绿色(像素:78)，准许拖拽。
[REWARD] 动作已执行，开始 3 次心跳检测 (间隔 0.2s)...
[REWARD] ❌ 第 1 次未检测到目标血条...
[REWARD] ❌ 第 2 次未检测到目标血条...
[REWARD] ❌ 第 3 次未检测到目标血条...
[REWARD] 执行前血条数: 1 -> 最终确认血条数: 1
[REWARD] 部署失败，计算前后帧 MSE (均方误差) = 266.12
[REWARD] 画面未发生明显变化(非法部署)。奖励 -0.5 (连续无作为: 2次)
[TemplateMatcher] pause_gear.png -> max conf: 0.908 (needs 0.5, optimal scale: 0.80x)

[STEP 12] 开始执行动作...
[ACTION] AI决定: 选卡 5 -> 放入网格(8,2) -> 朝向 1
         坐标映射: 拖拽从(745,650)至(1000,350) -> 方向滑动至(1000,500)
[ACTION] ✅ CV校验通过！网格(8,2)具有高亮绿色(像素:78)，准许拖拽。
[REWARD] 动作已执行，开始 3 次心跳检测 (间隔 0.2s)...
[REWARD] ❌ 第 1 次未检测到目标血条...
[REWARD] ❌ 第 2 次未检测到目标血条...
[REWARD] ❌ 第 3 次未检测到目标血条...
[REWARD] 执行前血条数: 1 -> 最终确认血条数: 1
[REWARD] 部署失败，计算前后帧 MSE (均方误差) = 390.22
[REWARD] 动作无效，但游戏仍在进行(画面有变化)。奖励 -0.2 (已清空无作为计数器)
[TemplateMatcher] pause_gear.png -> max conf: 0.908 (needs 0.5, optimal scale: 0.80x)

[STEP 13] 开始执行动作...
[ACTION] AI决定: 选卡 5 -> 放入网格(8,4) -> 朝向 0
         坐标映射: 拖拽从(745,650)至(1000,510) -> 方向滑动至(1000,360)
[ACTION] ✅ CV校验通过！网格(8,4)具有高亮绿色(像素:900)，准许拖拽。
[REWARD] 动作已执行，开始 3 次心跳检测 (间隔 0.2s)...
[REWARD] ✅ 第 1 次检测命中目标干员血条！
[REWARD] 执行前血条数: 1 -> 最终确认血条数: 2
[REWARD] 🎯 完美落子！部署点靠近敌人 (距离: 271.4)，奖励 +2.0
[REWARD] ⚔️ 完美朝向！正对敌人 (角度: 261.2°)，巨额奖励 +8.0
[TemplateMatcher] pause_gear.png -> max conf: 0.908 (needs 0.5, optimal scale: 0.80x)

[STEP 14] 开始执行动作...
[ACTION] AI决定: 选卡 5 -> 放入网格(3,0) -> 朝向 2
         坐标映射: 拖拽从(745,650)至(500,190) -> 方向滑动至(350,190)
[ACTION] ✅ CV校验通过！网格(3,0)具有高亮绿色(像素:891)，准许拖拽。
[REWARD] 动作已执行，开始 3 次心跳检测 (间隔 0.2s)...
[REWARD] ❌ 第 1 次未检测到目标血条...
[REWARD] ❌ 第 2 次未检测到目标血条...
[REWARD] ❌ 第 3 次未检测到目标血条...
[REWARD] 执行前血条数: 2 -> 最终确认血条数: 2
[REWARD] 部署失败，计算前后帧 MSE (均方误差) = 245.62
[REWARD] 画面未发生明显变化(非法部署)。奖励 -0.5 (连续无作为: 1次)
[TemplateMatcher] pause_gear.png -> max conf: 0.908 (needs 0.5, optimal scale: 0.80x)

[STEP 15] 开始执行动作...
[ACTION] AI决定: 选卡 6 -> 放入网格(8,3) -> 朝向 3
         坐标映射: 拖拽从(835,650)至(1000,430) -> 方向滑动至(1150,430)
[ACTION] ⛔ Fast-Fail! 目标网格(8,3)非绿色高亮(绿像素:0)。取消拖拽。
[REWARD] 执行前血条数: 2 -> 最终确认血条数: 0
[REWARD] ⛔ 非法区域/无费用，已被 CV 阻断。奖励 -0.5 (连续无作为: 2次)
[TemplateMatcher] pause_gear.png -> max conf: 0.908 (needs 0.5, optimal scale: 0.80x)

[STEP 16] 开始执行动作...
[ACTION] AI决定: 选卡 4 -> 放入网格(0,4) -> 朝向 0
         坐标映射: 拖拽从(655,650)至(200,510) -> 方向滑动至(200,360)
[ACTION] ⛔ Fast-Fail! 目标网格(0,4)非绿色高亮(绿像素:0)。取消拖拽。
[REWARD] 执行前血条数: 2 -> 最终确认血条数: 0
[REWARD] ⛔ 非法区域/无费用，已被 CV 阻断。奖励 -0.5 (连续无作为: 3次)
[TemplateMatcher] pause_gear.png -> max conf: 0.908 (needs 0.5, optimal scale: 0.80x)

[STEP 17] 开始执行动作...
[ACTION] AI决定: 选卡 8 -> 放入网格(3,0) -> 朝向 0
         坐标映射: 拖拽从(1015,650)至(500,190) -> 方向滑动至(500,40)
[ACTION] ✅ CV校验通过！网格(3,0)具有高亮绿色(像素:900)，准许拖拽。
[REWARD] 动作已执行，开始 3 次心跳检测 (间隔 0.2s)...
[REWARD] ❌ 第 1 次未检测到目标血条...
[REWARD] ❌ 第 2 次未检测到目标血条...
[REWARD] ❌ 第 3 次未检测到目标血条...
[REWARD] 执行前血条数: 2 -> 最终确认血条数: 2
[REWARD] 部署失败，计算前后帧 MSE (均方误差) = 310.01
[REWARD] 动作无效，但游戏仍在进行(画面有变化)。奖励 -0.2 (已清空无作为计数器)
[TemplateMatcher] pause_gear.png -> max conf: 0.908 (needs 0.5, optimal scale: 0.80x)

[STEP 18] 开始执行动作...
[ACTION] AI决定: 选卡 9 -> 放入网格(3,3) -> 朝向 3
         坐标映射: 拖拽从(1105,650)至(500,430) -> 方向滑动至(650,430)
[ACTION] ✅ CV校验通过！网格(3,3)具有高亮绿色(像素:445)，准许拖拽。
[REWARD] 动作已执行，开始 3 次心跳检测 (间隔 0.2s)...
[REWARD] ✅ 第 1 次检测命中目标干员血条！
[REWARD] 执行前血条数: 2 -> 最终确认血条数: 2
[REWARD] 🎯 完美落子！部署点靠近敌人 (距离: 80.1)，奖励 +2.0
[REWARD] 🛡️ 背对敌人！(角度: 309.0°)，严厉惩罚 -3.0
[TemplateMatcher] pause_gear.png -> max conf: 0.907 (needs 0.5, optimal scale: 0.80x)

[STEP 19] 开始执行动作...
[ACTION] AI决定: 选卡 8 -> 放入网格(0,2) -> 朝向 1
         坐标映射: 拖拽从(1015,650)至(200,350) -> 方向滑动至(200,500)
[ACTION] ⛔ Fast-Fail! 目标网格(0,2)非绿色高亮(绿像素:0)。取消拖拽。
[REWARD] 执行前血条数: 2 -> 最终确认血条数: 0
[REWARD] ⛔ 非法区域/无费用，已被 CV 阻断。奖励 -0.5 (连续无作为: 1次)
[TemplateMatcher] pause_gear.png -> max conf: 0.908 (needs 0.5, optimal scale: 0.80x)

[STEP 20] 开始执行动作...
[ACTION] AI决定: 选卡 1 -> 放入网格(0,3) -> 朝向 3
         坐标映射: 拖拽从(385,650)至(200,430) -> 方向滑动至(350,430)
[ACTION] ⛔ Fast-Fail! 目标网格(0,3)非绿色高亮(绿像素:0)。取消拖拽。
[REWARD] 执行前血条数: 2 -> 最终确认血条数: 0
[REWARD] ⛔ 非法区域/无费用，已被 CV 阻断。奖励 -0.5 (连续无作为: 2次)
[TemplateMatcher] pause_gear.png -> max conf: 0.907 (needs 0.5, optimal scale: 0.80x)

[STEP 21] 开始执行动作...
[ACTION] AI决定: 选卡 8 -> 放入网格(3,4) -> 朝向 2
         坐标映射: 拖拽从(1015,650)至(500,510) -> 方向滑动至(350,510)
[ACTION] ⛔ Fast-Fail! 目标网格(3,4)非绿色高亮(绿像素:0)。取消拖拽。
[REWARD] 执行前血条数: 2 -> 最终确认血条数: 0
[REWARD] ⛔ 非法区域/无费用，已被 CV 阻断。奖励 -0.5 (连续无作为: 3次)
[TemplateMatcher] pause_gear.png -> max conf: 0.908 (needs 0.5, optimal scale: 0.80x)

[STEP 22] 开始执行动作...
[ACTION] AI决定: 选卡 6 -> 放入网格(8,1) -> 朝向 0
         坐标映射: 拖拽从(835,650)至(1000,270) -> 方向滑动至(1000,120)
[ACTION] ✅ CV校验通过！网格(8,1)具有高亮绿色(像素:580)，准许拖拽。
[REWARD] 动作已执行，开始 3 次心跳检测 (间隔 0.2s)...
[REWARD] ❌ 第 1 次未检测到目标血条...
[REWARD] ❌ 第 2 次未检测到目标血条...
[REWARD] ❌ 第 3 次未检测到目标血条...
[REWARD] 执行前血条数: 2 -> 最终确认血条数: 2
[REWARD] 部署失败，计算前后帧 MSE (均方误差) = 329.31
[REWARD] 动作无效，但游戏仍在进行(画面有变化)。奖励 -0.2 (已清空无作为计数器)
[TemplateMatcher] pause_gear.png -> max conf: 0.908 (needs 0.5, optimal scale: 0.80x)

[STEP 23] 开始执行动作...
[ACTION] AI决定: 选卡 8 -> 放入网格(6,2) -> 朝向 2
         坐标映射: 拖拽从(1015,650)至(800,350) -> 方向滑动至(650,350)
[ACTION] ✅ CV校验通过！网格(6,2)具有高亮绿色(像素:341)，准许拖拽。
[REWARD] 动作已执行，开始 3 次心跳检测 (间隔 0.2s)...
[REWARD] ❌ 第 1 次未检测到目标血条...
[REWARD] ❌ 第 2 次未检测到目标血条...
[REWARD] ❌ 第 3 次未检测到目标血条...
[REWARD] 执行前血条数: 2 -> 最终确认血条数: 2
[REWARD] 部署失败，计算前后帧 MSE (均方误差) = 308.27
[REWARD] 动作无效，但游戏仍在进行(画面有变化)。奖励 -0.2 (已清空无作为计数器)
[TemplateMatcher] pause_gear.png -> max conf: 0.908 (needs 0.5, optimal scale: 0.80x)

[STEP 24] 开始执行动作...
[ACTION] AI决定: 选卡 8 -> 放入网格(7,2) -> 朝向 2
         坐标映射: 拖拽从(1015,650)至(900,350) -> 方向滑动至(750,350)
[ACTION] ✅ CV校验通过！网格(7,2)具有高亮绿色(像素:562)，准许拖拽。
[REWARD] 动作已执行，开始 3 次心跳检测 (间隔 0.2s)...
[REWARD] ❌ 第 1 次未检测到目标血条...
[REWARD] ❌ 第 2 次未检测到目标血条...
[REWARD] ❌ 第 3 次未检测到目标血条...
[REWARD] 执行前血条数: 2 -> 最终确认血条数: 2
[REWARD] 部署失败，计算前后帧 MSE (均方误差) = 279.69
[REWARD] 画面未发生明显变化(非法部署)。奖励 -0.5 (连续无作为: 1次)
[TemplateMatcher] pause_gear.png -> max conf: 0.908 (needs 0.5, optimal scale: 0.80x)

[STEP 25] 开始执行动作...
[ACTION] AI决定: 选卡 8 -> 放入网格(2,2) -> 朝向 3
         坐标映射: 拖拽从(1015,650)至(400,350) -> 方向滑动至(550,350)
[ACTION] ⛔ Fast-Fail! 目标网格(2,2)非绿色高亮(绿像素:0)。取消拖拽。
[REWARD] 执行前血条数: 2 -> 最终确认血条数: 0
[REWARD] ⛔ 非法区域/无费用，已被 CV 阻断。奖励 -0.5 (连续无作为: 2次)
[TemplateMatcher] pause_gear.png -> max conf: 0.907 (needs 0.5, optimal scale: 0.80x)

[STEP 26] 开始执行动作...
[ACTION] AI决定: 选卡 9 -> 放入网格(0,2) -> 朝向 1
         坐标映射: 拖拽从(1105,650)至(200,350) -> 方向滑动至(200,500)
[ACTION] ⛔ Fast-Fail! 目标网格(0,2)非绿色高亮(绿像素:0)。取消拖拽。
[REWARD] 执行前血条数: 2 -> 最终确认血条数: 0
[REWARD] ⛔ 非法区域/无费用，已被 CV 阻断。奖励 -0.5 (连续无作为: 3次)
[TemplateMatcher] pause_gear.png -> max conf: 0.907 (needs 0.5, optimal scale: 0.80x)

[STEP 27] 开始执行动作...
[ACTION] AI决定: 选卡 9 -> 放入网格(7,2) -> 朝向 1
         坐标映射: 拖拽从(1105,650)至(900,350) -> 方向滑动至(900,500)
[ACTION] ✅ CV校验通过！网格(7,2)具有高亮绿色(像素:333)，准许拖拽。
[REWARD] 动作已执行，开始 3 次心跳检测 (间隔 0.2s)...
[REWARD] ✅ 第 1 次检测命中目标干员血条！
[REWARD] 执行前血条数: 2 -> 最终确认血条数: 4
[REWARD] 🎯 完美落子！部署点靠近敌人 (距离: 269.6)，奖励 +2.0
[REWARD] ⚔️ 完美朝向！正对敌人 (角度: 67.1°)，巨额奖励 +8.0
[TemplateMatcher] pause_gear.png -> max conf: 0.908 (needs 0.5, optimal scale: 0.80x)

[STEP 28] 开始执行动作...
[ACTION] AI决定: 选卡 1 -> 放入网格(6,4) -> 朝向 0
         坐标映射: 拖拽从(385,650)至(800,510) -> 方向滑动至(800,360)
[ACTION] ✅ CV校验通过！网格(6,4)具有高亮绿色(像素:900)，准许拖拽。
[REWARD] 动作已执行，开始 3 次心跳检测 (间隔 0.2s)...
[REWARD] ✅ 第 1 次检测命中目标干员血条！
[REWARD] 执行前血条数: 3 -> 最终确认血条数: 4
[REWARD] 场上暂无移动目标，仅发放基础部署奖励 +1.0
[TemplateMatcher] pause_gear.png -> max conf: 0.908 (needs 0.5, optimal scale: 0.80x)

[STEP 29] 开始执行动作...
[ACTION] AI决定: 选卡 2 -> 放入网格(7,2) -> 朝向 1
         坐标映射: 拖拽从(475,650)至(900,350) -> 方向滑动至(900,500)
[ACTION] ⛔ Fast-Fail! 目标网格(7,2)非绿色高亮(绿像素:0)。取消拖拽。
[REWARD] 执行前血条数: 4 -> 最终确认血条数: 0
[REWARD] ⛔ 非法区域/无费用，已被 CV 阻断。奖励 -0.5 (连续无作为: 1次)
[TemplateMatcher] pause_gear.png -> max conf: 0.908 (needs 0.5, optimal scale: 0.80x)

[STEP 30] 开始执行动作...
[ACTION] AI决定: 选卡 2 -> 放入网格(2,0) -> 朝向 3
         坐标映射: 拖拽从(475,650)至(400,190) -> 方向滑动至(550,190)
[ACTION] ⛔ Fast-Fail! 目标网格(2,0)非绿色高亮(绿像素:0)。取消拖拽。
[REWARD] 执行前血条数: 4 -> 最终确认血条数: 0
[REWARD] ⛔ 非法区域/无费用，已被 CV 阻断。奖励 -0.5 (连续无作为: 2次)
[TemplateMatcher] pause_gear.png -> max conf: 0.908 (needs 0.5, optimal scale: 0.80x)

[STEP 31] 开始执行动作...
[ACTION] AI决定: 选卡 0 -> 放入网格(5,2) -> 朝向 0
         坐标映射: 拖拽从(295,650)至(700,350) -> 方向滑动至(700,200)
[ACTION] ⛔ Fast-Fail! 目标网格(5,2)非绿色高亮(绿像素:0)。取消拖拽。
[REWARD] 执行前血条数: 4 -> 最终确认血条数: 0
[REWARD] ⛔ 非法区域/无费用，已被 CV 阻断。奖励 -0.5 (连续无作为: 3次)
[TemplateMatcher] pause_gear.png -> max conf: 0.908 (needs 0.5, optimal scale: 0.80x)

[STEP 32] 开始执行动作...
[ACTION] AI决定: 选卡 5 -> 放入网格(3,2) -> 朝向 3
         坐标映射: 拖拽从(745,650)至(500,350) -> 方向滑动至(650,350)
[ACTION] ✅ CV校验通过！网格(3,2)具有高亮绿色(像素:56)，准许拖拽。
[REWARD] 动作已执行，开始 3 次心跳检测 (间隔 0.2s)...
[REWARD] ❌ 第 1 次未检测到目标血条...
[REWARD] ❌ 第 2 次未检测到目标血条...
[REWARD] ❌ 第 3 次未检测到目标血条...
[REWARD] 执行前血条数: 4 -> 最终确认血条数: 4
[REWARD] 部署失败，计算前后帧 MSE (均方误差) = 343.83
[REWARD] 动作无效，但游戏仍在进行(画面有变化)。奖励 -0.2 (已清空无作为计数器)
[TemplateMatcher] pause_gear.png -> max conf: 0.908 (needs 0.5, optimal scale: 0.80x)

[STEP 33] 开始执行动作...
[ACTION] AI决定: 💤 挂机 (Skip / Wait for Cost)
[REWARD] 执行前血条数: 4 -> 最终确认血条数: 0
[REWARD] 💤 AI 主动挂机等费用，只扣除微小时间惩罚 -0.01
[TemplateMatcher] pause_gear.png -> max conf: 0.908 (needs 0.5, optimal scale: 0.80x)

[STEP 34] 开始执行动作...
[ACTION] AI决定: 选卡 0 -> 放入网格(1,4) -> 朝向 1
         坐标映射: 拖拽从(295,650)至(300,510) -> 方向滑动至(300,660)
[ACTION] ⛔ Fast-Fail! 目标网格(1,4)非绿色高亮(绿像素:0)。取消拖拽。
[REWARD] 执行前血条数: 4 -> 最终确认血条数: 0
[REWARD] ⛔ 非法区域/无费用，已被 CV 阻断。奖励 -0.5 (连续无作为: 1次)
[TemplateMatcher] pause_gear.png -> max conf: 0.908 (needs 0.5, optimal scale: 0.80x)

[STEP 35] 开始执行动作...
[ACTION] AI决定: 选卡 9 -> 放入网格(2,2) -> 朝向 3
         坐标映射: 拖拽从(1105,650)至(400,350) -> 方向滑动至(550,350)
[ACTION] ⛔ Fast-Fail! 目标网格(2,2)非绿色高亮(绿像素:0)。取消拖拽。
[REWARD] 执行前血条数: 4 -> 最终确认血条数: 0
[REWARD] ⛔ 非法区域/无费用，已被 CV 阻断。奖励 -0.5 (连续无作为: 2次)
[TemplateMatcher] pause_gear.png -> max conf: 0.908 (needs 0.5, optimal scale: 0.80x)

[STEP 36] 开始执行动作...
[ACTION] AI决定: 选卡 1 -> 放入网格(4,2) -> 朝向 0
         坐标映射: 拖拽从(385,650)至(600,350) -> 方向滑动至(600,200)
[ACTION] ✅ CV校验通过！网格(4,2)具有高亮绿色(像素:867)，准许拖拽。
[REWARD] 动作已执行，开始 3 次心跳检测 (间隔 0.2s)...
[REWARD] ❌ 第 1 次未检测到目标血条...
[REWARD] ❌ 第 2 次未检测到目标血条...
[REWARD] ❌ 第 3 次未检测到目标血条...
[REWARD] 执行前血条数: 4 -> 最终确认血条数: 4
[REWARD] 部署失败，计算前后帧 MSE (均方误差) = 233.24
[REWARD] 画面未发生明显变化(非法部署)。奖励 -0.5 (连续无作为: 3次)
[TemplateMatcher] pause_gear.png -> max conf: 0.908 (needs 0.5, optimal scale: 0.80x)

[STEP 37] 开始执行动作...
[ACTION] AI决定: 选卡 0 -> 放入网格(2,2) -> 朝向 2
         坐标映射: 拖拽从(295,650)至(400,350) -> 方向滑动至(250,350)
[ACTION] ⛔ Fast-Fail! 目标网格(2,2)非绿色高亮(绿像素:8)。取消拖拽。
[REWARD] 执行前血条数: 0 -> 最终确认血条数: 0
[REWARD] ⛔ 非法区域/无费用，已被 CV 阻断。奖励 -0.5 (连续无作为: 4次)
[TemplateMatcher] pause_gear.png -> max conf: 0.672 (needs 0.5, optimal scale: 0.80x)

[STEP 38] 开始执行动作...
[ACTION] AI决定: 选卡 9 -> 放入网格(8,3) -> 朝向 3
         坐标映射: 拖拽从(1105,650)至(1000,430) -> 方向滑动至(1150,430)
[ACTION] ⛔ Fast-Fail! 目标网格(8,3)非绿色高亮(绿像素:0)。取消拖拽。
[REWARD] 执行前血条数: 0 -> 最终确认血条数: 0
[REWARD] ⛔ 非法区域/无费用，已被 CV 阻断。奖励 -0.5 (连续无作为: 5次)
[TemplateMatcher] pause_gear.png -> max conf: 0.000 (needs 0.5, optimal scale: 0.80x)
[ENV] ⚠️ 警告：未检测到右上角齿轮图标！(连续 1/3 次)

[STEP 39] 开始执行动作...
[ACTION] AI决定: 选卡 8 -> 放入网格(6,1) -> 朝向 3
         坐标映射: 拖拽从(1015,650)至(800,270) -> 方向滑动至(950,270)
[ACTION] ⛔ Fast-Fail! 目标网格(6,1)非绿色高亮(绿像素:0)。取消拖拽。
[REWARD] 执行前血条数: 0 -> 最终确认血条数: 0
[REWARD] ⛔ 非法区域/无费用，已被 CV 阻断。奖励 -0.5 (连续无作为: 6次)
[TemplateMatcher] pause_gear.png -> max conf: 0.000 (needs 0.5, optimal scale: 0.80x)
[ENV] ⚠️ 警告：未检测到右上角齿轮图标！(连续 2/3 次)

[STEP 40] 开始执行动作...
[ACTION] AI决定: 💤 挂机 (Skip / Wait for Cost)
[REWARD] 执行前血条数: 0 -> 最终确认血条数: 0
[REWARD] 💤 AI 主动挂机等费用，只扣除微小时间惩罚 -0.01
[TemplateMatcher] pause_gear.png -> max conf: 0.608 (needs 0.5, optimal scale: 0.80x)

[STEP 41] 开始执行动作...
[ACTION] AI决定: 💤 挂机 (Skip / Wait for Cost)
[REWARD] 执行前血条数: 0 -> 最终确认血条数: 0
[REWARD] 💤 AI 主动挂机等费用，只扣除微小时间惩罚 -0.01
[TemplateMatcher] pause_gear.png -> max conf: 0.608 (needs 0.5, optimal scale: 0.80x)

[STEP 42] 开始执行动作...
[ACTION] AI决定: 选卡 5 -> 放入网格(8,4) -> 朝向 0
         坐标映射: 拖拽从(745,650)至(1000,510) -> 方向滑动至(1000,360)
[ACTION] ⛔ Fast-Fail! 目标网格(8,4)非绿色高亮(绿像素:0)。取消拖拽。
[REWARD] 执行前血条数: 0 -> 最终确认血条数: 0
[REWARD] ⛔ 非法区域/无费用，已被 CV 阻断。奖励 -0.5 (连续无作为: 1次)
[ENV] 🚨 优先级 1 触发：检测到画面剧烈变化 (MSE=9240.12 > 8000)，判定为场景切换/结算，强制终止回合！

================= 回合结束，开始自动重启关卡 =================
[TemplateMatcher] pause_gear.png -> max conf: 0.490 (needs 0.7, optimal scale: 0.80x)
[DEBUG] 未匹配 [pause_gear] (要求阈值 0.7)
[TemplateMatcher] start_action.png -> max conf: -0.034 (needs 0.45, optimal scale: 0.80x)
[DEBUG] 未匹配 [start_action] (要求阈值 0.45)
[TemplateMatcher] practice.png -> max conf: 0.522 (needs 0.5, optimal scale: 0.80x)
[RESET] 找到 [practice] (置信度 0.52 >= 0.5)，点击 (533, 603)
[RESET] 点击演习按钮
[TemplateMatcher] pause_gear.png -> max conf: 0.490 (needs 0.7, optimal scale: 0.80x)
[DEBUG] 未匹配 [pause_gear] (要求阈值 0.7)
[TemplateMatcher] start_action.png -> max conf: -0.034 (needs 0.45, optimal scale: 0.80x)
[DEBUG] 未匹配 [start_action] (要求阈值 0.45)
[TemplateMatcher] practice.png -> max conf: 0.522 (needs 0.5, optimal scale: 0.80x)
[RESET] 找到 [practice] (置信度 0.52 >= 0.5)，点击 (533, 603)
[RESET] 点击演习按钮
[TemplateMatcher] pause_gear.png -> max conf: 0.490 (needs 0.7, optimal scale: 0.80x)
[DEBUG] 未匹配 [pause_gear] (要求阈值 0.7)
[TemplateMatcher] start_action.png -> max conf: -0.034 (needs 0.45, optimal scale: 0.80x)
[DEBUG] 未匹配 [start_action] (要求阈值 0.45)
[TemplateMatcher] practice.png -> max conf: 0.522 (needs 0.5, optimal scale: 0.80x)
[RESET] 找到 [practice] (置信度 0.52 >= 0.5)，点击 (533, 603)
[RESET] 点击演习按钮
[TemplateMatcher] pause_gear.png -> max conf: 0.472 (needs 0.7, optimal scale: 0.90x)
[DEBUG] 未匹配 [pause_gear] (要求阈值 0.7)
[TemplateMatcher] start_action.png -> max conf: 0.038 (needs 0.45, optimal scale: 0.80x)
[DEBUG] 未匹配 [start_action] (要求阈值 0.45)
[TemplateMatcher] practice.png -> max conf: 0.489 (needs 0.5, optimal scale: 0.85x)
[DEBUG] 未匹配 [practice] (要求阈值 0.5)
[TemplateMatcher] stage_1_7.png -> max conf: 0.712 (needs 0.5, optimal scale: 0.80x)
[RESET] 找到 [stage_1_7] (置信度 0.71 >= 0.5)，点击 (638, 224)
[RESET] 点击关卡 1-7 图标
[TemplateMatcher] pause_gear.png -> max conf: 0.612 (needs 0.7, optimal scale: 1.10x)
[DEBUG] 未匹配 [pause_gear] (要求阈值 0.7)
[TemplateMatcher] start_action.png -> max conf: 0.100 (needs 0.45, optimal scale: 0.80x)
[DEBUG] 未匹配 [start_action] (要求阈值 0.45)
[TemplateMatcher] practice.png -> max conf: 0.687 (needs 0.5, optimal scale: 0.80x)
[RESET] 找到 [practice] (置信度 0.69 >= 0.5)，点击 (935, 660)
[RESET] 点击演习按钮
[TemplateMatcher] pause_gear.png -> max conf: 0.470 (needs 0.7, optimal scale: 1.05x)
[DEBUG] 未匹配 [pause_gear] (要求阈值 0.7)
[TemplateMatcher] start_action.png -> max conf: 0.451 (needs 0.45, optimal scale: 0.80x)
[RESET] 找到 [start_action] (置信度 0.45 >= 0.45)，点击 (1101, 513)
[RESET] 点击开始行动，进入加载...
[TemplateMatcher] pause_gear.png -> max conf: 0.000 (needs 0.7, optimal scale: 0.80x)
[DEBUG] 未匹配 [pause_gear] (要求阈值 0.7)
[TemplateMatcher] start_action.png -> max conf: 0.000 (needs 0.45, optimal scale: 0.80x)
[DEBUG] 未匹配 [start_action] (要求阈值 0.45)
[TemplateMatcher] practice.png -> max conf: 0.000 (needs 0.5, optimal scale: 0.80x)
[DEBUG] 未匹配 [practice] (要求阈值 0.5)
[TemplateMatcher] stage_1_7.png -> max conf: 0.000 (needs 0.5, optimal scale: 0.80x)
[DEBUG] 未匹配 [stage_1_7] (要求阈值 0.5)
[RESET] 尝试跳过动画/寻找入口... (尝试 7/100)
[TemplateMatcher] pause_gear.png -> max conf: 0.000 (needs 0.7, optimal scale: 0.80x)
[DEBUG] 未匹配 [pause_gear] (要求阈值 0.7)
[TemplateMatcher] start_action.png -> max conf: 0.000 (needs 0.45, optimal scale: 0.80x)
[DEBUG] 未匹配 [start_action] (要求阈值 0.45)
[TemplateMatcher] practice.png -> max conf: 0.000 (needs 0.5, optimal scale: 0.80x)
[DEBUG] 未匹配 [practice] (要求阈值 0.5)
[TemplateMatcher] stage_1_7.png -> max conf: 0.000 (needs 0.5, optimal scale: 0.80x)
[DEBUG] 未匹配 [stage_1_7] (要求阈值 0.5)
[RESET] 尝试跳过动画/寻找入口... (尝试 8/100)
[TemplateMatcher] pause_gear.png -> max conf: 0.513 (needs 0.7, optimal scale: 1.20x)
[DEBUG] 未匹配 [pause_gear] (要求阈值 0.7)
[TemplateMatcher] start_action.png -> max conf: -0.063 (needs 0.45, optimal scale: 0.80x)
[DEBUG] 未匹配 [start_action] (要求阈值 0.45)
[TemplateMatcher] practice.png -> max conf: 0.376 (needs 0.5, optimal scale: 0.90x)
[DEBUG] 未匹配 [practice] (要求阈值 0.5)
[TemplateMatcher] stage_1_7.png -> max conf: 0.411 (needs 0.5, optimal scale: 0.90x)
[DEBUG] 未匹配 [stage_1_7] (要求阈值 0.5)
[RESET] 尝试跳过动画/寻找入口... (尝试 9/100)
[TemplateMatcher] pause_gear.png -> max conf: 0.511 (needs 0.7, optimal scale: 1.20x)
[DEBUG] 未匹配 [pause_gear] (要求阈值 0.7)
[TemplateMatcher] start_action.png -> max conf: -0.063 (needs 0.45, optimal scale: 0.80x)
[DEBUG] 未匹配 [start_action] (要求阈值 0.45)
[TemplateMatcher] practice.png -> max conf: 0.379 (needs 0.5, optimal scale: 0.90x)
[DEBUG] 未匹配 [practice] (要求阈值 0.5)
[TemplateMatcher] stage_1_7.png -> max conf: 0.411 (needs 0.5, optimal scale: 0.90x)
[DEBUG] 未匹配 [stage_1_7] (要求阈值 0.5)
[RESET] 尝试跳过动画/寻找入口... (尝试 10/100)
[TemplateMatcher] pause_gear.png -> max conf: 0.215 (needs 0.7, optimal scale: 1.20x)
[DEBUG] 未匹配 [pause_gear] (要求阈值 0.7)
[TemplateMatcher] start_action.png -> max conf: 0.224 (needs 0.45, optimal scale: 0.80x)
[DEBUG] 未匹配 [start_action] (要求阈值 0.45)
[TemplateMatcher] practice.png -> max conf: 0.373 (needs 0.5, optimal scale: 0.80x)
[DEBUG] 未匹配 [practice] (要求阈值 0.5)
[TemplateMatcher] stage_1_7.png -> max conf: 0.271 (needs 0.5, optimal scale: 0.80x)
[DEBUG] 未匹配 [stage_1_7] (要求阈值 0.5)
[RESET] 尝试跳过动画/寻找入口... (尝试 11/100)
[TemplateMatcher] pause_gear.png -> max conf: 0.211 (needs 0.7, optimal scale: 1.05x)
[DEBUG] 未匹配 [pause_gear] (要求阈值 0.7)
[TemplateMatcher] start_action.png -> max conf: 0.202 (needs 0.45, optimal scale: 0.80x)
[DEBUG] 未匹配 [start_action] (要求阈值 0.45)
[TemplateMatcher] practice.png -> max conf: 0.297 (needs 0.5, optimal scale: 0.80x)
[DEBUG] 未匹配 [practice] (要求阈值 0.5)
[TemplateMatcher] stage_1_7.png -> max conf: 0.277 (needs 0.5, optimal scale: 0.85x)
[DEBUG] 未匹配 [stage_1_7] (要求阈值 0.5)
[RESET] 尝试跳过动画/寻找入口... (尝试 12/100)
[TemplateMatcher] pause_gear.png -> max conf: 0.827 (needs 0.7, optimal scale: 0.80x)
[RESET] 找到 [pause_gear] (置信度 0.83 >= 0.7)，(仅检测，不点击)
[RESET] ✅ 检测到战斗画面右上角齿轮，重启成功！
================= 关卡重启流程结束 =================

--> [回合结束] 第 6 回合 | 奖励: 7.2 | 步数: 42

[STEP 1] 开始执行动作...
[ACTION] AI决定: 选卡 5 -> 放入网格(6,3) -> 朝向 1
         坐标映射: 拖拽从(745,650)至(800,430) -> 方向滑动至(800,580)
[ACTION] ✅ CV校验通过！网格(6,3)具有高亮绿色(像素:900)，准许拖拽。
[REWARD] 动作已执行，开始 3 次心跳检测 (间隔 0.2s)...
[REWARD] ❌ 第 1 次未检测到目标血条...
[REWARD] ❌ 第 2 次未检测到目标血条...
[REWARD] ❌ 第 3 次未检测到目标血条...
[REWARD] 执行前血条数: 0 -> 最终确认血条数: 0
[REWARD] 部署失败，计算前后帧 MSE (均方误差) = 142.00
[REWARD] 画面未发生明显变化(非法部署)。奖励 -0.5 (连续无作为: 2次)
[TemplateMatcher] pause_gear.png -> max conf: 0.908 (needs 0.5, optimal scale: 0.80x)

[STEP 2] 开始执行动作...
[ACTION] AI决定: 选卡 3 -> 放入网格(8,2) -> 朝向 2
         坐标映射: 拖拽从(565,650)至(1000,350) -> 方向滑动至(850,350)
[ACTION] ✅ CV校验通过！网格(8,2)具有高亮绿色(像素:812)，准许拖拽。
[REWARD] 动作已执行，开始 3 次心跳检测 (间隔 0.2s)...
[REWARD] ❌ 第 1 次未检测到目标血条...
[REWARD] ❌ 第 2 次未检测到目标血条...
[REWARD] ❌ 第 3 次未检测到目标血条...
[REWARD] 执行前血条数: 0 -> 最终确认血条数: 0
[REWARD] 部署失败，计算前后帧 MSE (均方误差) = 111.12
[REWARD] 画面未发生明显变化(非法部署)。奖励 -0.5 (连续无作为: 3次)
[TemplateMatcher] pause_gear.png -> max conf: 0.908 (needs 0.5, optimal scale: 0.80x)

[STEP 3] 开始执行动作...
[ACTION] AI决定: 选卡 1 -> 放入网格(8,2) -> 朝向 3
         坐标映射: 拖拽从(385,650)至(1000,350) -> 方向滑动至(1150,350)
[ACTION] ✅ CV校验通过！网格(8,2)具有高亮绿色(像素:813)，准许拖拽。
[REWARD] 动作已执行，开始 3 次心跳检测 (间隔 0.2s)...
[REWARD] ✅ 第 1 次检测命中目标干员血条！
[REWARD] 执行前血条数: 0 -> 最终确认血条数: 1
[REWARD] 🎯 完美落子！部署点靠近敌人 (距离: 147.5)，奖励 +2.0
[REWARD] 🛡️ 背对敌人！(角度: 195.6°)，严厉惩罚 -3.0
[TemplateMatcher] pause_gear.png -> max conf: 0.908 (needs 0.5, optimal scale: 0.80x)

[STEP 4] 开始执行动作...
[ACTION] AI决定: 选卡 5 -> 放入网格(8,4) -> 朝向 1
         坐标映射: 拖拽从(745,650)至(1000,510) -> 方向滑动至(1000,660)
[ACTION] ⛔ Fast-Fail! 目标网格(8,4)非绿色高亮(绿像素:0)。取消拖拽。
[REWARD] 执行前血条数: 1 -> 最终确认血条数: 0
[REWARD] ⛔ 非法区域/无费用，已被 CV 阻断。奖励 -0.5 (连续无作为: 1次)
[TemplateMatcher] pause_gear.png -> max conf: 0.908 (needs 0.5, optimal scale: 0.80x)

[STEP 5] 开始执行动作...
[ACTION] AI决定: 💤 挂机 (Skip / Wait for Cost)
[REWARD] 执行前血条数: 2 -> 最终确认血条数: 0
[REWARD] 💤 AI 主动挂机等费用，只扣除微小时间惩罚 -0.01
[TemplateMatcher] pause_gear.png -> max conf: 0.907 (needs 0.5, optimal scale: 0.80x)

[STEP 6] 开始执行动作...
[ACTION] AI决定: 选卡 6 -> 放入网格(8,3) -> 朝向 1
         坐标映射: 拖拽从(835,650)至(1000,430) -> 方向滑动至(1000,580)
[ACTION] ⛔ Fast-Fail! 目标网格(8,3)非绿色高亮(绿像素:0)。取消拖拽。
[REWARD] 执行前血条数: 2 -> 最终确认血条数: 0
[REWARD] ⛔ 非法区域/无费用，已被 CV 阻断。奖励 -0.5 (连续无作为: 1次)
[TemplateMatcher] pause_gear.png -> max conf: 0.908 (needs 0.5, optimal scale: 0.80x)

[STEP 7] 开始执行动作...
[ACTION] AI决定: 选卡 0 -> 放入网格(9,2) -> 朝向 0
         坐标映射: 拖拽从(295,650)至(1100,350) -> 方向滑动至(1100,200)
[ACTION] ⛔ Fast-Fail! 目标网格(9,2)非绿色高亮(绿像素:0)。取消拖拽。
[REWARD] 执行前血条数: 1 -> 最终确认血条数: 0
[REWARD] ⛔ 非法区域/无费用，已被 CV 阻断。奖励 -0.5 (连续无作为: 2次)
[TemplateMatcher] pause_gear.png -> max conf: 0.908 (needs 0.5, optimal scale: 0.80x)

[STEP 8] 开始执行动作...
[ACTION] AI决定: 选卡 2 -> 放入网格(0,2) -> 朝向 1
         坐标映射: 拖拽从(475,650)至(200,350) -> 方向滑动至(200,500)
[ACTION] ⛔ Fast-Fail! 目标网格(0,2)非绿色高亮(绿像素:0)。取消拖拽。
[REWARD] 执行前血条数: 1 -> 最终确认血条数: 0
[REWARD] ⛔ 非法区域/无费用，已被 CV 阻断。奖励 -0.5 (连续无作为: 3次)
[TemplateMatcher] pause_gear.png -> max conf: 0.907 (needs 0.5, optimal scale: 0.80x)

[STEP 9] 开始执行动作...
[ACTION] AI决定: 选卡 1 -> 放入网格(8,4) -> 朝向 0
         坐标映射: 拖拽从(385,650)至(1000,510) -> 方向滑动至(1000,360)
[ACTION] ✅ CV校验通过！网格(8,4)具有高亮绿色(像素:900)，准许拖拽。
[REWARD] 动作已执行，开始 3 次心跳检测 (间隔 0.2s)...
[REWARD] ✅ 第 1 次检测命中目标干员血条！
[REWARD] 执行前血条数: 1 -> 最终确认血条数: 2
[REWARD] 🎯 完美落子！部署点靠近敌人 (距离: 138.1)，奖励 +2.0
[REWARD] ⚔️ 完美朝向！正对敌人 (角度: 311.9°)，巨额奖励 +8.0
[TemplateMatcher] pause_gear.png -> max conf: 0.908 (needs 0.5, optimal scale: 0.80x)

[STEP 10] 开始执行动作...
[ACTION] AI决定: 选卡 5 -> 放入网格(0,4) -> 朝向 1
         坐标映射: 拖拽从(745,650)至(200,510) -> 方向滑动至(200,660)
[ACTION] ⛔ Fast-Fail! 目标网格(0,4)非绿色高亮(绿像素:0)。取消拖拽。
[REWARD] 执行前血条数: 2 -> 最终确认血条数: 0
[REWARD] ⛔ 非法区域/无费用，已被 CV 阻断。奖励 -0.5 (连续无作为: 1次)
[TemplateMatcher] pause_gear.png -> max conf: 0.908 (needs 0.5, optimal scale: 0.80x)

[STEP 11] 开始执行动作...
[ACTION] AI决定: 选卡 1 -> 放入网格(8,2) -> 朝向 2
         坐标映射: 拖拽从(385,650)至(1000,350) -> 方向滑动至(850,350)
[ACTION] ✅ CV校验通过！网格(8,2)具有高亮绿色(像素:423)，准许拖拽。
[REWARD] 动作已执行，开始 3 次心跳检测 (间隔 0.2s)...
[REWARD] ❌ 第 1 次未检测到目标血条...
[REWARD] ❌ 第 2 次未检测到目标血条...
[REWARD] ❌ 第 3 次未检测到目标血条...
[REWARD] 执行前血条数: 2 -> 最终确认血条数: 2
[REWARD] 部署失败，计算前后帧 MSE (均方误差) = 235.19
[REWARD] 画面未发生明显变化(非法部署)。奖励 -0.5 (连续无作为: 2次)
[TemplateMatcher] pause_gear.png -> max conf: 0.908 (needs 0.5, optimal scale: 0.80x)

[STEP 12] 开始执行动作...
[ACTION] AI决定: 选卡 5 -> 放入网格(3,4) -> 朝向 2
         坐标映射: 拖拽从(745,650)至(500,510) -> 方向滑动至(350,510)
[ACTION] ⛔ Fast-Fail! 目标网格(3,4)非绿色高亮(绿像素:0)。取消拖拽。
[REWARD] 执行前血条数: 2 -> 最终确认血条数: 0
[REWARD] ⛔ 非法区域/无费用，已被 CV 阻断。奖励 -0.5 (连续无作为: 3次)
[TemplateMatcher] pause_gear.png -> max conf: 0.908 (needs 0.5, optimal scale: 0.80x)

[STEP 13] 开始执行动作...
[ACTION] AI决定: 选卡 5 -> 放入网格(6,2) -> 朝向 2
         坐标映射: 拖拽从(745,650)至(800,350) -> 方向滑动至(650,350)
[ACTION] ✅ CV校验通过！网格(6,2)具有高亮绿色(像素:549)，准许拖拽。
[REWARD] 动作已执行，开始 3 次心跳检测 (间隔 0.2s)...
[REWARD] ❌ 第 1 次未检测到目标血条...
[REWARD] ❌ 第 2 次未检测到目标血条...
[REWARD] ❌ 第 3 次未检测到目标血条...
[REWARD] 执行前血条数: 2 -> 最终确认血条数: 2
[REWARD] 部署失败，计算前后帧 MSE (均方误差) = 174.66
[REWARD] 画面未发生明显变化(非法部署)。奖励 -0.5 (连续无作为: 4次)
[TemplateMatcher] pause_gear.png -> max conf: 0.908 (needs 0.5, optimal scale: 0.80x)

[STEP 14] 开始执行动作...
[ACTION] AI决定: 选卡 5 -> 放入网格(3,1) -> 朝向 3
         坐标映射: 拖拽从(745,650)至(500,270) -> 方向滑动至(650,270)
[ACTION] ✅ CV校验通过！网格(3,1)具有高亮绿色(像素:757)，准许拖拽。
[REWARD] 动作已执行，开始 3 次心跳检测 (间隔 0.2s)...
[REWARD] ❌ 第 1 次未检测到目标血条...
[REWARD] ❌ 第 2 次未检测到目标血条...
[REWARD] ❌ 第 3 次未检测到目标血条...
[REWARD] 执行前血条数: 2 -> 最终确认血条数: 2
[REWARD] 部署失败，计算前后帧 MSE (均方误差) = 299.34
[REWARD] 画面未发生明显变化(非法部署)。奖励 -0.5 (连续无作为: 5次)
[TemplateMatcher] pause_gear.png -> max conf: 0.907 (needs 0.5, optimal scale: 0.80x)

[STEP 15] 开始执行动作...
[ACTION] AI决定: 选卡 7 -> 放入网格(0,4) -> 朝向 3
         坐标映射: 拖拽从(925,650)至(200,510) -> 方向滑动至(350,510)
[ACTION] ⛔ Fast-Fail! 目标网格(0,4)非绿色高亮(绿像素:0)。取消拖拽。
[REWARD] 执行前血条数: 2 -> 最终确认血条数: 0
[REWARD] ⛔ 非法区域/无费用，已被 CV 阻断。奖励 -0.5 (连续无作为: 6次)
[TemplateMatcher] pause_gear.png -> max conf: 0.908 (needs 0.5, optimal scale: 0.80x)

[STEP 16] 开始执行动作...
[ACTION] AI决定: 💤 挂机 (Skip / Wait for Cost)
[REWARD] 执行前血条数: 2 -> 最终确认血条数: 0
[REWARD] 💤 AI 主动挂机等费用，只扣除微小时间惩罚 -0.01
[TemplateMatcher] pause_gear.png -> max conf: 0.908 (needs 0.5, optimal scale: 0.80x)

[STEP 17] 开始执行动作...
[ACTION] AI决定: 选卡 8 -> 放入网格(1,2) -> 朝向 3
         坐标映射: 拖拽从(1015,650)至(300,350) -> 方向滑动至(450,350)
[ACTION] ⛔ Fast-Fail! 目标网格(1,2)非绿色高亮(绿像素:0)。取消拖拽。
[REWARD] 执行前血条数: 2 -> 最终确认血条数: 0
[REWARD] ⛔ 非法区域/无费用，已被 CV 阻断。奖励 -0.5 (连续无作为: 1次)
[TemplateMatcher] pause_gear.png -> max conf: 0.908 (needs 0.5, optimal scale: 0.80x)

[STEP 18] 开始执行动作...
[ACTION] AI决定: 选卡 6 -> 放入网格(7,3) -> 朝向 1
         坐标映射: 拖拽从(835,650)至(900,430) -> 方向滑动至(900,580)
[ACTION] ⛔ Fast-Fail! 目标网格(7,3)非绿色高亮(绿像素:16)。取消拖拽。
[REWARD] 执行前血条数: 2 -> 最终确认血条数: 0
[REWARD] ⛔ 非法区域/无费用，已被 CV 阻断。奖励 -0.5 (连续无作为: 2次)
[TemplateMatcher] pause_gear.png -> max conf: 0.907 (needs 0.5, optimal scale: 0.80x)

[STEP 19] 开始执行动作...
[ACTION] AI决定: 选卡 9 -> 放入网格(0,4) -> 朝向 2
         坐标映射: 拖拽从(1105,650)至(200,510) -> 方向滑动至(50,510)
[ACTION] ⛔ Fast-Fail! 目标网格(0,4)非绿色高亮(绿像素:0)。取消拖拽。
[REWARD] 执行前血条数: 2 -> 最终确认血条数: 0
[REWARD] ⛔ 非法区域/无费用，已被 CV 阻断。奖励 -0.5 (连续无作为: 3次)
[TemplateMatcher] pause_gear.png -> max conf: 0.908 (needs 0.5, optimal scale: 0.80x)

[STEP 20] 开始执行动作...
[ACTION] AI决定: 💤 挂机 (Skip / Wait for Cost)
[REWARD] 执行前血条数: 2 -> 最终确认血条数: 0
[REWARD] 💤 AI 主动挂机等费用，只扣除微小时间惩罚 -0.01
[TemplateMatcher] pause_gear.png -> max conf: 0.908 (needs 0.5, optimal scale: 0.80x)

[STEP 21] 开始执行动作...
[ACTION] AI决定: 选卡 1 -> 放入网格(8,1) -> 朝向 1
         坐标映射: 拖拽从(385,650)至(1000,270) -> 方向滑动至(1000,420)
[ACTION] ✅ CV校验通过！网格(8,1)具有高亮绿色(像素:320)，准许拖拽。
[REWARD] 动作已执行，开始 3 次心跳检测 (间隔 0.2s)...
[REWARD] ✅ 第 1 次检测命中目标干员血条！
[REWARD] 执行前血条数: 2 -> 最终确认血条数: 3
[REWARD] 🎯 完美落子！部署点靠近敌人 (距离: 200.9)，奖励 +2.0
[REWARD] 🛡️ 背对敌人！(角度: 308.8°)，严厉惩罚 -3.0
[TemplateMatcher] pause_gear.png -> max conf: 0.908 (needs 0.5, optimal scale: 0.80x)

[STEP 22] 开始执行动作...
[ACTION] AI决定: 选卡 1 -> 放入网格(2,2) -> 朝向 0
         坐标映射: 拖拽从(385,650)至(400,350) -> 方向滑动至(400,200)
[ACTION] ✅ CV校验通过！网格(2,2)具有高亮绿色(像素:75)，准许拖拽。
[REWARD] 动作已执行，开始 3 次心跳检测 (间隔 0.2s)...
[REWARD] ❌ 第 1 次未检测到目标血条...
[REWARD] ❌ 第 2 次未检测到目标血条...
[REWARD] ❌ 第 3 次未检测到目标血条...
[REWARD] 执行前血条数: 3 -> 最终确认血条数: 3
[REWARD] 部署失败，计算前后帧 MSE (均方误差) = 207.43
[REWARD] 画面未发生明显变化(非法部署)。奖励 -0.5 (连续无作为: 1次)
[TemplateMatcher] pause_gear.png -> max conf: 0.908 (needs 0.5, optimal scale: 0.80x)

[STEP 23] 开始执行动作...
[ACTION] AI决定: 选卡 2 -> 放入网格(7,4) -> 朝向 2
         坐标映射: 拖拽从(475,650)至(900,510) -> 方向滑动至(750,510)
[ACTION] ⛔ Fast-Fail! 目标网格(7,4)非绿色高亮(绿像素:0)。取消拖拽。
[REWARD] 执行前血条数: 3 -> 最终确认血条数: 0
[REWARD] ⛔ 非法区域/无费用，已被 CV 阻断。奖励 -0.5 (连续无作为: 2次)
[TemplateMatcher] pause_gear.png -> max conf: 0.908 (needs 0.5, optimal scale: 0.80x)

[STEP 24] 开始执行动作...
[ACTION] AI决定: 选卡 8 -> 放入网格(7,4) -> 朝向 2
         坐标映射: 拖拽从(1015,650)至(900,510) -> 方向滑动至(750,510)
[ACTION] ⛔ Fast-Fail! 目标网格(7,4)非绿色高亮(绿像素:0)。取消拖拽。
[REWARD] 执行前血条数: 3 -> 最终确认血条数: 0
[REWARD] ⛔ 非法区域/无费用，已被 CV 阻断。奖励 -0.5 (连续无作为: 3次)
[TemplateMatcher] pause_gear.png -> max conf: 0.908 (needs 0.5, optimal scale: 0.80x)

[STEP 25] 开始执行动作...
[ACTION] AI决定: 选卡 4 -> 放入网格(4,2) -> 朝向 0
         坐标映射: 拖拽从(655,650)至(600,350) -> 方向滑动至(600,200)
[ACTION] ⛔ Fast-Fail! 目标网格(4,2)非绿色高亮(绿像素:0)。取消拖拽。
[REWARD] 执行前血条数: 3 -> 最终确认血条数: 0
[REWARD] ⛔ 非法区域/无费用，已被 CV 阻断。奖励 -0.5 (连续无作为: 4次)
[TemplateMatcher] pause_gear.png -> max conf: 0.908 (needs 0.5, optimal scale: 0.80x)

[STEP 26] 开始执行动作...
[ACTION] AI决定: 选卡 5 -> 放入网格(2,2) -> 朝向 2
         坐标映射: 拖拽从(745,650)至(400,350) -> 方向滑动至(250,350)
[ACTION] ✅ CV校验通过！网格(2,2)具有高亮绿色(像素:41)，准许拖拽。
[REWARD] 动作已执行，开始 3 次心跳检测 (间隔 0.2s)...
[REWARD] ✅ 第 1 次检测命中目标干员血条！
[REWARD] 执行前血条数: 3 -> 最终确认血条数: 4
[REWARD] 🎯 完美落子！部署点靠近敌人 (距离: 138.0)，奖励 +2.0
[REWARD] ⚔️ 完美朝向！正对敌人 (角度: 221.0°)，巨额奖励 +8.0
[TemplateMatcher] pause_gear.png -> max conf: 0.908 (needs 0.5, optimal scale: 0.80x)

[STEP 27] 开始执行动作...
[ACTION] AI决定: 选卡 4 -> 放入网格(8,3) -> 朝向 0
         坐标映射: 拖拽从(655,650)至(1000,430) -> 方向滑动至(1000,280)
[ACTION] ✅ CV校验通过！网格(8,3)具有高亮绿色(像素:65)，准许拖拽。
[REWARD] 动作已执行，开始 3 次心跳检测 (间隔 0.2s)...
[REWARD] ❌ 第 1 次未检测到目标血条...
[REWARD] ❌ 第 2 次未检测到目标血条...
[REWARD] ❌ 第 3 次未检测到目标血条...
[REWARD] 执行前血条数: 4 -> 最终确认血条数: 4
[REWARD] 部署失败，计算前后帧 MSE (均方误差) = 265.79
[REWARD] 画面未发生明显变化(非法部署)。奖励 -0.5 (连续无作为: 1次)
[TemplateMatcher] pause_gear.png -> max conf: 0.908 (needs 0.5, optimal scale: 0.80x)

[STEP 28] 开始执行动作...
[ACTION] AI决定: 选卡 8 -> 放入网格(0,0) -> 朝向 1
         坐标映射: 拖拽从(1015,650)至(200,190) -> 方向滑动至(200,340)
[ACTION] ⛔ Fast-Fail! 目标网格(0,0)非绿色高亮(绿像素:0)。取消拖拽。
[REWARD] 执行前血条数: 4 -> 最终确认血条数: 0
[REWARD] ⛔ 非法区域/无费用，已被 CV 阻断。奖励 -0.5 (连续无作为: 2次)
[TemplateMatcher] pause_gear.png -> max conf: 0.908 (needs 0.5, optimal scale: 0.80x)

[STEP 29] 开始执行动作...
[ACTION] AI决定: 选卡 8 -> 放入网格(8,2) -> 朝向 1
         坐标映射: 拖拽从(1015,650)至(1000,350) -> 方向滑动至(1000,500)
[ACTION] ✅ CV校验通过！网格(8,2)具有高亮绿色(像素:379)，准许拖拽。
[REWARD] 动作已执行，开始 3 次心跳检测 (间隔 0.2s)...
[REWARD] ❌ 第 1 次未检测到目标血条...
[REWARD] ❌ 第 2 次未检测到目标血条...
[REWARD] ❌ 第 3 次未检测到目标血条...
[REWARD] 执行前血条数: 4 -> 最终确认血条数: 3
[REWARD] 部署失败，计算前后帧 MSE (均方误差) = 3418.41
[REWARD] 动作无效，但游戏仍在进行(画面有变化)。奖励 -0.2 (已清空无作为计数器)
[TemplateMatcher] pause_gear.png -> max conf: 0.907 (needs 0.5, optimal scale: 0.80x)

[STEP 30] 开始执行动作...
[ACTION] AI决定: 选卡 0 -> 放入网格(3,1) -> 朝向 0
         坐标映射: 拖拽从(295,650)至(500,270) -> 方向滑动至(500,120)
[ACTION] ✅ CV校验通过！网格(3,1)具有高亮绿色(像素:61)，准许拖拽。
[REWARD] 动作已执行，开始 3 次心跳检测 (间隔 0.2s)...
[REWARD] ✅ 第 1 次检测命中目标干员血条！
[REWARD] 执行前血条数: 3 -> 最终确认血条数: 4
[REWARD] 🛡️ 背对敌人！(角度: 339.4°)，严厉惩罚 -3.0
[TemplateMatcher] pause_gear.png -> max conf: 0.908 (needs 0.5, optimal scale: 0.80x)

[STEP 31] 开始执行动作...
[ACTION] AI决定: 💤 挂机 (Skip / Wait for Cost)
[REWARD] 执行前血条数: 4 -> 最终确认血条数: 0
[REWARD] 💤 AI 主动挂机等费用，只扣除微小时间惩罚 -0.01
[TemplateMatcher] pause_gear.png -> max conf: 0.908 (needs 0.5, optimal scale: 0.80x)

[STEP 32] 开始执行动作...
[ACTION] AI决定: 选卡 0 -> 放入网格(7,4) -> 朝向 3
         坐标映射: 拖拽从(295,650)至(900,510) -> 方向滑动至(1050,510)
[ACTION] ⛔ Fast-Fail! 目标网格(7,4)非绿色高亮(绿像素:0)。取消拖拽。
[REWARD] 执行前血条数: 4 -> 最终确认血条数: 0
[REWARD] ⛔ 非法区域/无费用，已被 CV 阻断。奖励 -0.5 (连续无作为: 1次)
[TemplateMatcher] pause_gear.png -> max conf: 0.908 (needs 0.5, optimal scale: 0.80x)

[STEP 33] 开始执行动作...
[ACTION] AI决定: 选卡 9 -> 放入网格(9,4) -> 朝向 1
         坐标映射: 拖拽从(1105,650)至(1100,510) -> 方向滑动至(1100,660)
[ACTION] ✅ CV校验通过！网格(9,4)具有高亮绿色(像素:723)，准许拖拽。
[REWARD] 动作已执行，开始 3 次心跳检测 (间隔 0.2s)...
[REWARD] ✅ 第 1 次检测命中目标干员血条！
[REWARD] 执行前血条数: 4 -> 最终确认血条数: 5
[REWARD] 🛡️ 背对敌人！(角度: 244.1°)，严厉惩罚 -3.0
[TemplateMatcher] pause_gear.png -> max conf: 0.907 (needs 0.5, optimal scale: 0.80x)

[STEP 34] 开始执行动作...
[ACTION] AI决定: 选卡 8 -> 放入网格(3,2) -> 朝向 0
         坐标映射: 拖拽从(1015,650)至(500,350) -> 方向滑动至(500,200)
[ACTION] ⛔ Fast-Fail! 目标网格(3,2)非绿色高亮(绿像素:0)。取消拖拽。
[REWARD] 执行前血条数: 5 -> 最终确认血条数: 0
[REWARD] ⛔ 非法区域/无费用，已被 CV 阻断。奖励 -0.5 (连续无作为: 1次)
[TemplateMatcher] pause_gear.png -> max conf: 0.908 (needs 0.5, optimal scale: 0.80x)

[STEP 35] 开始执行动作...
[ACTION] AI决定: 选卡 8 -> 放入网格(8,2) -> 朝向 1
         坐标映射: 拖拽从(1015,650)至(1000,350) -> 方向滑动至(1000,500)
[ACTION] ✅ CV校验通过！网格(8,2)具有高亮绿色(像素:444)，准许拖拽。
[REWARD] 动作已执行，开始 3 次心跳检测 (间隔 0.2s)...
[REWARD] ❌ 第 1 次未检测到目标血条...
[REWARD] ❌ 第 2 次未检测到目标血条...
[REWARD] ❌ 第 3 次未检测到目标血条...
[REWARD] 执行前血条数: 4 -> 最终确认血条数: 3
[REWARD] 部署失败，计算前后帧 MSE (均方误差) = 3454.45
[REWARD] 动作无效，但游戏仍在进行(画面有变化)。奖励 -0.2 (已清空无作为计数器)
[TemplateMatcher] pause_gear.png -> max conf: 0.907 (needs 0.5, optimal scale: 0.80x)

[STEP 36] 开始执行动作...
[ACTION] AI决定: 选卡 5 -> 放入网格(0,1) -> 朝向 1
         坐标映射: 拖拽从(745,650)至(200,270) -> 方向滑动至(200,420)
[ACTION] ⛔ Fast-Fail! 目标网格(0,1)非绿色高亮(绿像素:0)。取消拖拽。
[REWARD] 执行前血条数: 3 -> 最终确认血条数: 0
[REWARD] ⛔ 非法区域/无费用，已被 CV 阻断。奖励 -0.5 (连续无作为: 1次)
[TemplateMatcher] pause_gear.png -> max conf: 0.908 (needs 0.5, optimal scale: 0.80x)

[STEP 37] 开始执行动作...
[ACTION] AI决定: 选卡 6 -> 放入网格(7,3) -> 朝向 1
         坐标映射: 拖拽从(835,650)至(900,430) -> 方向滑动至(900,580)
[ACTION] ⛔ Fast-Fail! 目标网格(7,3)非绿色高亮(绿像素:0)。取消拖拽。
[REWARD] 执行前血条数: 5 -> 最终确认血条数: 0
[REWARD] ⛔ 非法区域/无费用，已被 CV 阻断。奖励 -0.5 (连续无作为: 2次)
[TemplateMatcher] pause_gear.png -> max conf: 0.908 (needs 0.5, optimal scale: 0.80x)

[STEP 38] 开始执行动作...
[ACTION] AI决定: 选卡 8 -> 放入网格(0,4) -> 朝向 2
         坐标映射: 拖拽从(1015,650)至(200,510) -> 方向滑动至(50,510)
[ACTION] ⛔ Fast-Fail! 目标网格(0,4)非绿色高亮(绿像素:0)。取消拖拽。
[REWARD] 执行前血条数: 5 -> 最终确认血条数: 0
[REWARD] ⛔ 非法区域/无费用，已被 CV 阻断。奖励 -0.5 (连续无作为: 3次)
[TemplateMatcher] pause_gear.png -> max conf: 0.908 (needs 0.5, optimal scale: 0.80x)

[STEP 39] 开始执行动作...
[ACTION] AI决定: 选卡 3 -> 放入网格(3,4) -> 朝向 0
         坐标映射: 拖拽从(565,650)至(500,510) -> 方向滑动至(500,360)
[ACTION] ⛔ Fast-Fail! 目标网格(3,4)非绿色高亮(绿像素:0)。取消拖拽。
[REWARD] 执行前血条数: 5 -> 最终确认血条数: 0
[REWARD] ⛔ 非法区域/无费用，已被 CV 阻断。奖励 -0.5 (连续无作为: 4次)
[TemplateMatcher] pause_gear.png -> max conf: 0.908 (needs 0.5, optimal scale: 0.80x)

[STEP 40] 开始执行动作...
[ACTION] AI决定: 选卡 4 -> 放入网格(8,2) -> 朝向 0
         坐标映射: 拖拽从(655,650)至(1000,350) -> 方向滑动至(1000,200)
[ACTION] ⛔ Fast-Fail! 目标网格(8,2)非绿色高亮(绿像素:0)。取消拖拽。
[REWARD] 执行前血条数: 5 -> 最终确认血条数: 0
[REWARD] ⛔ 非法区域/无费用，已被 CV 阻断。奖励 -0.5 (连续无作为: 5次)
[TemplateMatcher] pause_gear.png -> max conf: 0.908 (needs 0.5, optimal scale: 0.80x)

[STEP 41] 开始执行动作...
[ACTION] AI决定: 选卡 9 -> 放入网格(4,0) -> 朝向 2
         坐标映射: 拖拽从(1105,650)至(600,190) -> 方向滑动至(450,190)
[ACTION] ⛔ Fast-Fail! 目标网格(4,0)非绿色高亮(绿像素:0)。取消拖拽。
[REWARD] 执行前血条数: 5 -> 最终确认血条数: 0
[REWARD] ⛔ 非法区域/无费用，已被 CV 阻断。奖励 -0.5 (连续无作为: 6次)
[TemplateMatcher] pause_gear.png -> max conf: 0.908 (needs 0.5, optimal scale: 0.80x)

[STEP 42] 开始执行动作...
[ACTION] AI决定: 选卡 4 -> 放入网格(9,4) -> 朝向 3
         坐标映射: 拖拽从(655,650)至(1100,510) -> 方向滑动至(1250,510)
[ACTION] ⛔ Fast-Fail! 目标网格(9,4)非绿色高亮(绿像素:0)。取消拖拽。
[REWARD] 执行前血条数: 5 -> 最终确认血条数: 0
[REWARD] ⛔ 非法区域/无费用，已被 CV 阻断。奖励 -0.5 (连续无作为: 7次)
[TemplateMatcher] pause_gear.png -> max conf: 0.910 (needs 0.5, optimal scale: 0.80x)

[STEP 43] 开始执行动作...
[ACTION] AI决定: 选卡 8 -> 放入网格(8,2) -> 朝向 2
         坐标映射: 拖拽从(1015,650)至(1000,350) -> 方向滑动至(850,350)
[ACTION] ⛔ Fast-Fail! 目标网格(8,2)非绿色高亮(绿像素:0)。取消拖拽。
[REWARD] 执行前血条数: 5 -> 最终确认血条数: 0
[REWARD] ⛔ 非法区域/无费用，已被 CV 阻断。奖励 -0.5 (连续无作为: 8次)
[TemplateMatcher] pause_gear.png -> max conf: 0.908 (needs 0.5, optimal scale: 0.80x)

[STEP 44] 开始执行动作...
[ACTION] AI决定: 选卡 7 -> 放入网格(7,3) -> 朝向 0
         坐标映射: 拖拽从(925,650)至(900,430) -> 方向滑动至(900,280)
[ACTION] ⛔ Fast-Fail! 目标网格(7,3)非绿色高亮(绿像素:0)。取消拖拽。
[REWARD] 执行前血条数: 5 -> 最终确认血条数: 0
[REWARD] ⛔ 非法区域/无费用，已被 CV 阻断。奖励 -0.5 (连续无作为: 9次)
[TemplateMatcher] pause_gear.png -> max conf: 0.908 (needs 0.5, optimal scale: 0.80x)

[STEP 45] 开始执行动作...
[ACTION] AI决定: 选卡 6 -> 放入网格(8,4) -> 朝向 1
         坐标映射: 拖拽从(835,650)至(1000,510) -> 方向滑动至(1000,660)
[ACTION] ⛔ Fast-Fail! 目标网格(8,4)非绿色高亮(绿像素:0)。取消拖拽。
[REWARD] 执行前血条数: 5 -> 最终确认血条数: 0
[REWARD] ⛔ 非法区域/无费用，已被 CV 阻断。奖励 -0.5 (连续无作为: 10次)
[TemplateMatcher] pause_gear.png -> max conf: 0.908 (needs 0.5, optimal scale: 0.80x)

[STEP 46] 开始执行动作...
[ACTION] AI决定: 选卡 9 -> 放入网格(9,2) -> 朝向 2
         坐标映射: 拖拽从(1105,650)至(1100,350) -> 方向滑动至(950,350)
[ACTION] ⛔ Fast-Fail! 目标网格(9,2)非绿色高亮(绿像素:0)。取消拖拽。
[REWARD] 执行前血条数: 5 -> 最终确认血条数: 0
[REWARD] ⛔ 非法区域/无费用，已被 CV 阻断。奖励 -0.5 (连续无作为: 11次)
[TemplateMatcher] pause_gear.png -> max conf: 0.907 (needs 0.5, optimal scale: 0.80x)

[STEP 47] 开始执行动作...
[ACTION] AI决定: 选卡 3 -> 放入网格(4,2) -> 朝向 1
         坐标映射: 拖拽从(565,650)至(600,350) -> 方向滑动至(600,500)
[ACTION] ⛔ Fast-Fail! 目标网格(4,2)非绿色高亮(绿像素:0)。取消拖拽。
[REWARD] 执行前血条数: 5 -> 最终确认血条数: 0
[REWARD] ⛔ 非法区域/无费用，已被 CV 阻断。奖励 -0.5 (连续无作为: 12次)
[TemplateMatcher] pause_gear.png -> max conf: 0.908 (needs 0.5, optimal scale: 0.80x)

[STEP 48] 开始执行动作...
[ACTION] AI决定: 选卡 5 -> 放入网格(8,3) -> 朝向 0
         坐标映射: 拖拽从(745,650)至(1000,430) -> 方向滑动至(1000,280)
[ACTION] ⛔ Fast-Fail! 目标网格(8,3)非绿色高亮(绿像素:0)。取消拖拽。
[REWARD] 执行前血条数: 5 -> 最终确认血条数: 0
[REWARD] ⛔ 非法区域/无费用，已被 CV 阻断。奖励 -0.5 (连续无作为: 13次)
[TemplateMatcher] pause_gear.png -> max conf: 0.908 (needs 0.5, optimal scale: 0.80x)

[STEP 49] 开始执行动作...
[ACTION] AI决定: 选卡 2 -> 放入网格(8,3) -> 朝向 1
         坐标映射: 拖拽从(475,650)至(1000,430) -> 方向滑动至(1000,580)
[ACTION] ⛔ Fast-Fail! 目标网格(8,3)非绿色高亮(绿像素:0)。取消拖拽。
[REWARD] 执行前血条数: 5 -> 最终确认血条数: 0
[REWARD] ⛔ 非法区域/无费用，已被 CV 阻断。奖励 -0.5 (连续无作为: 14次)
[TemplateMatcher] pause_gear.png -> max conf: 0.907 (needs 0.5, optimal scale: 0.80x)

[STEP 50] 开始执行动作...
[ACTION] AI决定: 选卡 1 -> 放入网格(8,4) -> 朝向 2
         坐标映射: 拖拽从(385,650)至(1000,510) -> 方向滑动至(850,510)
[ACTION] ⛔ Fast-Fail! 目标网格(8,4)非绿色高亮(绿像素:0)。取消拖拽。
[REWARD] 执行前血条数: 5 -> 最终确认血条数: 0
[REWARD] ⛔ 非法区域/无费用，已被 CV 阻断。奖励 -0.5 (连续无作为: 15次)
[TemplateMatcher] pause_gear.png -> max conf: 0.907 (needs 0.5, optimal scale: 0.80x)

[STEP 51] 开始执行动作...
[ACTION] AI决定: 💤 挂机 (Skip / Wait for Cost)
[REWARD] 执行前血条数: 5 -> 最终确认血条数: 0
[REWARD] 💤 AI 主动挂机等费用，只扣除微小时间惩罚 -0.01
[TemplateMatcher] pause_gear.png -> max conf: 0.908 (needs 0.5, optimal scale: 0.80x)

[STEP 52] 开始执行动作...
[ACTION] AI决定: 选卡 3 -> 放入网格(5,1) -> 朝向 1
         坐标映射: 拖拽从(565,650)至(700,270) -> 方向滑动至(700,420)
[ACTION] ⛔ Fast-Fail! 目标网格(5,1)非绿色高亮(绿像素:18)。取消拖拽。
[REWARD] 执行前血条数: 5 -> 最终确认血条数: 0
[REWARD] ⛔ 非法区域/无费用，已被 CV 阻断。奖励 -0.5 (连续无作为: 1次)
[TemplateMatcher] pause_gear.png -> max conf: 0.908 (needs 0.5, optimal scale: 0.80x)

[STEP 53] 开始执行动作...
[ACTION] AI决定: 选卡 2 -> 放入网格(0,1) -> 朝向 0
         坐标映射: 拖拽从(475,650)至(200,270) -> 方向滑动至(200,120)
[ACTION] ⛔ Fast-Fail! 目标网格(0,1)非绿色高亮(绿像素:0)。取消拖拽。
[REWARD] 执行前血条数: 5 -> 最终确认血条数: 0
[REWARD] ⛔ 非法区域/无费用，已被 CV 阻断。奖励 -0.5 (连续无作为: 2次)
[TemplateMatcher] pause_gear.png -> max conf: 0.908 (needs 0.5, optimal scale: 0.80x)

[STEP 54] 开始执行动作...
[ACTION] AI决定: 选卡 0 -> 放入网格(9,2) -> 朝向 0
         坐标映射: 拖拽从(295,650)至(1100,350) -> 方向滑动至(1100,200)
[ACTION] ⛔ Fast-Fail! 目标网格(9,2)非绿色高亮(绿像素:0)。取消拖拽。
[REWARD] 执行前血条数: 5 -> 最终确认血条数: 0
[REWARD] ⛔ 非法区域/无费用，已被 CV 阻断。奖励 -0.5 (连续无作为: 3次)
[TemplateMatcher] pause_gear.png -> max conf: 0.908 (needs 0.5, optimal scale: 0.80x)
[SAVE] 自动保存进度 (Step 500) -> policy_latest.zip

[STEP 55] 开始执行动作...
[ACTION] AI决定: 选卡 5 -> 放入网格(6,3) -> 朝向 2
         坐标映射: 拖拽从(745,650)至(800,430) -> 方向滑动至(650,430)
[ACTION] ⛔ Fast-Fail! 目标网格(6,3)非绿色高亮(绿像素:0)。取消拖拽。
[REWARD] 执行前血条数: 5 -> 最终确认血条数: 0
[REWARD] ⛔ 非法区域/无费用，已被 CV 阻断。奖励 -0.5 (连续无作为: 4次)
[TemplateMatcher] pause_gear.png -> max conf: 0.908 (needs 0.5, optimal scale: 0.80x)

[STEP 56] 开始执行动作...
[ACTION] AI决定: 选卡 0 -> 放入网格(3,4) -> 朝向 0
         坐标映射: 拖拽从(295,650)至(500,510) -> 方向滑动至(500,360)
[ACTION] ⛔ Fast-Fail! 目标网格(3,4)非绿色高亮(绿像素:0)。取消拖拽。
[REWARD] 执行前血条数: 5 -> 最终确认血条数: 0
[REWARD] ⛔ 非法区域/无费用，已被 CV 阻断。奖励 -0.5 (连续无作为: 5次)
[TemplateMatcher] pause_gear.png -> max conf: 0.908 (needs 0.5, optimal scale: 0.80x)

[STEP 57] 开始执行动作...
[ACTION] AI决定: 💤 挂机 (Skip / Wait for Cost)
[REWARD] 执行前血条数: 5 -> 最终确认血条数: 0
[REWARD] 💤 AI 主动挂机等费用，只扣除微小时间惩罚 -0.01
[TemplateMatcher] pause_gear.png -> max conf: 0.908 (needs 0.5, optimal scale: 0.80x)

[STEP 58] 开始执行动作...
[ACTION] AI决定: 选卡 5 -> 放入网格(8,4) -> 朝向 1
         坐标映射: 拖拽从(745,650)至(1000,510) -> 方向滑动至(1000,660)
[ACTION] ⛔ Fast-Fail! 目标网格(8,4)非绿色高亮(绿像素:0)。取消拖拽。
[REWARD] 执行前血条数: 5 -> 最终确认血条数: 0
[REWARD] ⛔ 非法区域/无费用，已被 CV 阻断。奖励 -0.5 (连续无作为: 1次)
[TemplateMatcher] pause_gear.png -> max conf: 0.908 (needs 0.5, optimal scale: 0.80x)

[STEP 59] 开始执行动作...
[ACTION] AI决定: 选卡 6 -> 放入网格(5,2) -> 朝向 0
         坐标映射: 拖拽从(835,650)至(700,350) -> 方向滑动至(700,200)
[ACTION] ⛔ Fast-Fail! 目标网格(5,2)非绿色高亮(绿像素:0)。取消拖拽。
[REWARD] 执行前血条数: 5 -> 最终确认血条数: 0
[REWARD] ⛔ 非法区域/无费用，已被 CV 阻断。奖励 -0.5 (连续无作为: 2次)
[TemplateMatcher] pause_gear.png -> max conf: 0.908 (needs 0.5, optimal scale: 0.80x)

[STEP 60] 开始执行动作...
[ACTION] AI决定: 选卡 6 -> 放入网格(0,2) -> 朝向 0
         坐标映射: 拖拽从(835,650)至(200,350) -> 方向滑动至(200,200)
[ACTION] ⛔ Fast-Fail! 目标网格(0,2)非绿色高亮(绿像素:0)。取消拖拽。
[REWARD] 执行前血条数: 5 -> 最终确认血条数: 0
[REWARD] ⛔ 非法区域/无费用，已被 CV 阻断。奖励 -0.5 (连续无作为: 3次)
[TemplateMatcher] pause_gear.png -> max conf: 0.908 (needs 0.5, optimal scale: 0.80x)

[STEP 61] 开始执行动作...
[ACTION] AI决定: 选卡 9 -> 放入网格(0,3) -> 朝向 2
         坐标映射: 拖拽从(1105,650)至(200,430) -> 方向滑动至(50,430)
[ACTION] ⛔ Fast-Fail! 目标网格(0,3)非绿色高亮(绿像素:0)。取消拖拽。
[REWARD] 执行前血条数: 5 -> 最终确认血条数: 0
[REWARD] ⛔ 非法区域/无费用，已被 CV 阻断。奖励 -0.5 (连续无作为: 4次)
[TemplateMatcher] pause_gear.png -> max conf: 0.908 (needs 0.5, optimal scale: 0.80x)

[STEP 62] 开始执行动作...
[ACTION] AI决定: 选卡 5 -> 放入网格(3,0) -> 朝向 3
         坐标映射: 拖拽从(745,650)至(500,190) -> 方向滑动至(650,190)
[ACTION] ⛔ Fast-Fail! 目标网格(3,0)非绿色高亮(绿像素:0)。取消拖拽。
[REWARD] 执行前血条数: 5 -> 最终确认血条数: 0
[REWARD] ⛔ 非法区域/无费用，已被 CV 阻断。奖励 -0.5 (连续无作为: 5次)
[TemplateMatcher] pause_gear.png -> max conf: 0.908 (needs 0.5, optimal scale: 0.80x)

[STEP 63] 开始执行动作...
[ACTION] AI决定: 选卡 7 -> 放入网格(2,3) -> 朝向 2
         坐标映射: 拖拽从(925,650)至(400,430) -> 方向滑动至(250,430)
[ACTION] ⛔ Fast-Fail! 目标网格(2,3)非绿色高亮(绿像素:0)。取消拖拽。
[REWARD] 执行前血条数: 5 -> 最终确认血条数: 0
[REWARD] ⛔ 非法区域/无费用，已被 CV 阻断。奖励 -0.5 (连续无作为: 6次)
[TemplateMatcher] pause_gear.png -> max conf: 0.908 (needs 0.5, optimal scale: 0.80x)

[STEP 64] 开始执行动作...
[ACTION] AI决定: 选卡 1 -> 放入网格(7,0) -> 朝向 2
         坐标映射: 拖拽从(385,650)至(900,190) -> 方向滑动至(750,190)
[ACTION] ⛔ Fast-Fail! 目标网格(7,0)非绿色高亮(绿像素:0)。取消拖拽。
[REWARD] 执行前血条数: 5 -> 最终确认血条数: 0
[REWARD] ⛔ 非法区域/无费用，已被 CV 阻断。奖励 -0.5 (连续无作为: 7次)
[TemplateMatcher] pause_gear.png -> max conf: 0.908 (needs 0.5, optimal scale: 0.80x)

[STEP 65] 开始执行动作...
[ACTION] AI决定: 选卡 2 -> 放入网格(1,1) -> 朝向 0
         坐标映射: 拖拽从(475,650)至(300,270) -> 方向滑动至(300,120)
[ACTION] ⛔ Fast-Fail! 目标网格(1,1)非绿色高亮(绿像素:0)。取消拖拽。
[REWARD] 执行前血条数: 5 -> 最终确认血条数: 0
[REWARD] ⛔ 非法区域/无费用，已被 CV 阻断。奖励 -0.5 (连续无作为: 8次)
[TemplateMatcher] pause_gear.png -> max conf: 0.908 (needs 0.5, optimal scale: 0.80x)

[STEP 66] 开始执行动作...
[ACTION] AI决定: 选卡 5 -> 放入网格(2,1) -> 朝向 2
         坐标映射: 拖拽从(745,650)至(400,270) -> 方向滑动至(250,270)
[ACTION] ⛔ Fast-Fail! 目标网格(2,1)非绿色高亮(绿像素:0)。取消拖拽。
[REWARD] 执行前血条数: 5 -> 最终确认血条数: 0
[REWARD] ⛔ 非法区域/无费用，已被 CV 阻断。奖励 -0.5 (连续无作为: 9次)
[TemplateMatcher] pause_gear.png -> max conf: 0.908 (needs 0.5, optimal scale: 0.80x)
----------------------------------------
| time/                   |            |
|    fps                  | 0          |
|    iterations           | 4          |
|    time_elapsed         | 1479       |
|    total_timesteps      | 512        |
| train/                  |            |
|    approx_kl            | 0.04286845 |
|    clip_fraction        | 0.414      |
|    clip_range           | 0.2        |
|    entropy_loss         | -7.35      |
|    explained_variance   | -0.274     |
|    learning_rate        | 0.0003     |
|    loss                 | 4.31       |
|    n_updates            | 30         |
|    policy_gradient_loss | -0.0272    |
|    value_loss           | 13.4       |
----------------------------------------

[STEP 67] 开始执行动作...
[ACTION] AI决定: 选卡 9 -> 放入网格(4,4) -> 朝向 3
         坐标映射: 拖拽从(1105,650)至(600,510) -> 方向滑动至(750,510)
[ACTION] ⛔ Fast-Fail! 目标网格(4,4)非绿色高亮(绿像素:0)。取消拖拽。
[REWARD] 执行前血条数: 5 -> 最终确认血条数: 0
[REWARD] ⛔ 非法区域/无费用，已被 CV 阻断。奖励 -0.5 (连续无作为: 10次)
[TemplateMatcher] pause_gear.png -> max conf: 0.907 (needs 0.5, optimal scale: 0.80x)

[STEP 68] 开始执行动作...
[ACTION] AI决定: 选卡 2 -> 放入网格(7,4) -> 朝向 3
         坐标映射: 拖拽从(475,650)至(900,510) -> 方向滑动至(1050,510)
[ACTION] ⛔ Fast-Fail! 目标网格(7,4)非绿色高亮(绿像素:0)。取消拖拽。
[REWARD] 执行前血条数: 5 -> 最终确认血条数: 0
[REWARD] ⛔ 非法区域/无费用，已被 CV 阻断。奖励 -0.5 (连续无作为: 11次)
[TemplateMatcher] pause_gear.png -> max conf: 0.907 (needs 0.5, optimal scale: 0.80x)

[STEP 69] 开始执行动作...
[ACTION] AI决定: 选卡 5 -> 放入网格(1,2) -> 朝向 1
         坐标映射: 拖拽从(745,650)至(300,350) -> 方向滑动至(300,500)
[ACTION] ⛔ Fast-Fail! 目标网格(1,2)非绿色高亮(绿像素:0)。取消拖拽。
[REWARD] 执行前血条数: 5 -> 最终确认血条数: 0
[REWARD] ⛔ 非法区域/无费用，已被 CV 阻断。奖励 -0.5 (连续无作为: 12次)
[TemplateMatcher] pause_gear.png -> max conf: 0.907 (needs 0.5, optimal scale: 0.80x)

[STEP 70] 开始执行动作...
[ACTION] AI决定: 选卡 9 -> 放入网格(7,4) -> 朝向 1
         坐标映射: 拖拽从(1105,650)至(900,510) -> 方向滑动至(900,660)
[ACTION] ⛔ Fast-Fail! 目标网格(7,4)非绿色高亮(绿像素:0)。取消拖拽。
[REWARD] 执行前血条数: 5 -> 最终确认血条数: 0
[REWARD] ⛔ 非法区域/无费用，已被 CV 阻断。奖励 -0.5 (连续无作为: 13次)
[TemplateMatcher] pause_gear.png -> max conf: 0.907 (needs 0.5, optimal scale: 0.80x)

[STEP 71] 开始执行动作...
[ACTION] AI决定: 选卡 2 -> 放入网格(8,3) -> 朝向 3
         坐标映射: 拖拽从(475,650)至(1000,430) -> 方向滑动至(1150,430)
[ACTION] ⛔ Fast-Fail! 目标网格(8,3)非绿色高亮(绿像素:0)。取消拖拽。
[REWARD] 执行前血条数: 5 -> 最终确认血条数: 0
[REWARD] ⛔ 非法区域/无费用，已被 CV 阻断。奖励 -0.5 (连续无作为: 14次)
[TemplateMatcher] pause_gear.png -> max conf: 0.907 (needs 0.5, optimal scale: 0.80x)

[STEP 72] 开始执行动作...
[ACTION] AI决定: 选卡 6 -> 放入网格(6,2) -> 朝向 2
         坐标映射: 拖拽从(835,650)至(800,350) -> 方向滑动至(650,350)
[ACTION] ⛔ Fast-Fail! 目标网格(6,2)非绿色高亮(绿像素:0)。取消拖拽。
[REWARD] 执行前血条数: 5 -> 最终确认血条数: 0
[REWARD] ⛔ 非法区域/无费用，已被 CV 阻断。奖励 -0.5 (连续无作为: 15次)
[TemplateMatcher] pause_gear.png -> max conf: 0.908 (needs 0.5, optimal scale: 0.80x)

[STEP 73] 开始执行动作...
[ACTION] AI决定: 选卡 2 -> 放入网格(2,3) -> 朝向 0
         坐标映射: 拖拽从(475,650)至(400,430) -> 方向滑动至(400,280)
[ACTION] ⛔ Fast-Fail! 目标网格(2,3)非绿色高亮(绿像素:0)。取消拖拽。
[REWARD] 执行前血条数: 5 -> 最终确认血条数: 0
[REWARD] ⛔ 非法区域/无费用，已被 CV 阻断。奖励 -0.5 (连续无作为: 16次)
[TemplateMatcher] pause_gear.png -> max conf: 0.908 (needs 0.5, optimal scale: 0.80x)

[STEP 74] 开始执行动作...
[ACTION] AI决定: 选卡 9 -> 放入网格(0,0) -> 朝向 3
         坐标映射: 拖拽从(1105,650)至(200,190) -> 方向滑动至(350,190)
[ACTION] ✅ CV校验通过！网格(0,0)具有高亮绿色(像素:398)，准许拖拽。
[REWARD] 动作已执行，开始 3 次心跳检测 (间隔 0.2s)...
[REWARD] ✅ 第 1 次检测命中目标干员血条！
[REWARD] 执行前血条数: 5 -> 最终确认血条数: 4
[REWARD] 🎯 完美落子！部署点靠近敌人 (距离: 159.9)，奖励 +2.0
[REWARD] 🛡️ 背对敌人！(角度: 116.8°)，严厉惩罚 -3.0
[TemplateMatcher] pause_gear.png -> max conf: 0.908 (needs 0.5, optimal scale: 0.80x)

[STEP 75] 开始执行动作...
[ACTION] AI决定: 选卡 5 -> 放入网格(8,0) -> 朝向 3
         坐标映射: 拖拽从(745,650)至(1000,190) -> 方向滑动至(1150,190)
[ACTION] ⛔ Fast-Fail! 目标网格(8,0)非绿色高亮(绿像素:0)。取消拖拽。
[REWARD] 执行前血条数: 4 -> 最终确认血条数: 0
[REWARD] ⛔ 非法区域/无费用，已被 CV 阻断。奖励 -0.5 (连续无作为: 1次)
[TemplateMatcher] pause_gear.png -> max conf: 0.908 (needs 0.5, optimal scale: 0.80x)

[STEP 76] 开始执行动作...
[ACTION] AI决定: 💤 挂机 (Skip / Wait for Cost)
[REWARD] 执行前血条数: 4 -> 最终确认血条数: 0
[REWARD] 💤 AI 主动挂机等费用，只扣除微小时间惩罚 -0.01
[TemplateMatcher] pause_gear.png -> max conf: 0.908 (needs 0.5, optimal scale: 0.80x)

[STEP 77] 开始执行动作...
[ACTION] AI决定: 选卡 8 -> 放入网格(9,2) -> 朝向 1
         坐标映射: 拖拽从(1015,650)至(1100,350) -> 方向滑动至(1100,500)
[ACTION] ✅ CV校验通过！网格(9,2)具有高亮绿色(像素:860)，准许拖拽。
[REWARD] 动作已执行，开始 3 次心跳检测 (间隔 0.2s)...
[REWARD] ✅ 第 1 次检测命中目标干员血条！
[REWARD] 执行前血条数: 4 -> 最终确认血条数: 5
[REWARD] 🎯 完美落子！部署点靠近敌人 (距离: 86.8)，奖励 +2.0
[REWARD] 🛡️ 背对敌人！(角度: 343.1°)，严厉惩罚 -3.0
[TemplateMatcher] pause_gear.png -> max conf: 0.908 (needs 0.5, optimal scale: 0.80x)

[STEP 78] 开始执行动作...
[ACTION] AI决定: 选卡 7 -> 放入网格(8,0) -> 朝向 2
         坐标映射: 拖拽从(925,650)至(1000,190) -> 方向滑动至(850,190)
[ACTION] ⛔ Fast-Fail! 目标网格(8,0)非绿色高亮(绿像素:1)。取消拖拽。
[REWARD] 执行前血条数: 5 -> 最终确认血条数: 0
[REWARD] ⛔ 非法区域/无费用，已被 CV 阻断。奖励 -0.5 (连续无作为: 1次)
[TemplateMatcher] pause_gear.png -> max conf: 0.908 (needs 0.5, optimal scale: 0.80x)

[STEP 79] 开始执行动作...
[ACTION] AI决定: 选卡 5 -> 放入网格(2,0) -> 朝向 2
         坐标映射: 拖拽从(745,650)至(400,190) -> 方向滑动至(250,190)
[ACTION] ✅ CV校验通过！网格(2,0)具有高亮绿色(像素:394)，准许拖拽。
[REWARD] 动作已执行，开始 3 次心跳检测 (间隔 0.2s)...
[REWARD] ✅ 第 1 次检测命中目标干员血条！
[REWARD] 执行前血条数: 5 -> 最终确认血条数: 6
[REWARD] 🎯 完美落子！部署点靠近敌人 (距离: 97.0)，奖励 +2.0
[REWARD] ⚔️ 完美朝向！正对敌人 (角度: 170.3°)，巨额奖励 +8.0
[TemplateMatcher] pause_gear.png -> max conf: 0.908 (needs 0.5, optimal scale: 0.80x)

[STEP 80] 开始执行动作...
[ACTION] AI决定: 选卡 9 -> 放入网格(1,2) -> 朝向 0
         坐标映射: 拖拽从(1105,650)至(300,350) -> 方向滑动至(300,200)
[ACTION] ⛔ Fast-Fail! 目标网格(1,2)非绿色高亮(绿像素:0)。取消拖拽。
[REWARD] 执行前血条数: 6 -> 最终确认血条数: 0
[REWARD] ⛔ 非法区域/无费用，已被 CV 阻断。奖励 -0.5 (连续无作为: 1次)
[TemplateMatcher] pause_gear.png -> max conf: 0.908 (needs 0.5, optimal scale: 0.80x)

[STEP 81] 开始执行动作...
[ACTION] AI决定: 选卡 9 -> 放入网格(5,2) -> 朝向 3
         坐标映射: 拖拽从(1105,650)至(700,350) -> 方向滑动至(850,350)
[ACTION] ✅ CV校验通过！网格(5,2)具有高亮绿色(像素:467)，准许拖拽。
[REWARD] 动作已执行，开始 3 次心跳检测 (间隔 0.2s)...
[REWARD] ❌ 第 1 次未检测到目标血条...
[REWARD] ❌ 第 2 次未检测到目标血条...
[REWARD] ❌ 第 3 次未检测到目标血条...
[REWARD] 执行前血条数: 6 -> 最终确认血条数: 6
[REWARD] 部署失败，计算前后帧 MSE (均方误差) = 314.49
[REWARD] 动作无效，但游戏仍在进行(画面有变化)。奖励 -0.2 (已清空无作为计数器)
[TemplateMatcher] pause_gear.png -> max conf: 0.908 (needs 0.5, optimal scale: 0.80x)

[STEP 82] 开始执行动作...
[ACTION] AI决定: 选卡 5 -> 放入网格(3,2) -> 朝向 0
         坐标映射: 拖拽从(745,650)至(500,350) -> 方向滑动至(500,200)
[ACTION] ✅ CV校验通过！网格(3,2)具有高亮绿色(像素:74)，准许拖拽。
[REWARD] 动作已执行，开始 3 次心跳检测 (间隔 0.2s)...
[REWARD] ❌ 第 1 次未检测到目标血条...
[REWARD] ❌ 第 2 次未检测到目标血条...
[REWARD] ❌ 第 3 次未检测到目标血条...
[REWARD] 执行前血条数: 6 -> 最终确认血条数: 6
[REWARD] 部署失败，计算前后帧 MSE (均方误差) = 398.98
[REWARD] 动作无效，但游戏仍在进行(画面有变化)。奖励 -0.2 (已清空无作为计数器)
[TemplateMatcher] pause_gear.png -> max conf: 0.908 (needs 0.5, optimal scale: 0.80x)

[STEP 83] 开始执行动作...
[ACTION] AI决定: 选卡 1 -> 放入网格(8,0) -> 朝向 0
         坐标映射: 拖拽从(385,650)至(1000,190) -> 方向滑动至(1000,40)
[ACTION] ⛔ Fast-Fail! 目标网格(8,0)非绿色高亮(绿像素:0)。取消拖拽。
[REWARD] 执行前血条数: 6 -> 最终确认血条数: 0
[REWARD] ⛔ 非法区域/无费用，已被 CV 阻断。奖励 -0.5 (连续无作为: 1次)
[TemplateMatcher] pause_gear.png -> max conf: 0.908 (needs 0.5, optimal scale: 0.80x)

[STEP 84] 开始执行动作...
[ACTION] AI决定: 💤 挂机 (Skip / Wait for Cost)
[REWARD] 执行前血条数: 6 -> 最终确认血条数: 0
[REWARD] 💤 AI 主动挂机等费用，只扣除微小时间惩罚 -0.01
[TemplateMatcher] pause_gear.png -> max conf: 0.908 (needs 0.5, optimal scale: 0.80x)

[STEP 85] 开始执行动作...
[ACTION] AI决定: 选卡 9 -> 放入网格(3,4) -> 朝向 3
         坐标映射: 拖拽从(1105,650)至(500,510) -> 方向滑动至(650,510)
[ACTION] ⛔ Fast-Fail! 目标网格(3,4)非绿色高亮(绿像素:0)。取消拖拽。
[REWARD] 执行前血条数: 6 -> 最终确认血条数: 0
[REWARD] ⛔ 非法区域/无费用，已被 CV 阻断。奖励 -0.5 (连续无作为: 1次)
[TemplateMatcher] pause_gear.png -> max conf: 0.907 (needs 0.5, optimal scale: 0.80x)

[STEP 86] 开始执行动作...
[ACTION] AI决定: 选卡 7 -> 放入网格(2,2) -> 朝向 1
         坐标映射: 拖拽从(925,650)至(400,350) -> 方向滑动至(400,500)
[ACTION] ⛔ Fast-Fail! 目标网格(2,2)非绿色高亮(绿像素:4)。取消拖拽。
[REWARD] 执行前血条数: 6 -> 最终确认血条数: 0
[REWARD] ⛔ 非法区域/无费用，已被 CV 阻断。奖励 -0.5 (连续无作为: 2次)
[TemplateMatcher] pause_gear.png -> max conf: 0.908 (needs 0.5, optimal scale: 0.80x)

[STEP 87] 开始执行动作...
[ACTION] AI决定: 选卡 8 -> 放入网格(7,1) -> 朝向 2
         坐标映射: 拖拽从(1015,650)至(900,270) -> 方向滑动至(750,270)
[ACTION] ✅ CV校验通过！网格(7,1)具有高亮绿色(像素:292)，准许拖拽。
[REWARD] 动作已执行，开始 3 次心跳检测 (间隔 0.2s)...
[REWARD] ✅ 第 1 次检测命中目标干员血条！
[REWARD] 执行前血条数: 6 -> 最终确认血条数: 7
[REWARD] 🎯 完美落子！部署点靠近敌人 (距离: 129.0)，奖励 +2.0
[REWARD] 🛡️ 背对敌人！(角度: 0.9°)，严厉惩罚 -3.0
[TemplateMatcher] pause_gear.png -> max conf: 0.908 (needs 0.5, optimal scale: 0.80x)

[STEP 88] 开始执行动作...
[ACTION] AI决定: 选卡 8 -> 放入网格(0,3) -> 朝向 3
         坐标映射: 拖拽从(1015,650)至(200,430) -> 方向滑动至(350,430)
[ACTION] ⛔ Fast-Fail! 目标网格(0,3)非绿色高亮(绿像素:0)。取消拖拽。
[REWARD] 执行前血条数: 7 -> 最终确认血条数: 0
[REWARD] ⛔ 非法区域/无费用，已被 CV 阻断。奖励 -0.5 (连续无作为: 1次)
[TemplateMatcher] pause_gear.png -> max conf: 0.908 (needs 0.5, optimal scale: 0.80x)

[STEP 89] 开始执行动作...
[ACTION] AI决定: 选卡 6 -> 放入网格(3,3) -> 朝向 3
         坐标映射: 拖拽从(835,650)至(500,430) -> 方向滑动至(650,430)
[ACTION] ✅ CV校验通过！网格(3,3)具有高亮绿色(像素:900)，准许拖拽。
[REWARD] 动作已执行，开始 3 次心跳检测 (间隔 0.2s)...
[REWARD] ✅ 第 1 次检测命中目标干员血条！
[REWARD] 执行前血条数: 7 -> 最终确认血条数: 7
[REWARD] 🎯 完美落子！部署点靠近敌人 (距离: 285.0)，奖励 +2.0
[REWARD] 🛡️ 背对敌人！(角度: 201.3°)，严厉惩罚 -3.0
[TemplateMatcher] pause_gear.png -> max conf: 0.907 (needs 0.5, optimal scale: 0.80x)

[STEP 90] 开始执行动作...
[ACTION] AI决定: 选卡 8 -> 放入网格(0,2) -> 朝向 3
         坐标映射: 拖拽从(1015,650)至(200,350) -> 方向滑动至(350,350)
[ACTION] ⛔ Fast-Fail! 目标网格(0,2)非绿色高亮(绿像素:0)。取消拖拽。
[REWARD] 执行前血条数: 7 -> 最终确认血条数: 0
[REWARD] ⛔ 非法区域/无费用，已被 CV 阻断。奖励 -0.5 (连续无作为: 1次)
[TemplateMatcher] pause_gear.png -> max conf: 0.908 (needs 0.5, optimal scale: 0.80x)

[STEP 91] 开始执行动作...
[ACTION] AI决定: 选卡 9 -> 放入网格(3,2) -> 朝向 1
         坐标映射: 拖拽从(1105,650)至(500,350) -> 方向滑动至(500,500)
[ACTION] ✅ CV校验通过！网格(3,2)具有高亮绿色(像素:68)，准许拖拽。
[REWARD] 动作已执行，开始 3 次心跳检测 (间隔 0.2s)...
[REWARD] ✅ 第 1 次检测命中目标干员血条！
[REWARD] 执行前血条数: 7 -> 最终确认血条数: 7
[REWARD] 🎯 完美落子！部署点靠近敌人 (距离: 117.8)，奖励 +2.0
[REWARD] 🛡️ 背对敌人！(角度: 295.0°)，严厉惩罚 -3.0
[TemplateMatcher] pause_gear.png -> max conf: 0.908 (needs 0.5, optimal scale: 0.80x)

[STEP 92] 开始执行动作...
[ACTION] AI决定: 选卡 5 -> 放入网格(7,3) -> 朝向 2
         坐标映射: 拖拽从(745,650)至(900,430) -> 方向滑动至(750,430)
[ACTION] ⛔ Fast-Fail! 目标网格(7,3)非绿色高亮(绿像素:0)。取消拖拽。
[REWARD] 执行前血条数: 7 -> 最终确认血条数: 0
[REWARD] ⛔ 非法区域/无费用，已被 CV 阻断。奖励 -0.5 (连续无作为: 1次)
[TemplateMatcher] pause_gear.png -> max conf: 0.908 (needs 0.5, optimal scale: 0.80x)

[STEP 93] 开始执行动作...
[ACTION] AI决定: 💤 挂机 (Skip / Wait for Cost)
[REWARD] 执行前血条数: 7 -> 最终确认血条数: 0
[REWARD] 💤 AI 主动挂机等费用，只扣除微小时间惩罚 -0.01
[TemplateMatcher] pause_gear.png -> max conf: 0.908 (needs 0.5, optimal scale: 0.80x)

[STEP 94] 开始执行动作...
[ACTION] AI决定: 选卡 0 -> 放入网格(2,3) -> 朝向 0
         坐标映射: 拖拽从(295,650)至(400,430) -> 方向滑动至(400,280)
[ACTION] ⛔ Fast-Fail! 目标网格(2,3)非绿色高亮(绿像素:0)。取消拖拽。
[REWARD] 执行前血条数: 7 -> 最终确认血条数: 0
[REWARD] ⛔ 非法区域/无费用，已被 CV 阻断。奖励 -0.5 (连续无作为: 1次)
[TemplateMatcher] pause_gear.png -> max conf: 0.908 (needs 0.5, optimal scale: 0.80x)

[STEP 95] 开始执行动作...
[ACTION] AI决定: 选卡 6 -> 放入网格(7,0) -> 朝向 1
         坐标映射: 拖拽从(835,650)至(900,190) -> 方向滑动至(900,340)
[ACTION] ✅ CV校验通过！网格(7,0)具有高亮绿色(像素:137)，准许拖拽。
[REWARD] 动作已执行，开始 3 次心跳检测 (间隔 0.2s)...
[REWARD] ✅ 第 1 次检测命中目标干员血条！
[REWARD] 执行前血条数: 7 -> 最终确认血条数: 9
[REWARD] 🎯 完美落子！部署点靠近敌人 (距离: 165.9)，奖励 +2.0
[REWARD] ⚔️ 完美朝向！正对敌人 (角度: 45.0°)，巨额奖励 +8.0
[TemplateMatcher] pause_gear.png -> max conf: 0.908 (needs 0.5, optimal scale: 0.80x)

[STEP 96] 开始执行动作...
[ACTION] AI决定: 选卡 8 -> 放入网格(3,2) -> 朝向 2
         坐标映射: 拖拽从(1015,650)至(500,350) -> 方向滑动至(350,350)
[ACTION] ⛔ Fast-Fail! 目标网格(3,2)非绿色高亮(绿像素:1)。取消拖拽。
[REWARD] 执行前血条数: 9 -> 最终确认血条数: 0
[REWARD] ⛔ 非法区域/无费用，已被 CV 阻断。奖励 -0.5 (连续无作为: 1次)
[TemplateMatcher] pause_gear.png -> max conf: 0.908 (needs 0.5, optimal scale: 0.80x)

[STEP 97] 开始执行动作...
[ACTION] AI决定: 选卡 1 -> 放入网格(6,1) -> 朝向 1
         坐标映射: 拖拽从(385,650)至(800,270) -> 方向滑动至(800,420)
[ACTION] ⛔ Fast-Fail! 目标网格(6,1)非绿色高亮(绿像素:6)。取消拖拽。
[REWARD] 执行前血条数: 9 -> 最终确认血条数: 0
[REWARD] ⛔ 非法区域/无费用，已被 CV 阻断。奖励 -0.5 (连续无作为: 2次)
[TemplateMatcher] pause_gear.png -> max conf: 0.908 (needs 0.5, optimal scale: 0.80x)

[STEP 98] 开始执行动作...
[ACTION] AI决定: 选卡 6 -> 放入网格(8,3) -> 朝向 1
         坐标映射: 拖拽从(835,650)至(1000,430) -> 方向滑动至(1000,580)
[ACTION] ✅ CV校验通过！网格(8,3)具有高亮绿色(像素:22)，准许拖拽。
[REWARD] 动作已执行，开始 3 次心跳检测 (间隔 0.2s)...
[REWARD] ❌ 第 1 次未检测到目标血条...
[REWARD] ❌ 第 2 次未检测到目标血条...
[REWARD] ❌ 第 3 次未检测到目标血条...
[REWARD] 执行前血条数: 9 -> 最终确认血条数: 9
[REWARD] 部署失败，计算前后帧 MSE (均方误差) = 265.13
[REWARD] 画面未发生明显变化(非法部署)。奖励 -0.5 (连续无作为: 3次)
[TemplateMatcher] pause_gear.png -> max conf: 0.908 (needs 0.5, optimal scale: 0.80x)

[STEP 99] 开始执行动作...
[ACTION] AI决定: 选卡 8 -> 放入网格(4,2) -> 朝向 2
         坐标映射: 拖拽从(1015,650)至(600,350) -> 方向滑动至(450,350)
[ACTION] ⛔ Fast-Fail! 目标网格(4,2)非绿色高亮(绿像素:0)。取消拖拽。
[REWARD] 执行前血条数: 9 -> 最终确认血条数: 0
[REWARD] ⛔ 非法区域/无费用，已被 CV 阻断。奖励 -0.5 (连续无作为: 4次)
[TemplateMatcher] pause_gear.png -> max conf: 0.908 (needs 0.5, optimal scale: 0.80x)

[STEP 100] 开始执行动作...
[ACTION] AI决定: 选卡 5 -> 放入网格(0,3) -> 朝向 2
         坐标映射: 拖拽从(745,650)至(200,430) -> 方向滑动至(50,430)
[ACTION] ⛔ Fast-Fail! 目标网格(0,3)非绿色高亮(绿像素:0)。取消拖拽。
[REWARD] 执行前血条数: 9 -> 最终确认血条数: 0
[REWARD] ⛔ 非法区域/无费用，已被 CV 阻断。奖励 -0.5 (连续无作为: 5次)
[TemplateMatcher] pause_gear.png -> max conf: 0.908 (needs 0.5, optimal scale: 0.80x)

[STEP 101] 开始执行动作...
[ACTION] AI决定: 选卡 2 -> 放入网格(6,3) -> 朝向 0
         坐标映射: 拖拽从(475,650)至(800,430) -> 方向滑动至(800,280)
[ACTION] ⛔ Fast-Fail! 目标网格(6,3)非绿色高亮(绿像素:19)。取消拖拽。
[REWARD] 执行前血条数: 9 -> 最终确认血条数: 0
[REWARD] ⛔ 非法区域/无费用，已被 CV 阻断。奖励 -0.5 (连续无作为: 6次)
[TemplateMatcher] pause_gear.png -> max conf: 0.908 (needs 0.5, optimal scale: 0.80x)

[STEP 102] 开始执行动作...
[ACTION] AI决定: 选卡 5 -> 放入网格(5,1) -> 朝向 2
         坐标映射: 拖拽从(745,650)至(700,270) -> 方向滑动至(550,270)
[ACTION] ⛔ Fast-Fail! 目标网格(5,1)非绿色高亮(绿像素:0)。取消拖拽。
[REWARD] 执行前血条数: 9 -> 最终确认血条数: 0
[REWARD] ⛔ 非法区域/无费用，已被 CV 阻断。奖励 -0.5 (连续无作为: 7次)
[TemplateMatcher] pause_gear.png -> max conf: 0.908 (needs 0.5, optimal scale: 0.80x)

[STEP 103] 开始执行动作...
[ACTION] AI决定: 💤 挂机 (Skip / Wait for Cost)
[REWARD] 执行前血条数: 8 -> 最终确认血条数: 0
[REWARD] 💤 AI 主动挂机等费用，只扣除微小时间惩罚 -0.01
[TemplateMatcher] pause_gear.png -> max conf: 0.908 (needs 0.5, optimal scale: 0.80x)

[STEP 104] 开始执行动作...
[ACTION] AI决定: 💤 挂机 (Skip / Wait for Cost)
[REWARD] 执行前血条数: 9 -> 最终确认血条数: 0
[REWARD] 💤 AI 主动挂机等费用，只扣除微小时间惩罚 -0.01
[TemplateMatcher] pause_gear.png -> max conf: 0.889 (needs 0.5, optimal scale: 0.80x)

[STEP 105] 开始执行动作...
[ACTION] AI决定: 选卡 9 -> 放入网格(0,4) -> 朝向 0
         坐标映射: 拖拽从(1105,650)至(200,510) -> 方向滑动至(200,360)
[ACTION] ⛔ Fast-Fail! 目标网格(0,4)非绿色高亮(绿像素:0)。取消拖拽。
[REWARD] 执行前血条数: 5 -> 最终确认血条数: 0
[REWARD] ⛔ 非法区域/无费用，已被 CV 阻断。奖励 -0.5 (连续无作为: 1次)
[TemplateMatcher] pause_gear.png -> max conf: 0.595 (needs 0.5, optimal scale: 0.90x)

[STEP 106] 开始执行动作...
[ACTION] AI决定: 选卡 5 -> 放入网格(0,1) -> 朝向 0
         坐标映射: 拖拽从(745,650)至(200,270) -> 方向滑动至(200,120)
[ACTION] ⛔ Fast-Fail! 目标网格(0,1)非绿色高亮(绿像素:0)。取消拖拽。
[REWARD] 执行前血条数: 9 -> 最终确认血条数: 0
[REWARD] ⛔ 非法区域/无费用，已被 CV 阻断。奖励 -0.5 (连续无作为: 2次)
[TemplateMatcher] pause_gear.png -> max conf: 0.000 (needs 0.5, optimal scale: 0.80x)
[ENV] ⚠️ 警告：未检测到右上角齿轮图标！(连续 1/3 次)

[STEP 107] 开始执行动作...
[ACTION] AI决定: 选卡 0 -> 放入网格(3,2) -> 朝向 2
         坐标映射: 拖拽从(295,650)至(500,350) -> 方向滑动至(350,350)
[ACTION] ⛔ Fast-Fail! 目标网格(3,2)非绿色高亮(绿像素:0)。取消拖拽。
[REWARD] 执行前血条数: 0 -> 最终确认血条数: 0
[REWARD] ⛔ 非法区域/无费用，已被 CV 阻断。奖励 -0.5 (连续无作为: 3次)
[TemplateMatcher] pause_gear.png -> max conf: 0.000 (needs 0.5, optimal scale: 0.80x)
[ENV] ⚠️ 警告：未检测到右上角齿轮图标！(连续 2/3 次)

[STEP 108] 开始执行动作...
[ACTION] AI决定: 选卡 3 -> 放入网格(6,0) -> 朝向 2
         坐标映射: 拖拽从(565,650)至(800,190) -> 方向滑动至(650,190)
[ACTION] ⛔ Fast-Fail! 目标网格(6,0)非绿色高亮(绿像素:0)。取消拖拽。
[REWARD] 执行前血条数: 0 -> 最终确认血条数: 0
[REWARD] ⛔ 非法区域/无费用，已被 CV 阻断。奖励 -0.5 (连续无作为: 4次)
[TemplateMatcher] pause_gear.png -> max conf: 0.000 (needs 0.5, optimal scale: 0.80x)
[ENV] ⚠️ 警告：未检测到右上角齿轮图标！(连续 3/3 次)
[ENV] 🚨 优先级 2 触发：连续 3 次未检测到战斗界面UI元素，判定游戏已结束！

================= 回合结束，开始自动重启关卡 =================
[TemplateMatcher] pause_gear.png -> max conf: 0.000 (needs 0.7, optimal scale: 0.80x)
[DEBUG] 未匹配 [pause_gear] (要求阈值 0.7)
[TemplateMatcher] start_action.png -> max conf: 0.000 (needs 0.45, optimal scale: 0.80x)
[DEBUG] 未匹配 [start_action] (要求阈值 0.45)
[TemplateMatcher] practice.png -> max conf: 0.000 (needs 0.5, optimal scale: 0.80x)
[DEBUG] 未匹配 [practice] (要求阈值 0.5)
[TemplateMatcher] stage_1_7.png -> max conf: 0.000 (needs 0.5, optimal scale: 0.80x)
[DEBUG] 未匹配 [stage_1_7] (要求阈值 0.5)
[RESET] 尝试跳过动画/寻找入口... (尝试 1/100)
[TemplateMatcher] pause_gear.png -> max conf: 0.437 (needs 0.7, optimal scale: 0.80x)
[DEBUG] 未匹配 [pause_gear] (要求阈值 0.7)
[TemplateMatcher] start_action.png -> max conf: -0.042 (needs 0.45, optimal scale: 0.80x)
[DEBUG] 未匹配 [start_action] (要求阈值 0.45)
[TemplateMatcher] practice.png -> max conf: 0.531 (needs 0.5, optimal scale: 0.80x)
[RESET] 找到 [practice] (置信度 0.53 >= 0.5)，点击 (679, 676)
[RESET] 点击演习按钮
[TemplateMatcher] pause_gear.png -> max conf: 0.437 (needs 0.7, optimal scale: 0.80x)
[DEBUG] 未匹配 [pause_gear] (要求阈值 0.7)
[TemplateMatcher] start_action.png -> max conf: -0.042 (needs 0.45, optimal scale: 0.80x)
[DEBUG] 未匹配 [start_action] (要求阈值 0.45)
[TemplateMatcher] practice.png -> max conf: 0.531 (needs 0.5, optimal scale: 0.80x)
[RESET] 找到 [practice] (置信度 0.53 >= 0.5)，点击 (679, 676)
[RESET] 点击演习按钮
[TemplateMatcher] pause_gear.png -> max conf: 0.490 (needs 0.7, optimal scale: 0.80x)
[DEBUG] 未匹配 [pause_gear] (要求阈值 0.7)
[TemplateMatcher] start_action.png -> max conf: -0.034 (needs 0.45, optimal scale: 0.80x)
[DEBUG] 未匹配 [start_action] (要求阈值 0.45)
[TemplateMatcher] practice.png -> max conf: 0.522 (needs 0.5, optimal scale: 0.80x)
[RESET] 找到 [practice] (置信度 0.52 >= 0.5)，点击 (533, 603)
[RESET] 点击演习按钮
[TemplateMatcher] pause_gear.png -> max conf: 0.490 (needs 0.7, optimal scale: 0.80x)
[DEBUG] 未匹配 [pause_gear] (要求阈值 0.7)
[TemplateMatcher] start_action.png -> max conf: -0.034 (needs 0.45, optimal scale: 0.80x)
[DEBUG] 未匹配 [start_action] (要求阈值 0.45)
[TemplateMatcher] practice.png -> max conf: 0.522 (needs 0.5, optimal scale: 0.80x)
[RESET] 找到 [practice] (置信度 0.52 >= 0.5)，点击 (533, 603)
[RESET] 点击演习按钮
[TemplateMatcher] pause_gear.png -> max conf: 0.490 (needs 0.7, optimal scale: 0.80x)
[DEBUG] 未匹配 [pause_gear] (要求阈值 0.7)
[TemplateMatcher] start_action.png -> max conf: -0.034 (needs 0.45, optimal scale: 0.80x)
[DEBUG] 未匹配 [start_action] (要求阈值 0.45)
[TemplateMatcher] practice.png -> max conf: 0.522 (needs 0.5, optimal scale: 0.80x)
[RESET] 找到 [practice] (置信度 0.52 >= 0.5)，点击 (533, 603)
[RESET] 点击演习按钮
[TemplateMatcher] pause_gear.png -> max conf: 0.470 (needs 0.7, optimal scale: 0.90x)
[DEBUG] 未匹配 [pause_gear] (要求阈值 0.7)
[TemplateMatcher] start_action.png -> max conf: 0.037 (needs 0.45, optimal scale: 0.80x)
[DEBUG] 未匹配 [start_action] (要求阈值 0.45)
[TemplateMatcher] practice.png -> max conf: 0.489 (needs 0.5, optimal scale: 0.85x)
[DEBUG] 未匹配 [practice] (要求阈值 0.5)
[TemplateMatcher] stage_1_7.png -> max conf: 0.712 (needs 0.5, optimal scale: 0.80x)
[RESET] 找到 [stage_1_7] (置信度 0.71 >= 0.5)，点击 (638, 224)
[RESET] 点击关卡 1-7 图标
[TemplateMatcher] pause_gear.png -> max conf: 0.612 (needs 0.7, optimal scale: 1.10x)
[DEBUG] 未匹配 [pause_gear] (要求阈值 0.7)
[TemplateMatcher] start_action.png -> max conf: 0.100 (needs 0.45, optimal scale: 0.80x)
[DEBUG] 未匹配 [start_action] (要求阈值 0.45)
[TemplateMatcher] practice.png -> max conf: 0.687 (needs 0.5, optimal scale: 0.80x)
[RESET] 找到 [practice] (置信度 0.69 >= 0.5)，点击 (935, 660)
[RESET] 点击演习按钮
[TemplateMatcher] pause_gear.png -> max conf: 0.470 (needs 0.7, optimal scale: 1.05x)
[DEBUG] 未匹配 [pause_gear] (要求阈值 0.7)
[TemplateMatcher] start_action.png -> max conf: 0.451 (needs 0.45, optimal scale: 0.80x)
[RESET] 找到 [start_action] (置信度 0.45 >= 0.45)，点击 (1101, 513)
[RESET] 点击开始行动，进入加载...
[TemplateMatcher] pause_gear.png -> max conf: 0.000 (needs 0.7, optimal scale: 0.80x)
[DEBUG] 未匹配 [pause_gear] (要求阈值 0.7)
[TemplateMatcher] start_action.png -> max conf: 0.000 (needs 0.45, optimal scale: 0.80x)
[DEBUG] 未匹配 [start_action] (要求阈值 0.45)
[TemplateMatcher] practice.png -> max conf: 0.000 (needs 0.5, optimal scale: 0.80x)
[DEBUG] 未匹配 [practice] (要求阈值 0.5)
[TemplateMatcher] stage_1_7.png -> max conf: 0.000 (needs 0.5, optimal scale: 0.80x)
[DEBUG] 未匹配 [stage_1_7] (要求阈值 0.5)
[RESET] 尝试跳过动画/寻找入口... (尝试 10/100)
[TemplateMatcher] pause_gear.png -> max conf: 0.000 (needs 0.7, optimal scale: 0.80x)
[DEBUG] 未匹配 [pause_gear] (要求阈值 0.7)
[TemplateMatcher] start_action.png -> max conf: 0.000 (needs 0.45, optimal scale: 0.80x)
[DEBUG] 未匹配 [start_action] (要求阈值 0.45)
[TemplateMatcher] practice.png -> max conf: 0.000 (needs 0.5, optimal scale: 0.80x)
[DEBUG] 未匹配 [practice] (要求阈值 0.5)
[TemplateMatcher] stage_1_7.png -> max conf: 0.000 (needs 0.5, optimal scale: 0.80x)
[DEBUG] 未匹配 [stage_1_7] (要求阈值 0.5)
[RESET] 尝试跳过动画/寻找入口... (尝试 11/100)
[TemplateMatcher] pause_gear.png -> max conf: 0.511 (needs 0.7, optimal scale: 1.20x)
[DEBUG] 未匹配 [pause_gear] (要求阈值 0.7)
[TemplateMatcher] start_action.png -> max conf: -0.063 (needs 0.45, optimal scale: 0.80x)
[DEBUG] 未匹配 [start_action] (要求阈值 0.45)
[TemplateMatcher] practice.png -> max conf: 0.379 (needs 0.5, optimal scale: 0.90x)
[DEBUG] 未匹配 [practice] (要求阈值 0.5)
[TemplateMatcher] stage_1_7.png -> max conf: 0.411 (needs 0.5, optimal scale: 0.90x)
[DEBUG] 未匹配 [stage_1_7] (要求阈值 0.5)
[RESET] 尝试跳过动画/寻找入口... (尝试 12/100)
[TemplateMatcher] pause_gear.png -> max conf: 0.511 (needs 0.7, optimal scale: 1.20x)
[DEBUG] 未匹配 [pause_gear] (要求阈值 0.7)
[TemplateMatcher] start_action.png -> max conf: -0.063 (needs 0.45, optimal scale: 0.80x)
[DEBUG] 未匹配 [start_action] (要求阈值 0.45)
[TemplateMatcher] practice.png -> max conf: 0.379 (needs 0.5, optimal scale: 0.90x)
[DEBUG] 未匹配 [practice] (要求阈值 0.5)
[TemplateMatcher] stage_1_7.png -> max conf: 0.411 (needs 0.5, optimal scale: 0.90x)
[DEBUG] 未匹配 [stage_1_7] (要求阈值 0.5)
[RESET] 尝试跳过动画/寻找入口... (尝试 13/100)
[TemplateMatcher] pause_gear.png -> max conf: 0.215 (needs 0.7, optimal scale: 1.20x)
[DEBUG] 未匹配 [pause_gear] (要求阈值 0.7)
[TemplateMatcher] start_action.png -> max conf: 0.224 (needs 0.45, optimal scale: 0.80x)
[DEBUG] 未匹配 [start_action] (要求阈值 0.45)
[TemplateMatcher] practice.png -> max conf: 0.372 (needs 0.5, optimal scale: 0.80x)
[DEBUG] 未匹配 [practice] (要求阈值 0.5)
[TemplateMatcher] stage_1_7.png -> max conf: 0.271 (needs 0.5, optimal scale: 0.80x)
[DEBUG] 未匹配 [stage_1_7] (要求阈值 0.5)
[RESET] 尝试跳过动画/寻找入口... (尝试 14/100)
[TemplateMatcher] pause_gear.png -> max conf: 0.211 (needs 0.7, optimal scale: 1.05x)
[DEBUG] 未匹配 [pause_gear] (要求阈值 0.7)
[TemplateMatcher] start_action.png -> max conf: 0.202 (needs 0.45, optimal scale: 0.80x)
[DEBUG] 未匹配 [start_action] (要求阈值 0.45)
[TemplateMatcher] practice.png -> max conf: 0.297 (needs 0.5, optimal scale: 0.80x)
[DEBUG] 未匹配 [practice] (要求阈值 0.5)
[TemplateMatcher] stage_1_7.png -> max conf: 0.277 (needs 0.5, optimal scale: 0.85x)
[DEBUG] 未匹配 [stage_1_7] (要求阈值 0.5)
[RESET] 尝试跳过动画/寻找入口... (尝试 15/100)
[TemplateMatcher] pause_gear.png -> max conf: 0.827 (needs 0.7, optimal scale: 0.80x)
[RESET] 找到 [pause_gear] (置信度 0.83 >= 0.7)，(仅检测，不点击)
[RESET] ✅ 检测到战斗画面右上角齿轮，重启成功！
================= 关卡重启流程结束 =================

--> [回合结束] 第 7 回合 | 奖励: -0.9 | 步数: 108

[STEP 1] 开始执行动作...
[ACTION] AI决定: 选卡 9 -> 放入网格(3,3) -> 朝向 0
         坐标映射: 拖拽从(1105,650)至(500,430) -> 方向滑动至(500,280)
[ACTION] ✅ CV校验通过！网格(3,3)具有高亮绿色(像素:900)，准许拖拽。
[REWARD] 动作已执行，开始 3 次心跳检测 (间隔 0.2s)...
[REWARD] ❌ 第 1 次未检测到目标血条...
[REWARD] ❌ 第 2 次未检测到目标血条...
[REWARD] ❌ 第 3 次未检测到目标血条...
[REWARD] 执行前血条数: 0 -> 最终确认血条数: 0
[REWARD] 部署失败，计算前后帧 MSE (均方误差) = 3348.64
[REWARD] 动作无效，但游戏仍在进行(画面有变化)。奖励 -0.2 (已清空无作为计数器)
[TemplateMatcher] pause_gear.png -> max conf: 0.907 (needs 0.5, optimal scale: 0.80x)

[STEP 2] 开始执行动作...
[ACTION] AI决定: 选卡 2 -> 放入网格(3,2) -> 朝向 2
         坐标映射: 拖拽从(475,650)至(500,350) -> 方向滑动至(350,350)
[ACTION] ⛔ Fast-Fail! 目标网格(3,2)非绿色高亮(绿像素:0)。取消拖拽。
[REWARD] 执行前血条数: 0 -> 最终确认血条数: 0
[REWARD] ⛔ 非法区域/无费用，已被 CV 阻断。奖励 -0.5 (连续无作为: 1次)
[TemplateMatcher] pause_gear.png -> max conf: 0.907 (needs 0.5, optimal scale: 0.80x)

[STEP 3] 开始执行动作...
[ACTION] AI决定: 选卡 5 -> 放入网格(3,0) -> 朝向 0
         坐标映射: 拖拽从(745,650)至(500,190) -> 方向滑动至(500,40)
[ACTION] ✅ CV校验通过！网格(3,0)具有高亮绿色(像素:900)，准许拖拽。
[REWARD] 动作已执行，开始 3 次心跳检测 (间隔 0.2s)...
[REWARD] ❌ 第 1 次未检测到目标血条...
[REWARD] ❌ 第 2 次未检测到目标血条...
[REWARD] ❌ 第 3 次未检测到目标血条...
[REWARD] 执行前血条数: 0 -> 最终确认血条数: 0
[REWARD] 部署失败，计算前后帧 MSE (均方误差) = 3482.92
[REWARD] 动作无效，但游戏仍在进行(画面有变化)。奖励 -0.2 (已清空无作为计数器)
[TemplateMatcher] pause_gear.png -> max conf: 0.908 (needs 0.5, optimal scale: 0.80x)

[STEP 4] 开始执行动作...
[ACTION] AI决定: 选卡 2 -> 放入网格(7,2) -> 朝向 2
         坐标映射: 拖拽从(475,650)至(900,350) -> 方向滑动至(750,350)
[ACTION] ✅ CV校验通过！网格(7,2)具有高亮绿色(像素:562)，准许拖拽。
[REWARD] 动作已执行，开始 3 次心跳检测 (间隔 0.2s)...
[REWARD] ❌ 第 1 次未检测到目标血条...
[REWARD] ❌ 第 2 次未检测到目标血条...
[REWARD] ❌ 第 3 次未检测到目标血条...
[REWARD] 执行前血条数: 0 -> 最终确认血条数: 0
[REWARD] 部署失败，计算前后帧 MSE (均方误差) = 119.87
[REWARD] 画面未发生明显变化(非法部署)。奖励 -0.5 (连续无作为: 1次)
[TemplateMatcher] pause_gear.png -> max conf: 0.908 (needs 0.5, optimal scale: 0.80x)

[STEP 5] 开始执行动作...
[ACTION] AI决定: 选卡 5 -> 放入网格(8,2) -> 朝向 2
         坐标映射: 拖拽从(745,650)至(1000,350) -> 方向滑动至(850,350)
[ACTION] ✅ CV校验通过！网格(8,2)具有高亮绿色(像素:813)，准许拖拽。
[REWARD] 动作已执行，开始 3 次心跳检测 (间隔 0.2s)...
[REWARD] ❌ 第 1 次未检测到目标血条...
[REWARD] ❌ 第 2 次未检测到目标血条...
[REWARD] ❌ 第 3 次未检测到目标血条...
[REWARD] 执行前血条数: 0 -> 最终确认血条数: 0
[REWARD] 部署失败，计算前后帧 MSE (均方误差) = 203.77
[REWARD] 画面未发生明显变化(非法部署)。奖励 -0.5 (连续无作为: 2次)
[TemplateMatcher] pause_gear.png -> max conf: 0.908 (needs 0.5, optimal scale: 0.80x)

[STEP 6] 开始执行动作...
[ACTION] AI决定: 选卡 8 -> 放入网格(7,1) -> 朝向 2
         坐标映射: 拖拽从(1015,650)至(900,270) -> 方向滑动至(750,270)
[ACTION] ✅ CV校验通过！网格(7,1)具有高亮绿色(像素:617)，准许拖拽。
[REWARD] 动作已执行，开始 3 次心跳检测 (间隔 0.2s)...
[REWARD] ❌ 第 1 次未检测到目标血条...
[REWARD] ❌ 第 2 次未检测到目标血条...
[REWARD] ❌ 第 3 次未检测到目标血条...
[REWARD] 执行前血条数: 0 -> 最终确认血条数: 0
[REWARD] 部署失败，计算前后帧 MSE (均方误差) = 194.58
[REWARD] 画面未发生明显变化(非法部署)。奖励 -0.5 (连续无作为: 3次)
[TemplateMatcher] pause_gear.png -> max conf: 0.908 (needs 0.5, optimal scale: 0.80x)

[STEP 7] 开始执行动作...
[ACTION] AI决定: 选卡 2 -> 放入网格(3,2) -> 朝向 1
         坐标映射: 拖拽从(475,650)至(500,350) -> 方向滑动至(500,500)
[ACTION] ✅ CV校验通过！网格(3,2)具有高亮绿色(像素:67)，准许拖拽。
[REWARD] 动作已执行，开始 3 次心跳检测 (间隔 0.2s)...
[REWARD] ❌ 第 1 次未检测到目标血条...
[REWARD] ❌ 第 2 次未检测到目标血条...
[REWARD] ❌ 第 3 次未检测到目标血条...
[REWARD] 执行前血条数: 0 -> 最终确认血条数: 0
[REWARD] 部署失败，计算前后帧 MSE (均方误差) = 198.32
[REWARD] 画面未发生明显变化(非法部署)。奖励 -0.5 (连续无作为: 4次)
[TemplateMatcher] pause_gear.png -> max conf: 0.908 (needs 0.5, optimal scale: 0.80x)

[STEP 8] 开始执行动作...
[ACTION] AI决定: 选卡 1 -> 放入网格(3,0) -> 朝向 0
         坐标映射: 拖拽从(385,650)至(500,190) -> 方向滑动至(500,40)
[ACTION] ✅ CV校验通过！网格(3,0)具有高亮绿色(像素:900)，准许拖拽。
[REWARD] 动作已执行，开始 3 次心跳检测 (间隔 0.2s)...
[REWARD] ✅ 第 1 次检测命中目标干员血条！
[REWARD] 执行前血条数: 0 -> 最终确认血条数: 1
[REWARD] 🛡️ 背对敌人！(角度: 53.0°)，严厉惩罚 -3.0
[TemplateMatcher] pause_gear.png -> max conf: 0.908 (needs 0.5, optimal scale: 0.80x)

[STEP 9] 开始执行动作...
[ACTION] AI决定: 选卡 7 -> 放入网格(4,2) -> 朝向 0
         坐标映射: 拖拽从(925,650)至(600,350) -> 方向滑动至(600,200)
[ACTION] ✅ CV校验通过！网格(4,2)具有高亮绿色(像素:867)，准许拖拽。
[REWARD] 动作已执行，开始 3 次心跳检测 (间隔 0.2s)...
[REWARD] ✅ 第 1 次检测命中目标干员血条！
[REWARD] 执行前血条数: 1 -> 最终确认血条数: 2
[REWARD] 场上暂无移动目标，仅发放基础部署奖励 +1.0
[TemplateMatcher] pause_gear.png -> max conf: 0.908 (needs 0.5, optimal scale: 0.80x)

[STEP 10] 开始执行动作...
[ACTION] AI决定: 选卡 2 -> 放入网格(5,2) -> 朝向 2
         坐标映射: 拖拽从(475,650)至(700,350) -> 方向滑动至(550,350)
[ACTION] ✅ CV校验通过！网格(5,2)具有高亮绿色(像素:83)，准许拖拽。
[REWARD] 动作已执行，开始 3 次心跳检测 (间隔 0.2s)...
[REWARD] ✅ 第 1 次检测命中目标干员血条！
[REWARD] 执行前血条数: 2 -> 最终确认血条数: 2
[REWARD] 场上暂无移动目标，仅发放基础部署奖励 +1.0
[TemplateMatcher] pause_gear.png -> max conf: 0.908 (needs 0.5, optimal scale: 0.80x)

[STEP 11] 开始执行动作...
[ACTION] AI决定: 选卡 2 -> 放入网格(6,4) -> 朝向 0
         坐标映射: 拖拽从(475,650)至(800,510) -> 方向滑动至(800,360)
[ACTION] ⛔ Fast-Fail! 目标网格(6,4)非绿色高亮(绿像素:0)。取消拖拽。
[REWARD] 执行前血条数: 2 -> 最终确认血条数: 0
[REWARD] ⛔ 非法区域/无费用，已被 CV 阻断。奖励 -0.5 (连续无作为: 1次)
[TemplateMatcher] pause_gear.png -> max conf: 0.907 (needs 0.5, optimal scale: 0.80x)

[STEP 12] 开始执行动作...
[ACTION] AI决定: 选卡 4 -> 放入网格(3,1) -> 朝向 1
         坐标映射: 拖拽从(655,650)至(500,270) -> 方向滑动至(500,420)
[ACTION] ⛔ Fast-Fail! 目标网格(3,1)非绿色高亮(绿像素:0)。取消拖拽。
[REWARD] 执行前血条数: 2 -> 最终确认血条数: 0
[REWARD] ⛔ 非法区域/无费用，已被 CV 阻断。奖励 -0.5 (连续无作为: 2次)
[TemplateMatcher] pause_gear.png -> max conf: 0.907 (needs 0.5, optimal scale: 0.80x)

[STEP 13] 开始执行动作...
[ACTION] AI决定: 选卡 2 -> 放入网格(4,3) -> 朝向 2
         坐标映射: 拖拽从(475,650)至(600,430) -> 方向滑动至(450,430)
[ACTION] ⛔ Fast-Fail! 目标网格(4,3)非绿色高亮(绿像素:0)。取消拖拽。
[REWARD] 执行前血条数: 2 -> 最终确认血条数: 0
[REWARD] ⛔ 非法区域/无费用，已被 CV 阻断。奖励 -0.5 (连续无作为: 3次)
[TemplateMatcher] pause_gear.png -> max conf: 0.907 (needs 0.5, optimal scale: 0.80x)

[STEP 14] 开始执行动作...
[ACTION] AI决定: 选卡 6 -> 放入网格(0,2) -> 朝向 0
         坐标映射: 拖拽从(835,650)至(200,350) -> 方向滑动至(200,200)
[ACTION] ⛔ Fast-Fail! 目标网格(0,2)非绿色高亮(绿像素:0)。取消拖拽。
[REWARD] 执行前血条数: 2 -> 最终确认血条数: 0
[REWARD] ⛔ 非法区域/无费用，已被 CV 阻断。奖励 -0.5 (连续无作为: 4次)
[TemplateMatcher] pause_gear.png -> max conf: 0.908 (needs 0.5, optimal scale: 0.80x)

[STEP 15] 开始执行动作...
[ACTION] AI决定: 选卡 0 -> 放入网格(6,0) -> 朝向 2
         坐标映射: 拖拽从(295,650)至(800,190) -> 方向滑动至(650,190)
[ACTION] ⛔ Fast-Fail! 目标网格(6,0)非绿色高亮(绿像素:0)。取消拖拽。
[REWARD] 执行前血条数: 2 -> 最终确认血条数: 0
[REWARD] ⛔ 非法区域/无费用，已被 CV 阻断。奖励 -0.5 (连续无作为: 5次)
[TemplateMatcher] pause_gear.png -> max conf: 0.907 (needs 0.5, optimal scale: 0.80x)

[STEP 16] 开始执行动作...
[ACTION] AI决定: 选卡 1 -> 放入网格(8,1) -> 朝向 1
         坐标映射: 拖拽从(385,650)至(1000,270) -> 方向滑动至(1000,420)
[ACTION] ⛔ Fast-Fail! 目标网格(8,1)非绿色高亮(绿像素:0)。取消拖拽。
[REWARD] 执行前血条数: 2 -> 最终确认血条数: 0
[REWARD] ⛔ 非法区域/无费用，已被 CV 阻断。奖励 -0.5 (连续无作为: 6次)
[TemplateMatcher] pause_gear.png -> max conf: 0.907 (needs 0.5, optimal scale: 0.80x)

[STEP 17] 开始执行动作...
[ACTION] AI决定: 选卡 0 -> 放入网格(3,2) -> 朝向 0
         坐标映射: 拖拽从(295,650)至(500,350) -> 方向滑动至(500,200)
[ACTION] ⛔ Fast-Fail! 目标网格(3,2)非绿色高亮(绿像素:0)。取消拖拽。
[REWARD] 执行前血条数: 2 -> 最终确认血条数: 0
[REWARD] ⛔ 非法区域/无费用，已被 CV 阻断。奖励 -0.5 (连续无作为: 7次)
[TemplateMatcher] pause_gear.png -> max conf: 0.908 (needs 0.5, optimal scale: 0.80x)

[STEP 18] 开始执行动作...
[ACTION] AI决定: 选卡 2 -> 放入网格(1,2) -> 朝向 1
         坐标映射: 拖拽从(475,650)至(300,350) -> 方向滑动至(300,500)
[ACTION] ⛔ Fast-Fail! 目标网格(1,2)非绿色高亮(绿像素:0)。取消拖拽。
[REWARD] 执行前血条数: 2 -> 最终确认血条数: 0
[REWARD] ⛔ 非法区域/无费用，已被 CV 阻断。奖励 -0.5 (连续无作为: 8次)
[TemplateMatcher] pause_gear.png -> max conf: 0.907 (needs 0.5, optimal scale: 0.80x)

[STEP 19] 开始执行动作...
[ACTION] AI决定: 选卡 8 -> 放入网格(7,1) -> 朝向 1
         坐标映射: 拖拽从(1015,650)至(900,270) -> 方向滑动至(900,420)
[ACTION] ⛔ Fast-Fail! 目标网格(7,1)非绿色高亮(绿像素:0)。取消拖拽。
[REWARD] 执行前血条数: 2 -> 最终确认血条数: 0
[REWARD] ⛔ 非法区域/无费用，已被 CV 阻断。奖励 -0.5 (连续无作为: 9次)
[TemplateMatcher] pause_gear.png -> max conf: 0.907 (needs 0.5, optimal scale: 0.80x)

[STEP 20] 开始执行动作...
[ACTION] AI决定: 选卡 2 -> 放入网格(4,3) -> 朝向 1
         坐标映射: 拖拽从(475,650)至(600,430) -> 方向滑动至(600,580)
[ACTION] ⛔ Fast-Fail! 目标网格(4,3)非绿色高亮(绿像素:0)。取消拖拽。
[REWARD] 执行前血条数: 2 -> 最终确认血条数: 0
[REWARD] ⛔ 非法区域/无费用，已被 CV 阻断。奖励 -0.5 (连续无作为: 10次)
[TemplateMatcher] pause_gear.png -> max conf: 0.907 (needs 0.5, optimal scale: 0.80x)

[STEP 21] 开始执行动作...
[ACTION] AI决定: 选卡 2 -> 放入网格(3,0) -> 朝向 1
         坐标映射: 拖拽从(475,650)至(500,190) -> 方向滑动至(500,340)
[ACTION] ⛔ Fast-Fail! 目标网格(3,0)非绿色高亮(绿像素:4)。取消拖拽。
[REWARD] 执行前血条数: 2 -> 最终确认血条数: 0
[REWARD] ⛔ 非法区域/无费用，已被 CV 阻断。奖励 -0.5 (连续无作为: 11次)
[TemplateMatcher] pause_gear.png -> max conf: 0.907 (needs 0.5, optimal scale: 0.80x)

[STEP 22] 开始执行动作...
[ACTION] AI决定: 选卡 6 -> 放入网格(7,4) -> 朝向 1
         坐标映射: 拖拽从(835,650)至(900,510) -> 方向滑动至(900,660)
[ACTION] ⛔ Fast-Fail! 目标网格(7,4)非绿色高亮(绿像素:0)。取消拖拽。
[REWARD] 执行前血条数: 2 -> 最终确认血条数: 0
[REWARD] ⛔ 非法区域/无费用，已被 CV 阻断。奖励 -0.5 (连续无作为: 12次)
[TemplateMatcher] pause_gear.png -> max conf: 0.907 (needs 0.5, optimal scale: 0.80x)

[STEP 23] 开始执行动作...
[ACTION] AI决定: 选卡 0 -> 放入网格(1,2) -> 朝向 3
         坐标映射: 拖拽从(295,650)至(300,350) -> 方向滑动至(450,350)
[ACTION] ⛔ Fast-Fail! 目标网格(1,2)非绿色高亮(绿像素:1)。取消拖拽。
[REWARD] 执行前血条数: 2 -> 最终确认血条数: 0
[REWARD] ⛔ 非法区域/无费用，已被 CV 阻断。奖励 -0.5 (连续无作为: 13次)
[TemplateMatcher] pause_gear.png -> max conf: 0.907 (needs 0.5, optimal scale: 0.80x)

[STEP 24] 开始执行动作...
[ACTION] AI决定: 选卡 8 -> 放入网格(8,3) -> 朝向 2
         坐标映射: 拖拽从(1015,650)至(1000,430) -> 方向滑动至(850,430)
[ACTION] ⛔ Fast-Fail! 目标网格(8,3)非绿色高亮(绿像素:0)。取消拖拽。
[REWARD] 执行前血条数: 2 -> 最终确认血条数: 0
[REWARD] ⛔ 非法区域/无费用，已被 CV 阻断。奖励 -0.5 (连续无作为: 14次)
[TemplateMatcher] pause_gear.png -> max conf: 0.907 (needs 0.5, optimal scale: 0.80x)

[STEP 25] 开始执行动作...
[ACTION] AI决定: 选卡 1 -> 放入网格(0,4) -> 朝向 1
         坐标映射: 拖拽从(385,650)至(200,510) -> 方向滑动至(200,660)
[ACTION] ⛔ Fast-Fail! 目标网格(0,4)非绿色高亮(绿像素:0)。取消拖拽。
[REWARD] 执行前血条数: 2 -> 最终确认血条数: 0
[REWARD] ⛔ 非法区域/无费用，已被 CV 阻断。奖励 -0.5 (连续无作为: 15次)
[TemplateMatcher] pause_gear.png -> max conf: 0.907 (needs 0.5, optimal scale: 0.80x)

[STEP 26] 开始执行动作...
[ACTION] AI决定: 选卡 3 -> 放入网格(8,2) -> 朝向 1
         坐标映射: 拖拽从(565,650)至(1000,350) -> 方向滑动至(1000,500)
[ACTION] ⛔ Fast-Fail! 目标网格(8,2)非绿色高亮(绿像素:0)。取消拖拽。
[REWARD] 执行前血条数: 2 -> 最终确认血条数: 0
[REWARD] ⛔ 非法区域/无费用，已被 CV 阻断。奖励 -0.5 (连续无作为: 16次)
[TemplateMatcher] pause_gear.png -> max conf: 0.907 (needs 0.5, optimal scale: 0.80x)

[STEP 27] 开始执行动作...
[ACTION] AI决定: 选卡 5 -> 放入网格(0,2) -> 朝向 2
         坐标映射: 拖拽从(745,650)至(200,350) -> 方向滑动至(50,350)
[ACTION] ⛔ Fast-Fail! 目标网格(0,2)非绿色高亮(绿像素:0)。取消拖拽。
[REWARD] 执行前血条数: 2 -> 最终确认血条数: 0
[REWARD] ⛔ 非法区域/无费用，已被 CV 阻断。奖励 -0.5 (连续无作为: 17次)
[TemplateMatcher] pause_gear.png -> max conf: 0.907 (needs 0.5, optimal scale: 0.80x)

[STEP 28] 开始执行动作...
[ACTION] AI决定: 选卡 5 -> 放入网格(3,0) -> 朝向 0
         坐标映射: 拖拽从(745,650)至(500,190) -> 方向滑动至(500,40)
[ACTION] ⛔ Fast-Fail! 目标网格(3,0)非绿色高亮(绿像素:0)。取消拖拽。
[REWARD] 执行前血条数: 2 -> 最终确认血条数: 0
[REWARD] ⛔ 非法区域/无费用，已被 CV 阻断。奖励 -0.5 (连续无作为: 18次)
[TemplateMatcher] pause_gear.png -> max conf: 0.907 (needs 0.5, optimal scale: 0.80x)

[STEP 29] 开始执行动作...
[ACTION] AI决定: 💤 挂机 (Skip / Wait for Cost)
[REWARD] 执行前血条数: 2 -> 最终确认血条数: 0
[REWARD] 💤 AI 主动挂机等费用，只扣除微小时间惩罚 -0.01
[TemplateMatcher] pause_gear.png -> max conf: 0.907 (needs 0.5, optimal scale: 0.80x)

[STEP 30] 开始执行动作...
[ACTION] AI决定: 选卡 8 -> 放入网格(4,4) -> 朝向 1
         坐标映射: 拖拽从(1015,650)至(600,510) -> 方向滑动至(600,660)
[ACTION] ⛔ Fast-Fail! 目标网格(4,4)非绿色高亮(绿像素:0)。取消拖拽。
[REWARD] 执行前血条数: 2 -> 最终确认血条数: 0
[REWARD] ⛔ 非法区域/无费用，已被 CV 阻断。奖励 -0.5 (连续无作为: 1次)
[TemplateMatcher] pause_gear.png -> max conf: 0.908 (needs 0.5, optimal scale: 0.80x)

[STEP 31] 开始执行动作...
[ACTION] AI决定: 选卡 5 -> 放入网格(7,2) -> 朝向 3
         坐标映射: 拖拽从(745,650)至(900,350) -> 方向滑动至(1050,350)
[ACTION] ⛔ Fast-Fail! 目标网格(7,2)非绿色高亮(绿像素:0)。取消拖拽。
[REWARD] 执行前血条数: 2 -> 最终确认血条数: 0
[REWARD] ⛔ 非法区域/无费用，已被 CV 阻断。奖励 -0.5 (连续无作为: 2次)
[TemplateMatcher] pause_gear.png -> max conf: 0.908 (needs 0.5, optimal scale: 0.80x)

[STEP 32] 开始执行动作...
[ACTION] AI决定: 选卡 2 -> 放入网格(2,4) -> 朝向 1
         坐标映射: 拖拽从(475,650)至(400,510) -> 方向滑动至(400,660)
[ACTION] ⛔ Fast-Fail! 目标网格(2,4)非绿色高亮(绿像素:0)。取消拖拽。
[REWARD] 执行前血条数: 2 -> 最终确认血条数: 0
[REWARD] ⛔ 非法区域/无费用，已被 CV 阻断。奖励 -0.5 (连续无作为: 3次)
[TemplateMatcher] pause_gear.png -> max conf: 0.907 (needs 0.5, optimal scale: 0.80x)

[STEP 33] 开始执行动作...
[ACTION] AI决定: 选卡 9 -> 放入网格(0,2) -> 朝向 1
         坐标映射: 拖拽从(1105,650)至(200,350) -> 方向滑动至(200,500)
[ACTION] ⛔ Fast-Fail! 目标网格(0,2)非绿色高亮(绿像素:0)。取消拖拽。
[REWARD] 执行前血条数: 2 -> 最终确认血条数: 0
[REWARD] ⛔ 非法区域/无费用，已被 CV 阻断。奖励 -0.5 (连续无作为: 4次)
[TemplateMatcher] pause_gear.png -> max conf: 0.907 (needs 0.5, optimal scale: 0.80x)

[STEP 34] 开始执行动作...
[ACTION] AI决定: 选卡 5 -> 放入网格(8,4) -> 朝向 0
         坐标映射: 拖拽从(745,650)至(1000,510) -> 方向滑动至(1000,360)
[ACTION] ⛔ Fast-Fail! 目标网格(8,4)非绿色高亮(绿像素:0)。取消拖拽。
[REWARD] 执行前血条数: 2 -> 最终确认血条数: 0
[REWARD] ⛔ 非法区域/无费用，已被 CV 阻断。奖励 -0.5 (连续无作为: 5次)
[TemplateMatcher] pause_gear.png -> max conf: 0.907 (needs 0.5, optimal scale: 0.80x)

[STEP 35] 开始执行动作...
[ACTION] AI决定: 选卡 2 -> 放入网格(8,0) -> 朝向 0
         坐标映射: 拖拽从(475,650)至(1000,190) -> 方向滑动至(1000,40)
[ACTION] ⛔ Fast-Fail! 目标网格(8,0)非绿色高亮(绿像素:0)。取消拖拽。
[REWARD] 执行前血条数: 2 -> 最终确认血条数: 0
[REWARD] ⛔ 非法区域/无费用，已被 CV 阻断。奖励 -0.5 (连续无作为: 6次)
[TemplateMatcher] pause_gear.png -> max conf: 0.907 (needs 0.5, optimal scale: 0.80x)

[STEP 36] 开始执行动作...
[ACTION] AI决定: 选卡 8 -> 放入网格(0,4) -> 朝向 2
         坐标映射: 拖拽从(1015,650)至(200,510) -> 方向滑动至(50,510)
[ACTION] ⛔ Fast-Fail! 目标网格(0,4)非绿色高亮(绿像素:0)。取消拖拽。
[REWARD] 执行前血条数: 2 -> 最终确认血条数: 0
[REWARD] ⛔ 非法区域/无费用，已被 CV 阻断。奖励 -0.5 (连续无作为: 7次)
[TemplateMatcher] pause_gear.png -> max conf: 0.907 (needs 0.5, optimal scale: 0.80x)

[STEP 37] 开始执行动作...
[ACTION] AI决定: 选卡 2 -> 放入网格(7,2) -> 朝向 2
         坐标映射: 拖拽从(475,650)至(900,350) -> 方向滑动至(750,350)
[ACTION] ⛔ Fast-Fail! 目标网格(7,2)非绿色高亮(绿像素:0)。取消拖拽。
[REWARD] 执行前血条数: 2 -> 最终确认血条数: 0
[REWARD] ⛔ 非法区域/无费用，已被 CV 阻断。奖励 -0.5 (连续无作为: 8次)
[TemplateMatcher] pause_gear.png -> max conf: 0.907 (needs 0.5, optimal scale: 0.80x)

[STEP 38] 开始执行动作...
[ACTION] AI决定: 选卡 3 -> 放入网格(7,4) -> 朝向 2
         坐标映射: 拖拽从(565,650)至(900,510) -> 方向滑动至(750,510)
[ACTION] ✅ CV校验通过！网格(7,4)具有高亮绿色(像素:672)，准许拖拽。
[REWARD] 动作已执行，开始 3 次心跳检测 (间隔 0.2s)...
[REWARD] ✅ 第 1 次检测命中目标干员血条！
[REWARD] 执行前血条数: 2 -> 最终确认血条数: 2
[REWARD] ⚔️ 完美朝向！正对敌人 (角度: 203.0°)，巨额奖励 +8.0
[TemplateMatcher] pause_gear.png -> max conf: 0.907 (needs 0.5, optimal scale: 0.80x)

[STEP 39] 开始执行动作...
[ACTION] AI决定: 选卡 1 -> 放入网格(8,2) -> 朝向 3
         坐标映射: 拖拽从(385,650)至(1000,350) -> 方向滑动至(1150,350)
[ACTION] ⛔ Fast-Fail! 目标网格(8,2)非绿色高亮(绿像素:0)。取消拖拽。
[REWARD] 执行前血条数: 2 -> 最终确认血条数: 0
[REWARD] ⛔ 非法区域/无费用，已被 CV 阻断。奖励 -0.5 (连续无作为: 1次)
[TemplateMatcher] pause_gear.png -> max conf: 0.907 (needs 0.5, optimal scale: 0.80x)

[STEP 40] 开始执行动作...
[ACTION] AI决定: 选卡 2 -> 放入网格(8,4) -> 朝向 1
         坐标映射: 拖拽从(475,650)至(1000,510) -> 方向滑动至(1000,660)
[ACTION] ⛔ Fast-Fail! 目标网格(8,4)非绿色高亮(绿像素:0)。取消拖拽。
[REWARD] 执行前血条数: 2 -> 最终确认血条数: 0
[REWARD] ⛔ 非法区域/无费用，已被 CV 阻断。奖励 -0.5 (连续无作为: 2次)
[TemplateMatcher] pause_gear.png -> max conf: 0.907 (needs 0.5, optimal scale: 0.80x)

[STEP 41] 开始执行动作...
[ACTION] AI决定: 💤 挂机 (Skip / Wait for Cost)
[REWARD] 执行前血条数: 2 -> 最终确认血条数: 0
[REWARD] 💤 AI 主动挂机等费用，只扣除微小时间惩罚 -0.01
[TemplateMatcher] pause_gear.png -> max conf: 0.907 (needs 0.5, optimal scale: 0.80x)

[STEP 42] 开始执行动作...
[ACTION] AI决定: 选卡 0 -> 放入网格(9,2) -> 朝向 2
         坐标映射: 拖拽从(295,650)至(1100,350) -> 方向滑动至(950,350)
[ACTION] ⛔ Fast-Fail! 目标网格(9,2)非绿色高亮(绿像素:15)。取消拖拽。
[REWARD] 执行前血条数: 2 -> 最终确认血条数: 0
[REWARD] ⛔ 非法区域/无费用，已被 CV 阻断。奖励 -0.5 (连续无作为: 1次)
[TemplateMatcher] pause_gear.png -> max conf: 0.907 (needs 0.5, optimal scale: 0.80x)

[STEP 43] 开始执行动作...
[ACTION] AI决定: 选卡 2 -> 放入网格(8,4) -> 朝向 3
         坐标映射: 拖拽从(475,650)至(1000,510) -> 方向滑动至(1150,510)
[ACTION] ⛔ Fast-Fail! 目标网格(8,4)非绿色高亮(绿像素:0)。取消拖拽。
[REWARD] 执行前血条数: 2 -> 最终确认血条数: 0
[REWARD] ⛔ 非法区域/无费用，已被 CV 阻断。奖励 -0.5 (连续无作为: 2次)
[TemplateMatcher] pause_gear.png -> max conf: 0.907 (needs 0.5, optimal scale: 0.80x)

[STEP 44] 开始执行动作...
[ACTION] AI决定: 选卡 2 -> 放入网格(5,2) -> 朝向 1
         坐标映射: 拖拽从(475,650)至(700,350) -> 方向滑动至(700,500)
[ACTION] ✅ CV校验通过！网格(5,2)具有高亮绿色(像素:21)，准许拖拽。
[REWARD] 动作已执行，开始 3 次心跳检测 (间隔 0.2s)...
[REWARD] ✅ 第 1 次检测命中目标干员血条！
[REWARD] 执行前血条数: 2 -> 最终确认血条数: 2
[REWARD] 场上暂无移动目标，仅发放基础部署奖励 +1.0
[TemplateMatcher] pause_gear.png -> max conf: 0.909 (needs 0.5, optimal scale: 0.80x)

[STEP 45] 开始执行动作...
[ACTION] AI决定: 选卡 9 -> 放入网格(9,1) -> 朝向 1
         坐标映射: 拖拽从(1105,650)至(1100,270) -> 方向滑动至(1100,420)
[ACTION] ⛔ Fast-Fail! 目标网格(9,1)非绿色高亮(绿像素:0)。取消拖拽。
[REWARD] 执行前血条数: 2 -> 最终确认血条数: 0
[REWARD] ⛔ 非法区域/无费用，已被 CV 阻断。奖励 -0.5 (连续无作为: 1次)
[TemplateMatcher] pause_gear.png -> max conf: 0.907 (needs 0.5, optimal scale: 0.80x)

[STEP 46] 开始执行动作...
[ACTION] AI决定: 选卡 4 -> 放入网格(7,2) -> 朝向 2
         坐标映射: 拖拽从(655,650)至(900,350) -> 方向滑动至(750,350)
[ACTION] ⛔ Fast-Fail! 目标网格(7,2)非绿色高亮(绿像素:0)。取消拖拽。
[REWARD] 执行前血条数: 2 -> 最终确认血条数: 0
[REWARD] ⛔ 非法区域/无费用，已被 CV 阻断。奖励 -0.5 (连续无作为: 2次)
[TemplateMatcher] pause_gear.png -> max conf: 0.907 (needs 0.5, optimal scale: 0.80x)
[SAVE] 自动保存进度 (Step 600) -> policy_latest.zip

[STEP 47] 开始执行动作...
[ACTION] AI决定: 选卡 9 -> 放入网格(4,2) -> 朝向 3
         坐标映射: 拖拽从(1105,650)至(600,350) -> 方向滑动至(750,350)
[ACTION] ⛔ Fast-Fail! 目标网格(4,2)非绿色高亮(绿像素:0)。取消拖拽。
[REWARD] 执行前血条数: 2 -> 最终确认血条数: 0
[REWARD] ⛔ 非法区域/无费用，已被 CV 阻断。奖励 -0.5 (连续无作为: 3次)
[TemplateMatcher] pause_gear.png -> max conf: 0.908 (needs 0.5, optimal scale: 0.80x)

[STEP 48] 开始执行动作...
[ACTION] AI决定: 选卡 8 -> 放入网格(5,2) -> 朝向 2
         坐标映射: 拖拽从(1015,650)至(700,350) -> 方向滑动至(550,350)
[ACTION] ⛔ Fast-Fail! 目标网格(5,2)非绿色高亮(绿像素:0)。取消拖拽。
[REWARD] 执行前血条数: 2 -> 最终确认血条数: 0
[REWARD] ⛔ 非法区域/无费用，已被 CV 阻断。奖励 -0.5 (连续无作为: 4次)
[TemplateMatcher] pause_gear.png -> max conf: 0.907 (needs 0.5, optimal scale: 0.80x)

[STEP 49] 开始执行动作...
[ACTION] AI决定: 选卡 2 -> 放入网格(3,4) -> 朝向 3
         坐标映射: 拖拽从(475,650)至(500,510) -> 方向滑动至(650,510)
[ACTION] ⛔ Fast-Fail! 目标网格(3,4)非绿色高亮(绿像素:0)。取消拖拽。
[REWARD] 执行前血条数: 2 -> 最终确认血条数: 0
[REWARD] ⛔ 非法区域/无费用，已被 CV 阻断。奖励 -0.5 (连续无作为: 5次)
[TemplateMatcher] pause_gear.png -> max conf: 0.907 (needs 0.5, optimal scale: 0.80x)

[STEP 50] 开始执行动作...
[ACTION] AI决定: 选卡 9 -> 放入网格(0,1) -> 朝向 3
         坐标映射: 拖拽从(1105,650)至(200,270) -> 方向滑动至(350,270)
[ACTION] ⛔ Fast-Fail! 目标网格(0,1)非绿色高亮(绿像素:0)。取消拖拽。
[REWARD] 执行前血条数: 2 -> 最终确认血条数: 0
[REWARD] ⛔ 非法区域/无费用，已被 CV 阻断。奖励 -0.5 (连续无作为: 6次)
[TemplateMatcher] pause_gear.png -> max conf: 0.908 (needs 0.5, optimal scale: 0.80x)

[STEP 51] 开始执行动作...
[ACTION] AI决定: 选卡 9 -> 放入网格(5,2) -> 朝向 2
         坐标映射: 拖拽从(1105,650)至(700,350) -> 方向滑动至(550,350)
[ACTION] ✅ CV校验通过！网格(5,2)具有高亮绿色(像素:25)，准许拖拽。
[REWARD] 动作已执行，开始 3 次心跳检测 (间隔 0.2s)...
[REWARD] ✅ 第 1 次检测命中目标干员血条！
[REWARD] 执行前血条数: 2 -> 最终确认血条数: 2
[REWARD] ⚔️ 完美朝向！正对敌人 (角度: 152.4°)，巨额奖励 +8.0
[TemplateMatcher] pause_gear.png -> max conf: 0.908 (needs 0.5, optimal scale: 0.80x)

[STEP 52] 开始执行动作...
[ACTION] AI决定: 选卡 5 -> 放入网格(7,1) -> 朝向 0
         坐标映射: 拖拽从(745,650)至(900,270) -> 方向滑动至(900,120)
[ACTION] ⛔ Fast-Fail! 目标网格(7,1)非绿色高亮(绿像素:0)。取消拖拽。
[REWARD] 执行前血条数: 2 -> 最终确认血条数: 0
[REWARD] ⛔ 非法区域/无费用，已被 CV 阻断。奖励 -0.5 (连续无作为: 1次)
[TemplateMatcher] pause_gear.png -> max conf: 0.908 (needs 0.5, optimal scale: 0.80x)

[STEP 53] 开始执行动作...
[ACTION] AI决定: 选卡 2 -> 放入网格(8,1) -> 朝向 1
         坐标映射: 拖拽从(475,650)至(1000,270) -> 方向滑动至(1000,420)
[ACTION] ⛔ Fast-Fail! 目标网格(8,1)非绿色高亮(绿像素:0)。取消拖拽。
[REWARD] 执行前血条数: 2 -> 最终确认血条数: 0
[REWARD] ⛔ 非法区域/无费用，已被 CV 阻断。奖励 -0.5 (连续无作为: 2次)
[TemplateMatcher] pause_gear.png -> max conf: 0.907 (needs 0.5, optimal scale: 0.80x)

[STEP 54] 开始执行动作...
[ACTION] AI决定: 选卡 3 -> 放入网格(8,3) -> 朝向 2
         坐标映射: 拖拽从(565,650)至(1000,430) -> 方向滑动至(850,430)
[ACTION] ⛔ Fast-Fail! 目标网格(8,3)非绿色高亮(绿像素:0)。取消拖拽。
[REWARD] 执行前血条数: 2 -> 最终确认血条数: 0
[REWARD] ⛔ 非法区域/无费用，已被 CV 阻断。奖励 -0.5 (连续无作为: 3次)
[TemplateMatcher] pause_gear.png -> max conf: 0.907 (needs 0.5, optimal scale: 0.80x)

[STEP 55] 开始执行动作...
[ACTION] AI决定: 选卡 1 -> 放入网格(7,4) -> 朝向 0
         坐标映射: 拖拽从(385,650)至(900,510) -> 方向滑动至(900,360)
[ACTION] ✅ CV校验通过！网格(7,4)具有高亮绿色(像素:672)，准许拖拽。
[REWARD] 动作已执行，开始 3 次心跳检测 (间隔 0.2s)...
[REWARD] ✅ 第 1 次检测命中目标干员血条！
[REWARD] 执行前血条数: 2 -> 最终确认血条数: 3
[REWARD] ⚔️ 完美朝向！正对敌人 (角度: 242.7°)，巨额奖励 +8.0
[TemplateMatcher] pause_gear.png -> max conf: 0.908 (needs 0.5, optimal scale: 0.80x)

[STEP 56] 开始执行动作...
[ACTION] AI决定: 选卡 5 -> 放入网格(6,4) -> 朝向 1
         坐标映射: 拖拽从(745,650)至(800,510) -> 方向滑动至(800,660)
[ACTION] ⛔ Fast-Fail! 目标网格(6,4)非绿色高亮(绿像素:0)。取消拖拽。
[REWARD] 执行前血条数: 3 -> 最终确认血条数: 0
[REWARD] ⛔ 非法区域/无费用，已被 CV 阻断。奖励 -0.5 (连续无作为: 1次)
[TemplateMatcher] pause_gear.png -> max conf: 0.907 (needs 0.5, optimal scale: 0.80x)

[STEP 57] 开始执行动作...
[ACTION] AI决定: 选卡 4 -> 放入网格(0,0) -> 朝向 0
         坐标映射: 拖拽从(655,650)至(200,190) -> 方向滑动至(200,40)
[ACTION] ⛔ Fast-Fail! 目标网格(0,0)非绿色高亮(绿像素:0)。取消拖拽。
[REWARD] 执行前血条数: 3 -> 最终确认血条数: 0
[REWARD] ⛔ 非法区域/无费用，已被 CV 阻断。奖励 -0.5 (连续无作为: 2次)
[TemplateMatcher] pause_gear.png -> max conf: 0.908 (needs 0.5, optimal scale: 0.80x)

[STEP 58] 开始执行动作...
[ACTION] AI决定: 选卡 0 -> 放入网格(3,4) -> 朝向 2
         坐标映射: 拖拽从(295,650)至(500,510) -> 方向滑动至(350,510)
[ACTION] ⛔ Fast-Fail! 目标网格(3,4)非绿色高亮(绿像素:0)。取消拖拽。
[REWARD] 执行前血条数: 3 -> 最终确认血条数: 0
[REWARD] ⛔ 非法区域/无费用，已被 CV 阻断。奖励 -0.5 (连续无作为: 3次)
[TemplateMatcher] pause_gear.png -> max conf: 0.908 (needs 0.5, optimal scale: 0.80x)

[STEP 59] 开始执行动作...
[ACTION] AI决定: 选卡 9 -> 放入网格(8,3) -> 朝向 2
         坐标映射: 拖拽从(1105,650)至(1000,430) -> 方向滑动至(850,430)
[ACTION] ⛔ Fast-Fail! 目标网格(8,3)非绿色高亮(绿像素:0)。取消拖拽。
[REWARD] 执行前血条数: 3 -> 最终确认血条数: 0
[REWARD] ⛔ 非法区域/无费用，已被 CV 阻断。奖励 -0.5 (连续无作为: 4次)
[TemplateMatcher] pause_gear.png -> max conf: 0.908 (needs 0.5, optimal scale: 0.80x)

[STEP 60] 开始执行动作...
[ACTION] AI决定: 选卡 6 -> 放入网格(9,3) -> 朝向 1
         坐标映射: 拖拽从(835,650)至(1100,430) -> 方向滑动至(1100,580)
[ACTION] ✅ CV校验通过！网格(9,3)具有高亮绿色(像素:97)，准许拖拽。
[REWARD] 动作已执行，开始 3 次心跳检测 (间隔 0.2s)...
[REWARD] ❌ 第 1 次未检测到目标血条...
[REWARD] ❌ 第 2 次未检测到目标血条...
[REWARD] ❌ 第 3 次未检测到目标血条...
[REWARD] 执行前血条数: 3 -> 最终确认血条数: 3
[REWARD] 部署失败，计算前后帧 MSE (均方误差) = 153.58
[REWARD] 画面未发生明显变化(非法部署)。奖励 -0.5 (连续无作为: 5次)
[TemplateMatcher] pause_gear.png -> max conf: 0.908 (needs 0.5, optimal scale: 0.80x)

[STEP 61] 开始执行动作...
[ACTION] AI决定: 💤 挂机 (Skip / Wait for Cost)
[REWARD] 执行前血条数: 3 -> 最终确认血条数: 0
[REWARD] 💤 AI 主动挂机等费用，只扣除微小时间惩罚 -0.01
[TemplateMatcher] pause_gear.png -> max conf: 0.908 (needs 0.5, optimal scale: 0.80x)

[STEP 62] 开始执行动作...
[ACTION] AI决定: 选卡 5 -> 放入网格(4,4) -> 朝向 2
         坐标映射: 拖拽从(745,650)至(600,510) -> 方向滑动至(450,510)
[ACTION] ⛔ Fast-Fail! 目标网格(4,4)非绿色高亮(绿像素:0)。取消拖拽。
[REWARD] 执行前血条数: 3 -> 最终确认血条数: 0
[REWARD] ⛔ 非法区域/无费用，已被 CV 阻断。奖励 -0.5 (连续无作为: 1次)
[TemplateMatcher] pause_gear.png -> max conf: 0.908 (needs 0.5, optimal scale: 0.80x)

[STEP 63] 开始执行动作...
[ACTION] AI决定: 选卡 5 -> 放入网格(8,1) -> 朝向 2
         坐标映射: 拖拽从(745,650)至(1000,270) -> 方向滑动至(850,270)
[ACTION] ✅ CV校验通过！网格(8,1)具有高亮绿色(像素:323)，准许拖拽。
[REWARD] 动作已执行，开始 3 次心跳检测 (间隔 0.2s)...
[REWARD] ❌ 第 1 次未检测到目标血条...
[REWARD] ❌ 第 2 次未检测到目标血条...
[REWARD] ❌ 第 3 次未检测到目标血条...
[REWARD] 执行前血条数: 3 -> 最终确认血条数: 3
[REWARD] 部署失败，计算前后帧 MSE (均方误差) = 290.51
[REWARD] 画面未发生明显变化(非法部署)。奖励 -0.5 (连续无作为: 2次)
[TemplateMatcher] pause_gear.png -> max conf: 0.908 (needs 0.5, optimal scale: 0.80x)

[STEP 64] 开始执行动作...
[ACTION] AI决定: 选卡 8 -> 放入网格(0,4) -> 朝向 3
         坐标映射: 拖拽从(1015,650)至(200,510) -> 方向滑动至(350,510)
[ACTION] ⛔ Fast-Fail! 目标网格(0,4)非绿色高亮(绿像素:0)。取消拖拽。
[REWARD] 执行前血条数: 3 -> 最终确认血条数: 0
[REWARD] ⛔ 非法区域/无费用，已被 CV 阻断。奖励 -0.5 (连续无作为: 3次)
[TemplateMatcher] pause_gear.png -> max conf: 0.908 (needs 0.5, optimal scale: 0.80x)

[STEP 65] 开始执行动作...
[ACTION] AI决定: 选卡 9 -> 放入网格(1,3) -> 朝向 0
         坐标映射: 拖拽从(1105,650)至(300,430) -> 方向滑动至(300,280)
[ACTION] ⛔ Fast-Fail! 目标网格(1,3)非绿色高亮(绿像素:0)。取消拖拽。
[REWARD] 执行前血条数: 3 -> 最终确认血条数: 0
[REWARD] ⛔ 非法区域/无费用，已被 CV 阻断。奖励 -0.5 (连续无作为: 4次)
[TemplateMatcher] pause_gear.png -> max conf: 0.908 (needs 0.5, optimal scale: 0.80x)

[STEP 66] 开始执行动作...
[ACTION] AI决定: 选卡 4 -> 放入网格(2,0) -> 朝向 3
         坐标映射: 拖拽从(655,650)至(400,190) -> 方向滑动至(550,190)
[ACTION] ✅ CV校验通过！网格(2,0)具有高亮绿色(像素:227)，准许拖拽。
[REWARD] 动作已执行，开始 3 次心跳检测 (间隔 0.2s)...
[REWARD] ❌ 第 1 次未检测到目标血条...
[REWARD] ❌ 第 2 次未检测到目标血条...
[REWARD] ❌ 第 3 次未检测到目标血条...
[REWARD] 执行前血条数: 3 -> 最终确认血条数: 3
[REWARD] 部署失败，计算前后帧 MSE (均方误差) = 325.41
[REWARD] 动作无效，但游戏仍在进行(画面有变化)。奖励 -0.2 (已清空无作为计数器)
[TemplateMatcher] pause_gear.png -> max conf: 0.908 (needs 0.5, optimal scale: 0.80x)

[STEP 67] 开始执行动作...
[ACTION] AI决定: 选卡 9 -> 放入网格(2,4) -> 朝向 2
         坐标映射: 拖拽从(1105,650)至(400,510) -> 方向滑动至(250,510)
[ACTION] ⛔ Fast-Fail! 目标网格(2,4)非绿色高亮(绿像素:0)。取消拖拽。
[REWARD] 执行前血条数: 3 -> 最终确认血条数: 0
[REWARD] ⛔ 非法区域/无费用，已被 CV 阻断。奖励 -0.5 (连续无作为: 1次)
[TemplateMatcher] pause_gear.png -> max conf: 0.908 (needs 0.5, optimal scale: 0.80x)

[STEP 68] 开始执行动作...
[ACTION] AI决定: 选卡 4 -> 放入网格(3,4) -> 朝向 2
         坐标映射: 拖拽从(655,650)至(500,510) -> 方向滑动至(350,510)
[ACTION] ✅ CV校验通过！网格(3,4)具有高亮绿色(像素:900)，准许拖拽。
[REWARD] 动作已执行，开始 3 次心跳检测 (间隔 0.2s)...
[REWARD] ❌ 第 1 次未检测到目标血条...
[REWARD] ✅ 第 2 次检测命中目标干员血条！
[REWARD] 执行前血条数: 3 -> 最终确认血条数: 4
[REWARD] 🛡️ 背对敌人！(角度: 324.5°)，严厉惩罚 -3.0
[TemplateMatcher] pause_gear.png -> max conf: 0.908 (needs 0.5, optimal scale: 0.80x)

[STEP 69] 开始执行动作...
[ACTION] AI决定: 选卡 7 -> 放入网格(8,3) -> 朝向 2
         坐标映射: 拖拽从(925,650)至(1000,430) -> 方向滑动至(850,430)
[ACTION] ✅ CV校验通过！网格(8,3)具有高亮绿色(像素:836)，准许拖拽。
[REWARD] 动作已执行，开始 3 次心跳检测 (间隔 0.2s)...
[REWARD] ❌ 第 1 次未检测到目标血条...
[REWARD] ❌ 第 2 次未检测到目标血条...
[REWARD] ❌ 第 3 次未检测到目标血条...
[REWARD] 执行前血条数: 4 -> 最终确认血条数: 4
[REWARD] 部署失败，计算前后帧 MSE (均方误差) = 495.06
[REWARD] 动作无效，但游戏仍在进行(画面有变化)。奖励 -0.2 (已清空无作为计数器)
[TemplateMatcher] pause_gear.png -> max conf: 0.908 (needs 0.5, optimal scale: 0.80x)

[STEP 70] 开始执行动作...
[ACTION] AI决定: 选卡 2 -> 放入网格(3,4) -> 朝向 2
         坐标映射: 拖拽从(475,650)至(500,510) -> 方向滑动至(350,510)
[ACTION] ⛔ Fast-Fail! 目标网格(3,4)非绿色高亮(绿像素:0)。取消拖拽。
[REWARD] 执行前血条数: 4 -> 最终确认血条数: 0
[REWARD] ⛔ 非法区域/无费用，已被 CV 阻断。奖励 -0.5 (连续无作为: 1次)
[TemplateMatcher] pause_gear.png -> max conf: 0.908 (needs 0.5, optimal scale: 0.80x)

[STEP 71] 开始执行动作...
[ACTION] AI决定: 选卡 3 -> 放入网格(6,4) -> 朝向 1
         坐标映射: 拖拽从(565,650)至(800,510) -> 方向滑动至(800,660)
[ACTION] ✅ CV校验通过！网格(6,4)具有高亮绿色(像素:262)，准许拖拽。
[REWARD] 动作已执行，开始 3 次心跳检测 (间隔 0.2s)...
[REWARD] ❌ 第 1 次未检测到目标血条...
[REWARD] ✅ 第 2 次检测命中目标干员血条！
[REWARD] 执行前血条数: 4 -> 最终确认血条数: 5
[REWARD] 🛡️ 背对敌人！(角度: 221.3°)，严厉惩罚 -3.0
[TemplateMatcher] pause_gear.png -> max conf: 0.909 (needs 0.5, optimal scale: 0.80x)

[STEP 72] 开始执行动作...
[ACTION] AI决定: 选卡 5 -> 放入网格(5,2) -> 朝向 3
         坐标映射: 拖拽从(745,650)至(700,350) -> 方向滑动至(850,350)
[ACTION] ✅ CV校验通过！网格(5,2)具有高亮绿色(像素:74)，准许拖拽。
[REWARD] 动作已执行，开始 3 次心跳检测 (间隔 0.2s)...
[REWARD] ❌ 第 1 次未检测到目标血条...
[REWARD] ❌ 第 2 次未检测到目标血条...
[REWARD] ❌ 第 3 次未检测到目标血条...
[REWARD] 执行前血条数: 5 -> 最终确认血条数: 5
[REWARD] 部署失败，计算前后帧 MSE (均方误差) = 301.40
[REWARD] 动作无效，但游戏仍在进行(画面有变化)。奖励 -0.2 (已清空无作为计数器)
[TemplateMatcher] pause_gear.png -> max conf: 0.908 (needs 0.5, optimal scale: 0.80x)

[STEP 73] 开始执行动作...
[ACTION] AI决定: 选卡 2 -> 放入网格(8,1) -> 朝向 3
         坐标映射: 拖拽从(475,650)至(1000,270) -> 方向滑动至(1150,270)
[ACTION] ✅ CV校验通过！网格(8,1)具有高亮绿色(像素:582)，准许拖拽。
[REWARD] 动作已执行，开始 3 次心跳检测 (间隔 0.2s)...
[REWARD] ❌ 第 1 次未检测到目标血条...
[REWARD] ❌ 第 2 次未检测到目标血条...
[REWARD] ❌ 第 3 次未检测到目标血条...
[REWARD] 执行前血条数: 5 -> 最终确认血条数: 5
[REWARD] 部署失败，计算前后帧 MSE (均方误差) = 423.28
[REWARD] 动作无效，但游戏仍在进行(画面有变化)。奖励 -0.2 (已清空无作为计数器)
[TemplateMatcher] pause_gear.png -> max conf: 0.908 (needs 0.5, optimal scale: 0.80x)

[STEP 74] 开始执行动作...
[ACTION] AI决定: 选卡 2 -> 放入网格(8,2) -> 朝向 1
         坐标映射: 拖拽从(475,650)至(1000,350) -> 方向滑动至(1000,500)
[ACTION] ✅ CV校验通过！网格(8,2)具有高亮绿色(像素:78)，准许拖拽。
[REWARD] 动作已执行，开始 3 次心跳检测 (间隔 0.2s)...
[REWARD] ❌ 第 1 次未检测到目标血条...
[REWARD] ❌ 第 2 次未检测到目标血条...
[REWARD] ❌ 第 3 次未检测到目标血条...
[REWARD] 执行前血条数: 5 -> 最终确认血条数: 5
[REWARD] 部署失败，计算前后帧 MSE (均方误差) = 498.55
[REWARD] 动作无效，但游戏仍在进行(画面有变化)。奖励 -0.2 (已清空无作为计数器)
[TemplateMatcher] pause_gear.png -> max conf: 0.907 (needs 0.5, optimal scale: 0.80x)

[STEP 75] 开始执行动作...
[ACTION] AI决定: 选卡 2 -> 放入网格(5,1) -> 朝向 1
         坐标映射: 拖拽从(475,650)至(700,270) -> 方向滑动至(700,420)
[ACTION] ⛔ Fast-Fail! 目标网格(5,1)非绿色高亮(绿像素:0)。取消拖拽。
[REWARD] 执行前血条数: 5 -> 最终确认血条数: 0
[REWARD] ⛔ 非法区域/无费用，已被 CV 阻断。奖励 -0.5 (连续无作为: 1次)
[TemplateMatcher] pause_gear.png -> max conf: 0.908 (needs 0.5, optimal scale: 0.80x)

[STEP 76] 开始执行动作...
[ACTION] AI决定: 💤 挂机 (Skip / Wait for Cost)
[REWARD] 执行前血条数: 5 -> 最终确认血条数: 0
[REWARD] 💤 AI 主动挂机等费用，只扣除微小时间惩罚 -0.01
[TemplateMatcher] pause_gear.png -> max conf: 0.908 (needs 0.5, optimal scale: 0.80x)

[STEP 77] 开始执行动作...
[ACTION] AI决定: 选卡 5 -> 放入网格(5,2) -> 朝向 0
         坐标映射: 拖拽从(745,650)至(700,350) -> 方向滑动至(700,200)
[ACTION] ✅ CV校验通过！网格(5,2)具有高亮绿色(像素:84)，准许拖拽。
[REWARD] 动作已执行，开始 3 次心跳检测 (间隔 0.2s)...
[REWARD] ❌ 第 1 次未检测到目标血条...
[REWARD] ❌ 第 2 次未检测到目标血条...
[REWARD] ❌ 第 3 次未检测到目标血条...
[REWARD] 执行前血条数: 5 -> 最终确认血条数: 5
[REWARD] 部署失败，计算前后帧 MSE (均方误差) = 581.36
[REWARD] 动作无效，但游戏仍在进行(画面有变化)。奖励 -0.2 (已清空无作为计数器)
[TemplateMatcher] pause_gear.png -> max conf: 0.908 (needs 0.5, optimal scale: 0.80x)

[STEP 78] 开始执行动作...
[ACTION] AI决定: 选卡 7 -> 放入网格(4,0) -> 朝向 3
         坐标映射: 拖拽从(925,650)至(600,190) -> 方向滑动至(750,190)
[ACTION] ✅ CV校验通过！网格(4,0)具有高亮绿色(像素:186)，准许拖拽。
[REWARD] 动作已执行，开始 3 次心跳检测 (间隔 0.2s)...
[REWARD] ❌ 第 1 次未检测到目标血条...
[REWARD] ❌ 第 2 次未检测到目标血条...
[REWARD] ❌ 第 3 次未检测到目标血条...
[REWARD] 执行前血条数: 5 -> 最终确认血条数: 5
[REWARD] 部署失败，计算前后帧 MSE (均方误差) = 394.73
[REWARD] 动作无效，但游戏仍在进行(画面有变化)。奖励 -0.2 (已清空无作为计数器)
[TemplateMatcher] pause_gear.png -> max conf: 0.908 (needs 0.5, optimal scale: 0.80x)

[STEP 79] 开始执行动作...
[ACTION] AI决定: 选卡 8 -> 放入网格(3,1) -> 朝向 1
         坐标映射: 拖拽从(1015,650)至(500,270) -> 方向滑动至(500,420)
[ACTION] ⛔ Fast-Fail! 目标网格(3,1)非绿色高亮(绿像素:0)。取消拖拽。
[REWARD] 执行前血条数: 5 -> 最终确认血条数: 0
[REWARD] ⛔ 非法区域/无费用，已被 CV 阻断。奖励 -0.5 (连续无作为: 1次)
[TemplateMatcher] pause_gear.png -> max conf: 0.907 (needs 0.5, optimal scale: 0.80x)

[STEP 80] 开始执行动作...
[ACTION] AI决定: 选卡 1 -> 放入网格(7,1) -> 朝向 2
         坐标映射: 拖拽从(385,650)至(900,270) -> 方向滑动至(750,270)
[ACTION] ⛔ Fast-Fail! 目标网格(7,1)非绿色高亮(绿像素:0)。取消拖拽。
[REWARD] 执行前血条数: 5 -> 最终确认血条数: 0
[REWARD] ⛔ 非法区域/无费用，已被 CV 阻断。奖励 -0.5 (连续无作为: 2次)
[TemplateMatcher] pause_gear.png -> max conf: 0.908 (needs 0.5, optimal scale: 0.80x)

[STEP 81] 开始执行动作...
[ACTION] AI决定: 选卡 2 -> 放入网格(0,2) -> 朝向 0
         坐标映射: 拖拽从(475,650)至(200,350) -> 方向滑动至(200,200)
[ACTION] ⛔ Fast-Fail! 目标网格(0,2)非绿色高亮(绿像素:0)。取消拖拽。
[REWARD] 执行前血条数: 5 -> 最终确认血条数: 0
[REWARD] ⛔ 非法区域/无费用，已被 CV 阻断。奖励 -0.5 (连续无作为: 3次)
[TemplateMatcher] pause_gear.png -> max conf: 0.908 (needs 0.5, optimal scale: 0.80x)

[STEP 82] 开始执行动作...
[ACTION] AI决定: 选卡 8 -> 放入网格(3,2) -> 朝向 1
         坐标映射: 拖拽从(1015,650)至(500,350) -> 方向滑动至(500,500)
[ACTION] ⛔ Fast-Fail! 目标网格(3,2)非绿色高亮(绿像素:0)。取消拖拽。
[REWARD] 执行前血条数: 5 -> 最终确认血条数: 0
[REWARD] ⛔ 非法区域/无费用，已被 CV 阻断。奖励 -0.5 (连续无作为: 4次)
[TemplateMatcher] pause_gear.png -> max conf: 0.908 (needs 0.5, optimal scale: 0.80x)

[STEP 83] 开始执行动作...
[ACTION] AI决定: 选卡 8 -> 放入网格(3,2) -> 朝向 3
         坐标映射: 拖拽从(1015,650)至(500,350) -> 方向滑动至(650,350)
[ACTION] ⛔ Fast-Fail! 目标网格(3,2)非绿色高亮(绿像素:0)。取消拖拽。
[REWARD] 执行前血条数: 5 -> 最终确认血条数: 0
[REWARD] ⛔ 非法区域/无费用，已被 CV 阻断。奖励 -0.5 (连续无作为: 5次)
[TemplateMatcher] pause_gear.png -> max conf: 0.907 (needs 0.5, optimal scale: 0.80x)

[STEP 84] 开始执行动作...
[ACTION] AI决定: 选卡 7 -> 放入网格(7,4) -> 朝向 3
         坐标映射: 拖拽从(925,650)至(900,510) -> 方向滑动至(1050,510)
[ACTION] ⛔ Fast-Fail! 目标网格(7,4)非绿色高亮(绿像素:0)。取消拖拽。
[REWARD] 执行前血条数: 5 -> 最终确认血条数: 0
[REWARD] ⛔ 非法区域/无费用，已被 CV 阻断。奖励 -0.5 (连续无作为: 6次)
[TemplateMatcher] pause_gear.png -> max conf: 0.907 (needs 0.5, optimal scale: 0.80x)

[STEP 85] 开始执行动作...
[ACTION] AI决定: 选卡 1 -> 放入网格(0,1) -> 朝向 0
         坐标映射: 拖拽从(385,650)至(200,270) -> 方向滑动至(200,120)
[ACTION] ⛔ Fast-Fail! 目标网格(0,1)非绿色高亮(绿像素:0)。取消拖拽。
[REWARD] 执行前血条数: 5 -> 最终确认血条数: 0
[REWARD] ⛔ 非法区域/无费用，已被 CV 阻断。奖励 -0.5 (连续无作为: 7次)
[TemplateMatcher] pause_gear.png -> max conf: 0.908 (needs 0.5, optimal scale: 0.80x)

[STEP 86] 开始执行动作...
[ACTION] AI决定: 选卡 7 -> 放入网格(7,3) -> 朝向 0
         坐标映射: 拖拽从(925,650)至(900,430) -> 方向滑动至(900,280)
[ACTION] ✅ CV校验通过！网格(7,3)具有高亮绿色(像素:900)，准许拖拽。
[REWARD] 动作已执行，开始 3 次心跳检测 (间隔 0.2s)...
[REWARD] ❌ 第 1 次未检测到目标血条...
[REWARD] ❌ 第 2 次未检测到目标血条...
[REWARD] ❌ 第 3 次未检测到目标血条...
[REWARD] 执行前血条数: 5 -> 最终确认血条数: 5
[REWARD] 部署失败，计算前后帧 MSE (均方误差) = 456.20
[REWARD] 动作无效，但游戏仍在进行(画面有变化)。奖励 -0.2 (已清空无作为计数器)
[TemplateMatcher] pause_gear.png -> max conf: 0.908 (needs 0.5, optimal scale: 0.80x)
-----------------------------------------
| time/                   |             |
|    fps                  | 0           |
|    iterations           | 5           |
|    time_elapsed         | 1795        |
|    total_timesteps      | 640         |
| train/                  |             |
|    approx_kl            | 0.038866565 |
|    clip_fraction        | 0.315       |
|    clip_range           | 0.2         |
|    entropy_loss         | -7.31       |
|    explained_variance   | -0.272      |
|    learning_rate        | 0.0003      |
|    loss                 | 4.18        |
|    n_updates            | 40          |
|    policy_gradient_loss | -0.0452     |
|    value_loss           | 14.5        |
-----------------------------------------

[STEP 87] 开始执行动作...
[ACTION] AI决定: 选卡 2 -> 放入网格(0,2) -> 朝向 3
         坐标映射: 拖拽从(475,650)至(200,350) -> 方向滑动至(350,350)
[ACTION] ⛔ Fast-Fail! 目标网格(0,2)非绿色高亮(绿像素:0)。取消拖拽。
[REWARD] 执行前血条数: 0 -> 最终确认血条数: 0
[REWARD] ⛔ 非法区域/无费用，已被 CV 阻断。奖励 -0.5 (连续无作为: 1次)
[TemplateMatcher] pause_gear.png -> max conf: 0.676 (needs 0.5, optimal scale: 0.80x)

[STEP 88] 开始执行动作...
[ACTION] AI决定: 选卡 9 -> 放入网格(2,4) -> 朝向 0
         坐标映射: 拖拽从(1105,650)至(400,510) -> 方向滑动至(400,360)
[ACTION] ⛔ Fast-Fail! 目标网格(2,4)非绿色高亮(绿像素:0)。取消拖拽。
[REWARD] 执行前血条数: 0 -> 最终确认血条数: 0
[REWARD] ⛔ 非法区域/无费用，已被 CV 阻断。奖励 -0.5 (连续无作为: 2次)
[TemplateMatcher] pause_gear.png -> max conf: 0.000 (needs 0.5, optimal scale: 0.80x)
[ENV] ⚠️ 警告：未检测到右上角齿轮图标！(连续 1/3 次)

[STEP 89] 开始执行动作...
[ACTION] AI决定: 选卡 3 -> 放入网格(0,1) -> 朝向 3
         坐标映射: 拖拽从(565,650)至(200,270) -> 方向滑动至(350,270)
[ACTION] ⛔ Fast-Fail! 目标网格(0,1)非绿色高亮(绿像素:0)。取消拖拽。
[REWARD] 执行前血条数: 0 -> 最终确认血条数: 0
[REWARD] ⛔ 非法区域/无费用，已被 CV 阻断。奖励 -0.5 (连续无作为: 3次)
[TemplateMatcher] pause_gear.png -> max conf: 0.000 (needs 0.5, optimal scale: 0.80x)
[ENV] ⚠️ 警告：未检测到右上角齿轮图标！(连续 2/3 次)

[STEP 90] 开始执行动作...
[ACTION] AI决定: 选卡 2 -> 放入网格(6,3) -> 朝向 1
         坐标映射: 拖拽从(475,650)至(800,430) -> 方向滑动至(800,580)
[ACTION] ⛔ Fast-Fail! 目标网格(6,3)非绿色高亮(绿像素:0)。取消拖拽。
[REWARD] 执行前血条数: 0 -> 最终确认血条数: 0
[REWARD] ⛔ 非法区域/无费用，已被 CV 阻断。奖励 -0.5 (连续无作为: 4次)
[TemplateMatcher] pause_gear.png -> max conf: 0.000 (needs 0.5, optimal scale: 0.80x)
[ENV] ⚠️ 警告：未检测到右上角齿轮图标！(连续 3/3 次)
[ENV] 🚨 优先级 2 触发：连续 3 次未检测到战斗界面UI元素，判定游戏已结束！

================= 回合结束，开始自动重启关卡 =================
[TemplateMatcher] pause_gear.png -> max conf: 0.000 (needs 0.7, optimal scale: 0.80x)
[DEBUG] 未匹配 [pause_gear] (要求阈值 0.7)
[TemplateMatcher] start_action.png -> max conf: 0.000 (needs 0.45, optimal scale: 0.80x)
[DEBUG] 未匹配 [start_action] (要求阈值 0.45)
[TemplateMatcher] practice.png -> max conf: 0.000 (needs 0.5, optimal scale: 0.80x)
[DEBUG] 未匹配 [practice] (要求阈值 0.5)
[TemplateMatcher] stage_1_7.png -> max conf: 0.000 (needs 0.5, optimal scale: 0.80x)
[DEBUG] 未匹配 [stage_1_7] (要求阈值 0.5)
[RESET] 尝试跳过动画/寻找入口... (尝试 1/100)
[TemplateMatcher] pause_gear.png -> max conf: 0.437 (needs 0.7, optimal scale: 0.80x)
[DEBUG] 未匹配 [pause_gear] (要求阈值 0.7)
[TemplateMatcher] start_action.png -> max conf: 0.051 (needs 0.45, optimal scale: 0.80x)
[DEBUG] 未匹配 [start_action] (要求阈值 0.45)
[TemplateMatcher] practice.png -> max conf: 0.542 (needs 0.5, optimal scale: 0.85x)
[RESET] 找到 [practice] (置信度 0.54 >= 0.5)，点击 (803, 675)
[RESET] 点击演习按钮
[TemplateMatcher] pause_gear.png -> max conf: 0.437 (needs 0.7, optimal scale: 0.80x)
[DEBUG] 未匹配 [pause_gear] (要求阈值 0.7)
[TemplateMatcher] start_action.png -> max conf: 0.051 (needs 0.45, optimal scale: 0.80x)
[DEBUG] 未匹配 [start_action] (要求阈值 0.45)
[TemplateMatcher] practice.png -> max conf: 0.542 (needs 0.5, optimal scale: 0.85x)
[RESET] 找到 [practice] (置信度 0.54 >= 0.5)，点击 (803, 675)
[RESET] 点击演习按钮
[TemplateMatcher] pause_gear.png -> max conf: 0.490 (needs 0.7, optimal scale: 0.80x)
[DEBUG] 未匹配 [pause_gear] (要求阈值 0.7)
[TemplateMatcher] start_action.png -> max conf: -0.034 (needs 0.45, optimal scale: 0.80x)
[DEBUG] 未匹配 [start_action] (要求阈值 0.45)
[TemplateMatcher] practice.png -> max conf: 0.522 (needs 0.5, optimal scale: 0.80x)
[RESET] 找到 [practice] (置信度 0.52 >= 0.5)，点击 (533, 603)
[RESET] 点击演习按钮
[TemplateMatcher] pause_gear.png -> max conf: 0.490 (needs 0.7, optimal scale: 0.80x)
[DEBUG] 未匹配 [pause_gear] (要求阈值 0.7)
[TemplateMatcher] start_action.png -> max conf: -0.034 (needs 0.45, optimal scale: 0.80x)
[DEBUG] 未匹配 [start_action] (要求阈值 0.45)
[TemplateMatcher] practice.png -> max conf: 0.522 (needs 0.5, optimal scale: 0.80x)
[RESET] 找到 [practice] (置信度 0.52 >= 0.5)，点击 (533, 603)
[RESET] 点击演习按钮
[TemplateMatcher] pause_gear.png -> max conf: 0.490 (needs 0.7, optimal scale: 0.80x)
[DEBUG] 未匹配 [pause_gear] (要求阈值 0.7)
[TemplateMatcher] start_action.png -> max conf: -0.034 (needs 0.45, optimal scale: 0.80x)
[DEBUG] 未匹配 [start_action] (要求阈值 0.45)
[TemplateMatcher] practice.png -> max conf: 0.522 (needs 0.5, optimal scale: 0.80x)
[RESET] 找到 [practice] (置信度 0.52 >= 0.5)，点击 (533, 603)
[RESET] 点击演习按钮
[TemplateMatcher] pause_gear.png -> max conf: 0.473 (needs 0.7, optimal scale: 0.90x)
[DEBUG] 未匹配 [pause_gear] (要求阈值 0.7)
[TemplateMatcher] start_action.png -> max conf: 0.037 (needs 0.45, optimal scale: 0.80x)
[DEBUG] 未匹配 [start_action] (要求阈值 0.45)
[TemplateMatcher] practice.png -> max conf: 0.489 (needs 0.5, optimal scale: 0.85x)
[DEBUG] 未匹配 [practice] (要求阈值 0.5)
[TemplateMatcher] stage_1_7.png -> max conf: 0.712 (needs 0.5, optimal scale: 0.80x)
[RESET] 找到 [stage_1_7] (置信度 0.71 >= 0.5)，点击 (638, 224)
[RESET] 点击关卡 1-7 图标
[TemplateMatcher] pause_gear.png -> max conf: 0.612 (needs 0.7, optimal scale: 1.10x)
[DEBUG] 未匹配 [pause_gear] (要求阈值 0.7)
[TemplateMatcher] start_action.png -> max conf: 0.100 (needs 0.45, optimal scale: 0.80x)
[DEBUG] 未匹配 [start_action] (要求阈值 0.45)
[TemplateMatcher] practice.png -> max conf: 0.687 (needs 0.5, optimal scale: 0.80x)
[RESET] 找到 [practice] (置信度 0.69 >= 0.5)，点击 (935, 660)
[RESET] 点击演习按钮
[TemplateMatcher] pause_gear.png -> max conf: 0.470 (needs 0.7, optimal scale: 1.05x)
[DEBUG] 未匹配 [pause_gear] (要求阈值 0.7)
[TemplateMatcher] start_action.png -> max conf: 0.451 (needs 0.45, optimal scale: 0.80x)
[RESET] 找到 [start_action] (置信度 0.45 >= 0.45)，点击 (1101, 513)
[RESET] 点击开始行动，进入加载...
[TemplateMatcher] pause_gear.png -> max conf: 0.000 (needs 0.7, optimal scale: 0.80x)
[DEBUG] 未匹配 [pause_gear] (要求阈值 0.7)
[TemplateMatcher] start_action.png -> max conf: 0.000 (needs 0.45, optimal scale: 0.80x)
[DEBUG] 未匹配 [start_action] (要求阈值 0.45)
[TemplateMatcher] practice.png -> max conf: 0.000 (needs 0.5, optimal scale: 0.80x)
[DEBUG] 未匹配 [practice] (要求阈值 0.5)
[TemplateMatcher] stage_1_7.png -> max conf: 0.000 (needs 0.5, optimal scale: 0.80x)
[DEBUG] 未匹配 [stage_1_7] (要求阈值 0.5)
[RESET] 尝试跳过动画/寻找入口... (尝试 10/100)
[TemplateMatcher] pause_gear.png -> max conf: 0.000 (needs 0.7, optimal scale: 0.80x)
[DEBUG] 未匹配 [pause_gear] (要求阈值 0.7)
[TemplateMatcher] start_action.png -> max conf: 0.000 (needs 0.45, optimal scale: 0.80x)
[DEBUG] 未匹配 [start_action] (要求阈值 0.45)
[TemplateMatcher] practice.png -> max conf: 0.000 (needs 0.5, optimal scale: 0.80x)
[DEBUG] 未匹配 [practice] (要求阈值 0.5)
[TemplateMatcher] stage_1_7.png -> max conf: 0.000 (needs 0.5, optimal scale: 0.80x)
[DEBUG] 未匹配 [stage_1_7] (要求阈值 0.5)
[RESET] 尝试跳过动画/寻找入口... (尝试 11/100)
[TemplateMatcher] pause_gear.png -> max conf: 0.509 (needs 0.7, optimal scale: 1.20x)
[DEBUG] 未匹配 [pause_gear] (要求阈值 0.7)
[TemplateMatcher] start_action.png -> max conf: -0.063 (needs 0.45, optimal scale: 0.80x)
[DEBUG] 未匹配 [start_action] (要求阈值 0.45)
[TemplateMatcher] practice.png -> max conf: 0.380 (needs 0.5, optimal scale: 0.90x)
[DEBUG] 未匹配 [practice] (要求阈值 0.5)
[TemplateMatcher] stage_1_7.png -> max conf: 0.410 (needs 0.5, optimal scale: 0.90x)
[DEBUG] 未匹配 [stage_1_7] (要求阈值 0.5)
[RESET] 尝试跳过动画/寻找入口... (尝试 12/100)
[TemplateMatcher] pause_gear.png -> max conf: 0.511 (needs 0.7, optimal scale: 1.20x)
[DEBUG] 未匹配 [pause_gear] (要求阈值 0.7)
[TemplateMatcher] start_action.png -> max conf: -0.063 (needs 0.45, optimal scale: 0.80x)
[DEBUG] 未匹配 [start_action] (要求阈值 0.45)
[TemplateMatcher] practice.png -> max conf: 0.379 (needs 0.5, optimal scale: 0.90x)
[DEBUG] 未匹配 [practice] (要求阈值 0.5)
[TemplateMatcher] stage_1_7.png -> max conf: 0.411 (needs 0.5, optimal scale: 0.90x)
[DEBUG] 未匹配 [stage_1_7] (要求阈值 0.5)
[RESET] 尝试跳过动画/寻找入口... (尝试 13/100)
[TemplateMatcher] pause_gear.png -> max conf: 0.215 (needs 0.7, optimal scale: 1.20x)
[DEBUG] 未匹配 [pause_gear] (要求阈值 0.7)
[TemplateMatcher] start_action.png -> max conf: 0.224 (needs 0.45, optimal scale: 0.80x)
[DEBUG] 未匹配 [start_action] (要求阈值 0.45)
[TemplateMatcher] practice.png -> max conf: 0.376 (needs 0.5, optimal scale: 0.80x)
[DEBUG] 未匹配 [practice] (要求阈值 0.5)
[TemplateMatcher] stage_1_7.png -> max conf: 0.271 (needs 0.5, optimal scale: 0.80x)
[DEBUG] 未匹配 [stage_1_7] (要求阈值 0.5)
[RESET] 尝试跳过动画/寻找入口... (尝试 14/100)
[TemplateMatcher] pause_gear.png -> max conf: 0.211 (needs 0.7, optimal scale: 1.05x)
[DEBUG] 未匹配 [pause_gear] (要求阈值 0.7)
[TemplateMatcher] start_action.png -> max conf: 0.202 (needs 0.45, optimal scale: 0.80x)
[DEBUG] 未匹配 [start_action] (要求阈值 0.45)
[TemplateMatcher] practice.png -> max conf: 0.297 (needs 0.5, optimal scale: 0.80x)
[DEBUG] 未匹配 [practice] (要求阈值 0.5)
[TemplateMatcher] stage_1_7.png -> max conf: 0.277 (needs 0.5, optimal scale: 0.85x)
[DEBUG] 未匹配 [stage_1_7] (要求阈值 0.5)
[RESET] 尝试跳过动画/寻找入口... (尝试 15/100)
[TemplateMatcher] pause_gear.png -> max conf: 0.782 (needs 0.7, optimal scale: 0.80x)
[RESET] 找到 [pause_gear] (置信度 0.78 >= 0.7)，(仅检测，不点击)
[RESET] ✅ 检测到战斗画面右上角齿轮，重启成功！
================= 关卡重启流程结束 =================

--> [回合结束] 第 8 回合 | 奖励: -11.5 | 步数: 90

[STEP 1] 开始执行动作...
[ACTION] AI决定: 选卡 9 -> 放入网格(3,2) -> 朝向 0
         坐标映射: 拖拽从(1105,650)至(500,350) -> 方向滑动至(500,200)
[ACTION] ✅ CV校验通过！网格(3,2)具有高亮绿色(像素:362)，准许拖拽。
[REWARD] 动作已执行，开始 3 次心跳检测 (间隔 0.2s)...
[REWARD] ❌ 第 1 次未检测到目标血条...
[REWARD] ❌ 第 2 次未检测到目标血条...
[REWARD] ❌ 第 3 次未检测到目标血条...
[REWARD] 执行前血条数: 0 -> 最终确认血条数: 0
[REWARD] 部署失败，计算前后帧 MSE (均方误差) = 160.48
[REWARD] 画面未发生明显变化(非法部署)。奖励 -0.5 (连续无作为: 5次)
[TemplateMatcher] pause_gear.png -> max conf: 0.908 (needs 0.5, optimal scale: 0.80x)

[STEP 2] 开始执行动作...
[ACTION] AI决定: 选卡 2 -> 放入网格(0,4) -> 朝向 1
         坐标映射: 拖拽从(475,650)至(200,510) -> 方向滑动至(200,660)
[ACTION] ⛔ Fast-Fail! 目标网格(0,4)非绿色高亮(绿像素:0)。取消拖拽。
[REWARD] 执行前血条数: 0 -> 最终确认血条数: 0
[REWARD] ⛔ 非法区域/无费用，已被 CV 阻断。奖励 -0.5 (连续无作为: 6次)
[TemplateMatcher] pause_gear.png -> max conf: 0.908 (needs 0.5, optimal scale: 0.80x)

[STEP 3] 开始执行动作...
[ACTION] AI决定: 选卡 2 -> 放入网格(2,2) -> 朝向 3
         坐标映射: 拖拽从(475,650)至(400,350) -> 方向滑动至(550,350)
[ACTION] ⛔ Fast-Fail! 目标网格(2,2)非绿色高亮(绿像素:6)。取消拖拽。
[REWARD] 执行前血条数: 0 -> 最终确认血条数: 0
[REWARD] ⛔ 非法区域/无费用，已被 CV 阻断。奖励 -0.5 (连续无作为: 7次)
[TemplateMatcher] pause_gear.png -> max conf: 0.908 (needs 0.5, optimal scale: 0.80x)

[STEP 4] 开始执行动作...
[ACTION] AI决定: 选卡 4 -> 放入网格(3,4) -> 朝向 3
         坐标映射: 拖拽从(655,650)至(500,510) -> 方向滑动至(650,510)
[ACTION] ✅ CV校验通过！网格(3,4)具有高亮绿色(像素:900)，准许拖拽。
[REWARD] 动作已执行，开始 3 次心跳检测 (间隔 0.2s)...
[REWARD] ✅ 第 1 次检测命中目标干员血条！
[REWARD] 执行前血条数: 0 -> 最终确认血条数: 1
[REWARD] 🎯 完美落子！部署点靠近敌人 (距离: 210.3)，奖励 +2.0
[REWARD] 🛡️ 背对敌人！(角度: 94.9°)，严厉惩罚 -3.0
[TemplateMatcher] pause_gear.png -> max conf: 0.908 (needs 0.5, optimal scale: 0.80x)

[STEP 5] 开始执行动作...
[ACTION] AI决定: 选卡 5 -> 放入网格(6,3) -> 朝向 2
         坐标映射: 拖拽从(745,650)至(800,430) -> 方向滑动至(650,430)
[ACTION] ⛔ Fast-Fail! 目标网格(6,3)非绿色高亮(绿像素:0)。取消拖拽。
[REWARD] 执行前血条数: 1 -> 最终确认血条数: 0
[REWARD] ⛔ 非法区域/无费用，已被 CV 阻断。奖励 -0.5 (连续无作为: 1次)
[TemplateMatcher] pause_gear.png -> max conf: 0.908 (needs 0.5, optimal scale: 0.80x)

[STEP 6] 开始执行动作...
[ACTION] AI决定: 选卡 5 -> 放入网格(5,2) -> 朝向 3
         坐标映射: 拖拽从(745,650)至(700,350) -> 方向滑动至(850,350)
[ACTION] ✅ CV校验通过！网格(5,2)具有高亮绿色(像素:815)，准许拖拽。
[REWARD] 动作已执行，开始 3 次心跳检测 (间隔 0.2s)...
[REWARD] ❌ 第 1 次未检测到目标血条...
[REWARD] ❌ 第 2 次未检测到目标血条...
[REWARD] ❌ 第 3 次未检测到目标血条...
[REWARD] 执行前血条数: 1 -> 最终确认血条数: 1
[REWARD] 部署失败，计算前后帧 MSE (均方误差) = 64.58
[REWARD] 画面未发生明显变化(非法部署)。奖励 -0.5 (连续无作为: 2次)
[TemplateMatcher] pause_gear.png -> max conf: 0.908 (needs 0.5, optimal scale: 0.80x)

[STEP 7] 开始执行动作...
[ACTION] AI决定: 选卡 6 -> 放入网格(1,2) -> 朝向 3
         坐标映射: 拖拽从(835,650)至(300,350) -> 方向滑动至(450,350)
[ACTION] ⛔ Fast-Fail! 目标网格(1,2)非绿色高亮(绿像素:0)。取消拖拽。
[REWARD] 执行前血条数: 1 -> 最终确认血条数: 0
[REWARD] ⛔ 非法区域/无费用，已被 CV 阻断。奖励 -0.5 (连续无作为: 3次)
[TemplateMatcher] pause_gear.png -> max conf: 0.907 (needs 0.5, optimal scale: 0.80x)

[STEP 8] 开始执行动作...
[ACTION] AI决定: 选卡 3 -> 放入网格(3,2) -> 朝向 3
         坐标映射: 拖拽从(565,650)至(500,350) -> 方向滑动至(650,350)
[ACTION] ✅ CV校验通过！网格(3,2)具有高亮绿色(像素:71)，准许拖拽。
[REWARD] 动作已执行，开始 3 次心跳检测 (间隔 0.2s)...
[REWARD] ❌ 第 1 次未检测到目标血条...
[REWARD] ❌ 第 2 次未检测到目标血条...
[REWARD] ❌ 第 3 次未检测到目标血条...
[REWARD] 执行前血条数: 1 -> 最终确认血条数: 1
[REWARD] 部署失败，计算前后帧 MSE (均方误差) = 308.95
[REWARD] 动作无效，但游戏仍在进行(画面有变化)。奖励 -0.2 (已清空无作为计数器)
[TemplateMatcher] pause_gear.png -> max conf: 0.908 (needs 0.5, optimal scale: 0.80x)

[STEP 9] 开始执行动作...
[ACTION] AI决定: 选卡 5 -> 放入网格(8,1) -> 朝向 2
         坐标映射: 拖拽从(745,650)至(1000,270) -> 方向滑动至(850,270)
[ACTION] ✅ CV校验通过！网格(8,1)具有高亮绿色(像素:582)，准许拖拽。
[REWARD] 动作已执行，开始 3 次心跳检测 (间隔 0.2s)...
[REWARD] ❌ 第 1 次未检测到目标血条...
[REWARD] ❌ 第 2 次未检测到目标血条...
[REWARD] ❌ 第 3 次未检测到目标血条...
[REWARD] 执行前血条数: 1 -> 最终确认血条数: 1
[REWARD] 部署失败，计算前后帧 MSE (均方误差) = 280.81
[REWARD] 画面未发生明显变化(非法部署)。奖励 -0.5 (连续无作为: 1次)
[TemplateMatcher] pause_gear.png -> max conf: 0.908 (needs 0.5, optimal scale: 0.80x)

[STEP 10] 开始执行动作...
[ACTION] AI决定: 选卡 8 -> 放入网格(8,2) -> 朝向 3
         坐标映射: 拖拽从(1015,650)至(1000,350) -> 方向滑动至(1150,350)
[ACTION] ✅ CV校验通过！网格(8,2)具有高亮绿色(像素:813)，准许拖拽。
[REWARD] 动作已执行，开始 3 次心跳检测 (间隔 0.2s)...
[REWARD] ❌ 第 1 次未检测到目标血条...
[REWARD] ❌ 第 2 次未检测到目标血条...
[REWARD] ❌ 第 3 次未检测到目标血条...
[REWARD] 执行前血条数: 1 -> 最终确认血条数: 1
[REWARD] 部署失败，计算前后帧 MSE (均方误差) = 235.01
[REWARD] 画面未发生明显变化(非法部署)。奖励 -0.5 (连续无作为: 2次)
[TemplateMatcher] pause_gear.png -> max conf: 0.908 (needs 0.5, optimal scale: 0.80x)

[STEP 11] 开始执行动作...
[ACTION] AI决定: 选卡 2 -> 放入网格(2,3) -> 朝向 2
         坐标映射: 拖拽从(475,650)至(400,430) -> 方向滑动至(250,430)
[ACTION] ⛔ Fast-Fail! 目标网格(2,3)非绿色高亮(绿像素:0)。取消拖拽。
[REWARD] 执行前血条数: 1 -> 最终确认血条数: 0
[REWARD] ⛔ 非法区域/无费用，已被 CV 阻断。奖励 -0.5 (连续无作为: 3次)
[TemplateMatcher] pause_gear.png -> max conf: 0.908 (needs 0.5, optimal scale: 0.80x)

[STEP 12] 开始执行动作...
[ACTION] AI决定: 选卡 1 -> 放入网格(4,4) -> 朝向 0
         坐标映射: 拖拽从(385,650)至(600,510) -> 方向滑动至(600,360)
[ACTION] ⛔ Fast-Fail! 目标网格(4,4)非绿色高亮(绿像素:0)。取消拖拽。
[REWARD] 执行前血条数: 1 -> 最终确认血条数: 0
[REWARD] ⛔ 非法区域/无费用，已被 CV 阻断。奖励 -0.5 (连续无作为: 4次)
[TemplateMatcher] pause_gear.png -> max conf: 0.908 (needs 0.5, optimal scale: 0.80x)

[STEP 13] 开始执行动作...
[ACTION] AI决定: 选卡 2 -> 放入网格(1,2) -> 朝向 0
         坐标映射: 拖拽从(475,650)至(300,350) -> 方向滑动至(300,200)
[ACTION] ⛔ Fast-Fail! 目标网格(1,2)非绿色高亮(绿像素:0)。取消拖拽。
[REWARD] 执行前血条数: 1 -> 最终确认血条数: 0
[REWARD] ⛔ 非法区域/无费用，已被 CV 阻断。奖励 -0.5 (连续无作为: 5次)
[TemplateMatcher] pause_gear.png -> max conf: 0.907 (needs 0.5, optimal scale: 0.80x)

[STEP 14] 开始执行动作...
[ACTION] AI决定: 选卡 2 -> 放入网格(3,4) -> 朝向 0
         坐标映射: 拖拽从(475,650)至(500,510) -> 方向滑动至(500,360)
[ACTION] ⛔ Fast-Fail! 目标网格(3,4)非绿色高亮(绿像素:0)。取消拖拽。
[REWARD] 执行前血条数: 1 -> 最终确认血条数: 0
[REWARD] ⛔ 非法区域/无费用，已被 CV 阻断。奖励 -0.5 (连续无作为: 6次)
[TemplateMatcher] pause_gear.png -> max conf: 0.907 (needs 0.5, optimal scale: 0.80x)

[STEP 15] 开始执行动作...
[ACTION] AI决定: 选卡 2 -> 放入网格(9,3) -> 朝向 0
         坐标映射: 拖拽从(475,650)至(1100,430) -> 方向滑动至(1100,280)
[ACTION] ✅ CV校验通过！网格(9,3)具有高亮绿色(像素:812)，准许拖拽。
[REWARD] 动作已执行，开始 3 次心跳检测 (间隔 0.2s)...
[REWARD] ❌ 第 1 次未检测到目标血条...
[REWARD] ❌ 第 2 次未检测到目标血条...
[REWARD] ❌ 第 3 次未检测到目标血条...
[REWARD] 执行前血条数: 1 -> 最终确认血条数: 1
[REWARD] 部署失败，计算前后帧 MSE (均方误差) = 290.51
[REWARD] 画面未发生明显变化(非法部署)。奖励 -0.5 (连续无作为: 7次)
[TemplateMatcher] pause_gear.png -> max conf: 0.908 (needs 0.5, optimal scale: 0.80x)

[STEP 16] 开始执行动作...
[ACTION] AI决定: 选卡 8 -> 放入网格(7,0) -> 朝向 2
         坐标映射: 拖拽从(1015,650)至(900,190) -> 方向滑动至(750,190)
[ACTION] ✅ CV校验通过！网格(7,0)具有高亮绿色(像素:745)，准许拖拽。
[REWARD] 动作已执行，开始 3 次心跳检测 (间隔 0.2s)...
[REWARD] ✅ 第 1 次检测命中目标干员血条！
[REWARD] 执行前血条数: 1 -> 最终确认血条数: 2
[REWARD] 🎯 完美落子！部署点靠近敌人 (距离: 199.4)，奖励 +2.0
[REWARD] 🛡️ 背对敌人！(角度: 349.4°)，严厉惩罚 -3.0
[TemplateMatcher] pause_gear.png -> max conf: 0.908 (needs 0.5, optimal scale: 0.80x)

[STEP 17] 开始执行动作...
[ACTION] AI决定: 选卡 8 -> 放入网格(2,2) -> 朝向 1
         坐标映射: 拖拽从(1015,650)至(400,350) -> 方向滑动至(400,500)
[ACTION] ✅ CV校验通过！网格(2,2)具有高亮绿色(像素:115)，准许拖拽。
[REWARD] 动作已执行，开始 3 次心跳检测 (间隔 0.2s)...
[REWARD] ✅ 第 1 次检测命中目标干员血条！
[REWARD] 执行前血条数: 2 -> 最终确认血条数: 2
[REWARD] 场上暂无移动目标，仅发放基础部署奖励 +1.0
[TemplateMatcher] pause_gear.png -> max conf: 0.908 (needs 0.5, optimal scale: 0.80x)

[STEP 18] 开始执行动作...
[ACTION] AI决定: 选卡 1 -> 放入网格(0,2) -> 朝向 1
         坐标映射: 拖拽从(385,650)至(200,350) -> 方向滑动至(200,500)
[ACTION] ✅ CV校验通过！网格(0,2)具有高亮绿色(像素:76)，准许拖拽。
[REWARD] 动作已执行，开始 3 次心跳检测 (间隔 0.2s)...
[REWARD] ❌ 第 1 次未检测到目标血条...
[REWARD] ❌ 第 2 次未检测到目标血条...
[REWARD] ❌ 第 3 次未检测到目标血条...
[REWARD] 执行前血条数: 2 -> 最终确认血条数: 2
[REWARD] 部署失败，计算前后帧 MSE (均方误差) = 1324.75
[REWARD] 动作无效，但游戏仍在进行(画面有变化)。奖励 -0.2 (已清空无作为计数器)
[TemplateMatcher] pause_gear.png -> max conf: 0.908 (needs 0.5, optimal scale: 0.80x)

[STEP 19] 开始执行动作...
[ACTION] AI决定: 选卡 2 -> 放入网格(2,4) -> 朝向 3
         坐标映射: 拖拽从(475,650)至(400,510) -> 方向滑动至(550,510)
[ACTION] ✅ CV校验通过！网格(2,4)具有高亮绿色(像素:237)，准许拖拽。
[REWARD] 动作已执行，开始 3 次心跳检测 (间隔 0.2s)...
[REWARD] ❌ 第 1 次未检测到目标血条...
[REWARD] ❌ 第 2 次未检测到目标血条...
[REWARD] ❌ 第 3 次未检测到目标血条...
[REWARD] 执行前血条数: 2 -> 最终确认血条数: 2
[REWARD] 部署失败，计算前后帧 MSE (均方误差) = 1783.74
[REWARD] 动作无效，但游戏仍在进行(画面有变化)。奖励 -0.2 (已清空无作为计数器)
[TemplateMatcher] pause_gear.png -> max conf: 0.907 (needs 0.5, optimal scale: 0.80x)

[STEP 20] 开始执行动作...
[ACTION] AI决定: 选卡 9 -> 放入网格(8,2) -> 朝向 1
         坐标映射: 拖拽从(1105,650)至(1000,350) -> 方向滑动至(1000,500)
[ACTION] ✅ CV校验通过！网格(8,2)具有高亮绿色(像素:78)，准许拖拽。
[REWARD] 动作已执行，开始 3 次心跳检测 (间隔 0.2s)...
[REWARD] ✅ 第 1 次检测命中目标干员血条！
[REWARD] 执行前血条数: 2 -> 最终确认血条数: 2
[REWARD] 🎯 完美落子！部署点靠近敌人 (距离: 200.5)，奖励 +2.0
[REWARD] 🛡️ 背对敌人！(角度: 28.3°)，严厉惩罚 -3.0
[TemplateMatcher] pause_gear.png -> max conf: 0.908 (needs 0.5, optimal scale: 0.80x)

[STEP 21] 开始执行动作...
[ACTION] AI决定: 选卡 6 -> 放入网格(9,2) -> 朝向 0
         坐标映射: 拖拽从(835,650)至(1100,350) -> 方向滑动至(1100,200)
[ACTION] ⛔ Fast-Fail! 目标网格(9,2)非绿色高亮(绿像素:0)。取消拖拽。
[REWARD] 执行前血条数: 2 -> 最终确认血条数: 0
[REWARD] ⛔ 非法区域/无费用，已被 CV 阻断。奖励 -0.5 (连续无作为: 1次)
[TemplateMatcher] pause_gear.png -> max conf: 0.907 (needs 0.5, optimal scale: 0.80x)

[STEP 22] 开始执行动作...
[ACTION] AI决定: 选卡 9 -> 放入网格(6,2) -> 朝向 0
         坐标映射: 拖拽从(1105,650)至(800,350) -> 方向滑动至(800,200)
[ACTION] ✅ CV校验通过！网格(6,2)具有高亮绿色(像素:553)，准许拖拽。
[REWARD] 动作已执行，开始 3 次心跳检测 (间隔 0.2s)...
[REWARD] ❌ 第 1 次未检测到目标血条...
[REWARD] ❌ 第 2 次未检测到目标血条...
[REWARD] ❌ 第 3 次未检测到目标血条...
[REWARD] 执行前血条数: 2 -> 最终确认血条数: 2
[REWARD] 部署失败，计算前后帧 MSE (均方误差) = 236.35
[REWARD] 画面未发生明显变化(非法部署)。奖励 -0.5 (连续无作为: 2次)
[TemplateMatcher] pause_gear.png -> max conf: 0.908 (needs 0.5, optimal scale: 0.80x)

[STEP 23] 开始执行动作...
[ACTION] AI决定: 💤 挂机 (Skip / Wait for Cost)
[REWARD] 执行前血条数: 2 -> 最终确认血条数: 0
[REWARD] 💤 AI 主动挂机等费用，只扣除微小时间惩罚 -0.01
[TemplateMatcher] pause_gear.png -> max conf: 0.908 (needs 0.5, optimal scale: 0.80x)

[STEP 24] 开始执行动作...
[ACTION] AI决定: 选卡 0 -> 放入网格(8,4) -> 朝向 2
         坐标映射: 拖拽从(295,650)至(1000,510) -> 方向滑动至(850,510)
[ACTION] ✅ CV校验通过！网格(8,4)具有高亮绿色(像素:900)，准许拖拽。
[REWARD] 动作已执行，开始 3 次心跳检测 (间隔 0.2s)...
[REWARD] ❌ 第 1 次未检测到目标血条...
[REWARD] ✅ 第 2 次检测命中目标干员血条！
[REWARD] 执行前血条数: 2 -> 最终确认血条数: 3
[REWARD] 🎯 完美落子！部署点靠近敌人 (距离: 42.0)，奖励 +2.0
[REWARD] 🛡️ 背对敌人！(角度: 94.1°)，严厉惩罚 -3.0
[TemplateMatcher] pause_gear.png -> max conf: 0.908 (needs 0.5, optimal scale: 0.80x)

[STEP 25] 开始执行动作...
[ACTION] AI决定: 💤 挂机 (Skip / Wait for Cost)
[REWARD] 执行前血条数: 3 -> 最终确认血条数: 0
[REWARD] 💤 AI 主动挂机等费用，只扣除微小时间惩罚 -0.01
[TemplateMatcher] pause_gear.png -> max conf: 0.908 (needs 0.5, optimal scale: 0.80x)

[STEP 26] 开始执行动作...
[ACTION] AI决定: 选卡 0 -> 放入网格(8,4) -> 朝向 3
         坐标映射: 拖拽从(295,650)至(1000,510) -> 方向滑动至(1150,510)
[ACTION] ⛔ Fast-Fail! 目标网格(8,4)非绿色高亮(绿像素:0)。取消拖拽。
[REWARD] 执行前血条数: 3 -> 最终确认血条数: 0
[REWARD] ⛔ 非法区域/无费用，已被 CV 阻断。奖励 -0.5 (连续无作为: 1次)
[TemplateMatcher] pause_gear.png -> max conf: 0.908 (needs 0.5, optimal scale: 0.80x)

[STEP 27] 开始执行动作...
[ACTION] AI决定: 选卡 0 -> 放入网格(7,2) -> 朝向 3
         坐标映射: 拖拽从(295,650)至(900,350) -> 方向滑动至(1050,350)
[ACTION] ✅ CV校验通过！网格(7,2)具有高亮绿色(像素:332)，准许拖拽。
[REWARD] 动作已执行，开始 3 次心跳检测 (间隔 0.2s)...
[REWARD] ✅ 第 1 次检测命中目标干员血条！
[REWARD] 执行前血条数: 3 -> 最终确认血条数: 4
[REWARD] 🛡️ 背对敌人！(角度: 303.3°)，严厉惩罚 -3.0
[TemplateMatcher] pause_gear.png -> max conf: 0.908 (needs 0.5, optimal scale: 0.80x)

[STEP 28] 开始执行动作...
[ACTION] AI决定: 选卡 2 -> 放入网格(2,2) -> 朝向 3
         坐标映射: 拖拽从(475,650)至(400,350) -> 方向滑动至(550,350)
[ACTION] ⛔ Fast-Fail! 目标网格(2,2)非绿色高亮(绿像素:0)。取消拖拽。
[REWARD] 执行前血条数: 4 -> 最终确认血条数: 0
[REWARD] ⛔ 非法区域/无费用，已被 CV 阻断。奖励 -0.5 (连续无作为: 1次)
[TemplateMatcher] pause_gear.png -> max conf: 0.908 (needs 0.5, optimal scale: 0.80x)

[STEP 29] 开始执行动作...
[ACTION] AI决定: 选卡 3 -> 放入网格(0,4) -> 朝向 3
         坐标映射: 拖拽从(565,650)至(200,510) -> 方向滑动至(350,510)
[ACTION] ⛔ Fast-Fail! 目标网格(0,4)非绿色高亮(绿像素:1)。取消拖拽。
[REWARD] 执行前血条数: 4 -> 最终确认血条数: 0
[REWARD] ⛔ 非法区域/无费用，已被 CV 阻断。奖励 -0.5 (连续无作为: 2次)
[TemplateMatcher] pause_gear.png -> max conf: 0.908 (needs 0.5, optimal scale: 0.80x)

[STEP 30] 开始执行动作...
[ACTION] AI决定: 选卡 5 -> 放入网格(4,4) -> 朝向 3
         坐标映射: 拖拽从(745,650)至(600,510) -> 方向滑动至(750,510)
[ACTION] ⛔ Fast-Fail! 目标网格(4,4)非绿色高亮(绿像素:0)。取消拖拽。
[REWARD] 执行前血条数: 4 -> 最终确认血条数: 0
[REWARD] ⛔ 非法区域/无费用，已被 CV 阻断。奖励 -0.5 (连续无作为: 3次)
[TemplateMatcher] pause_gear.png -> max conf: 0.908 (needs 0.5, optimal scale: 0.80x)

[STEP 31] 开始执行动作...
[ACTION] AI决定: 选卡 5 -> 放入网格(8,2) -> 朝向 1
         坐标映射: 拖拽从(745,650)至(1000,350) -> 方向滑动至(1000,500)
[ACTION] ✅ CV校验通过！网格(8,2)具有高亮绿色(像素:660)，准许拖拽。
[REWARD] 动作已执行，开始 3 次心跳检测 (间隔 0.2s)...
[REWARD] ❌ 第 1 次未检测到目标血条...
[REWARD] ❌ 第 2 次未检测到目标血条...
[REWARD] ❌ 第 3 次未检测到目标血条...
[REWARD] 执行前血条数: 4 -> 最终确认血条数: 4
[REWARD] 部署失败，计算前后帧 MSE (均方误差) = 3720.66
[REWARD] 动作无效，但游戏仍在进行(画面有变化)。奖励 -0.2 (已清空无作为计数器)
[TemplateMatcher] pause_gear.png -> max conf: 0.907 (needs 0.5, optimal scale: 0.80x)

[STEP 32] 开始执行动作...
[ACTION] AI决定: 💤 挂机 (Skip / Wait for Cost)
[REWARD] 执行前血条数: 4 -> 最终确认血条数: 0
[REWARD] 💤 AI 主动挂机等费用，只扣除微小时间惩罚 -0.01
[TemplateMatcher] pause_gear.png -> max conf: 0.907 (needs 0.5, optimal scale: 0.80x)

[STEP 33] 开始执行动作...
[ACTION] AI决定: 选卡 2 -> 放入网格(8,3) -> 朝向 0
         坐标映射: 拖拽从(475,650)至(1000,430) -> 方向滑动至(1000,280)
[ACTION] ⛔ Fast-Fail! 目标网格(8,3)非绿色高亮(绿像素:0)。取消拖拽。
[REWARD] 执行前血条数: 3 -> 最终确认血条数: 0
[REWARD] ⛔ 非法区域/无费用，已被 CV 阻断。奖励 -0.5 (连续无作为: 1次)
[TemplateMatcher] pause_gear.png -> max conf: 0.908 (needs 0.5, optimal scale: 0.80x)

[STEP 34] 开始执行动作...
[ACTION] AI决定: 选卡 2 -> 放入网格(2,1) -> 朝向 3
         坐标映射: 拖拽从(475,650)至(400,270) -> 方向滑动至(550,270)
[ACTION] ✅ CV校验通过！网格(2,1)具有高亮绿色(像素:32)，准许拖拽。
[REWARD] 动作已执行，开始 3 次心跳检测 (间隔 0.2s)...
[REWARD] ✅ 第 1 次检测命中目标干员血条！
[REWARD] 执行前血条数: 3 -> 最终确认血条数: 5
[REWARD] 🎯 完美落子！部署点靠近敌人 (距离: 58.9)，奖励 +2.0
[REWARD] 🛡️ 背对敌人！(角度: 173.1°)，严厉惩罚 -3.0
[TemplateMatcher] pause_gear.png -> max conf: 0.908 (needs 0.5, optimal scale: 0.80x)

[STEP 35] 开始执行动作...
[ACTION] AI决定: 选卡 1 -> 放入网格(3,4) -> 朝向 3
         坐标映射: 拖拽从(385,650)至(500,510) -> 方向滑动至(650,510)
[ACTION] ⛔ Fast-Fail! 目标网格(3,4)非绿色高亮(绿像素:0)。取消拖拽。
[REWARD] 执行前血条数: 5 -> 最终确认血条数: 0
[REWARD] ⛔ 非法区域/无费用，已被 CV 阻断。奖励 -0.5 (连续无作为: 1次)
[TemplateMatcher] pause_gear.png -> max conf: 0.908 (needs 0.5, optimal scale: 0.80x)

[STEP 36] 开始执行动作...
[ACTION] AI决定: 选卡 6 -> 放入网格(7,4) -> 朝向 1
         坐标映射: 拖拽从(835,650)至(900,510) -> 方向滑动至(900,660)
[ACTION] ✅ CV校验通过！网格(7,4)具有高亮绿色(像素:642)，准许拖拽。
[REWARD] 动作已执行，开始 3 次心跳检测 (间隔 0.2s)...
[REWARD] ✅ 第 1 次检测命中目标干员血条！
[REWARD] 执行前血条数: 5 -> 最终确认血条数: 4
[REWARD] 🎯 完美落子！部署点靠近敌人 (距离: 117.4)，奖励 +2.0
[REWARD] 🛡️ 背对敌人！(角度: 325.7°)，严厉惩罚 -3.0
[TemplateMatcher] pause_gear.png -> max conf: 0.907 (needs 0.5, optimal scale: 0.80x)

[STEP 37] 开始执行动作...
[ACTION] AI决定: 选卡 5 -> 放入网格(7,2) -> 朝向 3
         坐标映射: 拖拽从(745,650)至(900,350) -> 方向滑动至(1050,350)
[ACTION] ✅ CV校验通过！网格(7,2)具有高亮绿色(像素:488)，准许拖拽。
[REWARD] 动作已执行，开始 3 次心跳检测 (间隔 0.2s)...
[REWARD] ✅ 第 1 次检测命中目标干员血条！
[REWARD] 执行前血条数: 4 -> 最终确认血条数: 5
[REWARD] 场上暂无移动目标，仅发放基础部署奖励 +1.0
[TemplateMatcher] pause_gear.png -> max conf: 0.908 (needs 0.5, optimal scale: 0.80x)

[STEP 38] 开始执行动作...
[ACTION] AI决定: 选卡 5 -> 放入网格(0,0) -> 朝向 2
         坐标映射: 拖拽从(745,650)至(200,190) -> 方向滑动至(50,190)
[ACTION] ⛔ Fast-Fail! 目标网格(0,0)非绿色高亮(绿像素:0)。取消拖拽。
[REWARD] 执行前血条数: 5 -> 最终确认血条数: 0
[REWARD] ⛔ 非法区域/无费用，已被 CV 阻断。奖励 -0.5 (连续无作为: 1次)
[TemplateMatcher] pause_gear.png -> max conf: 0.908 (needs 0.5, optimal scale: 0.80x)

[STEP 39] 开始执行动作...
[ACTION] AI决定: 💤 挂机 (Skip / Wait for Cost)
[REWARD] 执行前血条数: 5 -> 最终确认血条数: 0
[REWARD] 💤 AI 主动挂机等费用，只扣除微小时间惩罚 -0.01
[TemplateMatcher] pause_gear.png -> max conf: 0.908 (needs 0.5, optimal scale: 0.80x)

[STEP 40] 开始执行动作...
[ACTION] AI决定: 选卡 5 -> 放入网格(3,4) -> 朝向 1
         坐标映射: 拖拽从(745,650)至(500,510) -> 方向滑动至(500,660)
[ACTION] ⛔ Fast-Fail! 目标网格(3,4)非绿色高亮(绿像素:8)。取消拖拽。
[REWARD] 执行前血条数: 5 -> 最终确认血条数: 0
[REWARD] ⛔ 非法区域/无费用，已被 CV 阻断。奖励 -0.5 (连续无作为: 1次)
[TemplateMatcher] pause_gear.png -> max conf: 0.907 (needs 0.5, optimal scale: 0.80x)

[STEP 41] 开始执行动作...
[ACTION] AI决定: 选卡 5 -> 放入网格(5,0) -> 朝向 3
         坐标映射: 拖拽从(745,650)至(700,190) -> 方向滑动至(850,190)
[ACTION] ✅ CV校验通过！网格(5,0)具有高亮绿色(像素:69)，准许拖拽。
[REWARD] 动作已执行，开始 3 次心跳检测 (间隔 0.2s)...
[REWARD] ✅ 第 1 次检测命中目标干员血条！
[REWARD] 执行前血条数: 5 -> 最终确认血条数: 3
[REWARD] 🎯 完美落子！部署点靠近敌人 (距离: 205.6)，奖励 +2.0
[REWARD] ⚔️ 完美朝向！正对敌人 (角度: 337.6°)，巨额奖励 +8.0
[TemplateMatcher] pause_gear.png -> max conf: 0.908 (needs 0.5, optimal scale: 0.80x)

[STEP 42] 开始执行动作...
[ACTION] AI决定: 选卡 1 -> 放入网格(3,3) -> 朝向 1
         坐标映射: 拖拽从(385,650)至(500,430) -> 方向滑动至(500,580)
[ACTION] ⛔ Fast-Fail! 目标网格(3,3)非绿色高亮(绿像素:0)。取消拖拽。
[REWARD] 执行前血条数: 3 -> 最终确认血条数: 0
[REWARD] ⛔ 非法区域/无费用，已被 CV 阻断。奖励 -0.5 (连续无作为: 1次)
[TemplateMatcher] pause_gear.png -> max conf: 0.908 (needs 0.5, optimal scale: 0.80x)

[STEP 43] 开始执行动作...
[ACTION] AI决定: 选卡 5 -> 放入网格(2,2) -> 朝向 0
         坐标映射: 拖拽从(745,650)至(400,350) -> 方向滑动至(400,200)
[ACTION] ⛔ Fast-Fail! 目标网格(2,2)非绿色高亮(绿像素:0)。取消拖拽。
[REWARD] 执行前血条数: 3 -> 最终确认血条数: 0
[REWARD] ⛔ 非法区域/无费用，已被 CV 阻断。奖励 -0.5 (连续无作为: 2次)
[TemplateMatcher] pause_gear.png -> max conf: 0.908 (needs 0.5, optimal scale: 0.80x)

[STEP 44] 开始执行动作...
[ACTION] AI决定: 选卡 5 -> 放入网格(0,3) -> 朝向 1
         坐标映射: 拖拽从(745,650)至(200,430) -> 方向滑动至(200,580)
[ACTION] ⛔ Fast-Fail! 目标网格(0,3)非绿色高亮(绿像素:0)。取消拖拽。
[REWARD] 执行前血条数: 3 -> 最终确认血条数: 0
[REWARD] ⛔ 非法区域/无费用，已被 CV 阻断。奖励 -0.5 (连续无作为: 3次)
[TemplateMatcher] pause_gear.png -> max conf: 0.908 (needs 0.5, optimal scale: 0.80x)

[STEP 45] 开始执行动作...
[ACTION] AI决定: 选卡 0 -> 放入网格(8,2) -> 朝向 0
         坐标映射: 拖拽从(295,650)至(1000,350) -> 方向滑动至(1000,200)
[ACTION] ⛔ Fast-Fail! 目标网格(8,2)非绿色高亮(绿像素:0)。取消拖拽。
[REWARD] 执行前血条数: 3 -> 最终确认血条数: 0
[REWARD] ⛔ 非法区域/无费用，已被 CV 阻断。奖励 -0.5 (连续无作为: 4次)
[TemplateMatcher] pause_gear.png -> max conf: 0.908 (needs 0.5, optimal scale: 0.80x)

[STEP 46] 开始执行动作...
[ACTION] AI决定: 选卡 7 -> 放入网格(7,0) -> 朝向 3
         坐标映射: 拖拽从(925,650)至(900,190) -> 方向滑动至(1050,190)
[ACTION] ✅ CV校验通过！网格(7,0)具有高亮绿色(像素:72)，准许拖拽。
[REWARD] 动作已执行，开始 3 次心跳检测 (间隔 0.2s)...
[REWARD] ❌ 第 1 次未检测到目标血条...
[REWARD] ❌ 第 2 次未检测到目标血条...
[REWARD] ❌ 第 3 次未检测到目标血条...
[REWARD] 执行前血条数: 5 -> 最终确认血条数: 5
[REWARD] 部署失败，计算前后帧 MSE (均方误差) = 352.97
[REWARD] 动作无效，但游戏仍在进行(画面有变化)。奖励 -0.2 (已清空无作为计数器)
[TemplateMatcher] pause_gear.png -> max conf: 0.908 (needs 0.5, optimal scale: 0.80x)

[STEP 47] 开始执行动作...
[ACTION] AI决定: 💤 挂机 (Skip / Wait for Cost)
[REWARD] 执行前血条数: 5 -> 最终确认血条数: 0
[REWARD] 💤 AI 主动挂机等费用，只扣除微小时间惩罚 -0.01
[TemplateMatcher] pause_gear.png -> max conf: 0.908 (needs 0.5, optimal scale: 0.80x)

[STEP 48] 开始执行动作...
[ACTION] AI决定: 选卡 7 -> 放入网格(6,4) -> 朝向 1
         坐标映射: 拖拽从(925,650)至(800,510) -> 方向滑动至(800,660)
[ACTION] ✅ CV校验通过！网格(6,4)具有高亮绿色(像素:900)，准许拖拽。
[REWARD] 动作已执行，开始 3 次心跳检测 (间隔 0.2s)...
[REWARD] ✅ 第 1 次检测命中目标干员血条！
[REWARD] 执行前血条数: 5 -> 最终确认血条数: 6
[REWARD] 🎯 完美落子！部署点靠近敌人 (距离: 84.0)，奖励 +2.0
[REWARD] 🛡️ 背对敌人！(角度: 319.8°)，严厉惩罚 -3.0
[TemplateMatcher] pause_gear.png -> max conf: 0.908 (needs 0.5, optimal scale: 0.80x)

[STEP 49] 开始执行动作...
[ACTION] AI决定: 选卡 0 -> 放入网格(3,2) -> 朝向 2
         坐标映射: 拖拽从(295,650)至(500,350) -> 方向滑动至(350,350)
[ACTION] ⛔ Fast-Fail! 目标网格(3,2)非绿色高亮(绿像素:0)。取消拖拽。
[REWARD] 执行前血条数: 7 -> 最终确认血条数: 0
[REWARD] ⛔ 非法区域/无费用，已被 CV 阻断。奖励 -0.5 (连续无作为: 1次)
[TemplateMatcher] pause_gear.png -> max conf: 0.908 (needs 0.5, optimal scale: 0.80x)

[STEP 50] 开始执行动作...
[ACTION] AI决定: 选卡 1 -> 放入网格(8,3) -> 朝向 3
         坐标映射: 拖拽从(385,650)至(1000,430) -> 方向滑动至(1150,430)
[ACTION] ⛔ Fast-Fail! 目标网格(8,3)非绿色高亮(绿像素:0)。取消拖拽。
[REWARD] 执行前血条数: 6 -> 最终确认血条数: 0
[REWARD] ⛔ 非法区域/无费用，已被 CV 阻断。奖励 -0.5 (连续无作为: 2次)
[TemplateMatcher] pause_gear.png -> max conf: 0.908 (needs 0.5, optimal scale: 0.80x)

[STEP 51] 开始执行动作...
[ACTION] AI决定: 选卡 2 -> 放入网格(3,3) -> 朝向 2
         坐标映射: 拖拽从(475,650)至(500,430) -> 方向滑动至(350,430)
[ACTION] ⛔ Fast-Fail! 目标网格(3,3)非绿色高亮(绿像素:0)。取消拖拽。
[REWARD] 执行前血条数: 6 -> 最终确认血条数: 0
[REWARD] ⛔ 非法区域/无费用，已被 CV 阻断。奖励 -0.5 (连续无作为: 3次)
[TemplateMatcher] pause_gear.png -> max conf: 0.908 (needs 0.5, optimal scale: 0.80x)

[STEP 52] 开始执行动作...
[ACTION] AI决定: 选卡 8 -> 放入网格(0,3) -> 朝向 3
         坐标映射: 拖拽从(1015,650)至(200,430) -> 方向滑动至(350,430)
[ACTION] ⛔ Fast-Fail! 目标网格(0,3)非绿色高亮(绿像素:0)。取消拖拽。
[REWARD] 执行前血条数: 6 -> 最终确认血条数: 0
[REWARD] ⛔ 非法区域/无费用，已被 CV 阻断。奖励 -0.5 (连续无作为: 4次)
[TemplateMatcher] pause_gear.png -> max conf: 0.908 (needs 0.5, optimal scale: 0.80x)

[STEP 53] 开始执行动作...
[ACTION] AI决定: 选卡 2 -> 放入网格(7,4) -> 朝向 3
         坐标映射: 拖拽从(475,650)至(900,510) -> 方向滑动至(1050,510)
[ACTION] ⛔ Fast-Fail! 目标网格(7,4)非绿色高亮(绿像素:0)。取消拖拽。
[REWARD] 执行前血条数: 6 -> 最终确认血条数: 0
[REWARD] ⛔ 非法区域/无费用，已被 CV 阻断。奖励 -0.5 (连续无作为: 5次)
[TemplateMatcher] pause_gear.png -> max conf: 0.908 (needs 0.5, optimal scale: 0.80x)

[STEP 54] 开始执行动作...
[ACTION] AI决定: 选卡 2 -> 放入网格(8,2) -> 朝向 3
         坐标映射: 拖拽从(475,650)至(1000,350) -> 方向滑动至(1150,350)
[ACTION] ⛔ Fast-Fail! 目标网格(8,2)非绿色高亮(绿像素:0)。取消拖拽。
[REWARD] 执行前血条数: 6 -> 最终确认血条数: 0
[REWARD] ⛔ 非法区域/无费用，已被 CV 阻断。奖励 -0.5 (连续无作为: 6次)
[TemplateMatcher] pause_gear.png -> max conf: 0.907 (needs 0.5, optimal scale: 0.80x)

[STEP 55] 开始执行动作...
[ACTION] AI决定: 选卡 9 -> 放入网格(7,2) -> 朝向 0
         坐标映射: 拖拽从(1105,650)至(900,350) -> 方向滑动至(900,200)
[ACTION] ✅ CV校验通过！网格(7,2)具有高亮绿色(像素:20)，准许拖拽。
[REWARD] 动作已执行，开始 3 次心跳检测 (间隔 0.2s)...
[REWARD] ✅ 第 1 次检测命中目标干员血条！
[REWARD] 执行前血条数: 6 -> 最终确认血条数: 3
[REWARD] 🎯 完美落子！部署点靠近敌人 (距离: 135.7)，奖励 +2.0
[REWARD] 🛡️ 背对敌人！(角度: 352.3°)，严厉惩罚 -3.0
[TemplateMatcher] pause_gear.png -> max conf: 0.908 (needs 0.5, optimal scale: 0.80x)

[STEP 56] 开始执行动作...
[ACTION] AI决定: 选卡 9 -> 放入网格(3,0) -> 朝向 2
         坐标映射: 拖拽从(1105,650)至(500,190) -> 方向滑动至(350,190)
[ACTION] ✅ CV校验通过！网格(3,0)具有高亮绿色(像素:248)，准许拖拽。
[REWARD] 动作已执行，开始 3 次心跳检测 (间隔 0.2s)...
[REWARD] ❌ 第 1 次未检测到目标血条...
[REWARD] ❌ 第 2 次未检测到目标血条...
[REWARD] ❌ 第 3 次未检测到目标血条...
[REWARD] 执行前血条数: 3 -> 最终确认血条数: 6
[REWARD] 部署失败，计算前后帧 MSE (均方误差) = 3958.43
[REWARD] 动作无效，但游戏仍在进行(画面有变化)。奖励 -0.2 (已清空无作为计数器)
[TemplateMatcher] pause_gear.png -> max conf: 0.909 (needs 0.5, optimal scale: 0.80x)
[SAVE] 自动保存进度 (Step 700) -> policy_latest.zip

[STEP 57] 开始执行动作...
[ACTION] AI决定: 选卡 3 -> 放入网格(2,3) -> 朝向 0
         坐标映射: 拖拽从(565,650)至(400,430) -> 方向滑动至(400,280)
[ACTION] ⛔ Fast-Fail! 目标网格(2,3)非绿色高亮(绿像素:0)。取消拖拽。
[REWARD] 执行前血条数: 6 -> 最终确认血条数: 0
[REWARD] ⛔ 非法区域/无费用，已被 CV 阻断。奖励 -0.5 (连续无作为: 1次)
[TemplateMatcher] pause_gear.png -> max conf: 0.908 (needs 0.5, optimal scale: 0.80x)

[STEP 58] 开始执行动作...
[ACTION] AI决定: 选卡 3 -> 放入网格(3,2) -> 朝向 2
         坐标映射: 拖拽从(565,650)至(500,350) -> 方向滑动至(350,350)
[ACTION] ✅ CV校验通过！网格(3,2)具有高亮绿色(像素:361)，准许拖拽。
[REWARD] 动作已执行，开始 3 次心跳检测 (间隔 0.2s)...
[REWARD] ❌ 第 1 次未检测到目标血条...
[REWARD] ❌ 第 2 次未检测到目标血条...
[REWARD] ❌ 第 3 次未检测到目标血条...
[REWARD] 执行前血条数: 6 -> 最终确认血条数: 6
[REWARD] 部署失败，计算前后帧 MSE (均方误差) = 373.23
[REWARD] 动作无效，但游戏仍在进行(画面有变化)。奖励 -0.2 (已清空无作为计数器)
[TemplateMatcher] pause_gear.png -> max conf: 0.908 (needs 0.5, optimal scale: 0.80x)

[STEP 59] 开始执行动作...
[ACTION] AI决定: 选卡 6 -> 放入网格(8,3) -> 朝向 3
         坐标映射: 拖拽从(835,650)至(1000,430) -> 方向滑动至(1150,430)
[ACTION] ✅ CV校验通过！网格(8,3)具有高亮绿色(像素:874)，准许拖拽。
[REWARD] 动作已执行，开始 3 次心跳检测 (间隔 0.2s)...
[REWARD] ❌ 第 1 次未检测到目标血条...
[REWARD] ❌ 第 2 次未检测到目标血条...
[REWARD] ❌ 第 3 次未检测到目标血条...
[REWARD] 执行前血条数: 6 -> 最终确认血条数: 6
[REWARD] 部署失败，计算前后帧 MSE (均方误差) = 199.59
[REWARD] 画面未发生明显变化(非法部署)。奖励 -0.5 (连续无作为: 1次)
[TemplateMatcher] pause_gear.png -> max conf: 0.907 (needs 0.5, optimal scale: 0.80x)

[STEP 60] 开始执行动作...
[ACTION] AI决定: 选卡 0 -> 放入网格(3,2) -> 朝向 0
         坐标映射: 拖拽从(295,650)至(500,350) -> 方向滑动至(500,200)
[ACTION] ⛔ Fast-Fail! 目标网格(3,2)非绿色高亮(绿像素:0)。取消拖拽。
[REWARD] 执行前血条数: 6 -> 最终确认血条数: 0
[REWARD] ⛔ 非法区域/无费用，已被 CV 阻断。奖励 -0.5 (连续无作为: 2次)
[TemplateMatcher] pause_gear.png -> max conf: 0.908 (needs 0.5, optimal scale: 0.80x)

[STEP 61] 开始执行动作...
[ACTION] AI决定: 选卡 5 -> 放入网格(9,0) -> 朝向 2
         坐标映射: 拖拽从(745,650)至(1100,190) -> 方向滑动至(950,190)
[ACTION] ⛔ Fast-Fail! 目标网格(9,0)非绿色高亮(绿像素:0)。取消拖拽。
[REWARD] 执行前血条数: 6 -> 最终确认血条数: 0
[REWARD] ⛔ 非法区域/无费用，已被 CV 阻断。奖励 -0.5 (连续无作为: 3次)
[TemplateMatcher] pause_gear.png -> max conf: 0.908 (needs 0.5, optimal scale: 0.80x)

[STEP 62] 开始执行动作...
[ACTION] AI决定: 选卡 5 -> 放入网格(2,2) -> 朝向 1
         坐标映射: 拖拽从(745,650)至(400,350) -> 方向滑动至(400,500)
[ACTION] ⛔ Fast-Fail! 目标网格(2,2)非绿色高亮(绿像素:6)。取消拖拽。
[REWARD] 执行前血条数: 6 -> 最终确认血条数: 0
[REWARD] ⛔ 非法区域/无费用，已被 CV 阻断。奖励 -0.5 (连续无作为: 4次)
[TemplateMatcher] pause_gear.png -> max conf: 0.907 (needs 0.5, optimal scale: 0.80x)

[STEP 63] 开始执行动作...
[ACTION] AI决定: 选卡 0 -> 放入网格(7,0) -> 朝向 1
         坐标映射: 拖拽从(295,650)至(900,190) -> 方向滑动至(900,340)
[ACTION] ⛔ Fast-Fail! 目标网格(7,0)非绿色高亮(绿像素:0)。取消拖拽。
[REWARD] 执行前血条数: 6 -> 最终确认血条数: 0
[REWARD] ⛔ 非法区域/无费用，已被 CV 阻断。奖励 -0.5 (连续无作为: 5次)
[TemplateMatcher] pause_gear.png -> max conf: 0.908 (needs 0.5, optimal scale: 0.80x)

[STEP 64] 开始执行动作...
[ACTION] AI决定: 选卡 5 -> 放入网格(8,4) -> 朝向 1
         坐标映射: 拖拽从(745,650)至(1000,510) -> 方向滑动至(1000,660)
[ACTION] ⛔ Fast-Fail! 目标网格(8,4)非绿色高亮(绿像素:0)。取消拖拽。
[REWARD] 执行前血条数: 6 -> 最终确认血条数: 0
[REWARD] ⛔ 非法区域/无费用，已被 CV 阻断。奖励 -0.5 (连续无作为: 6次)
[TemplateMatcher] pause_gear.png -> max conf: 0.907 (needs 0.5, optimal scale: 0.80x)

[STEP 65] 开始执行动作...
[ACTION] AI决定: 选卡 2 -> 放入网格(5,0) -> 朝向 0
         坐标映射: 拖拽从(475,650)至(700,190) -> 方向滑动至(700,40)
[ACTION] ⛔ Fast-Fail! 目标网格(5,0)非绿色高亮(绿像素:0)。取消拖拽。
[REWARD] 执行前血条数: 6 -> 最终确认血条数: 0
[REWARD] ⛔ 非法区域/无费用，已被 CV 阻断。奖励 -0.5 (连续无作为: 7次)
[TemplateMatcher] pause_gear.png -> max conf: 0.908 (needs 0.5, optimal scale: 0.80x)

[STEP 66] 开始执行动作...
[ACTION] AI决定: 选卡 2 -> 放入网格(8,2) -> 朝向 3
         坐标映射: 拖拽从(475,650)至(1000,350) -> 方向滑动至(1150,350)
[ACTION] ⛔ Fast-Fail! 目标网格(8,2)非绿色高亮(绿像素:0)。取消拖拽。
[REWARD] 执行前血条数: 6 -> 最终确认血条数: 0
[REWARD] ⛔ 非法区域/无费用，已被 CV 阻断。奖励 -0.5 (连续无作为: 8次)
[TemplateMatcher] pause_gear.png -> max conf: 0.908 (needs 0.5, optimal scale: 0.80x)

[STEP 67] 开始执行动作...
[ACTION] AI决定: 💤 挂机 (Skip / Wait for Cost)
[REWARD] 执行前血条数: 6 -> 最终确认血条数: 0
[REWARD] 💤 AI 主动挂机等费用，只扣除微小时间惩罚 -0.01
[TemplateMatcher] pause_gear.png -> max conf: 0.908 (needs 0.5, optimal scale: 0.80x)

[STEP 68] 开始执行动作...
[ACTION] AI决定: 选卡 0 -> 放入网格(3,2) -> 朝向 2
         坐标映射: 拖拽从(295,650)至(500,350) -> 方向滑动至(350,350)
[ACTION] ⛔ Fast-Fail! 目标网格(3,2)非绿色高亮(绿像素:0)。取消拖拽。
[REWARD] 执行前血条数: 6 -> 最终确认血条数: 0
[REWARD] ⛔ 非法区域/无费用，已被 CV 阻断。奖励 -0.5 (连续无作为: 1次)
[TemplateMatcher] pause_gear.png -> max conf: 0.908 (needs 0.5, optimal scale: 0.80x)

[STEP 69] 开始执行动作...
[ACTION] AI决定: 选卡 2 -> 放入网格(7,0) -> 朝向 1
         坐标映射: 拖拽从(475,650)至(900,190) -> 方向滑动至(900,340)
[ACTION] ⛔ Fast-Fail! 目标网格(7,0)非绿色高亮(绿像素:0)。取消拖拽。
[REWARD] 执行前血条数: 6 -> 最终确认血条数: 0
[REWARD] ⛔ 非法区域/无费用，已被 CV 阻断。奖励 -0.5 (连续无作为: 2次)
[TemplateMatcher] pause_gear.png -> max conf: 0.908 (needs 0.5, optimal scale: 0.80x)

[STEP 70] 开始执行动作...
[ACTION] AI决定: 选卡 3 -> 放入网格(5,2) -> 朝向 0
         坐标映射: 拖拽从(565,650)至(700,350) -> 方向滑动至(700,200)
[ACTION] ⛔ Fast-Fail! 目标网格(5,2)非绿色高亮(绿像素:0)。取消拖拽。
[REWARD] 执行前血条数: 6 -> 最终确认血条数: 0
[REWARD] ⛔ 非法区域/无费用，已被 CV 阻断。奖励 -0.5 (连续无作为: 3次)
[TemplateMatcher] pause_gear.png -> max conf: 0.908 (needs 0.5, optimal scale: 0.80x)

[STEP 71] 开始执行动作...
[ACTION] AI决定: 选卡 2 -> 放入网格(6,2) -> 朝向 2
         坐标映射: 拖拽从(475,650)至(800,350) -> 方向滑动至(650,350)
[ACTION] ✅ CV校验通过！网格(6,2)具有高亮绿色(像素:553)，准许拖拽。
[REWARD] 动作已执行，开始 3 次心跳检测 (间隔 0.2s)...
[REWARD] ❌ 第 1 次未检测到目标血条...
[REWARD] ❌ 第 2 次未检测到目标血条...
[REWARD] ❌ 第 3 次未检测到目标血条...
[REWARD] 执行前血条数: 5 -> 最终确认血条数: 5
[REWARD] 部署失败，计算前后帧 MSE (均方误差) = 280.50
[REWARD] 画面未发生明显变化(非法部署)。奖励 -0.5 (连续无作为: 4次)
[TemplateMatcher] pause_gear.png -> max conf: 0.908 (needs 0.5, optimal scale: 0.80x)

[STEP 72] 开始执行动作...
[ACTION] AI决定: 选卡 2 -> 放入网格(7,2) -> 朝向 1
         坐标映射: 拖拽从(475,650)至(900,350) -> 方向滑动至(900,500)
[ACTION] ⛔ Fast-Fail! 目标网格(7,2)非绿色高亮(绿像素:12)。取消拖拽。
[REWARD] 执行前血条数: 5 -> 最终确认血条数: 0
[REWARD] ⛔ 非法区域/无费用，已被 CV 阻断。奖励 -0.5 (连续无作为: 5次)
[TemplateMatcher] pause_gear.png -> max conf: 0.907 (needs 0.5, optimal scale: 0.80x)

[STEP 73] 开始执行动作...
[ACTION] AI决定: 💤 挂机 (Skip / Wait for Cost)
[REWARD] 执行前血条数: 5 -> 最终确认血条数: 0
[REWARD] 💤 AI 主动挂机等费用，只扣除微小时间惩罚 -0.01
[TemplateMatcher] pause_gear.png -> max conf: 0.581 (needs 0.5, optimal scale: 0.90x)

[STEP 74] 开始执行动作...
[ACTION] AI决定: 选卡 1 -> 放入网格(0,2) -> 朝向 0
         坐标映射: 拖拽从(385,650)至(200,350) -> 方向滑动至(200,200)
[ACTION] ⛔ Fast-Fail! 目标网格(0,2)非绿色高亮(绿像素:0)。取消拖拽。
[REWARD] 执行前血条数: 5 -> 最终确认血条数: 0
[REWARD] ⛔ 非法区域/无费用，已被 CV 阻断。奖励 -0.5 (连续无作为: 1次)
[ENV] 🚨 优先级 1 触发：检测到画面剧烈变化 (MSE=10390.85 > 8000)，判定为场景切换/结算，强制终止回合！

================= 回合结束，开始自动重启关卡 =================
[TemplateMatcher] pause_gear.png -> max conf: 0.000 (needs 0.7, optimal scale: 0.80x)
[DEBUG] 未匹配 [pause_gear] (要求阈值 0.7)
[TemplateMatcher] start_action.png -> max conf: 0.000 (needs 0.45, optimal scale: 0.80x)
[DEBUG] 未匹配 [start_action] (要求阈值 0.45)
[TemplateMatcher] practice.png -> max conf: 0.000 (needs 0.5, optimal scale: 0.80x)
[DEBUG] 未匹配 [practice] (要求阈值 0.5)
[TemplateMatcher] stage_1_7.png -> max conf: 0.000 (needs 0.5, optimal scale: 0.80x)
[DEBUG] 未匹配 [stage_1_7] (要求阈值 0.5)
[RESET] 尝试跳过动画/寻找入口... (尝试 1/100)
[TemplateMatcher] pause_gear.png -> max conf: 0.000 (needs 0.7, optimal scale: 0.80x)
[DEBUG] 未匹配 [pause_gear] (要求阈值 0.7)
[TemplateMatcher] start_action.png -> max conf: 0.000 (needs 0.45, optimal scale: 0.80x)
[DEBUG] 未匹配 [start_action] (要求阈值 0.45)
[TemplateMatcher] practice.png -> max conf: 0.000 (needs 0.5, optimal scale: 0.80x)
[DEBUG] 未匹配 [practice] (要求阈值 0.5)
[TemplateMatcher] stage_1_7.png -> max conf: 0.000 (needs 0.5, optimal scale: 0.80x)
[DEBUG] 未匹配 [stage_1_7] (要求阈值 0.5)
[RESET] 尝试跳过动画/寻找入口... (尝试 2/100)
[TemplateMatcher] pause_gear.png -> max conf: 0.429 (needs 0.7, optimal scale: 0.80x)
[DEBUG] 未匹配 [pause_gear] (要求阈值 0.7)
[TemplateMatcher] start_action.png -> max conf: -0.042 (needs 0.45, optimal scale: 0.80x)
[DEBUG] 未匹配 [start_action] (要求阈值 0.45)
[TemplateMatcher] practice.png -> max conf: 0.531 (needs 0.5, optimal scale: 1.20x)
[RESET] 找到 [practice] (置信度 0.53 >= 0.5)，点击 (553, 665)
[RESET] 点击演习按钮
[TemplateMatcher] pause_gear.png -> max conf: 0.429 (needs 0.7, optimal scale: 0.80x)
[DEBUG] 未匹配 [pause_gear] (要求阈值 0.7)
[TemplateMatcher] start_action.png -> max conf: -0.042 (needs 0.45, optimal scale: 0.80x)
[DEBUG] 未匹配 [start_action] (要求阈值 0.45)
[TemplateMatcher] practice.png -> max conf: 0.531 (needs 0.5, optimal scale: 0.80x)
[RESET] 找到 [practice] (置信度 0.53 >= 0.5)，点击 (679, 676)
[RESET] 点击演习按钮
[TemplateMatcher] pause_gear.png -> max conf: 0.490 (needs 0.7, optimal scale: 0.80x)
[DEBUG] 未匹配 [pause_gear] (要求阈值 0.7)
[TemplateMatcher] start_action.png -> max conf: -0.034 (needs 0.45, optimal scale: 0.80x)
[DEBUG] 未匹配 [start_action] (要求阈值 0.45)
[TemplateMatcher] practice.png -> max conf: 0.522 (needs 0.5, optimal scale: 0.80x)
[RESET] 找到 [practice] (置信度 0.52 >= 0.5)，点击 (533, 603)
[RESET] 点击演习按钮
[TemplateMatcher] pause_gear.png -> max conf: 0.490 (needs 0.7, optimal scale: 0.80x)
[DEBUG] 未匹配 [pause_gear] (要求阈值 0.7)
[TemplateMatcher] start_action.png -> max conf: -0.034 (needs 0.45, optimal scale: 0.80x)
[DEBUG] 未匹配 [start_action] (要求阈值 0.45)
[TemplateMatcher] practice.png -> max conf: 0.522 (needs 0.5, optimal scale: 0.80x)
[RESET] 找到 [practice] (置信度 0.52 >= 0.5)，点击 (533, 603)
[RESET] 点击演习按钮
[TemplateMatcher] pause_gear.png -> max conf: 0.490 (needs 0.7, optimal scale: 0.80x)
[DEBUG] 未匹配 [pause_gear] (要求阈值 0.7)
[TemplateMatcher] start_action.png -> max conf: -0.034 (needs 0.45, optimal scale: 0.80x)
[DEBUG] 未匹配 [start_action] (要求阈值 0.45)
[TemplateMatcher] practice.png -> max conf: 0.522 (needs 0.5, optimal scale: 0.80x)
[RESET] 找到 [practice] (置信度 0.52 >= 0.5)，点击 (533, 603)
[RESET] 点击演习按钮
[TemplateMatcher] pause_gear.png -> max conf: 0.472 (needs 0.7, optimal scale: 0.90x)
[DEBUG] 未匹配 [pause_gear] (要求阈值 0.7)
[TemplateMatcher] start_action.png -> max conf: 0.037 (needs 0.45, optimal scale: 0.80x)
[DEBUG] 未匹配 [start_action] (要求阈值 0.45)
[TemplateMatcher] practice.png -> max conf: 0.489 (needs 0.5, optimal scale: 0.85x)
[DEBUG] 未匹配 [practice] (要求阈值 0.5)
[TemplateMatcher] stage_1_7.png -> max conf: 0.712 (needs 0.5, optimal scale: 0.80x)
[RESET] 找到 [stage_1_7] (置信度 0.71 >= 0.5)，点击 (638, 224)
[RESET] 点击关卡 1-7 图标
[TemplateMatcher] pause_gear.png -> max conf: 0.612 (needs 0.7, optimal scale: 1.10x)
[DEBUG] 未匹配 [pause_gear] (要求阈值 0.7)
[TemplateMatcher] start_action.png -> max conf: 0.100 (needs 0.45, optimal scale: 0.80x)
[DEBUG] 未匹配 [start_action] (要求阈值 0.45)
[TemplateMatcher] practice.png -> max conf: 0.687 (needs 0.5, optimal scale: 0.80x)
[RESET] 找到 [practice] (置信度 0.69 >= 0.5)，点击 (935, 660)
[RESET] 点击演习按钮
[TemplateMatcher] pause_gear.png -> max conf: 0.470 (needs 0.7, optimal scale: 1.05x)
[DEBUG] 未匹配 [pause_gear] (要求阈值 0.7)
[TemplateMatcher] start_action.png -> max conf: 0.451 (needs 0.45, optimal scale: 0.80x)
[RESET] 找到 [start_action] (置信度 0.45 >= 0.45)，点击 (1101, 513)
[RESET] 点击开始行动，进入加载...
[TemplateMatcher] pause_gear.png -> max conf: 0.000 (needs 0.7, optimal scale: 0.80x)
[DEBUG] 未匹配 [pause_gear] (要求阈值 0.7)
[TemplateMatcher] start_action.png -> max conf: 0.000 (needs 0.45, optimal scale: 0.80x)
[DEBUG] 未匹配 [start_action] (要求阈值 0.45)
[TemplateMatcher] practice.png -> max conf: 0.000 (needs 0.5, optimal scale: 0.80x)
[DEBUG] 未匹配 [practice] (要求阈值 0.5)
[TemplateMatcher] stage_1_7.png -> max conf: 0.000 (needs 0.5, optimal scale: 0.80x)
[DEBUG] 未匹配 [stage_1_7] (要求阈值 0.5)
[RESET] 尝试跳过动画/寻找入口... (尝试 11/100)
[TemplateMatcher] pause_gear.png -> max conf: 0.000 (needs 0.7, optimal scale: 0.80x)
[DEBUG] 未匹配 [pause_gear] (要求阈值 0.7)
[TemplateMatcher] start_action.png -> max conf: 0.000 (needs 0.45, optimal scale: 0.80x)
[DEBUG] 未匹配 [start_action] (要求阈值 0.45)
[TemplateMatcher] practice.png -> max conf: 0.000 (needs 0.5, optimal scale: 0.80x)
[DEBUG] 未匹配 [practice] (要求阈值 0.5)
[TemplateMatcher] stage_1_7.png -> max conf: 0.000 (needs 0.5, optimal scale: 0.80x)
[DEBUG] 未匹配 [stage_1_7] (要求阈值 0.5)
[RESET] 尝试跳过动画/寻找入口... (尝试 12/100)
[TemplateMatcher] pause_gear.png -> max conf: 0.511 (needs 0.7, optimal scale: 1.20x)
[DEBUG] 未匹配 [pause_gear] (要求阈值 0.7)
[TemplateMatcher] start_action.png -> max conf: -0.063 (needs 0.45, optimal scale: 0.80x)
[DEBUG] 未匹配 [start_action] (要求阈值 0.45)
[TemplateMatcher] practice.png -> max conf: 0.379 (needs 0.5, optimal scale: 0.90x)
[DEBUG] 未匹配 [practice] (要求阈值 0.5)
[TemplateMatcher] stage_1_7.png -> max conf: 0.411 (needs 0.5, optimal scale: 0.90x)
[DEBUG] 未匹配 [stage_1_7] (要求阈值 0.5)
[RESET] 尝试跳过动画/寻找入口... (尝试 13/100)
[TemplateMatcher] pause_gear.png -> max conf: 0.511 (needs 0.7, optimal scale: 1.20x)
[DEBUG] 未匹配 [pause_gear] (要求阈值 0.7)
[TemplateMatcher] start_action.png -> max conf: -0.063 (needs 0.45, optimal scale: 0.80x)
[DEBUG] 未匹配 [start_action] (要求阈值 0.45)
[TemplateMatcher] practice.png -> max conf: 0.379 (needs 0.5, optimal scale: 0.90x)
[DEBUG] 未匹配 [practice] (要求阈值 0.5)
[TemplateMatcher] stage_1_7.png -> max conf: 0.411 (needs 0.5, optimal scale: 0.90x)
[DEBUG] 未匹配 [stage_1_7] (要求阈值 0.5)
[RESET] 尝试跳过动画/寻找入口... (尝试 14/100)
[TemplateMatcher] pause_gear.png -> max conf: 0.215 (needs 0.7, optimal scale: 1.20x)
[DEBUG] 未匹配 [pause_gear] (要求阈值 0.7)
[TemplateMatcher] start_action.png -> max conf: 0.224 (needs 0.45, optimal scale: 0.80x)
[DEBUG] 未匹配 [start_action] (要求阈值 0.45)
[TemplateMatcher] practice.png -> max conf: 0.333 (needs 0.5, optimal scale: 0.80x)
[DEBUG] 未匹配 [practice] (要求阈值 0.5)
[TemplateMatcher] stage_1_7.png -> max conf: 0.271 (needs 0.5, optimal scale: 0.80x)
[DEBUG] 未匹配 [stage_1_7] (要求阈值 0.5)
[RESET] 尝试跳过动画/寻找入口... (尝试 15/100)
[TemplateMatcher] pause_gear.png -> max conf: 0.211 (needs 0.7, optimal scale: 1.05x)
[DEBUG] 未匹配 [pause_gear] (要求阈值 0.7)
[TemplateMatcher] start_action.png -> max conf: 0.202 (needs 0.45, optimal scale: 0.80x)
[DEBUG] 未匹配 [start_action] (要求阈值 0.45)
[TemplateMatcher] practice.png -> max conf: 0.297 (needs 0.5, optimal scale: 0.80x)
[DEBUG] 未匹配 [practice] (要求阈值 0.5)
[TemplateMatcher] stage_1_7.png -> max conf: 0.277 (needs 0.5, optimal scale: 0.85x)
[DEBUG] 未匹配 [stage_1_7] (要求阈值 0.5)
[RESET] 尝试跳过动画/寻找入口... (尝试 16/100)
[TemplateMatcher] pause_gear.png -> max conf: 0.822 (needs 0.7, optimal scale: 0.80x)
[RESET] 找到 [pause_gear] (置信度 0.82 >= 0.7)，(仅检测，不点击)
[RESET] ✅ 检测到战斗画面右上角齿轮，重启成功！
================= 关卡重启流程结束 =================

--> [回合结束] 第 9 回合 | 奖励: -14.5 | 步数: 74

[STEP 1] 开始执行动作...
[ACTION] AI决定: 选卡 5 -> 放入网格(8,2) -> 朝向 3
         坐标映射: 拖拽从(745,650)至(1000,350) -> 方向滑动至(1150,350)
[ACTION] ✅ CV校验通过！网格(8,2)具有高亮绿色(像素:811)，准许拖拽。
[REWARD] 动作已执行，开始 3 次心跳检测 (间隔 0.2s)...
[REWARD] ❌ 第 1 次未检测到目标血条...
[REWARD] ❌ 第 2 次未检测到目标血条...
[REWARD] ❌ 第 3 次未检测到目标血条...
[REWARD] 执行前血条数: 0 -> 最终确认血条数: 0
[REWARD] 部署失败，计算前后帧 MSE (均方误差) = 152.32
[REWARD] 画面未发生明显变化(非法部署)。奖励 -0.5 (连续无作为: 2次)
[TemplateMatcher] pause_gear.png -> max conf: 0.908 (needs 0.5, optimal scale: 0.80x)

[STEP 2] 开始执行动作...
[ACTION] AI决定: 选卡 9 -> 放入网格(4,4) -> 朝向 1
         坐标映射: 拖拽从(1105,650)至(600,510) -> 方向滑动至(600,660)
[ACTION] ✅ CV校验通过！网格(4,4)具有高亮绿色(像素:900)，准许拖拽。
[REWARD] 动作已执行，开始 3 次心跳检测 (间隔 0.2s)...
[REWARD] ❌ 第 1 次未检测到目标血条...
[REWARD] ❌ 第 2 次未检测到目标血条...
[REWARD] ❌ 第 3 次未检测到目标血条...
[REWARD] 执行前血条数: 0 -> 最终确认血条数: 0
[REWARD] 部署失败，计算前后帧 MSE (均方误差) = 3598.55
[REWARD] 动作无效，但游戏仍在进行(画面有变化)。奖励 -0.2 (已清空无作为计数器)
[TemplateMatcher] pause_gear.png -> max conf: 0.907 (needs 0.5, optimal scale: 0.80x)

[STEP 3] 开始执行动作...
[ACTION] AI决定: 选卡 1 -> 放入网格(0,3) -> 朝向 0
         坐标映射: 拖拽从(385,650)至(200,430) -> 方向滑动至(200,280)
[ACTION] ⛔ Fast-Fail! 目标网格(0,3)非绿色高亮(绿像素:0)。取消拖拽。
[REWARD] 执行前血条数: 0 -> 最终确认血条数: 0
[REWARD] ⛔ 非法区域/无费用，已被 CV 阻断。奖励 -0.5 (连续无作为: 1次)
[TemplateMatcher] pause_gear.png -> max conf: 0.908 (needs 0.5, optimal scale: 0.80x)

[STEP 4] 开始执行动作...
[ACTION] AI决定: 选卡 3 -> 放入网格(8,2) -> 朝向 1
         坐标映射: 拖拽从(565,650)至(1000,350) -> 方向滑动至(1000,500)
[ACTION] ✅ CV校验通过！网格(8,2)具有高亮绿色(像素:812)，准许拖拽。
[REWARD] 动作已执行，开始 3 次心跳检测 (间隔 0.2s)...
[REWARD] ❌ 第 1 次未检测到目标血条...
[REWARD] ❌ 第 2 次未检测到目标血条...
[REWARD] ❌ 第 3 次未检测到目标血条...
[REWARD] 执行前血条数: 0 -> 最终确认血条数: 0
[REWARD] 部署失败，计算前后帧 MSE (均方误差) = 3185.30
[REWARD] 动作无效，但游戏仍在进行(画面有变化)。奖励 -0.2 (已清空无作为计数器)
[TemplateMatcher] pause_gear.png -> max conf: 0.908 (needs 0.5, optimal scale: 0.80x)

[STEP 5] 开始执行动作...
[ACTION] AI决定: 选卡 1 -> 放入网格(4,2) -> 朝向 3
         坐标映射: 拖拽从(385,650)至(600,350) -> 方向滑动至(750,350)
[ACTION] ⛔ Fast-Fail! 目标网格(4,2)非绿色高亮(绿像素:0)。取消拖拽。
[REWARD] 执行前血条数: 0 -> 最终确认血条数: 0
[REWARD] ⛔ 非法区域/无费用，已被 CV 阻断。奖励 -0.5 (连续无作为: 1次)
[TemplateMatcher] pause_gear.png -> max conf: 0.908 (needs 0.5, optimal scale: 0.80x)

[STEP 6] 开始执行动作...
[ACTION] AI决定: 选卡 9 -> 放入网格(5,3) -> 朝向 2
         坐标映射: 拖拽从(1105,650)至(700,430) -> 方向滑动至(550,430)
[ACTION] ⛔ Fast-Fail! 目标网格(5,3)非绿色高亮(绿像素:0)。取消拖拽。
[REWARD] 执行前血条数: 0 -> 最终确认血条数: 0
[REWARD] ⛔ 非法区域/无费用，已被 CV 阻断。奖励 -0.5 (连续无作为: 2次)
[TemplateMatcher] pause_gear.png -> max conf: 0.908 (needs 0.5, optimal scale: 0.80x)

[STEP 7] 开始执行动作...
[ACTION] AI决定: 选卡 6 -> 放入网格(4,4) -> 朝向 2
         坐标映射: 拖拽从(835,650)至(600,510) -> 方向滑动至(450,510)
[ACTION] ✅ CV校验通过！网格(4,4)具有高亮绿色(像素:900)，准许拖拽。
[REWARD] 动作已执行，开始 3 次心跳检测 (间隔 0.2s)...
[REWARD] ✅ 第 1 次检测命中目标干员血条！
[REWARD] 执行前血条数: 0 -> 最终确认血条数: 2
[REWARD] 🎯 完美落子！部署点靠近敌人 (距离: 206.8)，奖励 +2.0
[REWARD] 🛡️ 背对敌人！(角度: 56.3°)，严厉惩罚 -3.0
[TemplateMatcher] pause_gear.png -> max conf: 0.908 (needs 0.5, optimal scale: 0.80x)

[STEP 8] 开始执行动作...
[ACTION] AI决定: 选卡 0 -> 放入网格(9,3) -> 朝向 0
         坐标映射: 拖拽从(295,650)至(1100,430) -> 方向滑动至(1100,280)
[ACTION] ✅ CV校验通过！网格(9,3)具有高亮绿色(像素:97)，准许拖拽。
[REWARD] 动作已执行，开始 3 次心跳检测 (间隔 0.2s)...
[REWARD] ❌ 第 1 次未检测到目标血条...
[REWARD] ❌ 第 2 次未检测到目标血条...
[REWARD] ❌ 第 3 次未检测到目标血条...
[REWARD] 执行前血条数: 1 -> 最终确认血条数: 1
[REWARD] 部署失败，计算前后帧 MSE (均方误差) = 123.54
[REWARD] 画面未发生明显变化(非法部署)。奖励 -0.5 (连续无作为: 1次)
[TemplateMatcher] pause_gear.png -> max conf: 0.908 (needs 0.5, optimal scale: 0.80x)

[STEP 9] 开始执行动作...
[ACTION] AI决定: 选卡 8 -> 放入网格(3,4) -> 朝向 2
         坐标映射: 拖拽从(1015,650)至(500,510) -> 方向滑动至(350,510)
[ACTION] ✅ CV校验通过！网格(3,4)具有高亮绿色(像素:900)，准许拖拽。
[REWARD] 动作已执行，开始 3 次心跳检测 (间隔 0.2s)...
[REWARD] ✅ 第 1 次检测命中目标干员血条！
[REWARD] 执行前血条数: 1 -> 最终确认血条数: 1
[REWARD] 🛡️ 背对敌人！(角度: 277.2°)，严厉惩罚 -3.0
[TemplateMatcher] pause_gear.png -> max conf: 0.907 (needs 0.5, optimal scale: 0.80x)

[STEP 10] 开始执行动作...
[ACTION] AI决定: 选卡 8 -> 放入网格(6,1) -> 朝向 3
         坐标映射: 拖拽从(1015,650)至(800,270) -> 方向滑动至(950,270)
[ACTION] ⛔ Fast-Fail! 目标网格(6,1)非绿色高亮(绿像素:0)。取消拖拽。
[REWARD] 执行前血条数: 1 -> 最终确认血条数: 0
[REWARD] ⛔ 非法区域/无费用，已被 CV 阻断。奖励 -0.5 (连续无作为: 1次)
[TemplateMatcher] pause_gear.png -> max conf: 0.907 (needs 0.5, optimal scale: 0.80x)

[STEP 11] 开始执行动作...
[ACTION] AI决定: 选卡 1 -> 放入网格(1,2) -> 朝向 0
         坐标映射: 拖拽从(385,650)至(300,350) -> 方向滑动至(300,200)
[ACTION] ⛔ Fast-Fail! 目标网格(1,2)非绿色高亮(绿像素:1)。取消拖拽。
[REWARD] 执行前血条数: 1 -> 最终确认血条数: 0
[REWARD] ⛔ 非法区域/无费用，已被 CV 阻断。奖励 -0.5 (连续无作为: 2次)
[TemplateMatcher] pause_gear.png -> max conf: 0.908 (needs 0.5, optimal scale: 0.80x)

[STEP 12] 开始执行动作...
[ACTION] AI决定: 选卡 2 -> 放入网格(8,2) -> 朝向 0
         坐标映射: 拖拽从(475,650)至(1000,350) -> 方向滑动至(1000,200)
[ACTION] ✅ CV校验通过！网格(8,2)具有高亮绿色(像素:812)，准许拖拽。
[REWARD] 动作已执行，开始 3 次心跳检测 (间隔 0.2s)...
[REWARD] ❌ 第 1 次未检测到目标血条...
[REWARD] ❌ 第 2 次未检测到目标血条...
[REWARD] ❌ 第 3 次未检测到目标血条...
[REWARD] 执行前血条数: 1 -> 最终确认血条数: 1
[REWARD] 部署失败，计算前后帧 MSE (均方误差) = 452.42
[REWARD] 动作无效，但游戏仍在进行(画面有变化)。奖励 -0.2 (已清空无作为计数器)
[TemplateMatcher] pause_gear.png -> max conf: 0.908 (needs 0.5, optimal scale: 0.80x)

[STEP 13] 开始执行动作...
[ACTION] AI决定: 💤 挂机 (Skip / Wait for Cost)
[REWARD] 执行前血条数: 1 -> 最终确认血条数: 0
[REWARD] 💤 AI 主动挂机等费用，只扣除微小时间惩罚 -0.01
[TemplateMatcher] pause_gear.png -> max conf: 0.908 (needs 0.5, optimal scale: 0.80x)

[STEP 14] 开始执行动作...
[ACTION] AI决定: 选卡 2 -> 放入网格(3,3) -> 朝向 1
         坐标映射: 拖拽从(475,650)至(500,430) -> 方向滑动至(500,580)
[ACTION] ⛔ Fast-Fail! 目标网格(3,3)非绿色高亮(绿像素:0)。取消拖拽。
[REWARD] 执行前血条数: 1 -> 最终确认血条数: 0
[REWARD] ⛔ 非法区域/无费用，已被 CV 阻断。奖励 -0.5 (连续无作为: 1次)
[TemplateMatcher] pause_gear.png -> max conf: 0.907 (needs 0.5, optimal scale: 0.80x)

[STEP 15] 开始执行动作...
[ACTION] AI决定: 选卡 2 -> 放入网格(4,2) -> 朝向 1
         坐标映射: 拖拽从(475,650)至(600,350) -> 方向滑动至(600,500)
[ACTION] ⛔ Fast-Fail! 目标网格(4,2)非绿色高亮(绿像素:0)。取消拖拽。
[REWARD] 执行前血条数: 1 -> 最终确认血条数: 0
[REWARD] ⛔ 非法区域/无费用，已被 CV 阻断。奖励 -0.5 (连续无作为: 2次)
[TemplateMatcher] pause_gear.png -> max conf: 0.908 (needs 0.5, optimal scale: 0.80x)

[STEP 16] 开始执行动作...
[ACTION] AI决定: 选卡 0 -> 放入网格(3,0) -> 朝向 1
         坐标映射: 拖拽从(295,650)至(500,190) -> 方向滑动至(500,340)
[ACTION] ✅ CV校验通过！网格(3,0)具有高亮绿色(像素:22)，准许拖拽。
[REWARD] 动作已执行，开始 3 次心跳检测 (间隔 0.2s)...
[REWARD] ❌ 第 1 次未检测到目标血条...
[REWARD] ❌ 第 2 次未检测到目标血条...
[REWARD] ❌ 第 3 次未检测到目标血条...
[REWARD] 执行前血条数: 1 -> 最终确认血条数: 1
[REWARD] 部署失败，计算前后帧 MSE (均方误差) = 235.30
[REWARD] 画面未发生明显变化(非法部署)。奖励 -0.5 (连续无作为: 3次)
[TemplateMatcher] pause_gear.png -> max conf: 0.908 (needs 0.5, optimal scale: 0.80x)

[STEP 17] 开始执行动作...
[ACTION] AI决定: 选卡 5 -> 放入网格(3,4) -> 朝向 0
         坐标映射: 拖拽从(745,650)至(500,510) -> 方向滑动至(500,360)
[ACTION] ✅ CV校验通过！网格(3,4)具有高亮绿色(像素:900)，准许拖拽。
[REWARD] 动作已执行，开始 3 次心跳检测 (间隔 0.2s)...
[REWARD] ✅ 第 1 次检测命中目标干员血条！
[REWARD] 执行前血条数: 1 -> 最终确认血条数: 2
[REWARD] ⚔️ 完美朝向！正对敌人 (角度: 260.0°)，巨额奖励 +8.0
[TemplateMatcher] pause_gear.png -> max conf: 0.908 (needs 0.5, optimal scale: 0.80x)

[STEP 18] 开始执行动作...
[ACTION] AI决定: 选卡 9 -> 放入网格(3,2) -> 朝向 1
         坐标映射: 拖拽从(1105,650)至(500,350) -> 方向滑动至(500,500)
[ACTION] ✅ CV校验通过！网格(3,2)具有高亮绿色(像素:362)，准许拖拽。
[REWARD] 动作已执行，开始 3 次心跳检测 (间隔 0.2s)...
[REWARD] ✅ 第 1 次检测命中目标干员血条！
[REWARD] 执行前血条数: 2 -> 最终确认血条数: 2
[REWARD] 场上暂无移动目标，仅发放基础部署奖励 +1.0
[TemplateMatcher] pause_gear.png -> max conf: 0.908 (needs 0.5, optimal scale: 0.80x)

[STEP 19] 开始执行动作...
[ACTION] AI决定: 选卡 9 -> 放入网格(7,0) -> 朝向 3
         坐标映射: 拖拽从(1105,650)至(900,190) -> 方向滑动至(1050,190)
[ACTION] ⛔ Fast-Fail! 目标网格(7,0)非绿色高亮(绿像素:0)。取消拖拽。
[REWARD] 执行前血条数: 2 -> 最终确认血条数: 0
[REWARD] ⛔ 非法区域/无费用，已被 CV 阻断。奖励 -0.5 (连续无作为: 1次)
[TemplateMatcher] pause_gear.png -> max conf: 0.907 (needs 0.5, optimal scale: 0.80x)

[STEP 20] 开始执行动作...
[ACTION] AI决定: 选卡 5 -> 放入网格(5,3) -> 朝向 1
         坐标映射: 拖拽从(745,650)至(700,430) -> 方向滑动至(700,580)
[ACTION] ✅ CV校验通过！网格(5,3)具有高亮绿色(像素:892)，准许拖拽。
[REWARD] 动作已执行，开始 3 次心跳检测 (间隔 0.2s)...
[REWARD] ❌ 第 1 次未检测到目标血条...
[REWARD] ❌ 第 2 次未检测到目标血条...
[REWARD] ❌ 第 3 次未检测到目标血条...
[REWARD] 执行前血条数: 2 -> 最终确认血条数: 2
[REWARD] 部署失败，计算前后帧 MSE (均方误差) = 2710.09
[REWARD] 动作无效，但游戏仍在进行(画面有变化)。奖励 -0.2 (已清空无作为计数器)
[TemplateMatcher] pause_gear.png -> max conf: 0.908 (needs 0.5, optimal scale: 0.80x)

[STEP 21] 开始执行动作...
[ACTION] AI决定: 选卡 5 -> 放入网格(2,0) -> 朝向 0
         坐标映射: 拖拽从(745,650)至(400,190) -> 方向滑动至(400,40)
[ACTION] ✅ CV校验通过！网格(2,0)具有高亮绿色(像素:220)，准许拖拽。
[REWARD] 动作已执行，开始 3 次心跳检测 (间隔 0.2s)...
[REWARD] ❌ 第 1 次未检测到目标血条...
[REWARD] ❌ 第 2 次未检测到目标血条...
[REWARD] ❌ 第 3 次未检测到目标血条...
[REWARD] 执行前血条数: 2 -> 最终确认血条数: 2
[REWARD] 部署失败，计算前后帧 MSE (均方误差) = 221.49
[REWARD] 画面未发生明显变化(非法部署)。奖励 -0.5 (连续无作为: 1次)
[TemplateMatcher] pause_gear.png -> max conf: 0.908 (needs 0.5, optimal scale: 0.80x)

[STEP 22] 开始执行动作...
[ACTION] AI决定: 选卡 2 -> 放入网格(0,1) -> 朝向 1
         坐标映射: 拖拽从(475,650)至(200,270) -> 方向滑动至(200,420)
[ACTION] ⛔ Fast-Fail! 目标网格(0,1)非绿色高亮(绿像素:8)。取消拖拽。
[REWARD] 执行前血条数: 2 -> 最终确认血条数: 0
[REWARD] ⛔ 非法区域/无费用，已被 CV 阻断。奖励 -0.5 (连续无作为: 2次)
[TemplateMatcher] pause_gear.png -> max conf: 0.908 (needs 0.5, optimal scale: 0.80x)

[STEP 23] 开始执行动作...
[ACTION] AI决定: 💤 挂机 (Skip / Wait for Cost)
[REWARD] 执行前血条数: 2 -> 最终确认血条数: 0
[REWARD] 💤 AI 主动挂机等费用，只扣除微小时间惩罚 -0.01
[TemplateMatcher] pause_gear.png -> max conf: 0.908 (needs 0.5, optimal scale: 0.80x)

[STEP 24] 开始执行动作...
[ACTION] AI决定: 选卡 5 -> 放入网格(8,3) -> 朝向 2
         坐标映射: 拖拽从(745,650)至(1000,430) -> 方向滑动至(850,430)
[ACTION] ✅ CV校验通过！网格(8,3)具有高亮绿色(像素:896)，准许拖拽。
[REWARD] 动作已执行，开始 3 次心跳检测 (间隔 0.2s)...
[REWARD] ✅ 第 1 次检测命中目标干员血条！
[REWARD] 执行前血条数: 2 -> 最终确认血条数: 3
[REWARD] 🎯 完美落子！部署点靠近敌人 (距离: 117.5)，奖励 +2.0
[REWARD] ⚔️ 完美朝向！正对敌人 (角度: 143.7°)，巨额奖励 +8.0
[TemplateMatcher] pause_gear.png -> max conf: 0.908 (needs 0.5, optimal scale: 0.80x)

[STEP 25] 开始执行动作...
[ACTION] AI决定: 选卡 2 -> 放入网格(8,0) -> 朝向 1
         坐标映射: 拖拽从(475,650)至(1000,190) -> 方向滑动至(1000,340)
[ACTION] ⛔ Fast-Fail! 目标网格(8,0)非绿色高亮(绿像素:0)。取消拖拽。
[REWARD] 执行前血条数: 3 -> 最终确认血条数: 0
[REWARD] ⛔ 非法区域/无费用，已被 CV 阻断。奖励 -0.5 (连续无作为: 1次)
[TemplateMatcher] pause_gear.png -> max conf: 0.908 (needs 0.5, optimal scale: 0.80x)

[STEP 26] 开始执行动作...
[ACTION] AI决定: 选卡 5 -> 放入网格(2,1) -> 朝向 0
         坐标映射: 拖拽从(745,650)至(400,270) -> 方向滑动至(400,120)
[ACTION] ✅ CV校验通过！网格(2,1)具有高亮绿色(像素:854)，准许拖拽。
[REWARD] 动作已执行，开始 3 次心跳检测 (间隔 0.2s)...
[REWARD] ❌ 第 1 次未检测到目标血条...
[REWARD] ❌ 第 2 次未检测到目标血条...
[REWARD] ❌ 第 3 次未检测到目标血条...
[REWARD] 执行前血条数: 3 -> 最终确认血条数: 3
[REWARD] 部署失败，计算前后帧 MSE (均方误差) = 280.12
[REWARD] 画面未发生明显变化(非法部署)。奖励 -0.5 (连续无作为: 2次)
[TemplateMatcher] pause_gear.png -> max conf: 0.908 (needs 0.5, optimal scale: 0.80x)

[STEP 27] 开始执行动作...
[ACTION] AI决定: 选卡 3 -> 放入网格(1,3) -> 朝向 0
         坐标映射: 拖拽从(565,650)至(300,430) -> 方向滑动至(300,280)
[ACTION] ⛔ Fast-Fail! 目标网格(1,3)非绿色高亮(绿像素:0)。取消拖拽。
[REWARD] 执行前血条数: 3 -> 最终确认血条数: 0
[REWARD] ⛔ 非法区域/无费用，已被 CV 阻断。奖励 -0.5 (连续无作为: 3次)
[TemplateMatcher] pause_gear.png -> max conf: 0.908 (needs 0.5, optimal scale: 0.80x)

[STEP 28] 开始执行动作...
[ACTION] AI决定: 💤 挂机 (Skip / Wait for Cost)
[REWARD] 执行前血条数: 3 -> 最终确认血条数: 0
[REWARD] 💤 AI 主动挂机等费用，只扣除微小时间惩罚 -0.01
[TemplateMatcher] pause_gear.png -> max conf: 0.908 (needs 0.5, optimal scale: 0.80x)

[STEP 29] 开始执行动作...
[ACTION] AI决定: 选卡 5 -> 放入网格(3,4) -> 朝向 0
         坐标映射: 拖拽从(745,650)至(500,510) -> 方向滑动至(500,360)
[ACTION] ⛔ Fast-Fail! 目标网格(3,4)非绿色高亮(绿像素:0)。取消拖拽。
[REWARD] 执行前血条数: 3 -> 最终确认血条数: 0
[REWARD] ⛔ 非法区域/无费用，已被 CV 阻断。奖励 -0.5 (连续无作为: 1次)
[TemplateMatcher] pause_gear.png -> max conf: 0.908 (needs 0.5, optimal scale: 0.80x)

[STEP 30] 开始执行动作...
[ACTION] AI决定: 选卡 9 -> 放入网格(3,3) -> 朝向 0
         坐标映射: 拖拽从(1105,650)至(500,430) -> 方向滑动至(500,280)
[ACTION] ✅ CV校验通过！网格(3,3)具有高亮绿色(像素:327)，准许拖拽。
[REWARD] 动作已执行，开始 3 次心跳检测 (间隔 0.2s)...
[REWARD] ✅ 第 1 次检测命中目标干员血条！
[REWARD] 执行前血条数: 3 -> 最终确认血条数: 4
[REWARD] ⚔️ 完美朝向！正对敌人 (角度: 306.8°)，巨额奖励 +8.0
[TemplateMatcher] pause_gear.png -> max conf: 0.908 (needs 0.5, optimal scale: 0.80x)

[STEP 31] 开始执行动作...
[ACTION] AI决定: 选卡 7 -> 放入网格(0,0) -> 朝向 1
         坐标映射: 拖拽从(925,650)至(200,190) -> 方向滑动至(200,340)
[ACTION] ⛔ Fast-Fail! 目标网格(0,0)非绿色高亮(绿像素:0)。取消拖拽。
[REWARD] 执行前血条数: 4 -> 最终确认血条数: 0
[REWARD] ⛔ 非法区域/无费用，已被 CV 阻断。奖励 -0.5 (连续无作为: 1次)
[TemplateMatcher] pause_gear.png -> max conf: 0.908 (needs 0.5, optimal scale: 0.80x)

[STEP 32] 开始执行动作...
[ACTION] AI决定: 选卡 2 -> 放入网格(0,3) -> 朝向 3
         坐标映射: 拖拽从(475,650)至(200,430) -> 方向滑动至(350,430)
[ACTION] ⛔ Fast-Fail! 目标网格(0,3)非绿色高亮(绿像素:0)。取消拖拽。
[REWARD] 执行前血条数: 3 -> 最终确认血条数: 0
[REWARD] ⛔ 非法区域/无费用，已被 CV 阻断。奖励 -0.5 (连续无作为: 2次)
[TemplateMatcher] pause_gear.png -> max conf: 0.908 (needs 0.5, optimal scale: 0.80x)

[STEP 33] 开始执行动作...
[ACTION] AI决定: 选卡 2 -> 放入网格(0,4) -> 朝向 3
         坐标映射: 拖拽从(475,650)至(200,510) -> 方向滑动至(350,510)
[ACTION] ⛔ Fast-Fail! 目标网格(0,4)非绿色高亮(绿像素:0)。取消拖拽。
[REWARD] 执行前血条数: 3 -> 最终确认血条数: 0
[REWARD] ⛔ 非法区域/无费用，已被 CV 阻断。奖励 -0.5 (连续无作为: 3次)
[TemplateMatcher] pause_gear.png -> max conf: 0.908 (needs 0.5, optimal scale: 0.80x)

[STEP 34] 开始执行动作...
[ACTION] AI决定: 选卡 2 -> 放入网格(0,3) -> 朝向 1
         坐标映射: 拖拽从(475,650)至(200,430) -> 方向滑动至(200,580)
[ACTION] ⛔ Fast-Fail! 目标网格(0,3)非绿色高亮(绿像素:0)。取消拖拽。
[REWARD] 执行前血条数: 3 -> 最终确认血条数: 0
[REWARD] ⛔ 非法区域/无费用，已被 CV 阻断。奖励 -0.5 (连续无作为: 4次)
[TemplateMatcher] pause_gear.png -> max conf: 0.908 (needs 0.5, optimal scale: 0.80x)

[STEP 35] 开始执行动作...
[ACTION] AI决定: 选卡 8 -> 放入网格(2,0) -> 朝向 0
         坐标映射: 拖拽从(1015,650)至(400,190) -> 方向滑动至(400,40)
[ACTION] ⛔ Fast-Fail! 目标网格(2,0)非绿色高亮(绿像素:0)。取消拖拽。
[REWARD] 执行前血条数: 3 -> 最终确认血条数: 0
[REWARD] ⛔ 非法区域/无费用，已被 CV 阻断。奖励 -0.5 (连续无作为: 5次)
[TemplateMatcher] pause_gear.png -> max conf: 0.907 (needs 0.5, optimal scale: 0.80x)

[STEP 36] 开始执行动作...
[ACTION] AI决定: 💤 挂机 (Skip / Wait for Cost)
[REWARD] 执行前血条数: 3 -> 最终确认血条数: 0
[REWARD] 💤 AI 主动挂机等费用，只扣除微小时间惩罚 -0.01
[TemplateMatcher] pause_gear.png -> max conf: 0.908 (needs 0.5, optimal scale: 0.80x)

[STEP 37] 开始执行动作...
[ACTION] AI决定: 选卡 0 -> 放入网格(8,3) -> 朝向 3
         坐标映射: 拖拽从(295,650)至(1000,430) -> 方向滑动至(1150,430)
[ACTION] ⛔ Fast-Fail! 目标网格(8,3)非绿色高亮(绿像素:0)。取消拖拽。
[REWARD] 执行前血条数: 3 -> 最终确认血条数: 0
[REWARD] ⛔ 非法区域/无费用，已被 CV 阻断。奖励 -0.5 (连续无作为: 1次)
[TemplateMatcher] pause_gear.png -> max conf: 0.908 (needs 0.5, optimal scale: 0.80x)

[STEP 38] 开始执行动作...
[ACTION] AI决定: 选卡 5 -> 放入网格(7,4) -> 朝向 0
         坐标映射: 拖拽从(745,650)至(900,510) -> 方向滑动至(900,360)
[ACTION] ⛔ Fast-Fail! 目标网格(7,4)非绿色高亮(绿像素:0)。取消拖拽。
[REWARD] 执行前血条数: 3 -> 最终确认血条数: 0
[REWARD] ⛔ 非法区域/无费用，已被 CV 阻断。奖励 -0.5 (连续无作为: 2次)
[TemplateMatcher] pause_gear.png -> max conf: 0.907 (needs 0.5, optimal scale: 0.80x)

[STEP 39] 开始执行动作...
[ACTION] AI决定: 选卡 7 -> 放入网格(5,2) -> 朝向 0
         坐标映射: 拖拽从(925,650)至(700,350) -> 方向滑动至(700,200)
[ACTION] ✅ CV校验通过！网格(5,2)具有高亮绿色(像素:85)，准许拖拽。
[REWARD] 动作已执行，开始 3 次心跳检测 (间隔 0.2s)...
[REWARD] ❌ 第 1 次未检测到目标血条...
[REWARD] ❌ 第 2 次未检测到目标血条...
[REWARD] ❌ 第 3 次未检测到目标血条...
[REWARD] 执行前血条数: 3 -> 最终确认血条数: 3
[REWARD] 部署失败，计算前后帧 MSE (均方误差) = 274.01
[REWARD] 画面未发生明显变化(非法部署)。奖励 -0.5 (连续无作为: 3次)
[TemplateMatcher] pause_gear.png -> max conf: 0.908 (needs 0.5, optimal scale: 0.80x)

[STEP 40] 开始执行动作...
[ACTION] AI决定: 选卡 5 -> 放入网格(8,0) -> 朝向 3
         坐标映射: 拖拽从(745,650)至(1000,190) -> 方向滑动至(1150,190)
[ACTION] ✅ CV校验通过！网格(8,0)具有高亮绿色(像素:23)，准许拖拽。
[REWARD] 动作已执行，开始 3 次心跳检测 (间隔 0.2s)...
[REWARD] ✅ 第 1 次检测命中目标干员血条！
[REWARD] 执行前血条数: 3 -> 最终确认血条数: 4
[REWARD] 🎯 完美落子！部署点靠近敌人 (距离: 62.6)，奖励 +2.0
[REWARD] ⚔️ 完美朝向！正对敌人 (角度: 332.0°)，巨额奖励 +8.0
[TemplateMatcher] pause_gear.png -> max conf: 0.908 (needs 0.5, optimal scale: 0.80x)

[STEP 41] 开始执行动作...
[ACTION] AI决定: 选卡 5 -> 放入网格(0,2) -> 朝向 2
         坐标映射: 拖拽从(745,650)至(200,350) -> 方向滑动至(50,350)
[ACTION] ✅ CV校验通过！网格(0,2)具有高亮绿色(像素:94)，准许拖拽。
[REWARD] 动作已执行，开始 3 次心跳检测 (间隔 0.2s)...
[REWARD] ❌ 第 1 次未检测到目标血条...
[REWARD] ❌ 第 2 次未检测到目标血条...
[REWARD] ❌ 第 3 次未检测到目标血条...
[REWARD] 执行前血条数: 4 -> 最终确认血条数: 5
[REWARD] 部署失败，计算前后帧 MSE (均方误差) = 435.51
[REWARD] 动作无效，但游戏仍在进行(画面有变化)。奖励 -0.2 (已清空无作为计数器)
[TemplateMatcher] pause_gear.png -> max conf: 0.907 (needs 0.5, optimal scale: 0.80x)

[STEP 42] 开始执行动作...
[ACTION] AI决定: 选卡 8 -> 放入网格(7,4) -> 朝向 1
         坐标映射: 拖拽从(1015,650)至(900,510) -> 方向滑动至(900,660)
[ACTION] ⛔ Fast-Fail! 目标网格(7,4)非绿色高亮(绿像素:0)。取消拖拽。
[REWARD] 执行前血条数: 4 -> 最终确认血条数: 0
[REWARD] ⛔ 非法区域/无费用，已被 CV 阻断。奖励 -0.5 (连续无作为: 1次)
[TemplateMatcher] pause_gear.png -> max conf: 0.907 (needs 0.5, optimal scale: 0.80x)

[STEP 43] 开始执行动作...
[ACTION] AI决定: 选卡 5 -> 放入网格(3,4) -> 朝向 2
         坐标映射: 拖拽从(745,650)至(500,510) -> 方向滑动至(350,510)
[ACTION] ⛔ Fast-Fail! 目标网格(3,4)非绿色高亮(绿像素:0)。取消拖拽。
[REWARD] 执行前血条数: 4 -> 最终确认血条数: 0
[REWARD] ⛔ 非法区域/无费用，已被 CV 阻断。奖励 -0.5 (连续无作为: 2次)
[TemplateMatcher] pause_gear.png -> max conf: 0.908 (needs 0.5, optimal scale: 0.80x)

[STEP 44] 开始执行动作...
[ACTION] AI决定: 选卡 5 -> 放入网格(4,2) -> 朝向 1
         坐标映射: 拖拽从(745,650)至(600,350) -> 方向滑动至(600,500)
[ACTION] ⛔ Fast-Fail! 目标网格(4,2)非绿色高亮(绿像素:0)。取消拖拽。
[REWARD] 执行前血条数: 4 -> 最终确认血条数: 0
[REWARD] ⛔ 非法区域/无费用，已被 CV 阻断。奖励 -0.5 (连续无作为: 3次)
[TemplateMatcher] pause_gear.png -> max conf: 0.676 (needs 0.5, optimal scale: 0.80x)

[STEP 45] 开始执行动作...
[ACTION] AI决定: 选卡 2 -> 放入网格(3,3) -> 朝向 2
         坐标映射: 拖拽从(475,650)至(500,430) -> 方向滑动至(350,430)
[ACTION] ⛔ Fast-Fail! 目标网格(3,3)非绿色高亮(绿像素:0)。取消拖拽。
[REWARD] 执行前血条数: 0 -> 最终确认血条数: 0
[REWARD] ⛔ 非法区域/无费用，已被 CV 阻断。奖励 -0.5 (连续无作为: 4次)
[TemplateMatcher] pause_gear.png -> max conf: 0.000 (needs 0.5, optimal scale: 0.80x)
[ENV] ⚠️ 警告：未检测到右上角齿轮图标！(连续 1/3 次)

[STEP 46] 开始执行动作...
[ACTION] AI决定: 选卡 0 -> 放入网格(0,4) -> 朝向 0
         坐标映射: 拖拽从(295,650)至(200,510) -> 方向滑动至(200,360)
[ACTION] ⛔ Fast-Fail! 目标网格(0,4)非绿色高亮(绿像素:0)。取消拖拽。
[REWARD] 执行前血条数: 0 -> 最终确认血条数: 0
[REWARD] ⛔ 非法区域/无费用，已被 CV 阻断。奖励 -0.5 (连续无作为: 5次)
[TemplateMatcher] pause_gear.png -> max conf: 0.000 (needs 0.5, optimal scale: 0.80x)
[ENV] ⚠️ 警告：未检测到右上角齿轮图标！(连续 2/3 次)

[STEP 47] 开始执行动作...
[ACTION] AI决定: 选卡 1 -> 放入网格(6,1) -> 朝向 1
         坐标映射: 拖拽从(385,650)至(800,270) -> 方向滑动至(800,420)
[ACTION] ⛔ Fast-Fail! 目标网格(6,1)非绿色高亮(绿像素:0)。取消拖拽。
[REWARD] 执行前血条数: 0 -> 最终确认血条数: 0
[REWARD] ⛔ 非法区域/无费用，已被 CV 阻断。奖励 -0.5 (连续无作为: 6次)
[TemplateMatcher] pause_gear.png -> max conf: 0.000 (needs 0.5, optimal scale: 0.80x)
[ENV] ⚠️ 警告：未检测到右上角齿轮图标！(连续 3/3 次)
[ENV] 🚨 优先级 2 触发：连续 3 次未检测到战斗界面UI元素，判定游戏已结束！

================= 回合结束，开始自动重启关卡 =================
[TemplateMatcher] pause_gear.png -> max conf: 0.000 (needs 0.7, optimal scale: 0.80x)
[DEBUG] 未匹配 [pause_gear] (要求阈值 0.7)
[TemplateMatcher] start_action.png -> max conf: 0.000 (needs 0.45, optimal scale: 0.80x)
[DEBUG] 未匹配 [start_action] (要求阈值 0.45)
[TemplateMatcher] practice.png -> max conf: 0.000 (needs 0.5, optimal scale: 0.80x)
[DEBUG] 未匹配 [practice] (要求阈值 0.5)
[TemplateMatcher] stage_1_7.png -> max conf: 0.000 (needs 0.5, optimal scale: 0.80x)
[DEBUG] 未匹配 [stage_1_7] (要求阈值 0.5)
[RESET] 尝试跳过动画/寻找入口... (尝试 1/100)
[TemplateMatcher] pause_gear.png -> max conf: 0.562 (needs 0.7, optimal scale: 0.95x)
[DEBUG] 未匹配 [pause_gear] (要求阈值 0.7)
[TemplateMatcher] start_action.png -> max conf: 0.009 (needs 0.45, optimal scale: 0.80x)
[DEBUG] 未匹配 [start_action] (要求阈值 0.45)
[TemplateMatcher] practice.png -> max conf: 0.538 (needs 0.5, optimal scale: 1.20x)
[RESET] 找到 [practice] (置信度 0.54 >= 0.5)，点击 (625, 665)
[RESET] 点击演习按钮
[TemplateMatcher] pause_gear.png -> max conf: 0.562 (needs 0.7, optimal scale: 0.95x)
[DEBUG] 未匹配 [pause_gear] (要求阈值 0.7)
[TemplateMatcher] start_action.png -> max conf: 0.009 (needs 0.45, optimal scale: 0.80x)
[DEBUG] 未匹配 [start_action] (要求阈值 0.45)
[TemplateMatcher] practice.png -> max conf: 0.538 (needs 0.5, optimal scale: 1.20x)
[RESET] 找到 [practice] (置信度 0.54 >= 0.5)，点击 (625, 665)
[RESET] 点击演习按钮
[TemplateMatcher] pause_gear.png -> max conf: 0.490 (needs 0.7, optimal scale: 0.80x)
[DEBUG] 未匹配 [pause_gear] (要求阈值 0.7)
[TemplateMatcher] start_action.png -> max conf: -0.034 (needs 0.45, optimal scale: 0.80x)
[DEBUG] 未匹配 [start_action] (要求阈值 0.45)
[TemplateMatcher] practice.png -> max conf: 0.522 (needs 0.5, optimal scale: 0.80x)
[RESET] 找到 [practice] (置信度 0.52 >= 0.5)，点击 (533, 603)
[RESET] 点击演习按钮
[TemplateMatcher] pause_gear.png -> max conf: 0.490 (needs 0.7, optimal scale: 0.80x)
[DEBUG] 未匹配 [pause_gear] (要求阈值 0.7)
[TemplateMatcher] start_action.png -> max conf: -0.034 (needs 0.45, optimal scale: 0.80x)
[DEBUG] 未匹配 [start_action] (要求阈值 0.45)
[TemplateMatcher] practice.png -> max conf: 0.522 (needs 0.5, optimal scale: 0.80x)
[RESET] 找到 [practice] (置信度 0.52 >= 0.5)，点击 (533, 603)
[RESET] 点击演习按钮
[TemplateMatcher] pause_gear.png -> max conf: 0.490 (needs 0.7, optimal scale: 0.80x)
[DEBUG] 未匹配 [pause_gear] (要求阈值 0.7)
[TemplateMatcher] start_action.png -> max conf: -0.034 (needs 0.45, optimal scale: 0.80x)
[DEBUG] 未匹配 [start_action] (要求阈值 0.45)
[TemplateMatcher] practice.png -> max conf: 0.522 (needs 0.5, optimal scale: 0.80x)
[RESET] 找到 [practice] (置信度 0.52 >= 0.5)，点击 (533, 603)
[RESET] 点击演习按钮
[TemplateMatcher] pause_gear.png -> max conf: 0.473 (needs 0.7, optimal scale: 0.90x)
[DEBUG] 未匹配 [pause_gear] (要求阈值 0.7)
[TemplateMatcher] start_action.png -> max conf: 0.037 (needs 0.45, optimal scale: 0.80x)
[DEBUG] 未匹配 [start_action] (要求阈值 0.45)
[TemplateMatcher] practice.png -> max conf: 0.486 (needs 0.5, optimal scale: 0.85x)
[DEBUG] 未匹配 [practice] (要求阈值 0.5)
[TemplateMatcher] stage_1_7.png -> max conf: 0.712 (needs 0.5, optimal scale: 0.80x)
[RESET] 找到 [stage_1_7] (置信度 0.71 >= 0.5)，点击 (638, 224)
[RESET] 点击关卡 1-7 图标
[TemplateMatcher] pause_gear.png -> max conf: 0.612 (needs 0.7, optimal scale: 1.10x)
[DEBUG] 未匹配 [pause_gear] (要求阈值 0.7)
[TemplateMatcher] start_action.png -> max conf: 0.100 (needs 0.45, optimal scale: 0.80x)
[DEBUG] 未匹配 [start_action] (要求阈值 0.45)
[TemplateMatcher] practice.png -> max conf: 0.687 (needs 0.5, optimal scale: 0.80x)
[RESET] 找到 [practice] (置信度 0.69 >= 0.5)，点击 (935, 660)
[RESET] 点击演习按钮
[TemplateMatcher] pause_gear.png -> max conf: 0.470 (needs 0.7, optimal scale: 1.05x)
[DEBUG] 未匹配 [pause_gear] (要求阈值 0.7)
[TemplateMatcher] start_action.png -> max conf: 0.451 (needs 0.45, optimal scale: 0.80x)
[RESET] 找到 [start_action] (置信度 0.45 >= 0.45)，点击 (1101, 513)
[RESET] 点击开始行动，进入加载...
[TemplateMatcher] pause_gear.png -> max conf: 0.000 (needs 0.7, optimal scale: 0.80x)
[DEBUG] 未匹配 [pause_gear] (要求阈值 0.7)
[TemplateMatcher] start_action.png -> max conf: 0.000 (needs 0.45, optimal scale: 0.80x)
[DEBUG] 未匹配 [start_action] (要求阈值 0.45)
[TemplateMatcher] practice.png -> max conf: 0.000 (needs 0.5, optimal scale: 0.80x)
[DEBUG] 未匹配 [practice] (要求阈值 0.5)
[TemplateMatcher] stage_1_7.png -> max conf: 0.000 (needs 0.5, optimal scale: 0.80x)
[DEBUG] 未匹配 [stage_1_7] (要求阈值 0.5)
[RESET] 尝试跳过动画/寻找入口... (尝试 10/100)
[TemplateMatcher] pause_gear.png -> max conf: 0.000 (needs 0.7, optimal scale: 0.80x)
[DEBUG] 未匹配 [pause_gear] (要求阈值 0.7)
[TemplateMatcher] start_action.png -> max conf: 0.000 (needs 0.45, optimal scale: 0.80x)
[DEBUG] 未匹配 [start_action] (要求阈值 0.45)
[TemplateMatcher] practice.png -> max conf: 0.000 (needs 0.5, optimal scale: 0.80x)
[DEBUG] 未匹配 [practice] (要求阈值 0.5)
[TemplateMatcher] stage_1_7.png -> max conf: 0.000 (needs 0.5, optimal scale: 0.80x)
[DEBUG] 未匹配 [stage_1_7] (要求阈值 0.5)
[RESET] 尝试跳过动画/寻找入口... (尝试 11/100)
[TemplateMatcher] pause_gear.png -> max conf: 0.511 (needs 0.7, optimal scale: 1.20x)
[DEBUG] 未匹配 [pause_gear] (要求阈值 0.7)
[TemplateMatcher] start_action.png -> max conf: -0.063 (needs 0.45, optimal scale: 0.80x)
[DEBUG] 未匹配 [start_action] (要求阈值 0.45)
[TemplateMatcher] practice.png -> max conf: 0.379 (needs 0.5, optimal scale: 0.90x)
[DEBUG] 未匹配 [practice] (要求阈值 0.5)
[TemplateMatcher] stage_1_7.png -> max conf: 0.411 (needs 0.5, optimal scale: 0.90x)
[DEBUG] 未匹配 [stage_1_7] (要求阈值 0.5)
[RESET] 尝试跳过动画/寻找入口... (尝试 12/100)
[TemplateMatcher] pause_gear.png -> max conf: 0.511 (needs 0.7, optimal scale: 1.20x)
[DEBUG] 未匹配 [pause_gear] (要求阈值 0.7)
[TemplateMatcher] start_action.png -> max conf: -0.063 (needs 0.45, optimal scale: 0.80x)
[DEBUG] 未匹配 [start_action] (要求阈值 0.45)
[TemplateMatcher] practice.png -> max conf: 0.379 (needs 0.5, optimal scale: 0.90x)
[DEBUG] 未匹配 [practice] (要求阈值 0.5)
[TemplateMatcher] stage_1_7.png -> max conf: 0.411 (needs 0.5, optimal scale: 0.90x)
[DEBUG] 未匹配 [stage_1_7] (要求阈值 0.5)
[RESET] 尝试跳过动画/寻找入口... (尝试 13/100)
[TemplateMatcher] pause_gear.png -> max conf: 0.215 (needs 0.7, optimal scale: 1.20x)
[DEBUG] 未匹配 [pause_gear] (要求阈值 0.7)
[TemplateMatcher] start_action.png -> max conf: 0.224 (needs 0.45, optimal scale: 0.80x)
[DEBUG] 未匹配 [start_action] (要求阈值 0.45)
[TemplateMatcher] practice.png -> max conf: 0.345 (needs 0.5, optimal scale: 0.80x)
[DEBUG] 未匹配 [practice] (要求阈值 0.5)
[TemplateMatcher] stage_1_7.png -> max conf: 0.271 (needs 0.5, optimal scale: 0.80x)
[DEBUG] 未匹配 [stage_1_7] (要求阈值 0.5)
[RESET] 尝试跳过动画/寻找入口... (尝试 14/100)
[TemplateMatcher] pause_gear.png -> max conf: 0.211 (needs 0.7, optimal scale: 1.05x)
[DEBUG] 未匹配 [pause_gear] (要求阈值 0.7)
[TemplateMatcher] start_action.png -> max conf: 0.202 (needs 0.45, optimal scale: 0.80x)
[DEBUG] 未匹配 [start_action] (要求阈值 0.45)
[TemplateMatcher] practice.png -> max conf: 0.297 (needs 0.5, optimal scale: 0.80x)
[DEBUG] 未匹配 [practice] (要求阈值 0.5)
[TemplateMatcher] stage_1_7.png -> max conf: 0.277 (needs 0.5, optimal scale: 0.85x)
[DEBUG] 未匹配 [stage_1_7] (要求阈值 0.5)
[RESET] 尝试跳过动画/寻找入口... (尝试 15/100)
[TemplateMatcher] pause_gear.png -> max conf: 0.833 (needs 0.7, optimal scale: 0.80x)
[RESET] 找到 [pause_gear] (置信度 0.83 >= 0.7)，(仅检测，不点击)
[RESET] ✅ 检测到战斗画面右上角齿轮，重启成功！
================= 关卡重启流程结束 =================

--> [回合结束] 第 10 回合 | 奖励: 22.5 | 步数: 47

[STEP 1] 开始执行动作...
[ACTION] AI决定: 选卡 0 -> 放入网格(5,3) -> 朝向 0
         坐标映射: 拖拽从(295,650)至(700,430) -> 方向滑动至(700,280)
[ACTION] ⛔ Fast-Fail! 目标网格(5,3)非绿色高亮(绿像素:0)。取消拖拽。
[REWARD] 执行前血条数: 0 -> 最终确认血条数: 0
[REWARD] ⛔ 非法区域/无费用，已被 CV 阻断。奖励 -0.5 (连续无作为: 7次)
[TemplateMatcher] pause_gear.png -> max conf: 0.907 (needs 0.5, optimal scale: 0.80x)

[STEP 2] 开始执行动作...
[ACTION] AI决定: 选卡 2 -> 放入网格(2,2) -> 朝向 1
         坐标映射: 拖拽从(475,650)至(400,350) -> 方向滑动至(400,500)
[ACTION] ⛔ Fast-Fail! 目标网格(2,2)非绿色高亮(绿像素:1)。取消拖拽。
[REWARD] 执行前血条数: 0 -> 最终确认血条数: 0
[REWARD] ⛔ 非法区域/无费用，已被 CV 阻断。奖励 -0.5 (连续无作为: 8次)
[TemplateMatcher] pause_gear.png -> max conf: 0.908 (needs 0.5, optimal scale: 0.80x)

[STEP 3] 开始执行动作...
[ACTION] AI决定: 选卡 5 -> 放入网格(3,3) -> 朝向 0
         坐标映射: 拖拽从(745,650)至(500,430) -> 方向滑动至(500,280)
[ACTION] ⛔ Fast-Fail! 目标网格(3,3)非绿色高亮(绿像素:0)。取消拖拽。
[REWARD] 执行前血条数: 0 -> 最终确认血条数: 0
[REWARD] ⛔ 非法区域/无费用，已被 CV 阻断。奖励 -0.5 (连续无作为: 9次)
[TemplateMatcher] pause_gear.png -> max conf: 0.908 (needs 0.5, optimal scale: 0.80x)
----------------------------------------
| time/                   |            |
|    fps                  | 0          |
|    iterations           | 6          |
|    time_elapsed         | 2240       |
|    total_timesteps      | 768        |
| train/                  |            |
|    approx_kl            | 0.06370372 |
|    clip_fraction        | 0.445      |
|    clip_range           | 0.2        |
|    entropy_loss         | -7.22      |
|    explained_variance   | -0.351     |
|    learning_rate        | 0.0003     |
|    loss                 | 8.12       |
|    n_updates            | 50         |
|    policy_gradient_loss | -0.0373    |
|    value_loss           | 17.6       |
----------------------------------------

[STEP 4] 开始执行动作...
[ACTION] AI决定: 选卡 0 -> 放入网格(0,2) -> 朝向 2
         坐标映射: 拖拽从(295,650)至(200,350) -> 方向滑动至(50,350)
[ACTION] ✅ CV校验通过！网格(0,2)具有高亮绿色(像素:94)，准许拖拽。
[REWARD] 动作已执行，开始 3 次心跳检测 (间隔 0.2s)...
[REWARD] ❌ 第 1 次未检测到目标血条...
[REWARD] ❌ 第 2 次未检测到目标血条...
[REWARD] ❌ 第 3 次未检测到目标血条...
[REWARD] 执行前血条数: 0 -> 最终确认血条数: 0
[REWARD] 部署失败，计算前后帧 MSE (均方误差) = 3563.59
[REWARD] 动作无效，但游戏仍在进行(画面有变化)。奖励 -0.2 (已清空无作为计数器)
[TemplateMatcher] pause_gear.png -> max conf: 0.908 (needs 0.5, optimal scale: 0.80x)

[STEP 5] 开始执行动作...
[ACTION] AI决定: 选卡 5 -> 放入网格(5,3) -> 朝向 1
         坐标映射: 拖拽从(745,650)至(700,430) -> 方向滑动至(700,580)
[ACTION] ✅ CV校验通过！网格(5,3)具有高亮绿色(像素:900)，准许拖拽。
[REWARD] 动作已执行，开始 3 次心跳检测 (间隔 0.2s)...
[REWARD] ❌ 第 1 次未检测到目标血条...
[REWARD] ❌ 第 2 次未检测到目标血条...
[REWARD] ❌ 第 3 次未检测到目标血条...
[REWARD] 执行前血条数: 0 -> 最终确认血条数: 0
[REWARD] 部署失败，计算前后帧 MSE (均方误差) = 131.23
[REWARD] 画面未发生明显变化(非法部署)。奖励 -0.5 (连续无作为: 1次)
[TemplateMatcher] pause_gear.png -> max conf: 0.908 (needs 0.5, optimal scale: 0.80x)

[STEP 6] 开始执行动作...
[ACTION] AI决定: 选卡 3 -> 放入网格(4,0) -> 朝向 3
         坐标映射: 拖拽从(565,650)至(600,190) -> 方向滑动至(750,190)
[ACTION] ✅ CV校验通过！网格(4,0)具有高亮绿色(像素:189)，准许拖拽。
[REWARD] 动作已执行，开始 3 次心跳检测 (间隔 0.2s)...
[REWARD] ❌ 第 1 次未检测到目标血条...
[REWARD] ❌ 第 2 次未检测到目标血条...
[REWARD] ❌ 第 3 次未检测到目标血条...
[REWARD] 执行前血条数: 0 -> 最终确认血条数: 0
[REWARD] 部署失败，计算前后帧 MSE (均方误差) = 105.66
[REWARD] 画面未发生明显变化(非法部署)。奖励 -0.5 (连续无作为: 2次)
[TemplateMatcher] pause_gear.png -> max conf: 0.908 (needs 0.5, optimal scale: 0.80x)

[STEP 7] 开始执行动作...
[ACTION] AI决定: 选卡 9 -> 放入网格(2,1) -> 朝向 0
         坐标映射: 拖拽从(1105,650)至(400,270) -> 方向滑动至(400,120)
[ACTION] ✅ CV校验通过！网格(2,1)具有高亮绿色(像素:246)，准许拖拽。
[REWARD] 动作已执行，开始 3 次心跳检测 (间隔 0.2s)...
[REWARD] ✅ 第 1 次检测命中目标干员血条！
[REWARD] 执行前血条数: 0 -> 最终确认血条数: 1
[REWARD] 🛡️ 背对敌人！(角度: 30.2°)，严厉惩罚 -3.0
[TemplateMatcher] pause_gear.png -> max conf: 0.908 (needs 0.5, optimal scale: 0.80x)

[STEP 8] 开始执行动作...
[ACTION] AI决定: 选卡 2 -> 放入网格(8,3) -> 朝向 0
         坐标映射: 拖拽从(475,650)至(1000,430) -> 方向滑动至(1000,280)
[ACTION] ✅ CV校验通过！网格(8,3)具有高亮绿色(像素:895)，准许拖拽。
[REWARD] 动作已执行，开始 3 次心跳检测 (间隔 0.2s)...
[REWARD] ❌ 第 1 次未检测到目标血条...
[REWARD] ❌ 第 2 次未检测到目标血条...
[REWARD] ❌ 第 3 次未检测到目标血条...
[REWARD] 执行前血条数: 1 -> 最终确认血条数: 1
[REWARD] 部署失败，计算前后帧 MSE (均方误差) = 358.59
[REWARD] 动作无效，但游戏仍在进行(画面有变化)。奖励 -0.2 (已清空无作为计数器)
[TemplateMatcher] pause_gear.png -> max conf: 0.908 (needs 0.5, optimal scale: 0.80x)

[STEP 9] 开始执行动作...
[ACTION] AI决定: 选卡 5 -> 放入网格(0,3) -> 朝向 1
         坐标映射: 拖拽从(745,650)至(200,430) -> 方向滑动至(200,580)
[ACTION] ⛔ Fast-Fail! 目标网格(0,3)非绿色高亮(绿像素:0)。取消拖拽。
[REWARD] 执行前血条数: 1 -> 最终确认血条数: 0
[REWARD] ⛔ 非法区域/无费用，已被 CV 阻断。奖励 -0.5 (连续无作为: 1次)
[TemplateMatcher] pause_gear.png -> max conf: 0.908 (needs 0.5, optimal scale: 0.80x)

[STEP 10] 开始执行动作...
[ACTION] AI决定: 选卡 5 -> 放入网格(0,4) -> 朝向 1
         坐标映射: 拖拽从(745,650)至(200,510) -> 方向滑动至(200,660)
[ACTION] ⛔ Fast-Fail! 目标网格(0,4)非绿色高亮(绿像素:0)。取消拖拽。
[REWARD] 执行前血条数: 1 -> 最终确认血条数: 0
[REWARD] ⛔ 非法区域/无费用，已被 CV 阻断。奖励 -0.5 (连续无作为: 2次)
[TemplateMatcher] pause_gear.png -> max conf: 0.908 (needs 0.5, optimal scale: 0.80x)

[STEP 11] 开始执行动作...
[ACTION] AI决定: 💤 挂机 (Skip / Wait for Cost)
[REWARD] 执行前血条数: 1 -> 最终确认血条数: 0
[REWARD] 💤 AI 主动挂机等费用，只扣除微小时间惩罚 -0.01
[TemplateMatcher] pause_gear.png -> max conf: 0.908 (needs 0.5, optimal scale: 0.80x)

[STEP 12] 开始执行动作...
[ACTION] AI决定: 选卡 0 -> 放入网格(4,3) -> 朝向 1
         坐标映射: 拖拽从(295,650)至(600,430) -> 方向滑动至(600,580)
[ACTION] ✅ CV校验通过！网格(4,3)具有高亮绿色(像素:900)，准许拖拽。
[REWARD] 动作已执行，开始 3 次心跳检测 (间隔 0.2s)...
[REWARD] ✅ 第 1 次检测命中目标干员血条！
[REWARD] 执行前血条数: 1 -> 最终确认血条数: 2
[REWARD] 🎯 完美落子！部署点靠近敌人 (距离: 147.5)，奖励 +2.0
[REWARD] 🛡️ 背对敌人！(角度: 263.0°)，严厉惩罚 -3.0
[TemplateMatcher] pause_gear.png -> max conf: 0.908 (needs 0.5, optimal scale: 0.80x)

[STEP 13] 开始执行动作...
[ACTION] AI决定: 选卡 2 -> 放入网格(3,2) -> 朝向 3
         坐标映射: 拖拽从(475,650)至(500,350) -> 方向滑动至(650,350)
[ACTION] ✅ CV校验通过！网格(3,2)具有高亮绿色(像素:71)，准许拖拽。
[REWARD] 动作已执行，开始 3 次心跳检测 (间隔 0.2s)...
[REWARD] ❌ 第 1 次未检测到目标血条...
[REWARD] ❌ 第 2 次未检测到目标血条...
[REWARD] ❌ 第 3 次未检测到目标血条...
[REWARD] 执行前血条数: 2 -> 最终确认血条数: 2
[REWARD] 部署失败，计算前后帧 MSE (均方误差) = 284.24
[REWARD] 画面未发生明显变化(非法部署)。奖励 -0.5 (连续无作为: 1次)
[TemplateMatcher] pause_gear.png -> max conf: 0.908 (needs 0.5, optimal scale: 0.80x)

[STEP 14] 开始执行动作...
[ACTION] AI决定: 选卡 9 -> 放入网格(8,2) -> 朝向 0
         坐标映射: 拖拽从(1105,650)至(1000,350) -> 方向滑动至(1000,200)
[ACTION] ✅ CV校验通过！网格(8,2)具有高亮绿色(像素:692)，准许拖拽。
[REWARD] 动作已执行，开始 3 次心跳检测 (间隔 0.2s)...
[REWARD] ❌ 第 1 次未检测到目标血条...
[REWARD] ❌ 第 2 次未检测到目标血条...
[REWARD] ❌ 第 3 次未检测到目标血条...
[REWARD] 执行前血条数: 2 -> 最终确认血条数: 2
[REWARD] 部署失败，计算前后帧 MSE (均方误差) = 370.40
[REWARD] 动作无效，但游戏仍在进行(画面有变化)。奖励 -0.2 (已清空无作为计数器)
[TemplateMatcher] pause_gear.png -> max conf: 0.908 (needs 0.5, optimal scale: 0.80x)

[STEP 15] 开始执行动作...
[ACTION] AI决定: 选卡 5 -> 放入网格(3,2) -> 朝向 1
         坐标映射: 拖拽从(745,650)至(500,350) -> 方向滑动至(500,500)
[ACTION] ⛔ Fast-Fail! 目标网格(3,2)非绿色高亮(绿像素:3)。取消拖拽。
[REWARD] 执行前血条数: 2 -> 最终确认血条数: 0
[REWARD] ⛔ 非法区域/无费用，已被 CV 阻断。奖励 -0.5 (连续无作为: 1次)
[TemplateMatcher] pause_gear.png -> max conf: 0.908 (needs 0.5, optimal scale: 0.80x)

[STEP 16] 开始执行动作...
[ACTION] AI决定: 选卡 5 -> 放入网格(0,0) -> 朝向 3
         坐标映射: 拖拽从(745,650)至(200,190) -> 方向滑动至(350,190)
[ACTION] ⛔ Fast-Fail! 目标网格(0,0)非绿色高亮(绿像素:0)。取消拖拽。
[REWARD] 执行前血条数: 2 -> 最终确认血条数: 0
[REWARD] ⛔ 非法区域/无费用，已被 CV 阻断。奖励 -0.5 (连续无作为: 2次)
[TemplateMatcher] pause_gear.png -> max conf: 0.908 (needs 0.5, optimal scale: 0.80x)

[STEP 17] 开始执行动作...
[ACTION] AI决定: 💤 挂机 (Skip / Wait for Cost)
[REWARD] 执行前血条数: 2 -> 最终确认血条数: 0
[REWARD] 💤 AI 主动挂机等费用，只扣除微小时间惩罚 -0.01
[TemplateMatcher] pause_gear.png -> max conf: 0.908 (needs 0.5, optimal scale: 0.80x)

[STEP 18] 开始执行动作...
[ACTION] AI决定: 选卡 5 -> 放入网格(3,2) -> 朝向 1
         坐标映射: 拖拽从(745,650)至(500,350) -> 方向滑动至(500,500)
[ACTION] ⛔ Fast-Fail! 目标网格(3,2)非绿色高亮(绿像素:2)。取消拖拽。
[REWARD] 执行前血条数: 2 -> 最终确认血条数: 0
[REWARD] ⛔ 非法区域/无费用，已被 CV 阻断。奖励 -0.5 (连续无作为: 1次)
[TemplateMatcher] pause_gear.png -> max conf: 0.908 (needs 0.5, optimal scale: 0.80x)

[STEP 19] 开始执行动作...
[ACTION] AI决定: 选卡 5 -> 放入网格(7,3) -> 朝向 3
         坐标映射: 拖拽从(745,650)至(900,430) -> 方向滑动至(1050,430)
[ACTION] ✅ CV校验通过！网格(7,3)具有高亮绿色(像素:900)，准许拖拽。
[REWARD] 动作已执行，开始 3 次心跳检测 (间隔 0.2s)...
[REWARD] ❌ 第 1 次未检测到目标血条...
[REWARD] ❌ 第 2 次未检测到目标血条...
[REWARD] ❌ 第 3 次未检测到目标血条...
[REWARD] 执行前血条数: 2 -> 最终确认血条数: 2
[REWARD] 部署失败，计算前后帧 MSE (均方误差) = 224.67
[REWARD] 画面未发生明显变化(非法部署)。奖励 -0.5 (连续无作为: 2次)
[TemplateMatcher] pause_gear.png -> max conf: 0.908 (needs 0.5, optimal scale: 0.80x)

[STEP 20] 开始执行动作...
[ACTION] AI决定: 💤 挂机 (Skip / Wait for Cost)
[REWARD] 执行前血条数: 2 -> 最终确认血条数: 0
[REWARD] 💤 AI 主动挂机等费用，只扣除微小时间惩罚 -0.01
[TemplateMatcher] pause_gear.png -> max conf: 0.908 (needs 0.5, optimal scale: 0.80x)

[STEP 21] 开始执行动作...
[ACTION] AI决定: 选卡 8 -> 放入网格(3,2) -> 朝向 0
         坐标映射: 拖拽从(1015,650)至(500,350) -> 方向滑动至(500,200)
[ACTION] ✅ CV校验通过！网格(3,2)具有高亮绿色(像素:314)，准许拖拽。
[REWARD] 动作已执行，开始 3 次心跳检测 (间隔 0.2s)...
[REWARD] ❌ 第 1 次未检测到目标血条...
[REWARD] ❌ 第 2 次未检测到目标血条...
[REWARD] ❌ 第 3 次未检测到目标血条...
[REWARD] 执行前血条数: 2 -> 最终确认血条数: 2
[REWARD] 部署失败，计算前后帧 MSE (均方误差) = 181.62
[REWARD] 画面未发生明显变化(非法部署)。奖励 -0.5 (连续无作为: 1次)
[TemplateMatcher] pause_gear.png -> max conf: 0.908 (needs 0.5, optimal scale: 0.80x)

[STEP 22] 开始执行动作...
[ACTION] AI决定: 选卡 9 -> 放入网格(7,4) -> 朝向 1
         坐标映射: 拖拽从(1105,650)至(900,510) -> 方向滑动至(900,660)
[ACTION] ⛔ Fast-Fail! 目标网格(7,4)非绿色高亮(绿像素:0)。取消拖拽。
[REWARD] 执行前血条数: 2 -> 最终确认血条数: 0
[REWARD] ⛔ 非法区域/无费用，已被 CV 阻断。奖励 -0.5 (连续无作为: 2次)
[TemplateMatcher] pause_gear.png -> max conf: 0.908 (needs 0.5, optimal scale: 0.80x)

[STEP 23] 开始执行动作...
[ACTION] AI决定: 选卡 2 -> 放入网格(8,2) -> 朝向 1
         坐标映射: 拖拽从(475,650)至(1000,350) -> 方向滑动至(1000,500)
[ACTION] ✅ CV校验通过！网格(8,2)具有高亮绿色(像素:595)，准许拖拽。
[REWARD] 动作已执行，开始 3 次心跳检测 (间隔 0.2s)...
[REWARD] ✅ 第 1 次检测命中目标干员血条！
[REWARD] 执行前血条数: 2 -> 最终确认血条数: 3
[REWARD] 🎯 完美落子！部署点靠近敌人 (距离: 96.0)，奖励 +2.0
[REWARD] 🛡️ 背对敌人！(角度: 320.2°)，严厉惩罚 -3.0
[TemplateMatcher] pause_gear.png -> max conf: 0.908 (needs 0.5, optimal scale: 0.80x)

[STEP 24] 开始执行动作...
[ACTION] AI决定: 💤 挂机 (Skip / Wait for Cost)
[REWARD] 执行前血条数: 3 -> 最终确认血条数: 0
[REWARD] 💤 AI 主动挂机等费用，只扣除微小时间惩罚 -0.01
[TemplateMatcher] pause_gear.png -> max conf: 0.908 (needs 0.5, optimal scale: 0.80x)

[STEP 25] 开始执行动作...
[ACTION] AI决定: 选卡 8 -> 放入网格(7,1) -> 朝向 1
         坐标映射: 拖拽从(1015,650)至(900,270) -> 方向滑动至(900,420)
[ACTION] ✅ CV校验通过！网格(7,1)具有高亮绿色(像素:289)，准许拖拽。
[REWARD] 动作已执行，开始 3 次心跳检测 (间隔 0.2s)...
[REWARD] ✅ 第 1 次检测命中目标干员血条！
[REWARD] 执行前血条数: 3 -> 最终确认血条数: 4
[REWARD] 🎯 完美落子！部署点靠近敌人 (距离: 134.2)，奖励 +2.0
[REWARD] 🛡️ 背对敌人！(角度: 177.9°)，严厉惩罚 -3.0
[TemplateMatcher] pause_gear.png -> max conf: 0.908 (needs 0.5, optimal scale: 0.80x)

[STEP 26] 开始执行动作...
[ACTION] AI决定: 选卡 5 -> 放入网格(3,2) -> 朝向 3
         坐标映射: 拖拽从(745,650)至(500,350) -> 方向滑动至(650,350)
[ACTION] ✅ CV校验通过！网格(3,2)具有高亮绿色(像素:67)，准许拖拽。
[REWARD] 动作已执行，开始 3 次心跳检测 (间隔 0.2s)...
[REWARD] ❌ 第 1 次未检测到目标血条...
[REWARD] ❌ 第 2 次未检测到目标血条...
[REWARD] ❌ 第 3 次未检测到目标血条...
[REWARD] 执行前血条数: 4 -> 最终确认血条数: 4
[REWARD] 部署失败，计算前后帧 MSE (均方误差) = 246.61
[REWARD] 画面未发生明显变化(非法部署)。奖励 -0.5 (连续无作为: 1次)
[TemplateMatcher] pause_gear.png -> max conf: 0.908 (needs 0.5, optimal scale: 0.80x)

[STEP 27] 开始执行动作...
[ACTION] AI决定: 选卡 5 -> 放入网格(5,2) -> 朝向 2
         坐标映射: 拖拽从(745,650)至(700,350) -> 方向滑动至(550,350)
[ACTION] ✅ CV校验通过！网格(5,2)具有高亮绿色(像素:85)，准许拖拽。
[REWARD] 动作已执行，开始 3 次心跳检测 (间隔 0.2s)...
[REWARD] ✅ 第 1 次检测命中目标干员血条！
[REWARD] 执行前血条数: 4 -> 最终确认血条数: 5
[REWARD] 🎯 完美落子！部署点靠近敌人 (距离: 162.5)，奖励 +2.0
[REWARD] 🛡️ 背对敌人！(角度: 123.7°)，严厉惩罚 -3.0
[TemplateMatcher] pause_gear.png -> max conf: 0.908 (needs 0.5, optimal scale: 0.80x)

[STEP 28] 开始执行动作...
[ACTION] AI决定: 💤 挂机 (Skip / Wait for Cost)
[REWARD] 执行前血条数: 5 -> 最终确认血条数: 0
[REWARD] 💤 AI 主动挂机等费用，只扣除微小时间惩罚 -0.01
[TemplateMatcher] pause_gear.png -> max conf: 0.908 (needs 0.5, optimal scale: 0.80x)

[STEP 29] 开始执行动作...
[ACTION] AI决定: 选卡 3 -> 放入网格(9,1) -> 朝向 1
         坐标映射: 拖拽从(565,650)至(1100,270) -> 方向滑动至(1100,420)
[ACTION] ⛔ Fast-Fail! 目标网格(9,1)非绿色高亮(绿像素:0)。取消拖拽。
[REWARD] 执行前血条数: 5 -> 最终确认血条数: 0
[REWARD] ⛔ 非法区域/无费用，已被 CV 阻断。奖励 -0.5 (连续无作为: 1次)
[TemplateMatcher] pause_gear.png -> max conf: 0.907 (needs 0.5, optimal scale: 0.80x)

[STEP 30] 开始执行动作...
[ACTION] AI决定: 选卡 8 -> 放入网格(1,2) -> 朝向 1
         坐标映射: 拖拽从(1015,650)至(300,350) -> 方向滑动至(300,500)
[ACTION] ⛔ Fast-Fail! 目标网格(1,2)非绿色高亮(绿像素:0)。取消拖拽。
[REWARD] 执行前血条数: 4 -> 最终确认血条数: 0
[REWARD] ⛔ 非法区域/无费用，已被 CV 阻断。奖励 -0.5 (连续无作为: 2次)
[TemplateMatcher] pause_gear.png -> max conf: 0.907 (needs 0.5, optimal scale: 0.80x)

[STEP 31] 开始执行动作...
[ACTION] AI决定: 选卡 0 -> 放入网格(4,4) -> 朝向 2
         坐标映射: 拖拽从(295,650)至(600,510) -> 方向滑动至(450,510)
[ACTION] ⛔ Fast-Fail! 目标网格(4,4)非绿色高亮(绿像素:0)。取消拖拽。
[REWARD] 执行前血条数: 4 -> 最终确认血条数: 0
[REWARD] ⛔ 非法区域/无费用，已被 CV 阻断。奖励 -0.5 (连续无作为: 3次)
[TemplateMatcher] pause_gear.png -> max conf: 0.908 (needs 0.5, optimal scale: 0.80x)

[STEP 32] 开始执行动作...
[ACTION] AI决定: 选卡 5 -> 放入网格(6,2) -> 朝向 0
         坐标映射: 拖拽从(745,650)至(800,350) -> 方向滑动至(800,200)
[ACTION] ✅ CV校验通过！网格(6,2)具有高亮绿色(像素:341)，准许拖拽。
[REWARD] 动作已执行，开始 3 次心跳检测 (间隔 0.2s)...
[REWARD] ❌ 第 1 次未检测到目标血条...
[REWARD] ❌ 第 2 次未检测到目标血条...
[REWARD] ❌ 第 3 次未检测到目标血条...
[REWARD] 执行前血条数: 4 -> 最终确认血条数: 4
[REWARD] 部署失败，计算前后帧 MSE (均方误差) = 290.08
[REWARD] 画面未发生明显变化(非法部署)。奖励 -0.5 (连续无作为: 4次)
[TemplateMatcher] pause_gear.png -> max conf: 0.908 (needs 0.5, optimal scale: 0.80x)

[STEP 33] 开始执行动作...
[ACTION] AI决定: 选卡 5 -> 放入网格(9,2) -> 朝向 1
         坐标映射: 拖拽从(745,650)至(1100,350) -> 方向滑动至(1100,500)
[ACTION] ✅ CV校验通过！网格(9,2)具有高亮绿色(像素:860)，准许拖拽。
[REWARD] 动作已执行，开始 3 次心跳检测 (间隔 0.2s)...
[REWARD] ✅ 第 1 次检测命中目标干员血条！
[REWARD] 执行前血条数: 4 -> 最终确认血条数: 5
[REWARD] 🎯 完美落子！部署点靠近敌人 (距离: 291.4)，奖励 +2.0
[REWARD] 🛡️ 背对敌人！(角度: 279.7°)，严厉惩罚 -3.0
[TemplateMatcher] pause_gear.png -> max conf: 0.908 (needs 0.5, optimal scale: 0.80x)

[STEP 34] 开始执行动作...
[ACTION] AI决定: 选卡 0 -> 放入网格(3,2) -> 朝向 2
         坐标映射: 拖拽从(295,650)至(500,350) -> 方向滑动至(350,350)
[ACTION] ⛔ Fast-Fail! 目标网格(3,2)非绿色高亮(绿像素:0)。取消拖拽。
[REWARD] 执行前血条数: 5 -> 最终确认血条数: 0
[REWARD] ⛔ 非法区域/无费用，已被 CV 阻断。奖励 -0.5 (连续无作为: 1次)
[TemplateMatcher] pause_gear.png -> max conf: 0.908 (needs 0.5, optimal scale: 0.80x)

[STEP 35] 开始执行动作...
[ACTION] AI决定: 选卡 8 -> 放入网格(6,2) -> 朝向 3
         坐标映射: 拖拽从(1015,650)至(800,350) -> 方向滑动至(950,350)
[ACTION] ✅ CV校验通过！网格(6,2)具有高亮绿色(像素:553)，准许拖拽。
[REWARD] 动作已执行，开始 3 次心跳检测 (间隔 0.2s)...
[REWARD] ✅ 第 1 次检测命中目标干员血条！
[REWARD] 执行前血条数: 5 -> 最终确认血条数: 4
[REWARD] 🎯 完美落子！部署点靠近敌人 (距离: 287.1)，奖励 +2.0
[REWARD] ⚔️ 完美朝向！正对敌人 (角度: 29.2°)，巨额奖励 +8.0
[TemplateMatcher] pause_gear.png -> max conf: 0.907 (needs 0.5, optimal scale: 0.80x)
[SAVE] 自动保存进度 (Step 800) -> policy_latest.zip

[STEP 36] 开始执行动作...
[ACTION] AI决定: 选卡 1 -> 放入网格(3,2) -> 朝向 0
         坐标映射: 拖拽从(385,650)至(500,350) -> 方向滑动至(500,200)
[ACTION] ⛔ Fast-Fail! 目标网格(3,2)非绿色高亮(绿像素:0)。取消拖拽。
[REWARD] 执行前血条数: 4 -> 最终确认血条数: 0
[REWARD] ⛔ 非法区域/无费用，已被 CV 阻断。奖励 -0.5 (连续无作为: 1次)
[TemplateMatcher] pause_gear.png -> max conf: 0.907 (needs 0.5, optimal scale: 0.80x)

[STEP 37] 开始执行动作...
[ACTION] AI决定: 选卡 2 -> 放入网格(3,2) -> 朝向 1
         坐标映射: 拖拽从(475,650)至(500,350) -> 方向滑动至(500,500)
[ACTION] ⛔ Fast-Fail! 目标网格(3,2)非绿色高亮(绿像素:0)。取消拖拽。
[REWARD] 执行前血条数: 3 -> 最终确认血条数: 0
[REWARD] ⛔ 非法区域/无费用，已被 CV 阻断。奖励 -0.5 (连续无作为: 2次)
[TemplateMatcher] pause_gear.png -> max conf: 0.908 (needs 0.5, optimal scale: 0.80x)

[STEP 38] 开始执行动作...
[ACTION] AI决定: 选卡 2 -> 放入网格(3,4) -> 朝向 1
         坐标映射: 拖拽从(475,650)至(500,510) -> 方向滑动至(500,660)
[ACTION] ⛔ Fast-Fail! 目标网格(3,4)非绿色高亮(绿像素:0)。取消拖拽。
[REWARD] 执行前血条数: 6 -> 最终确认血条数: 0
[REWARD] ⛔ 非法区域/无费用，已被 CV 阻断。奖励 -0.5 (连续无作为: 3次)
[TemplateMatcher] pause_gear.png -> max conf: 0.907 (needs 0.5, optimal scale: 0.80x)

[STEP 39] 开始执行动作...
[ACTION] AI决定: 选卡 2 -> 放入网格(2,3) -> 朝向 2
         坐标映射: 拖拽从(475,650)至(400,430) -> 方向滑动至(250,430)
[ACTION] ⛔ Fast-Fail! 目标网格(2,3)非绿色高亮(绿像素:0)。取消拖拽。
[REWARD] 执行前血条数: 7 -> 最终确认血条数: 0
[REWARD] ⛔ 非法区域/无费用，已被 CV 阻断。奖励 -0.5 (连续无作为: 4次)
[TemplateMatcher] pause_gear.png -> max conf: 0.907 (needs 0.5, optimal scale: 0.80x)

[STEP 40] 开始执行动作...
[ACTION] AI决定: 选卡 7 -> 放入网格(5,2) -> 朝向 3
         坐标映射: 拖拽从(925,650)至(700,350) -> 方向滑动至(850,350)
[ACTION] ✅ CV校验通过！网格(5,2)具有高亮绿色(像素:101)，准许拖拽。
[REWARD] 动作已执行，开始 3 次心跳检测 (间隔 0.2s)...
[REWARD] ✅ 第 1 次检测命中目标干员血条！
[REWARD] 执行前血条数: 7 -> 最终确认血条数: 2
[REWARD] 🎯 完美落子！部署点靠近敌人 (距离: 141.0)，奖励 +2.0
[REWARD] 🛡️ 背对敌人！(角度: 107.5°)，严厉惩罚 -3.0
[TemplateMatcher] pause_gear.png -> max conf: 0.908 (needs 0.5, optimal scale: 0.80x)

[STEP 41] 开始执行动作...
[ACTION] AI决定: 选卡 3 -> 放入网格(4,2) -> 朝向 1
         坐标映射: 拖拽从(565,650)至(600,350) -> 方向滑动至(600,500)
[ACTION] ✅ CV校验通过！网格(4,2)具有高亮绿色(像素:56)，准许拖拽。
[REWARD] 动作已执行，开始 3 次心跳检测 (间隔 0.2s)...
[REWARD] ✅ 第 1 次检测命中目标干员血条！
[REWARD] 执行前血条数: 2 -> 最终确认血条数: 5
[REWARD] 场上暂无移动目标，仅发放基础部署奖励 +1.0
[TemplateMatcher] pause_gear.png -> max conf: 0.908 (needs 0.5, optimal scale: 0.80x)

[STEP 42] 开始执行动作...
[ACTION] AI决定: 选卡 5 -> 放入网格(5,1) -> 朝向 0
         坐标映射: 拖拽从(745,650)至(700,270) -> 方向滑动至(700,120)
[ACTION] ⛔ Fast-Fail! 目标网格(5,1)非绿色高亮(绿像素:14)。取消拖拽。
[REWARD] 执行前血条数: 3 -> 最终确认血条数: 0
[REWARD] ⛔ 非法区域/无费用，已被 CV 阻断。奖励 -0.5 (连续无作为: 1次)
[TemplateMatcher] pause_gear.png -> max conf: 0.908 (needs 0.5, optimal scale: 0.80x)

[STEP 43] 开始执行动作...
[ACTION] AI决定: 选卡 5 -> 放入网格(1,3) -> 朝向 1
         坐标映射: 拖拽从(745,650)至(300,430) -> 方向滑动至(300,580)
[ACTION] ⛔ Fast-Fail! 目标网格(1,3)非绿色高亮(绿像素:0)。取消拖拽。
[REWARD] 执行前血条数: 7 -> 最终确认血条数: 0
[REWARD] ⛔ 非法区域/无费用，已被 CV 阻断。奖励 -0.5 (连续无作为: 2次)
[TemplateMatcher] pause_gear.png -> max conf: 0.908 (needs 0.5, optimal scale: 0.80x)

[STEP 44] 开始执行动作...
[ACTION] AI决定: 选卡 9 -> 放入网格(3,4) -> 朝向 1
         坐标映射: 拖拽从(1105,650)至(500,510) -> 方向滑动至(500,660)
[ACTION] ⛔ Fast-Fail! 目标网格(3,4)非绿色高亮(绿像素:0)。取消拖拽。
[REWARD] 执行前血条数: 7 -> 最终确认血条数: 0
[REWARD] ⛔ 非法区域/无费用，已被 CV 阻断。奖励 -0.5 (连续无作为: 3次)
[TemplateMatcher] pause_gear.png -> max conf: 0.908 (needs 0.5, optimal scale: 0.80x)

[STEP 45] 开始执行动作...
[ACTION] AI决定: 选卡 3 -> 放入网格(3,3) -> 朝向 1
         坐标映射: 拖拽从(565,650)至(500,430) -> 方向滑动至(500,580)
[ACTION] ⛔ Fast-Fail! 目标网格(3,3)非绿色高亮(绿像素:0)。取消拖拽。
[REWARD] 执行前血条数: 8 -> 最终确认血条数: 0
[REWARD] ⛔ 非法区域/无费用，已被 CV 阻断。奖励 -0.5 (连续无作为: 4次)
[TemplateMatcher] pause_gear.png -> max conf: 0.908 (needs 0.5, optimal scale: 0.80x)

[STEP 46] 开始执行动作...
[ACTION] AI决定: 选卡 2 -> 放入网格(3,2) -> 朝向 2
         坐标映射: 拖拽从(475,650)至(500,350) -> 方向滑动至(350,350)
[ACTION] ⛔ Fast-Fail! 目标网格(3,2)非绿色高亮(绿像素:0)。取消拖拽。
[REWARD] 执行前血条数: 11 -> 最终确认血条数: 0
[REWARD] ⛔ 非法区域/无费用，已被 CV 阻断。奖励 -0.5 (连续无作为: 5次)
[TemplateMatcher] pause_gear.png -> max conf: 0.908 (needs 0.5, optimal scale: 0.80x)

[STEP 47] 开始执行动作...
[ACTION] AI决定: 选卡 5 -> 放入网格(9,2) -> 朝向 1
         坐标映射: 拖拽从(745,650)至(1100,350) -> 方向滑动至(1100,500)
[ACTION] ⛔ Fast-Fail! 目标网格(9,2)非绿色高亮(绿像素:0)。取消拖拽。
[REWARD] 执行前血条数: 7 -> 最终确认血条数: 0
[REWARD] ⛔ 非法区域/无费用，已被 CV 阻断。奖励 -0.5 (连续无作为: 6次)
[TemplateMatcher] pause_gear.png -> max conf: 0.908 (needs 0.5, optimal scale: 0.80x)

[STEP 48] 开始执行动作...
[ACTION] AI决定: 选卡 5 -> 放入网格(0,3) -> 朝向 2
         坐标映射: 拖拽从(745,650)至(200,430) -> 方向滑动至(50,430)
[ACTION] ✅ CV校验通过！网格(0,3)具有高亮绿色(像素:50)，准许拖拽。
[REWARD] 动作已执行，开始 3 次心跳检测 (间隔 0.2s)...
[REWARD] ❌ 第 1 次未检测到目标血条...
[REWARD] ❌ 第 2 次未检测到目标血条...
[REWARD] ❌ 第 3 次未检测到目标血条...
[REWARD] 执行前血条数: 10 -> 最终确认血条数: 4
[REWARD] 部署失败，计算前后帧 MSE (均方误差) = 3108.63
[REWARD] 动作无效，但游戏仍在进行(画面有变化)。奖励 -0.2 (已清空无作为计数器)
[TemplateMatcher] pause_gear.png -> max conf: 0.907 (needs 0.5, optimal scale: 0.80x)

[STEP 49] 开始执行动作...
[ACTION] AI决定: 选卡 5 -> 放入网格(5,2) -> 朝向 0
         坐标映射: 拖拽从(745,650)至(700,350) -> 方向滑动至(700,200)
[ACTION] ✅ CV校验通过！网格(5,2)具有高亮绿色(像素:67)，准许拖拽。
[REWARD] 动作已执行，开始 3 次心跳检测 (间隔 0.2s)...
[REWARD] ✅ 第 1 次检测命中目标干员血条！
[REWARD] 执行前血条数: 2 -> 最终确认血条数: 6
[REWARD] 🎯 完美落子！部署点靠近敌人 (距离: 114.9)，奖励 +2.0
[REWARD] ⚔️ 完美朝向！正对敌人 (角度: 232.1°)，巨额奖励 +8.0
[TemplateMatcher] pause_gear.png -> max conf: 0.908 (needs 0.5, optimal scale: 0.80x)

[STEP 50] 开始执行动作...
[ACTION] AI决定: 💤 挂机 (Skip / Wait for Cost)
[REWARD] 执行前血条数: 9 -> 最终确认血条数: 0
[REWARD] 💤 AI 主动挂机等费用，只扣除微小时间惩罚 -0.01
[TemplateMatcher] pause_gear.png -> max conf: 0.908 (needs 0.5, optimal scale: 0.80x)

[STEP 51] 开始执行动作...
[ACTION] AI决定: 选卡 5 -> 放入网格(8,2) -> 朝向 3
         坐标映射: 拖拽从(745,650)至(1000,350) -> 方向滑动至(1150,350)
[ACTION] ⛔ Fast-Fail! 目标网格(8,2)非绿色高亮(绿像素:0)。取消拖拽。
[REWARD] 执行前血条数: 7 -> 最终确认血条数: 0
[REWARD] ⛔ 非法区域/无费用，已被 CV 阻断。奖励 -0.5 (连续无作为: 1次)
[TemplateMatcher] pause_gear.png -> max conf: 0.908 (needs 0.5, optimal scale: 0.80x)

[STEP 52] 开始执行动作...
[ACTION] AI决定: 💤 挂机 (Skip / Wait for Cost)
[REWARD] 执行前血条数: 7 -> 最终确认血条数: 0
[REWARD] 💤 AI 主动挂机等费用，只扣除微小时间惩罚 -0.01
[TemplateMatcher] pause_gear.png -> max conf: 0.908 (needs 0.5, optimal scale: 0.80x)

[STEP 53] 开始执行动作...
[ACTION] AI决定: 选卡 2 -> 放入网格(7,0) -> 朝向 1
         坐标映射: 拖拽从(475,650)至(900,190) -> 方向滑动至(900,340)
[ACTION] ⛔ Fast-Fail! 目标网格(7,0)非绿色高亮(绿像素:0)。取消拖拽。
[REWARD] 执行前血条数: 10 -> 最终确认血条数: 0
[REWARD] ⛔ 非法区域/无费用，已被 CV 阻断。奖励 -0.5 (连续无作为: 1次)
[TemplateMatcher] pause_gear.png -> max conf: 0.908 (needs 0.5, optimal scale: 0.80x)

[STEP 54] 开始执行动作...
[ACTION] AI决定: 💤 挂机 (Skip / Wait for Cost)
[REWARD] 执行前血条数: 9 -> 最终确认血条数: 0
[REWARD] 💤 AI 主动挂机等费用，只扣除微小时间惩罚 -0.01
[TemplateMatcher] pause_gear.png -> max conf: 0.908 (needs 0.5, optimal scale: 0.80x)

[STEP 55] 开始执行动作...
[ACTION] AI决定: 选卡 5 -> 放入网格(3,1) -> 朝向 1
         坐标映射: 拖拽从(745,650)至(500,270) -> 方向滑动至(500,420)
[ACTION] ⛔ Fast-Fail! 目标网格(3,1)非绿色高亮(绿像素:0)。取消拖拽。
[REWARD] 执行前血条数: 11 -> 最终确认血条数: 0
[REWARD] ⛔ 非法区域/无费用，已被 CV 阻断。奖励 -0.5 (连续无作为: 1次)
[TemplateMatcher] pause_gear.png -> max conf: 0.908 (needs 0.5, optimal scale: 0.80x)

[STEP 56] 开始执行动作...
[ACTION] AI决定: 选卡 5 -> 放入网格(3,4) -> 朝向 1
         坐标映射: 拖拽从(745,650)至(500,510) -> 方向滑动至(500,660)
[ACTION] ⛔ Fast-Fail! 目标网格(3,4)非绿色高亮(绿像素:0)。取消拖拽。
[REWARD] 执行前血条数: 7 -> 最终确认血条数: 0
[REWARD] ⛔ 非法区域/无费用，已被 CV 阻断。奖励 -0.5 (连续无作为: 2次)
[TemplateMatcher] pause_gear.png -> max conf: 0.908 (needs 0.5, optimal scale: 0.80x)

[STEP 57] 开始执行动作...
[ACTION] AI决定: 选卡 2 -> 放入网格(0,2) -> 朝向 1
         坐标映射: 拖拽从(475,650)至(200,350) -> 方向滑动至(200,500)
[ACTION] ⛔ Fast-Fail! 目标网格(0,2)非绿色高亮(绿像素:0)。取消拖拽。
[REWARD] 执行前血条数: 8 -> 最终确认血条数: 0
[REWARD] ⛔ 非法区域/无费用，已被 CV 阻断。奖励 -0.5 (连续无作为: 3次)
[TemplateMatcher] pause_gear.png -> max conf: 0.908 (needs 0.5, optimal scale: 0.80x)

[STEP 58] 开始执行动作...
[ACTION] AI决定: 选卡 9 -> 放入网格(0,0) -> 朝向 1
         坐标映射: 拖拽从(1105,650)至(200,190) -> 方向滑动至(200,340)
[ACTION] ⛔ Fast-Fail! 目标网格(0,0)非绿色高亮(绿像素:0)。取消拖拽。
[REWARD] 执行前血条数: 6 -> 最终确认血条数: 0
[REWARD] ⛔ 非法区域/无费用，已被 CV 阻断。奖励 -0.5 (连续无作为: 4次)
[TemplateMatcher] pause_gear.png -> max conf: 0.908 (needs 0.5, optimal scale: 0.80x)

[STEP 59] 开始执行动作...
[ACTION] AI决定: 选卡 8 -> 放入网格(3,2) -> 朝向 1
         坐标映射: 拖拽从(1015,650)至(500,350) -> 方向滑动至(500,500)
[ACTION] ⛔ Fast-Fail! 目标网格(3,2)非绿色高亮(绿像素:0)。取消拖拽。
[REWARD] 执行前血条数: 7 -> 最终确认血条数: 0
[REWARD] ⛔ 非法区域/无费用，已被 CV 阻断。奖励 -0.5 (连续无作为: 5次)
[TemplateMatcher] pause_gear.png -> max conf: 0.908 (needs 0.5, optimal scale: 0.80x)

[STEP 60] 开始执行动作...
[ACTION] AI决定: 选卡 3 -> 放入网格(3,4) -> 朝向 1
         坐标映射: 拖拽从(565,650)至(500,510) -> 方向滑动至(500,660)
[ACTION] ⛔ Fast-Fail! 目标网格(3,4)非绿色高亮(绿像素:0)。取消拖拽。
[REWARD] 执行前血条数: 9 -> 最终确认血条数: 0
[REWARD] ⛔ 非法区域/无费用，已被 CV 阻断。奖励 -0.5 (连续无作为: 6次)
[TemplateMatcher] pause_gear.png -> max conf: 0.908 (needs 0.5, optimal scale: 0.80x)

[STEP 61] 开始执行动作...
[ACTION] AI决定: 选卡 0 -> 放入网格(3,4) -> 朝向 1
         坐标映射: 拖拽从(295,650)至(500,510) -> 方向滑动至(500,660)
[ACTION] ⛔ Fast-Fail! 目标网格(3,4)非绿色高亮(绿像素:0)。取消拖拽。
[REWARD] 执行前血条数: 8 -> 最终确认血条数: 0
[REWARD] ⛔ 非法区域/无费用，已被 CV 阻断。奖励 -0.5 (连续无作为: 7次)
[TemplateMatcher] pause_gear.png -> max conf: 0.908 (needs 0.5, optimal scale: 0.80x)

[STEP 62] 开始执行动作...
[ACTION] AI决定: 选卡 5 -> 放入网格(8,2) -> 朝向 3
         坐标映射: 拖拽从(745,650)至(1000,350) -> 方向滑动至(1150,350)
[ACTION] ⛔ Fast-Fail! 目标网格(8,2)非绿色高亮(绿像素:0)。取消拖拽。
[REWARD] 执行前血条数: 5 -> 最终确认血条数: 0
[REWARD] ⛔ 非法区域/无费用，已被 CV 阻断。奖励 -0.5 (连续无作为: 8次)
[TemplateMatcher] pause_gear.png -> max conf: 0.907 (needs 0.5, optimal scale: 0.80x)

[STEP 63] 开始执行动作...
[ACTION] AI决定: 选卡 2 -> 放入网格(0,2) -> 朝向 1
         坐标映射: 拖拽从(475,650)至(200,350) -> 方向滑动至(200,500)
[ACTION] ⛔ Fast-Fail! 目标网格(0,2)非绿色高亮(绿像素:0)。取消拖拽。
[REWARD] 执行前血条数: 7 -> 最终确认血条数: 0
[REWARD] ⛔ 非法区域/无费用，已被 CV 阻断。奖励 -0.5 (连续无作为: 9次)
[TemplateMatcher] pause_gear.png -> max conf: 0.907 (needs 0.5, optimal scale: 0.80x)

[STEP 64] 开始执行动作...
[ACTION] AI决定: 选卡 5 -> 放入网格(3,2) -> 朝向 3
         坐标映射: 拖拽从(745,650)至(500,350) -> 方向滑动至(650,350)
[ACTION] ✅ CV校验通过！网格(3,2)具有高亮绿色(像素:68)，准许拖拽。
[REWARD] 动作已执行，开始 3 次心跳检测 (间隔 0.2s)...
[REWARD] ❌ 第 1 次未检测到目标血条...
[REWARD] ❌ 第 2 次未检测到目标血条...
[REWARD] ❌ 第 3 次未检测到目标血条...
[REWARD] 执行前血条数: 5 -> 最终确认血条数: 5
[REWARD] 部署失败，计算前后帧 MSE (均方误差) = 505.75
[REWARD] 动作无效，但游戏仍在进行(画面有变化)。奖励 -0.2 (已清空无作为计数器)
[TemplateMatcher] pause_gear.png -> max conf: 0.908 (needs 0.5, optimal scale: 0.80x)

[STEP 65] 开始执行动作...
[ACTION] AI决定: 选卡 5 -> 放入网格(6,1) -> 朝向 0
         坐标映射: 拖拽从(745,650)至(800,270) -> 方向滑动至(800,120)
[ACTION] ✅ CV校验通过！网格(6,1)具有高亮绿色(像素:893)，准许拖拽。
[REWARD] 动作已执行，开始 3 次心跳检测 (间隔 0.2s)...
[REWARD] ❌ 第 1 次未检测到目标血条...
[REWARD] ❌ 第 2 次未检测到目标血条...
[REWARD] ❌ 第 3 次未检测到目标血条...
[REWARD] 执行前血条数: 5 -> 最终确认血条数: 5
[REWARD] 部署失败，计算前后帧 MSE (均方误差) = 377.49
[REWARD] 动作无效，但游戏仍在进行(画面有变化)。奖励 -0.2 (已清空无作为计数器)
[TemplateMatcher] pause_gear.png -> max conf: 0.908 (needs 0.5, optimal scale: 0.80x)

[STEP 66] 开始执行动作...
[ACTION] AI决定: 选卡 8 -> 放入网格(8,1) -> 朝向 1
         坐标映射: 拖拽从(1015,650)至(1000,270) -> 方向滑动至(1000,420)
[ACTION] ✅ CV校验通过！网格(8,1)具有高亮绿色(像素:581)，准许拖拽。
[REWARD] 动作已执行，开始 3 次心跳检测 (间隔 0.2s)...
[REWARD] ❌ 第 1 次未检测到目标血条...
[REWARD] ✅ 第 2 次检测命中目标干员血条！
[REWARD] 执行前血条数: 5 -> 最终确认血条数: 6
[REWARD] 🛡️ 背对敌人！(角度: 145.7°)，严厉惩罚 -3.0
[TemplateMatcher] pause_gear.png -> max conf: 0.908 (needs 0.5, optimal scale: 0.80x)

[STEP 67] 开始执行动作...
[ACTION] AI决定: 选卡 2 -> 放入网格(0,1) -> 朝向 3
         坐标映射: 拖拽从(475,650)至(200,270) -> 方向滑动至(350,270)
[ACTION] ⛔ Fast-Fail! 目标网格(0,1)非绿色高亮(绿像素:0)。取消拖拽。
[REWARD] 执行前血条数: 6 -> 最终确认血条数: 0
[REWARD] ⛔ 非法区域/无费用，已被 CV 阻断。奖励 -0.5 (连续无作为: 1次)
[TemplateMatcher] pause_gear.png -> max conf: 0.908 (needs 0.5, optimal scale: 0.80x)

[STEP 68] 开始执行动作...
[ACTION] AI决定: 选卡 6 -> 放入网格(0,3) -> 朝向 1
         坐标映射: 拖拽从(835,650)至(200,430) -> 方向滑动至(200,580)
[ACTION] ✅ CV校验通过！网格(0,3)具有高亮绿色(像素:50)，准许拖拽。
[REWARD] 动作已执行，开始 3 次心跳检测 (间隔 0.2s)...
[REWARD] ❌ 第 1 次未检测到目标血条...
[REWARD] ❌ 第 2 次未检测到目标血条...
[REWARD] ❌ 第 3 次未检测到目标血条...
[REWARD] 执行前血条数: 6 -> 最终确认血条数: 7
[REWARD] 部署失败，计算前后帧 MSE (均方误差) = 2895.22
[REWARD] 动作无效，但游戏仍在进行(画面有变化)。奖励 -0.2 (已清空无作为计数器)
[TemplateMatcher] pause_gear.png -> max conf: 0.907 (needs 0.5, optimal scale: 0.80x)

[STEP 69] 开始执行动作...
[ACTION] AI决定: 💤 挂机 (Skip / Wait for Cost)
[REWARD] 执行前血条数: 7 -> 最终确认血条数: 0
[REWARD] 💤 AI 主动挂机等费用，只扣除微小时间惩罚 -0.01
[TemplateMatcher] pause_gear.png -> max conf: 0.908 (needs 0.5, optimal scale: 0.80x)

[STEP 70] 开始执行动作...
[ACTION] AI决定: 选卡 0 -> 放入网格(1,2) -> 朝向 3
         坐标映射: 拖拽从(295,650)至(300,350) -> 方向滑动至(450,350)
[ACTION] ⛔ Fast-Fail! 目标网格(1,2)非绿色高亮(绿像素:1)。取消拖拽。
[REWARD] 执行前血条数: 7 -> 最终确认血条数: 0
[REWARD] ⛔ 非法区域/无费用，已被 CV 阻断。奖励 -0.5 (连续无作为: 1次)
[TemplateMatcher] pause_gear.png -> max conf: 0.908 (needs 0.5, optimal scale: 0.80x)

[STEP 71] 开始执行动作...
[ACTION] AI决定: 选卡 9 -> 放入网格(2,4) -> 朝向 1
         坐标映射: 拖拽从(1105,650)至(400,510) -> 方向滑动至(400,660)
[ACTION] ⛔ Fast-Fail! 目标网格(2,4)非绿色高亮(绿像素:0)。取消拖拽。
[REWARD] 执行前血条数: 7 -> 最终确认血条数: 0
[REWARD] ⛔ 非法区域/无费用，已被 CV 阻断。奖励 -0.5 (连续无作为: 2次)
[TemplateMatcher] pause_gear.png -> max conf: 0.908 (needs 0.5, optimal scale: 0.80x)

[STEP 72] 开始执行动作...
[ACTION] AI决定: 选卡 2 -> 放入网格(6,2) -> 朝向 3
         坐标映射: 拖拽从(475,650)至(800,350) -> 方向滑动至(950,350)
[ACTION] ⛔ Fast-Fail! 目标网格(6,2)非绿色高亮(绿像素:0)。取消拖拽。
[REWARD] 执行前血条数: 6 -> 最终确认血条数: 0
[REWARD] ⛔ 非法区域/无费用，已被 CV 阻断。奖励 -0.5 (连续无作为: 3次)
[TemplateMatcher] pause_gear.png -> max conf: 0.908 (needs 0.5, optimal scale: 0.80x)

[STEP 73] 开始执行动作...
[ACTION] AI决定: 选卡 1 -> 放入网格(8,0) -> 朝向 1
         坐标映射: 拖拽从(385,650)至(1000,190) -> 方向滑动至(1000,340)
[ACTION] ⛔ Fast-Fail! 目标网格(8,0)非绿色高亮(绿像素:0)。取消拖拽。
[REWARD] 执行前血条数: 6 -> 最终确认血条数: 0
[REWARD] ⛔ 非法区域/无费用，已被 CV 阻断。奖励 -0.5 (连续无作为: 4次)
[TemplateMatcher] pause_gear.png -> max conf: 0.908 (needs 0.5, optimal scale: 0.80x)

[STEP 74] 开始执行动作...
[ACTION] AI决定: 选卡 6 -> 放入网格(0,2) -> 朝向 1
         坐标映射: 拖拽从(835,650)至(200,350) -> 方向滑动至(200,500)
[ACTION] ✅ CV校验通过！网格(0,2)具有高亮绿色(像素:94)，准许拖拽。
[REWARD] 动作已执行，开始 3 次心跳检测 (间隔 0.2s)...
[REWARD] ❌ 第 1 次未检测到目标血条...
[REWARD] ❌ 第 2 次未检测到目标血条...
[REWARD] ❌ 第 3 次未检测到目标血条...
[REWARD] 执行前血条数: 6 -> 最终确认血条数: 6
[REWARD] 部署失败，计算前后帧 MSE (均方误差) = 322.21
[REWARD] 动作无效，但游戏仍在进行(画面有变化)。奖励 -0.2 (已清空无作为计数器)
[TemplateMatcher] pause_gear.png -> max conf: 0.908 (needs 0.5, optimal scale: 0.80x)

[STEP 75] 开始执行动作...
[ACTION] AI决定: 选卡 2 -> 放入网格(3,4) -> 朝向 3
         坐标映射: 拖拽从(475,650)至(500,510) -> 方向滑动至(650,510)
[ACTION] ⛔ Fast-Fail! 目标网格(3,4)非绿色高亮(绿像素:0)。取消拖拽。
[REWARD] 执行前血条数: 6 -> 最终确认血条数: 0
[REWARD] ⛔ 非法区域/无费用，已被 CV 阻断。奖励 -0.5 (连续无作为: 1次)
[TemplateMatcher] pause_gear.png -> max conf: 0.908 (needs 0.5, optimal scale: 0.80x)

[STEP 76] 开始执行动作...
[ACTION] AI决定: 选卡 7 -> 放入网格(7,4) -> 朝向 3
         坐标映射: 拖拽从(925,650)至(900,510) -> 方向滑动至(1050,510)
[ACTION] ⛔ Fast-Fail! 目标网格(7,4)非绿色高亮(绿像素:0)。取消拖拽。
[REWARD] 执行前血条数: 6 -> 最终确认血条数: 0
[REWARD] ⛔ 非法区域/无费用，已被 CV 阻断。奖励 -0.5 (连续无作为: 2次)
[TemplateMatcher] pause_gear.png -> max conf: 0.907 (needs 0.5, optimal scale: 0.80x)

[STEP 77] 开始执行动作...
[ACTION] AI决定: 选卡 2 -> 放入网格(0,3) -> 朝向 1
         坐标映射: 拖拽从(475,650)至(200,430) -> 方向滑动至(200,580)
[ACTION] ⛔ Fast-Fail! 目标网格(0,3)非绿色高亮(绿像素:4)。取消拖拽。
[REWARD] 执行前血条数: 6 -> 最终确认血条数: 0
[REWARD] ⛔ 非法区域/无费用，已被 CV 阻断。奖励 -0.5 (连续无作为: 3次)
[TemplateMatcher] pause_gear.png -> max conf: 0.908 (needs 0.5, optimal scale: 0.80x)

[STEP 78] 开始执行动作...
[ACTION] AI决定: 💤 挂机 (Skip / Wait for Cost)
[REWARD] 执行前血条数: 6 -> 最终确认血条数: 0
[REWARD] 💤 AI 主动挂机等费用，只扣除微小时间惩罚 -0.01
[TemplateMatcher] pause_gear.png -> max conf: 0.908 (needs 0.5, optimal scale: 0.80x)

[STEP 79] 开始执行动作...
[ACTION] AI决定: 选卡 6 -> 放入网格(3,3) -> 朝向 3
         坐标映射: 拖拽从(835,650)至(500,430) -> 方向滑动至(650,430)
[ACTION] ⛔ Fast-Fail! 目标网格(3,3)非绿色高亮(绿像素:0)。取消拖拽。
[REWARD] 执行前血条数: 6 -> 最终确认血条数: 0
[REWARD] ⛔ 非法区域/无费用，已被 CV 阻断。奖励 -0.5 (连续无作为: 1次)
[TemplateMatcher] pause_gear.png -> max conf: 0.908 (needs 0.5, optimal scale: 0.80x)

[STEP 80] 开始执行动作...
[ACTION] AI决定: 选卡 9 -> 放入网格(7,2) -> 朝向 2
         坐标映射: 拖拽从(1105,650)至(900,350) -> 方向滑动至(750,350)
[ACTION] ✅ CV校验通过！网格(7,2)具有高亮绿色(像素:119)，准许拖拽。
[REWARD] 动作已执行，开始 3 次心跳检测 (间隔 0.2s)...
[REWARD] ❌ 第 1 次未检测到目标血条...
[REWARD] ❌ 第 2 次未检测到目标血条...
[REWARD] ❌ 第 3 次未检测到目标血条...
[REWARD] 执行前血条数: 6 -> 最终确认血条数: 6
[REWARD] 部署失败，计算前后帧 MSE (均方误差) = 296.16
[REWARD] 画面未发生明显变化(非法部署)。奖励 -0.5 (连续无作为: 2次)
[TemplateMatcher] pause_gear.png -> max conf: 0.908 (needs 0.5, optimal scale: 0.80x)

[STEP 81] 开始执行动作...
[ACTION] AI决定: 选卡 2 -> 放入网格(3,1) -> 朝向 3
         坐标映射: 拖拽从(475,650)至(500,270) -> 方向滑动至(650,270)
[ACTION] ⛔ Fast-Fail! 目标网格(3,1)非绿色高亮(绿像素:0)。取消拖拽。
[REWARD] 执行前血条数: 6 -> 最终确认血条数: 0
[REWARD] ⛔ 非法区域/无费用，已被 CV 阻断。奖励 -0.5 (连续无作为: 3次)
[TemplateMatcher] pause_gear.png -> max conf: 0.908 (needs 0.5, optimal scale: 0.80x)

[STEP 82] 开始执行动作...
[ACTION] AI决定: 选卡 5 -> 放入网格(7,2) -> 朝向 3
         坐标映射: 拖拽从(745,650)至(900,350) -> 方向滑动至(1050,350)
[ACTION] ✅ CV校验通过！网格(7,2)具有高亮绿色(像素:69)，准许拖拽。
[REWARD] 动作已执行，开始 3 次心跳检测 (间隔 0.2s)...
[REWARD] ❌ 第 1 次未检测到目标血条...
[REWARD] ❌ 第 2 次未检测到目标血条...
[REWARD] ❌ 第 3 次未检测到目标血条...
[REWARD] 执行前血条数: 6 -> 最终确认血条数: 6
[REWARD] 部署失败，计算前后帧 MSE (均方误差) = 467.41
[REWARD] 动作无效，但游戏仍在进行(画面有变化)。奖励 -0.2 (已清空无作为计数器)
[TemplateMatcher] pause_gear.png -> max conf: 0.908 (needs 0.5, optimal scale: 0.80x)

[STEP 83] 开始执行动作...
[ACTION] AI决定: 选卡 5 -> 放入网格(3,4) -> 朝向 2
         坐标映射: 拖拽从(745,650)至(500,510) -> 方向滑动至(350,510)
[ACTION] ⛔ Fast-Fail! 目标网格(3,4)非绿色高亮(绿像素:0)。取消拖拽。
[REWARD] 执行前血条数: 6 -> 最终确认血条数: 0
[REWARD] ⛔ 非法区域/无费用，已被 CV 阻断。奖励 -0.5 (连续无作为: 1次)
[TemplateMatcher] pause_gear.png -> max conf: 0.908 (needs 0.5, optimal scale: 0.80x)

[STEP 84] 开始执行动作...
[ACTION] AI决定: 选卡 5 -> 放入网格(3,2) -> 朝向 3
         坐标映射: 拖拽从(745,650)至(500,350) -> 方向滑动至(650,350)
[ACTION] ✅ CV校验通过！网格(3,2)具有高亮绿色(像素:369)，准许拖拽。
[REWARD] 动作已执行，开始 3 次心跳检测 (间隔 0.2s)...
[REWARD] ❌ 第 1 次未检测到目标血条...
[REWARD] ❌ 第 2 次未检测到目标血条...
[REWARD] ❌ 第 3 次未检测到目标血条...
[REWARD] 执行前血条数: 6 -> 最终确认血条数: 6
[REWARD] 部署失败，计算前后帧 MSE (均方误差) = 137.22
[REWARD] 画面未发生明显变化(非法部署)。奖励 -0.5 (连续无作为: 2次)
[TemplateMatcher] pause_gear.png -> max conf: 0.908 (needs 0.5, optimal scale: 0.80x)

[STEP 85] 开始执行动作...
[ACTION] AI决定: 选卡 2 -> 放入网格(2,2) -> 朝向 2
         坐标映射: 拖拽从(475,650)至(400,350) -> 方向滑动至(250,350)
[ACTION] ⛔ Fast-Fail! 目标网格(2,2)非绿色高亮(绿像素:16)。取消拖拽。
[REWARD] 执行前血条数: 6 -> 最终确认血条数: 0
[REWARD] ⛔ 非法区域/无费用，已被 CV 阻断。奖励 -0.5 (连续无作为: 3次)
[TemplateMatcher] pause_gear.png -> max conf: 0.908 (needs 0.5, optimal scale: 0.80x)

[STEP 86] 开始执行动作...
[ACTION] AI决定: 选卡 5 -> 放入网格(2,1) -> 朝向 3
         坐标映射: 拖拽从(745,650)至(400,270) -> 方向滑动至(550,270)
[ACTION] ⛔ Fast-Fail! 目标网格(2,1)非绿色高亮(绿像素:0)。取消拖拽。
[REWARD] 执行前血条数: 6 -> 最终确认血条数: 0
[REWARD] ⛔ 非法区域/无费用，已被 CV 阻断。奖励 -0.5 (连续无作为: 4次)
[TemplateMatcher] pause_gear.png -> max conf: 0.908 (needs 0.5, optimal scale: 0.80x)

[STEP 87] 开始执行动作...
[ACTION] AI决定: 💤 挂机 (Skip / Wait for Cost)
[REWARD] 执行前血条数: 6 -> 最终确认血条数: 0
[REWARD] 💤 AI 主动挂机等费用，只扣除微小时间惩罚 -0.01
[TemplateMatcher] pause_gear.png -> max conf: 0.908 (needs 0.5, optimal scale: 0.80x)

[STEP 88] 开始执行动作...
[ACTION] AI决定: 选卡 5 -> 放入网格(0,0) -> 朝向 1
         坐标映射: 拖拽从(745,650)至(200,190) -> 方向滑动至(200,340)
[ACTION] ⛔ Fast-Fail! 目标网格(0,0)非绿色高亮(绿像素:13)。取消拖拽。
[REWARD] 执行前血条数: 6 -> 最终确认血条数: 0
[REWARD] ⛔ 非法区域/无费用，已被 CV 阻断。奖励 -0.5 (连续无作为: 1次)
[TemplateMatcher] pause_gear.png -> max conf: 0.907 (needs 0.5, optimal scale: 0.80x)

[STEP 89] 开始执行动作...
[ACTION] AI决定: 选卡 2 -> 放入网格(3,2) -> 朝向 1
         坐标映射: 拖拽从(475,650)至(500,350) -> 方向滑动至(500,500)
[ACTION] ⛔ Fast-Fail! 目标网格(3,2)非绿色高亮(绿像素:0)。取消拖拽。
[REWARD] 执行前血条数: 6 -> 最终确认血条数: 0
[REWARD] ⛔ 非法区域/无费用，已被 CV 阻断。奖励 -0.5 (连续无作为: 2次)
[TemplateMatcher] pause_gear.png -> max conf: 0.894 (needs 0.5, optimal scale: 0.80x)

[STEP 90] 开始执行动作...
[ACTION] AI决定: 选卡 5 -> 放入网格(8,2) -> 朝向 1
         坐标映射: 拖拽从(745,650)至(1000,350) -> 方向滑动至(1000,500)
[ACTION] ⛔ Fast-Fail! 目标网格(8,2)非绿色高亮(绿像素:0)。取消拖拽。
[REWARD] 执行前血条数: 1 -> 最终确认血条数: 0
[REWARD] ⛔ 非法区域/无费用，已被 CV 阻断。奖励 -0.5 (连续无作为: 3次)
[TemplateMatcher] pause_gear.png -> max conf: 0.578 (needs 0.5, optimal scale: 0.90x)

[STEP 91] 开始执行动作...
[ACTION] AI决定: 选卡 2 -> 放入网格(8,0) -> 朝向 1
         坐标映射: 拖拽从(475,650)至(1000,190) -> 方向滑动至(1000,340)
[ACTION] ⛔ Fast-Fail! 目标网格(8,0)非绿色高亮(绿像素:0)。取消拖拽。
[REWARD] 执行前血条数: 6 -> 最终确认血条数: 0
[REWARD] ⛔ 非法区域/无费用，已被 CV 阻断。奖励 -0.5 (连续无作为: 4次)
[TemplateMatcher] pause_gear.png -> max conf: 0.000 (needs 0.5, optimal scale: 0.80x)
[ENV] ⚠️ 警告：未检测到右上角齿轮图标！(连续 1/3 次)

[STEP 92] 开始执行动作...
[ACTION] AI决定: 选卡 1 -> 放入网格(3,2) -> 朝向 3
         坐标映射: 拖拽从(385,650)至(500,350) -> 方向滑动至(650,350)
[ACTION] ⛔ Fast-Fail! 目标网格(3,2)非绿色高亮(绿像素:0)。取消拖拽。
[REWARD] 执行前血条数: 0 -> 最终确认血条数: 0
[REWARD] ⛔ 非法区域/无费用，已被 CV 阻断。奖励 -0.5 (连续无作为: 5次)
[TemplateMatcher] pause_gear.png -> max conf: 0.000 (needs 0.5, optimal scale: 0.80x)
[ENV] ⚠️ 警告：未检测到右上角齿轮图标！(连续 2/3 次)

[STEP 93] 开始执行动作...
[ACTION] AI决定: 选卡 7 -> 放入网格(7,2) -> 朝向 1
         坐标映射: 拖拽从(925,650)至(900,350) -> 方向滑动至(900,500)
[ACTION] ⛔ Fast-Fail! 目标网格(7,2)非绿色高亮(绿像素:0)。取消拖拽。
[REWARD] 执行前血条数: 0 -> 最终确认血条数: 0
[REWARD] ⛔ 非法区域/无费用，已被 CV 阻断。奖励 -0.5 (连续无作为: 6次)
[TemplateMatcher] pause_gear.png -> max conf: 0.000 (needs 0.5, optimal scale: 0.80x)
[ENV] ⚠️ 警告：未检测到右上角齿轮图标！(连续 3/3 次)
[ENV] 🚨 优先级 2 触发：连续 3 次未检测到战斗界面UI元素，判定游戏已结束！

================= 回合结束，开始自动重启关卡 =================
[TemplateMatcher] pause_gear.png -> max conf: 0.000 (needs 0.7, optimal scale: 0.80x)
[DEBUG] 未匹配 [pause_gear] (要求阈值 0.7)
[TemplateMatcher] start_action.png -> max conf: 0.000 (needs 0.45, optimal scale: 0.80x)
[DEBUG] 未匹配 [start_action] (要求阈值 0.45)
[TemplateMatcher] practice.png -> max conf: 0.000 (needs 0.5, optimal scale: 0.80x)
[DEBUG] 未匹配 [practice] (要求阈值 0.5)
[TemplateMatcher] stage_1_7.png -> max conf: 0.000 (needs 0.5, optimal scale: 0.80x)
[DEBUG] 未匹配 [stage_1_7] (要求阈值 0.5)
[RESET] 尝试跳过动画/寻找入口... (尝试 1/100)
[TemplateMatcher] pause_gear.png -> max conf: 0.432 (needs 0.7, optimal scale: 0.80x)
[DEBUG] 未匹配 [pause_gear] (要求阈值 0.7)
[TemplateMatcher] start_action.png -> max conf: -0.042 (needs 0.45, optimal scale: 0.80x)
[DEBUG] 未匹配 [start_action] (要求阈值 0.45)
[TemplateMatcher] practice.png -> max conf: 0.531 (needs 0.5, optimal scale: 0.80x)
[RESET] 找到 [practice] (置信度 0.53 >= 0.5)，点击 (679, 676)
[RESET] 点击演习按钮
[TemplateMatcher] pause_gear.png -> max conf: 0.432 (needs 0.7, optimal scale: 0.80x)
[DEBUG] 未匹配 [pause_gear] (要求阈值 0.7)
[TemplateMatcher] start_action.png -> max conf: -0.042 (needs 0.45, optimal scale: 0.80x)
[DEBUG] 未匹配 [start_action] (要求阈值 0.45)
[TemplateMatcher] practice.png -> max conf: 0.531 (needs 0.5, optimal scale: 0.80x)
[RESET] 找到 [practice] (置信度 0.53 >= 0.5)，点击 (679, 676)
[RESET] 点击演习按钮
[TemplateMatcher] pause_gear.png -> max conf: 0.490 (needs 0.7, optimal scale: 0.80x)
[DEBUG] 未匹配 [pause_gear] (要求阈值 0.7)
[TemplateMatcher] start_action.png -> max conf: -0.034 (needs 0.45, optimal scale: 0.80x)
[DEBUG] 未匹配 [start_action] (要求阈值 0.45)
[TemplateMatcher] practice.png -> max conf: 0.522 (needs 0.5, optimal scale: 0.80x)
[RESET] 找到 [practice] (置信度 0.52 >= 0.5)，点击 (533, 603)
[RESET] 点击演习按钮
[TemplateMatcher] pause_gear.png -> max conf: 0.490 (needs 0.7, optimal scale: 0.80x)
[DEBUG] 未匹配 [pause_gear] (要求阈值 0.7)
[TemplateMatcher] start_action.png -> max conf: -0.034 (needs 0.45, optimal scale: 0.80x)
[DEBUG] 未匹配 [start_action] (要求阈值 0.45)
[TemplateMatcher] practice.png -> max conf: 0.522 (needs 0.5, optimal scale: 0.80x)
[RESET] 找到 [practice] (置信度 0.52 >= 0.5)，点击 (533, 603)
[RESET] 点击演习按钮
[TemplateMatcher] pause_gear.png -> max conf: 0.490 (needs 0.7, optimal scale: 0.80x)
[DEBUG] 未匹配 [pause_gear] (要求阈值 0.7)
[TemplateMatcher] start_action.png -> max conf: -0.034 (needs 0.45, optimal scale: 0.80x)
[DEBUG] 未匹配 [start_action] (要求阈值 0.45)
[TemplateMatcher] practice.png -> max conf: 0.522 (needs 0.5, optimal scale: 0.80x)
[RESET] 找到 [practice] (置信度 0.52 >= 0.5)，点击 (533, 603)
[RESET] 点击演习按钮
[TemplateMatcher] pause_gear.png -> max conf: 0.475 (needs 0.7, optimal scale: 0.90x)
[DEBUG] 未匹配 [pause_gear] (要求阈值 0.7)
[TemplateMatcher] start_action.png -> max conf: 0.036 (needs 0.45, optimal scale: 0.80x)
[DEBUG] 未匹配 [start_action] (要求阈值 0.45)
[TemplateMatcher] practice.png -> max conf: 0.489 (needs 0.5, optimal scale: 0.85x)
[DEBUG] 未匹配 [practice] (要求阈值 0.5)
[TemplateMatcher] stage_1_7.png -> max conf: 0.712 (needs 0.5, optimal scale: 0.80x)
[RESET] 找到 [stage_1_7] (置信度 0.71 >= 0.5)，点击 (638, 224)
[RESET] 点击关卡 1-7 图标
[TemplateMatcher] pause_gear.png -> max conf: 0.612 (needs 0.7, optimal scale: 1.10x)
[DEBUG] 未匹配 [pause_gear] (要求阈值 0.7)
[TemplateMatcher] start_action.png -> max conf: 0.100 (needs 0.45, optimal scale: 0.80x)
[DEBUG] 未匹配 [start_action] (要求阈值 0.45)
[TemplateMatcher] practice.png -> max conf: 0.687 (needs 0.5, optimal scale: 0.80x)
[RESET] 找到 [practice] (置信度 0.69 >= 0.5)，点击 (935, 660)
[RESET] 点击演习按钮
[TemplateMatcher] pause_gear.png -> max conf: 0.470 (needs 0.7, optimal scale: 1.05x)
[DEBUG] 未匹配 [pause_gear] (要求阈值 0.7)
[TemplateMatcher] start_action.png -> max conf: 0.451 (needs 0.45, optimal scale: 0.80x)
[RESET] 找到 [start_action] (置信度 0.45 >= 0.45)，点击 (1101, 513)
[RESET] 点击开始行动，进入加载...
[TemplateMatcher] pause_gear.png -> max conf: 0.000 (needs 0.7, optimal scale: 0.80x)
[DEBUG] 未匹配 [pause_gear] (要求阈值 0.7)
[TemplateMatcher] start_action.png -> max conf: 0.000 (needs 0.45, optimal scale: 0.80x)
[DEBUG] 未匹配 [start_action] (要求阈值 0.45)
[TemplateMatcher] practice.png -> max conf: 0.000 (needs 0.5, optimal scale: 0.80x)
[DEBUG] 未匹配 [practice] (要求阈值 0.5)
[TemplateMatcher] stage_1_7.png -> max conf: 0.000 (needs 0.5, optimal scale: 0.80x)
[DEBUG] 未匹配 [stage_1_7] (要求阈值 0.5)
[RESET] 尝试跳过动画/寻找入口... (尝试 10/100)
[TemplateMatcher] pause_gear.png -> max conf: 0.000 (needs 0.7, optimal scale: 0.80x)
[DEBUG] 未匹配 [pause_gear] (要求阈值 0.7)
[TemplateMatcher] start_action.png -> max conf: 0.000 (needs 0.45, optimal scale: 0.80x)
[DEBUG] 未匹配 [start_action] (要求阈值 0.45)
[TemplateMatcher] practice.png -> max conf: 0.000 (needs 0.5, optimal scale: 0.80x)
[DEBUG] 未匹配 [practice] (要求阈值 0.5)
[TemplateMatcher] stage_1_7.png -> max conf: 0.000 (needs 0.5, optimal scale: 0.80x)
[DEBUG] 未匹配 [stage_1_7] (要求阈值 0.5)
[RESET] 尝试跳过动画/寻找入口... (尝试 11/100)
[TemplateMatcher] pause_gear.png -> max conf: 0.511 (needs 0.7, optimal scale: 1.20x)
[DEBUG] 未匹配 [pause_gear] (要求阈值 0.7)
[TemplateMatcher] start_action.png -> max conf: -0.063 (needs 0.45, optimal scale: 0.80x)
[DEBUG] 未匹配 [start_action] (要求阈值 0.45)
[TemplateMatcher] practice.png -> max conf: 0.379 (needs 0.5, optimal scale: 0.90x)
[DEBUG] 未匹配 [practice] (要求阈值 0.5)
[TemplateMatcher] stage_1_7.png -> max conf: 0.411 (needs 0.5, optimal scale: 0.90x)
[DEBUG] 未匹配 [stage_1_7] (要求阈值 0.5)
[RESET] 尝试跳过动画/寻找入口... (尝试 12/100)
[TemplateMatcher] pause_gear.png -> max conf: 0.511 (needs 0.7, optimal scale: 1.20x)
[DEBUG] 未匹配 [pause_gear] (要求阈值 0.7)
[TemplateMatcher] start_action.png -> max conf: -0.063 (needs 0.45, optimal scale: 0.80x)
[DEBUG] 未匹配 [start_action] (要求阈值 0.45)
[TemplateMatcher] practice.png -> max conf: 0.379 (needs 0.5, optimal scale: 0.90x)
[DEBUG] 未匹配 [practice] (要求阈值 0.5)
[TemplateMatcher] stage_1_7.png -> max conf: 0.411 (needs 0.5, optimal scale: 0.90x)
[DEBUG] 未匹配 [stage_1_7] (要求阈值 0.5)
[RESET] 尝试跳过动画/寻找入口... (尝试 13/100)
[TemplateMatcher] pause_gear.png -> max conf: 0.215 (needs 0.7, optimal scale: 1.20x)
[DEBUG] 未匹配 [pause_gear] (要求阈值 0.7)
[TemplateMatcher] start_action.png -> max conf: 0.224 (needs 0.45, optimal scale: 0.80x)
[DEBUG] 未匹配 [start_action] (要求阈值 0.45)
[TemplateMatcher] practice.png -> max conf: 0.193 (needs 0.5, optimal scale: 0.80x)
[DEBUG] 未匹配 [practice] (要求阈值 0.5)
[TemplateMatcher] stage_1_7.png -> max conf: 0.271 (needs 0.5, optimal scale: 0.80x)
[DEBUG] 未匹配 [stage_1_7] (要求阈值 0.5)
[RESET] 尝试跳过动画/寻找入口... (尝试 14/100)
[TemplateMatcher] pause_gear.png -> max conf: 0.211 (needs 0.7, optimal scale: 1.05x)
[DEBUG] 未匹配 [pause_gear] (要求阈值 0.7)
[TemplateMatcher] start_action.png -> max conf: 0.202 (needs 0.45, optimal scale: 0.80x)
[DEBUG] 未匹配 [start_action] (要求阈值 0.45)
[TemplateMatcher] practice.png -> max conf: 0.297 (needs 0.5, optimal scale: 0.80x)
[DEBUG] 未匹配 [practice] (要求阈值 0.5)
[TemplateMatcher] stage_1_7.png -> max conf: 0.277 (needs 0.5, optimal scale: 0.85x)
[DEBUG] 未匹配 [stage_1_7] (要求阈值 0.5)
[RESET] 尝试跳过动画/寻找入口... (尝试 15/100)
[TemplateMatcher] pause_gear.png -> max conf: 0.824 (needs 0.7, optimal scale: 0.80x)
[RESET] 找到 [pause_gear] (置信度 0.82 >= 0.7)，(仅检测，不点击)
[RESET] ✅ 检测到战斗画面右上角齿轮，重启成功！
================= 关卡重启流程结束 =================

--> [回合结束] 第 11 回合 | 奖励: -13.9 | 步数: 93

[STEP 1] 开始执行动作...
[ACTION] AI决定: 选卡 5 -> 放入网格(4,3) -> 朝向 1
         坐标映射: 拖拽从(745,650)至(600,430) -> 方向滑动至(600,580)
[ACTION] ⛔ Fast-Fail! 目标网格(4,3)非绿色高亮(绿像素:0)。取消拖拽。
[REWARD] 执行前血条数: 0 -> 最终确认血条数: 0
[REWARD] ⛔ 非法区域/无费用，已被 CV 阻断。奖励 -0.5 (连续无作为: 7次)
[TemplateMatcher] pause_gear.png -> max conf: 0.907 (needs 0.5, optimal scale: 0.80x)

[STEP 2] 开始执行动作...
[ACTION] AI决定: 选卡 3 -> 放入网格(9,4) -> 朝向 1
         坐标映射: 拖拽从(565,650)至(1100,510) -> 方向滑动至(1100,660)
[ACTION] ⛔ Fast-Fail! 目标网格(9,4)非绿色高亮(绿像素:0)。取消拖拽。
[REWARD] 执行前血条数: 0 -> 最终确认血条数: 0
[REWARD] ⛔ 非法区域/无费用，已被 CV 阻断。奖励 -0.5 (连续无作为: 8次)
[TemplateMatcher] pause_gear.png -> max conf: 0.907 (needs 0.5, optimal scale: 0.80x)

[STEP 3] 开始执行动作...
[ACTION] AI决定: 选卡 8 -> 放入网格(3,0) -> 朝向 1
         坐标映射: 拖拽从(1015,650)至(500,190) -> 方向滑动至(500,340)
[ACTION] ✅ CV校验通过！网格(3,0)具有高亮绿色(像素:900)，准许拖拽。
[REWARD] 动作已执行，开始 3 次心跳检测 (间隔 0.2s)...
[REWARD] ❌ 第 1 次未检测到目标血条...
[REWARD] ❌ 第 2 次未检测到目标血条...
[REWARD] ❌ 第 3 次未检测到目标血条...
[REWARD] 执行前血条数: 0 -> 最终确认血条数: 0
[REWARD] 部署失败，计算前后帧 MSE (均方误差) = 2740.29
[REWARD] 动作无效，但游戏仍在进行(画面有变化)。奖励 -0.2 (已清空无作为计数器)
[TemplateMatcher] pause_gear.png -> max conf: 0.908 (needs 0.5, optimal scale: 0.80x)

[STEP 4] 开始执行动作...
[ACTION] AI决定: 选卡 5 -> 放入网格(4,1) -> 朝向 3
         坐标映射: 拖拽从(745,650)至(600,270) -> 方向滑动至(750,270)
[ACTION] ⛔ Fast-Fail! 目标网格(4,1)非绿色高亮(绿像素:0)。取消拖拽。
[REWARD] 执行前血条数: 0 -> 最终确认血条数: 0
[REWARD] ⛔ 非法区域/无费用，已被 CV 阻断。奖励 -0.5 (连续无作为: 1次)
[TemplateMatcher] pause_gear.png -> max conf: 0.908 (needs 0.5, optimal scale: 0.80x)

[STEP 5] 开始执行动作...
[ACTION] AI决定: 选卡 8 -> 放入网格(8,2) -> 朝向 2
         坐标映射: 拖拽从(1015,650)至(1000,350) -> 方向滑动至(850,350)
[ACTION] ⛔ Fast-Fail! 目标网格(8,2)非绿色高亮(绿像素:0)。取消拖拽。
[REWARD] 执行前血条数: 0 -> 最终确认血条数: 0
[REWARD] ⛔ 非法区域/无费用，已被 CV 阻断。奖励 -0.5 (连续无作为: 2次)
[TemplateMatcher] pause_gear.png -> max conf: 0.907 (needs 0.5, optimal scale: 0.80x)

[STEP 6] 开始执行动作...
[ACTION] AI决定: 选卡 5 -> 放入网格(3,1) -> 朝向 1
         坐标映射: 拖拽从(745,650)至(500,270) -> 方向滑动至(500,420)
[ACTION] ⛔ Fast-Fail! 目标网格(3,1)非绿色高亮(绿像素:0)。取消拖拽。
[REWARD] 执行前血条数: 0 -> 最终确认血条数: 0
[REWARD] ⛔ 非法区域/无费用，已被 CV 阻断。奖励 -0.5 (连续无作为: 3次)
[TemplateMatcher] pause_gear.png -> max conf: 0.908 (needs 0.5, optimal scale: 0.80x)

[STEP 7] 开始执行动作...
[ACTION] AI决定: 选卡 9 -> 放入网格(0,0) -> 朝向 3
         坐标映射: 拖拽从(1105,650)至(200,190) -> 方向滑动至(350,190)
[ACTION] ✅ CV校验通过！网格(0,0)具有高亮绿色(像素:404)，准许拖拽。
[REWARD] 动作已执行，开始 3 次心跳检测 (间隔 0.2s)...
[REWARD] ❌ 第 1 次未检测到目标血条...
[REWARD] ❌ 第 2 次未检测到目标血条...
[REWARD] ❌ 第 3 次未检测到目标血条...
[REWARD] 执行前血条数: 0 -> 最终确认血条数: 0
[REWARD] 部署失败，计算前后帧 MSE (均方误差) = 3405.52
[REWARD] 动作无效，但游戏仍在进行(画面有变化)。奖励 -0.2 (已清空无作为计数器)
[TemplateMatcher] pause_gear.png -> max conf: 0.908 (needs 0.5, optimal scale: 0.80x)

[STEP 8] 开始执行动作...
[ACTION] AI决定: 选卡 2 -> 放入网格(8,2) -> 朝向 0
         坐标映射: 拖拽从(475,650)至(1000,350) -> 方向滑动至(1000,200)
[ACTION] ✅ CV校验通过！网格(8,2)具有高亮绿色(像素:812)，准许拖拽。
[REWARD] 动作已执行，开始 3 次心跳检测 (间隔 0.2s)...
[REWARD] ❌ 第 1 次未检测到目标血条...
[REWARD] ❌ 第 2 次未检测到目标血条...
[REWARD] ❌ 第 3 次未检测到目标血条...
[REWARD] 执行前血条数: 0 -> 最终确认血条数: 0
[REWARD] 部署失败，计算前后帧 MSE (均方误差) = 1338.39
[REWARD] 动作无效，但游戏仍在进行(画面有变化)。奖励 -0.2 (已清空无作为计数器)
[TemplateMatcher] pause_gear.png -> max conf: 0.908 (needs 0.5, optimal scale: 0.80x)

[STEP 9] 开始执行动作...
[ACTION] AI决定: 💤 挂机 (Skip / Wait for Cost)
[REWARD] 执行前血条数: 0 -> 最终确认血条数: 0
[REWARD] 💤 AI 主动挂机等费用，只扣除微小时间惩罚 -0.01
[TemplateMatcher] pause_gear.png -> max conf: 0.908 (needs 0.5, optimal scale: 0.80x)

[STEP 10] 开始执行动作...
[ACTION] AI决定: 选卡 9 -> 放入网格(0,4) -> 朝向 1
         坐标映射: 拖拽从(1105,650)至(200,510) -> 方向滑动至(200,660)
[ACTION] ⛔ Fast-Fail! 目标网格(0,4)非绿色高亮(绿像素:0)。取消拖拽。
[REWARD] 执行前血条数: 0 -> 最终确认血条数: 0
[REWARD] ⛔ 非法区域/无费用，已被 CV 阻断。奖励 -0.5 (连续无作为: 1次)
[TemplateMatcher] pause_gear.png -> max conf: 0.908 (needs 0.5, optimal scale: 0.80x)

[STEP 11] 开始执行动作...
[ACTION] AI决定: 选卡 1 -> 放入网格(0,0) -> 朝向 0
         坐标映射: 拖拽从(385,650)至(200,190) -> 方向滑动至(200,40)
[ACTION] ✅ CV校验通过！网格(0,0)具有高亮绿色(像素:26)，准许拖拽。
[REWARD] 动作已执行，开始 3 次心跳检测 (间隔 0.2s)...
[REWARD] ❌ 第 1 次未检测到目标血条...
[REWARD] ❌ 第 2 次未检测到目标血条...
[REWARD] ❌ 第 3 次未检测到目标血条...
[REWARD] 执行前血条数: 0 -> 最终确认血条数: 0
[REWARD] 部署失败，计算前后帧 MSE (均方误差) = 207.93
[REWARD] 画面未发生明显变化(非法部署)。奖励 -0.5 (连续无作为: 2次)
[TemplateMatcher] pause_gear.png -> max conf: 0.908 (needs 0.5, optimal scale: 0.80x)

[STEP 12] 开始执行动作...
[ACTION] AI决定: 选卡 8 -> 放入网格(4,3) -> 朝向 1
         坐标映射: 拖拽从(1015,650)至(600,430) -> 方向滑动至(600,580)
[ACTION] ⛔ Fast-Fail! 目标网格(4,3)非绿色高亮(绿像素:0)。取消拖拽。
[REWARD] 执行前血条数: 0 -> 最终确认血条数: 0
[REWARD] ⛔ 非法区域/无费用，已被 CV 阻断。奖励 -0.5 (连续无作为: 3次)
[TemplateMatcher] pause_gear.png -> max conf: 0.908 (needs 0.5, optimal scale: 0.80x)

[STEP 13] 开始执行动作...
[ACTION] AI决定: 选卡 6 -> 放入网格(3,4) -> 朝向 1
         坐标映射: 拖拽从(835,650)至(500,510) -> 方向滑动至(500,660)
[ACTION] ⛔ Fast-Fail! 目标网格(3,4)非绿色高亮(绿像素:0)。取消拖拽。
[REWARD] 执行前血条数: 0 -> 最终确认血条数: 0
[REWARD] ⛔ 非法区域/无费用，已被 CV 阻断。奖励 -0.5 (连续无作为: 4次)
[TemplateMatcher] pause_gear.png -> max conf: 0.908 (needs 0.5, optimal scale: 0.80x)

[STEP 14] 开始执行动作...
[ACTION] AI决定: 选卡 2 -> 放入网格(4,1) -> 朝向 2
         坐标映射: 拖拽从(475,650)至(600,270) -> 方向滑动至(450,270)
[ACTION] ⛔ Fast-Fail! 目标网格(4,1)非绿色高亮(绿像素:0)。取消拖拽。
[REWARD] 执行前血条数: 0 -> 最终确认血条数: 0
[REWARD] ⛔ 非法区域/无费用，已被 CV 阻断。奖励 -0.5 (连续无作为: 5次)
[TemplateMatcher] pause_gear.png -> max conf: 0.908 (needs 0.5, optimal scale: 0.80x)

[STEP 15] 开始执行动作...
[ACTION] AI决定: 选卡 2 -> 放入网格(8,3) -> 朝向 1
         坐标映射: 拖拽从(475,650)至(1000,430) -> 方向滑动至(1000,580)
[ACTION] ⛔ Fast-Fail! 目标网格(8,3)非绿色高亮(绿像素:0)。取消拖拽。
[REWARD] 执行前血条数: 0 -> 最终确认血条数: 0
[REWARD] ⛔ 非法区域/无费用，已被 CV 阻断。奖励 -0.5 (连续无作为: 6次)
[TemplateMatcher] pause_gear.png -> max conf: 0.907 (needs 0.5, optimal scale: 0.80x)

[STEP 16] 开始执行动作...
[ACTION] AI决定: 选卡 8 -> 放入网格(0,2) -> 朝向 0
         坐标映射: 拖拽从(1015,650)至(200,350) -> 方向滑动至(200,200)
[ACTION] ⛔ Fast-Fail! 目标网格(0,2)非绿色高亮(绿像素:0)。取消拖拽。
[REWARD] 执行前血条数: 0 -> 最终确认血条数: 0
[REWARD] ⛔ 非法区域/无费用，已被 CV 阻断。奖励 -0.5 (连续无作为: 7次)
[TemplateMatcher] pause_gear.png -> max conf: 0.908 (needs 0.5, optimal scale: 0.80x)

[STEP 17] 开始执行动作...
[ACTION] AI决定: 选卡 8 -> 放入网格(0,4) -> 朝向 1
         坐标映射: 拖拽从(1015,650)至(200,510) -> 方向滑动至(200,660)
[ACTION] ⛔ Fast-Fail! 目标网格(0,4)非绿色高亮(绿像素:0)。取消拖拽。
[REWARD] 执行前血条数: 0 -> 最终确认血条数: 0
[REWARD] ⛔ 非法区域/无费用，已被 CV 阻断。奖励 -0.5 (连续无作为: 8次)
[TemplateMatcher] pause_gear.png -> max conf: 0.908 (needs 0.5, optimal scale: 0.80x)

[STEP 18] 开始执行动作...
[ACTION] AI决定: 选卡 1 -> 放入网格(5,1) -> 朝向 3
         坐标映射: 拖拽从(385,650)至(700,270) -> 方向滑动至(850,270)
[ACTION] ✅ CV校验通过！网格(5,1)具有高亮绿色(像素:900)，准许拖拽。
[REWARD] 动作已执行，开始 3 次心跳检测 (间隔 0.2s)...
[REWARD] ✅ 第 1 次检测命中目标干员血条！
[REWARD] 执行前血条数: 0 -> 最终确认血条数: 1
[REWARD] 🎯 完美落子！部署点靠近敌人 (距离: 127.3)，奖励 +2.0
[REWARD] ⚔️ 完美朝向！正对敌人 (角度: 35.5°)，巨额奖励 +8.0
[TemplateMatcher] pause_gear.png -> max conf: 0.908 (needs 0.5, optimal scale: 0.80x)

[STEP 19] 开始执行动作...
[ACTION] AI决定: 选卡 5 -> 放入网格(4,3) -> 朝向 2
         坐标映射: 拖拽从(745,650)至(600,430) -> 方向滑动至(450,430)
[ACTION] ⛔ Fast-Fail! 目标网格(4,3)非绿色高亮(绿像素:0)。取消拖拽。
[REWARD] 执行前血条数: 1 -> 最终确认血条数: 0
[REWARD] ⛔ 非法区域/无费用，已被 CV 阻断。奖励 -0.5 (连续无作为: 1次)
[TemplateMatcher] pause_gear.png -> max conf: 0.907 (needs 0.5, optimal scale: 0.80x)

[STEP 20] 开始执行动作...
[ACTION] AI决定: 选卡 4 -> 放入网格(8,0) -> 朝向 1
         坐标映射: 拖拽从(655,650)至(1000,190) -> 方向滑动至(1000,340)
[ACTION] ✅ CV校验通过！网格(8,0)具有高亮绿色(像素:900)，准许拖拽。
[REWARD] 动作已执行，开始 3 次心跳检测 (间隔 0.2s)...
[REWARD] ✅ 第 1 次检测命中目标干员血条！
[REWARD] 执行前血条数: 1 -> 最终确认血条数: 2
[REWARD] 🎯 完美落子！部署点靠近敌人 (距离: 212.1)，奖励 +2.0
[REWARD] 🛡️ 背对敌人！(角度: 185.4°)，严厉惩罚 -3.0
[TemplateMatcher] pause_gear.png -> max conf: 0.908 (needs 0.5, optimal scale: 0.80x)

[STEP 21] 开始执行动作...
[ACTION] AI决定: 选卡 5 -> 放入网格(3,4) -> 朝向 0
         坐标映射: 拖拽从(745,650)至(500,510) -> 方向滑动至(500,360)
[ACTION] ⛔ Fast-Fail! 目标网格(3,4)非绿色高亮(绿像素:0)。取消拖拽。
[REWARD] 执行前血条数: 2 -> 最终确认血条数: 0
[REWARD] ⛔ 非法区域/无费用，已被 CV 阻断。奖励 -0.5 (连续无作为: 1次)
[TemplateMatcher] pause_gear.png -> max conf: 0.908 (needs 0.5, optimal scale: 0.80x)

[STEP 22] 开始执行动作...
[ACTION] AI决定: 选卡 0 -> 放入网格(5,3) -> 朝向 1
         坐标映射: 拖拽从(295,650)至(700,430) -> 方向滑动至(700,580)
[ACTION] ⛔ Fast-Fail! 目标网格(5,3)非绿色高亮(绿像素:0)。取消拖拽。
[REWARD] 执行前血条数: 2 -> 最终确认血条数: 0
[REWARD] ⛔ 非法区域/无费用，已被 CV 阻断。奖励 -0.5 (连续无作为: 2次)
[TemplateMatcher] pause_gear.png -> max conf: 0.908 (needs 0.5, optimal scale: 0.80x)

[STEP 23] 开始执行动作...
[ACTION] AI决定: 选卡 5 -> 放入网格(6,3) -> 朝向 3
         坐标映射: 拖拽从(745,650)至(800,430) -> 方向滑动至(950,430)
[ACTION] ⛔ Fast-Fail! 目标网格(6,3)非绿色高亮(绿像素:0)。取消拖拽。
[REWARD] 执行前血条数: 2 -> 最终确认血条数: 0
[REWARD] ⛔ 非法区域/无费用，已被 CV 阻断。奖励 -0.5 (连续无作为: 3次)
[TemplateMatcher] pause_gear.png -> max conf: 0.908 (needs 0.5, optimal scale: 0.80x)

[STEP 24] 开始执行动作...
[ACTION] AI决定: 选卡 8 -> 放入网格(0,1) -> 朝向 1
         坐标映射: 拖拽从(1015,650)至(200,270) -> 方向滑动至(200,420)
[ACTION] ⛔ Fast-Fail! 目标网格(0,1)非绿色高亮(绿像素:0)。取消拖拽。
[REWARD] 执行前血条数: 2 -> 最终确认血条数: 0
[REWARD] ⛔ 非法区域/无费用，已被 CV 阻断。奖励 -0.5 (连续无作为: 4次)
[TemplateMatcher] pause_gear.png -> max conf: 0.908 (needs 0.5, optimal scale: 0.80x)

[STEP 25] 开始执行动作...
[ACTION] AI决定: 选卡 5 -> 放入网格(6,4) -> 朝向 1
         坐标映射: 拖拽从(745,650)至(800,510) -> 方向滑动至(800,660)
[ACTION] ✅ CV校验通过！网格(6,4)具有高亮绿色(像素:900)，准许拖拽。
[REWARD] 动作已执行，开始 3 次心跳检测 (间隔 0.2s)...
[REWARD] ❌ 第 1 次未检测到目标血条...
[REWARD] ❌ 第 2 次未检测到目标血条...
[REWARD] ❌ 第 3 次未检测到目标血条...
[REWARD] 执行前血条数: 2 -> 最终确认血条数: 2
[REWARD] 部署失败，计算前后帧 MSE (均方误差) = 3104.21
[REWARD] 动作无效，但游戏仍在进行(画面有变化)。奖励 -0.2 (已清空无作为计数器)
[TemplateMatcher] pause_gear.png -> max conf: 0.908 (needs 0.5, optimal scale: 0.80x)

[STEP 26] 开始执行动作...
[ACTION] AI决定: 选卡 9 -> 放入网格(7,4) -> 朝向 0
         坐标映射: 拖拽从(1105,650)至(900,510) -> 方向滑动至(900,360)
[ACTION] ✅ CV校验通过！网格(7,4)具有高亮绿色(像素:900)，准许拖拽。
[REWARD] 动作已执行，开始 3 次心跳检测 (间隔 0.2s)...
[REWARD] ❌ 第 1 次未检测到目标血条...
[REWARD] ❌ 第 2 次未检测到目标血条...
[REWARD] ❌ 第 3 次未检测到目标血条...
[REWARD] 执行前血条数: 2 -> 最终确认血条数: 2
[REWARD] 部署失败，计算前后帧 MSE (均方误差) = 3181.33
[REWARD] 动作无效，但游戏仍在进行(画面有变化)。奖励 -0.2 (已清空无作为计数器)
[TemplateMatcher] pause_gear.png -> max conf: 0.908 (needs 0.5, optimal scale: 0.80x)

[STEP 27] 开始执行动作...
[ACTION] AI决定: 💤 挂机 (Skip / Wait for Cost)
[REWARD] 执行前血条数: 2 -> 最终确认血条数: 0
[REWARD] 💤 AI 主动挂机等费用，只扣除微小时间惩罚 -0.01
[TemplateMatcher] pause_gear.png -> max conf: 0.908 (needs 0.5, optimal scale: 0.80x)

[STEP 28] 开始执行动作...
[ACTION] AI决定: 选卡 5 -> 放入网格(3,1) -> 朝向 2
         坐标映射: 拖拽从(745,650)至(500,270) -> 方向滑动至(350,270)
[ACTION] ✅ CV校验通过！网格(3,1)具有高亮绿色(像素:757)，准许拖拽。
[REWARD] 动作已执行，开始 3 次心跳检测 (间隔 0.2s)...
[REWARD] ✅ 第 1 次检测命中目标干员血条！
[REWARD] 执行前血条数: 2 -> 最终确认血条数: 3
[REWARD] ⚔️ 完美朝向！正对敌人 (角度: 168.7°)，巨额奖励 +8.0
[TemplateMatcher] pause_gear.png -> max conf: 0.908 (needs 0.5, optimal scale: 0.80x)

[STEP 29] 开始执行动作...
[ACTION] AI决定: 选卡 2 -> 放入网格(3,4) -> 朝向 0
         坐标映射: 拖拽从(475,650)至(500,510) -> 方向滑动至(500,360)
[ACTION] ⛔ Fast-Fail! 目标网格(3,4)非绿色高亮(绿像素:0)。取消拖拽。
[REWARD] 执行前血条数: 3 -> 最终确认血条数: 0
[REWARD] ⛔ 非法区域/无费用，已被 CV 阻断。奖励 -0.5 (连续无作为: 1次)
[TemplateMatcher] pause_gear.png -> max conf: 0.908 (needs 0.5, optimal scale: 0.80x)

[STEP 30] 开始执行动作...
[ACTION] AI决定: 选卡 7 -> 放入网格(3,1) -> 朝向 3
         坐标映射: 拖拽从(925,650)至(500,270) -> 方向滑动至(650,270)
[ACTION] ⛔ Fast-Fail! 目标网格(3,1)非绿色高亮(绿像素:0)。取消拖拽。
[REWARD] 执行前血条数: 3 -> 最终确认血条数: 0
[REWARD] ⛔ 非法区域/无费用，已被 CV 阻断。奖励 -0.5 (连续无作为: 2次)
[TemplateMatcher] pause_gear.png -> max conf: 0.907 (needs 0.5, optimal scale: 0.80x)

[STEP 31] 开始执行动作...
[ACTION] AI决定: 选卡 6 -> 放入网格(0,4) -> 朝向 3
         坐标映射: 拖拽从(835,650)至(200,510) -> 方向滑动至(350,510)
[ACTION] ⛔ Fast-Fail! 目标网格(0,4)非绿色高亮(绿像素:0)。取消拖拽。
[REWARD] 执行前血条数: 3 -> 最终确认血条数: 0
[REWARD] ⛔ 非法区域/无费用，已被 CV 阻断。奖励 -0.5 (连续无作为: 3次)
[TemplateMatcher] pause_gear.png -> max conf: 0.908 (needs 0.5, optimal scale: 0.80x)

[STEP 32] 开始执行动作...
[ACTION] AI决定: 选卡 6 -> 放入网格(3,4) -> 朝向 3
         坐标映射: 拖拽从(835,650)至(500,510) -> 方向滑动至(650,510)
[ACTION] ⛔ Fast-Fail! 目标网格(3,4)非绿色高亮(绿像素:0)。取消拖拽。
[REWARD] 执行前血条数: 3 -> 最终确认血条数: 0
[REWARD] ⛔ 非法区域/无费用，已被 CV 阻断。奖励 -0.5 (连续无作为: 4次)
[TemplateMatcher] pause_gear.png -> max conf: 0.908 (needs 0.5, optimal scale: 0.80x)

[STEP 33] 开始执行动作...
[ACTION] AI决定: 选卡 5 -> 放入网格(7,2) -> 朝向 2
         坐标映射: 拖拽从(745,650)至(900,350) -> 方向滑动至(750,350)
[ACTION] ✅ CV校验通过！网格(7,2)具有高亮绿色(像素:562)，准许拖拽。
[REWARD] 动作已执行，开始 3 次心跳检测 (间隔 0.2s)...
[REWARD] ❌ 第 1 次未检测到目标血条...
[REWARD] ❌ 第 2 次未检测到目标血条...
[REWARD] ❌ 第 3 次未检测到目标血条...
[REWARD] 执行前血条数: 3 -> 最终确认血条数: 3
[REWARD] 部署失败，计算前后帧 MSE (均方误差) = 271.05
[REWARD] 画面未发生明显变化(非法部署)。奖励 -0.5 (连续无作为: 5次)
[TemplateMatcher] pause_gear.png -> max conf: 0.908 (needs 0.5, optimal scale: 0.80x)

[STEP 34] 开始执行动作...
[ACTION] AI决定: 选卡 5 -> 放入网格(3,2) -> 朝向 0
         坐标映射: 拖拽从(745,650)至(500,350) -> 方向滑动至(500,200)
[ACTION] ✅ CV校验通过！网格(3,2)具有高亮绿色(像素:48)，准许拖拽。
[REWARD] 动作已执行，开始 3 次心跳检测 (间隔 0.2s)...
[REWARD] ❌ 第 1 次未检测到目标血条...
[REWARD] ❌ 第 2 次未检测到目标血条...
[REWARD] ❌ 第 3 次未检测到目标血条...
[REWARD] 执行前血条数: 3 -> 最终确认血条数: 3
[REWARD] 部署失败，计算前后帧 MSE (均方误差) = 202.27
[REWARD] 画面未发生明显变化(非法部署)。奖励 -0.5 (连续无作为: 6次)
[TemplateMatcher] pause_gear.png -> max conf: 0.908 (needs 0.5, optimal scale: 0.80x)

[STEP 35] 开始执行动作...
[ACTION] AI决定: 💤 挂机 (Skip / Wait for Cost)
[REWARD] 执行前血条数: 3 -> 最终确认血条数: 0
[REWARD] 💤 AI 主动挂机等费用，只扣除微小时间惩罚 -0.01
[TemplateMatcher] pause_gear.png -> max conf: 0.908 (needs 0.5, optimal scale: 0.80x)

[STEP 36] 开始执行动作...
[ACTION] AI决定: 💤 挂机 (Skip / Wait for Cost)
[REWARD] 执行前血条数: 3 -> 最终确认血条数: 0
[REWARD] 💤 AI 主动挂机等费用，只扣除微小时间惩罚 -0.01
[TemplateMatcher] pause_gear.png -> max conf: 0.908 (needs 0.5, optimal scale: 0.80x)

[STEP 37] 开始执行动作...
[ACTION] AI决定: 选卡 8 -> 放入网格(8,3) -> 朝向 0
         坐标映射: 拖拽从(1015,650)至(1000,430) -> 方向滑动至(1000,280)
[ACTION] ✅ CV校验通过！网格(8,3)具有高亮绿色(像素:895)，准许拖拽。
[REWARD] 动作已执行，开始 3 次心跳检测 (间隔 0.2s)...
[REWARD] ❌ 第 1 次未检测到目标血条...
[REWARD] ❌ 第 2 次未检测到目标血条...
[REWARD] ❌ 第 3 次未检测到目标血条...
[REWARD] 执行前血条数: 3 -> 最终确认血条数: 2
[REWARD] 部署失败，计算前后帧 MSE (均方误差) = 4125.21
[REWARD] 动作无效，但游戏仍在进行(画面有变化)。奖励 -0.2 (已清空无作为计数器)
[TemplateMatcher] pause_gear.png -> max conf: 0.908 (needs 0.5, optimal scale: 0.80x)

[STEP 38] 开始执行动作...
[ACTION] AI决定: 选卡 8 -> 放入网格(8,2) -> 朝向 2
         坐标映射: 拖拽从(1015,650)至(1000,350) -> 方向滑动至(850,350)
[ACTION] ⛔ Fast-Fail! 目标网格(8,2)非绿色高亮(绿像素:0)。取消拖拽。
[REWARD] 执行前血条数: 1 -> 最终确认血条数: 0
[REWARD] ⛔ 非法区域/无费用，已被 CV 阻断。奖励 -0.5 (连续无作为: 1次)
[TemplateMatcher] pause_gear.png -> max conf: 0.908 (needs 0.5, optimal scale: 0.80x)
---------------------------------------
| time/                   |           |
|    fps                  | 0         |
|    iterations           | 7         |
|    time_elapsed         | 2606      |
|    total_timesteps      | 896       |
| train/                  |           |
|    approx_kl            | 0.0936597 |
|    clip_fraction        | 0.512     |
|    clip_range           | 0.2       |
|    entropy_loss         | -7.23     |
|    explained_variance   | -0.0394   |
|    learning_rate        | 0.0003    |
|    loss                 | 12.8      |
|    n_updates            | 60        |
|    policy_gradient_loss | -0.024    |
|    value_loss           | 34.1      |
---------------------------------------

[STEP 39] 开始执行动作...
[ACTION] AI决定: 选卡 3 -> 放入网格(7,1) -> 朝向 1
         坐标映射: 拖拽从(565,650)至(900,270) -> 方向滑动至(900,420)
[ACTION] ⛔ Fast-Fail! 目标网格(7,1)非绿色高亮(绿像素:0)。取消拖拽。
[REWARD] 执行前血条数: 3 -> 最终确认血条数: 0
[REWARD] ⛔ 非法区域/无费用，已被 CV 阻断。奖励 -0.5 (连续无作为: 2次)
[TemplateMatcher] pause_gear.png -> max conf: 0.908 (needs 0.5, optimal scale: 0.80x)

[STEP 40] 开始执行动作...
[ACTION] AI决定: 选卡 5 -> 放入网格(3,2) -> 朝向 2
         坐标映射: 拖拽从(745,650)至(500,350) -> 方向滑动至(350,350)
[ACTION] ⛔ Fast-Fail! 目标网格(3,2)非绿色高亮(绿像素:0)。取消拖拽。
[REWARD] 执行前血条数: 3 -> 最终确认血条数: 0
[REWARD] ⛔ 非法区域/无费用，已被 CV 阻断。奖励 -0.5 (连续无作为: 3次)
[TemplateMatcher] pause_gear.png -> max conf: 0.908 (needs 0.5, optimal scale: 0.80x)

[STEP 41] 开始执行动作...
[ACTION] AI决定: 选卡 5 -> 放入网格(8,2) -> 朝向 0
         坐标映射: 拖拽从(745,650)至(1000,350) -> 方向滑动至(1000,200)
[ACTION] ⛔ Fast-Fail! 目标网格(8,2)非绿色高亮(绿像素:6)。取消拖拽。
[REWARD] 执行前血条数: 3 -> 最终确认血条数: 0
[REWARD] ⛔ 非法区域/无费用，已被 CV 阻断。奖励 -0.5 (连续无作为: 4次)
[TemplateMatcher] pause_gear.png -> max conf: 0.908 (needs 0.5, optimal scale: 0.80x)

[STEP 42] 开始执行动作...
[ACTION] AI决定: 选卡 2 -> 放入网格(0,1) -> 朝向 1
         坐标映射: 拖拽从(475,650)至(200,270) -> 方向滑动至(200,420)
[ACTION] ⛔ Fast-Fail! 目标网格(0,1)非绿色高亮(绿像素:0)。取消拖拽。
[REWARD] 执行前血条数: 4 -> 最终确认血条数: 0
[REWARD] ⛔ 非法区域/无费用，已被 CV 阻断。奖励 -0.5 (连续无作为: 5次)
[TemplateMatcher] pause_gear.png -> max conf: 0.908 (needs 0.5, optimal scale: 0.80x)
[SAVE] 自动保存进度 (Step 900) -> policy_latest.zip

[STEP 43] 开始执行动作...
[ACTION] AI决定: 💤 挂机 (Skip / Wait for Cost)
[REWARD] 执行前血条数: 4 -> 最终确认血条数: 0
[REWARD] 💤 AI 主动挂机等费用，只扣除微小时间惩罚 -0.01
[TemplateMatcher] pause_gear.png -> max conf: 0.907 (needs 0.5, optimal scale: 0.80x)

[STEP 44] 开始执行动作...
[ACTION] AI决定: 选卡 2 -> 放入网格(8,3) -> 朝向 2
         坐标映射: 拖拽从(475,650)至(1000,430) -> 方向滑动至(850,430)
[ACTION] ✅ CV校验通过！网格(8,3)具有高亮绿色(像素:28)，准许拖拽。
[REWARD] 动作已执行，开始 3 次心跳检测 (间隔 0.2s)...
[REWARD] ✅ 第 1 次检测命中目标干员血条！
[REWARD] 执行前血条数: 4 -> 最终确认血条数: 3
[REWARD] 🎯 完美落子！部署点靠近敌人 (距离: 107.4)，奖励 +2.0
[REWARD] ⚔️ 完美朝向！正对敌人 (角度: 158.1°)，巨额奖励 +8.0
[TemplateMatcher] pause_gear.png -> max conf: 0.908 (needs 0.5, optimal scale: 0.80x)

[STEP 45] 开始执行动作...
[ACTION] AI决定: 选卡 2 -> 放入网格(7,2) -> 朝向 1
         坐标映射: 拖拽从(475,650)至(900,350) -> 方向滑动至(900,500)
[ACTION] ✅ CV校验通过！网格(7,2)具有高亮绿色(像素:332)，准许拖拽。
[REWARD] 动作已执行，开始 3 次心跳检测 (间隔 0.2s)...
[REWARD] ❌ 第 1 次未检测到目标血条...
[REWARD] ❌ 第 2 次未检测到目标血条...
[REWARD] ❌ 第 3 次未检测到目标血条...
[REWARD] 执行前血条数: 3 -> 最终确认血条数: 3
[REWARD] 部署失败，计算前后帧 MSE (均方误差) = 294.19
[REWARD] 画面未发生明显变化(非法部署)。奖励 -0.5 (连续无作为: 1次)
[TemplateMatcher] pause_gear.png -> max conf: 0.908 (needs 0.5, optimal scale: 0.80x)

[STEP 46] 开始执行动作...
[ACTION] AI决定: 选卡 1 -> 放入网格(7,4) -> 朝向 2
         坐标映射: 拖拽从(385,650)至(900,510) -> 方向滑动至(750,510)
[ACTION] ✅ CV校验通过！网格(7,4)具有高亮绿色(像素:635)，准许拖拽。
[REWARD] 动作已执行，开始 3 次心跳检测 (间隔 0.2s)...
[REWARD] ✅ 第 1 次检测命中目标干员血条！
[REWARD] 执行前血条数: 3 -> 最终确认血条数: 4
[REWARD] 🎯 完美落子！部署点靠近敌人 (距离: 82.6)，奖励 +2.0
[REWARD] ⚔️ 完美朝向！正对敌人 (角度: 165.4°)，巨额奖励 +8.0
[TemplateMatcher] pause_gear.png -> max conf: 0.908 (needs 0.5, optimal scale: 0.80x)

[STEP 47] 开始执行动作...
[ACTION] AI决定: 选卡 9 -> 放入网格(3,4) -> 朝向 1
         坐标映射: 拖拽从(1105,650)至(500,510) -> 方向滑动至(500,660)
[ACTION] ⛔ Fast-Fail! 目标网格(3,4)非绿色高亮(绿像素:0)。取消拖拽。
[REWARD] 执行前血条数: 4 -> 最终确认血条数: 0
[REWARD] ⛔ 非法区域/无费用，已被 CV 阻断。奖励 -0.5 (连续无作为: 1次)
[TemplateMatcher] pause_gear.png -> max conf: 0.908 (needs 0.5, optimal scale: 0.80x)

[STEP 48] 开始执行动作...
[ACTION] AI决定: 选卡 5 -> 放入网格(3,2) -> 朝向 1
         坐标映射: 拖拽从(745,650)至(500,350) -> 方向滑动至(500,500)
[ACTION] ✅ CV校验通过！网格(3,2)具有高亮绿色(像素:65)，准许拖拽。
[REWARD] 动作已执行，开始 3 次心跳检测 (间隔 0.2s)...
[REWARD] ❌ 第 1 次未检测到目标血条...
[REWARD] ❌ 第 2 次未检测到目标血条...
[REWARD] ❌ 第 3 次未检测到目标血条...
[REWARD] 执行前血条数: 4 -> 最终确认血条数: 4
[REWARD] 部署失败，计算前后帧 MSE (均方误差) = 346.06
[REWARD] 动作无效，但游戏仍在进行(画面有变化)。奖励 -0.2 (已清空无作为计数器)
[TemplateMatcher] pause_gear.png -> max conf: 0.908 (needs 0.5, optimal scale: 0.80x)

[STEP 49] 开始执行动作...
[ACTION] AI决定: 选卡 1 -> 放入网格(0,2) -> 朝向 3
         坐标映射: 拖拽从(385,650)至(200,350) -> 方向滑动至(350,350)
[ACTION] ⛔ Fast-Fail! 目标网格(0,2)非绿色高亮(绿像素:0)。取消拖拽。
[REWARD] 执行前血条数: 4 -> 最终确认血条数: 0
[REWARD] ⛔ 非法区域/无费用，已被 CV 阻断。奖励 -0.5 (连续无作为: 1次)
[TemplateMatcher] pause_gear.png -> max conf: 0.908 (needs 0.5, optimal scale: 0.80x)

[STEP 50] 开始执行动作...
[ACTION] AI决定: 选卡 8 -> 放入网格(7,4) -> 朝向 3
         坐标映射: 拖拽从(1015,650)至(900,510) -> 方向滑动至(1050,510)
[ACTION] ⛔ Fast-Fail! 目标网格(7,4)非绿色高亮(绿像素:0)。取消拖拽。
[REWARD] 执行前血条数: 4 -> 最终确认血条数: 0
[REWARD] ⛔ 非法区域/无费用，已被 CV 阻断。奖励 -0.5 (连续无作为: 2次)
[TemplateMatcher] pause_gear.png -> max conf: 0.908 (needs 0.5, optimal scale: 0.80x)

[STEP 51] 开始执行动作...
[ACTION] AI决定: 选卡 9 -> 放入网格(4,4) -> 朝向 1
         坐标映射: 拖拽从(1105,650)至(600,510) -> 方向滑动至(600,660)
[ACTION] ✅ CV校验通过！网格(4,4)具有高亮绿色(像素:900)，准许拖拽。
[REWARD] 动作已执行，开始 3 次心跳检测 (间隔 0.2s)...
[REWARD] ✅ 第 1 次检测命中目标干员血条！
[REWARD] 执行前血条数: 4 -> 最终确认血条数: 5
[REWARD] 🛡️ 背对敌人！(角度: 332.2°)，严厉惩罚 -3.0
[TemplateMatcher] pause_gear.png -> max conf: 0.908 (needs 0.5, optimal scale: 0.80x)

[STEP 52] 开始执行动作...
[ACTION] AI决定: 选卡 5 -> 放入网格(7,0) -> 朝向 3
         坐标映射: 拖拽从(745,650)至(900,190) -> 方向滑动至(1050,190)
[ACTION] ✅ CV校验通过！网格(7,0)具有高亮绿色(像素:755)，准许拖拽。
[REWARD] 动作已执行，开始 3 次心跳检测 (间隔 0.2s)...
[REWARD] ✅ 第 1 次检测命中目标干员血条！
[REWARD] 执行前血条数: 5 -> 最终确认血条数: 2
[REWARD] 场上暂无移动目标，仅发放基础部署奖励 +1.0
[TemplateMatcher] pause_gear.png -> max conf: 0.908 (needs 0.5, optimal scale: 0.80x)

[STEP 53] 开始执行动作...
[ACTION] AI决定: 选卡 5 -> 放入网格(7,1) -> 朝向 1
         坐标映射: 拖拽从(745,650)至(900,270) -> 方向滑动至(900,420)
[ACTION] ⛔ Fast-Fail! 目标网格(7,1)非绿色高亮(绿像素:0)。取消拖拽。
[REWARD] 执行前血条数: 2 -> 最终确认血条数: 0
[REWARD] ⛔ 非法区域/无费用，已被 CV 阻断。奖励 -0.5 (连续无作为: 1次)
[TemplateMatcher] pause_gear.png -> max conf: 0.908 (needs 0.5, optimal scale: 0.80x)

[STEP 54] 开始执行动作...
[ACTION] AI决定: 选卡 5 -> 放入网格(5,2) -> 朝向 0
         坐标映射: 拖拽从(745,650)至(700,350) -> 方向滑动至(700,200)
[ACTION] ✅ CV校验通过！网格(5,2)具有高亮绿色(像素:153)，准许拖拽。
[REWARD] 动作已执行，开始 3 次心跳检测 (间隔 0.2s)...
[REWARD] ✅ 第 1 次检测命中目标干员血条！
[REWARD] 执行前血条数: 4 -> 最终确认血条数: 5
[REWARD] 🎯 完美落子！部署点靠近敌人 (距离: 105.4)，奖励 +2.0
[REWARD] 🛡️ 背对敌人！(角度: 188.3°)，严厉惩罚 -3.0
[TemplateMatcher] pause_gear.png -> max conf: 0.908 (needs 0.5, optimal scale: 0.80x)

[STEP 55] 开始执行动作...
[ACTION] AI决定: 选卡 8 -> 放入网格(4,2) -> 朝向 1
         坐标映射: 拖拽从(1015,650)至(600,350) -> 方向滑动至(600,500)
[ACTION] ✅ CV校验通过！网格(4,2)具有高亮绿色(像素:867)，准许拖拽。
[REWARD] 动作已执行，开始 3 次心跳检测 (间隔 0.2s)...
[REWARD] ✅ 第 1 次检测命中目标干员血条！
[REWARD] 执行前血条数: 5 -> 最终确认血条数: 5
[REWARD] 场上暂无移动目标，仅发放基础部署奖励 +1.0
[TemplateMatcher] pause_gear.png -> max conf: 0.907 (needs 0.5, optimal scale: 0.80x)

[STEP 56] 开始执行动作...
[ACTION] AI决定: 选卡 9 -> 放入网格(7,2) -> 朝向 0
         坐标映射: 拖拽从(1105,650)至(900,350) -> 方向滑动至(900,200)
[ACTION] ✅ CV校验通过！网格(7,2)具有高亮绿色(像素:132)，准许拖拽。
[REWARD] 动作已执行，开始 3 次心跳检测 (间隔 0.2s)...
[REWARD] ❌ 第 1 次未检测到目标血条...
[REWARD] ❌ 第 2 次未检测到目标血条...
[REWARD] ❌ 第 3 次未检测到目标血条...
[REWARD] 执行前血条数: 5 -> 最终确认血条数: 5
[REWARD] 部署失败，计算前后帧 MSE (均方误差) = 1535.58
[REWARD] 动作无效，但游戏仍在进行(画面有变化)。奖励 -0.2 (已清空无作为计数器)
[TemplateMatcher] pause_gear.png -> max conf: 0.907 (needs 0.5, optimal scale: 0.80x)

[STEP 57] 开始执行动作...
[ACTION] AI决定: 💤 挂机 (Skip / Wait for Cost)
[REWARD] 执行前血条数: 5 -> 最终确认血条数: 0
[REWARD] 💤 AI 主动挂机等费用，只扣除微小时间惩罚 -0.01
[TemplateMatcher] pause_gear.png -> max conf: 0.907 (needs 0.5, optimal scale: 0.80x)

[STEP 58] 开始执行动作...
[ACTION] AI决定: 选卡 5 -> 放入网格(7,4) -> 朝向 1
         坐标映射: 拖拽从(745,650)至(900,510) -> 方向滑动至(900,660)
[ACTION] ⛔ Fast-Fail! 目标网格(7,4)非绿色高亮(绿像素:0)。取消拖拽。
[REWARD] 执行前血条数: 5 -> 最终确认血条数: 0
[REWARD] ⛔ 非法区域/无费用，已被 CV 阻断。奖励 -0.5 (连续无作为: 1次)
[TemplateMatcher] pause_gear.png -> max conf: 0.903 (needs 0.5, optimal scale: 0.80x)

[STEP 59] 开始执行动作...
[ACTION] AI决定: 选卡 2 -> 放入网格(3,1) -> 朝向 3
         坐标映射: 拖拽从(475,650)至(500,270) -> 方向滑动至(650,270)
[ACTION] ⛔ Fast-Fail! 目标网格(3,1)非绿色高亮(绿像素:4)。取消拖拽。
[REWARD] 执行前血条数: 5 -> 最终确认血条数: 0
[REWARD] ⛔ 非法区域/无费用，已被 CV 阻断。奖励 -0.5 (连续无作为: 2次)
[TemplateMatcher] pause_gear.png -> max conf: 0.905 (needs 0.5, optimal scale: 0.80x)

[STEP 60] 开始执行动作...
[ACTION] AI决定: 选卡 3 -> 放入网格(4,2) -> 朝向 3
         坐标映射: 拖拽从(565,650)至(600,350) -> 方向滑动至(750,350)
[ACTION] ⛔ Fast-Fail! 目标网格(4,2)非绿色高亮(绿像素:0)。取消拖拽。
[REWARD] 执行前血条数: 5 -> 最终确认血条数: 0
[REWARD] ⛔ 非法区域/无费用，已被 CV 阻断。奖励 -0.5 (连续无作为: 3次)
[TemplateMatcher] pause_gear.png -> max conf: 0.903 (needs 0.5, optimal scale: 0.80x)

[STEP 61] 开始执行动作...
[ACTION] AI决定: 选卡 5 -> 放入网格(5,4) -> 朝向 1
         坐标映射: 拖拽从(745,650)至(700,510) -> 方向滑动至(700,660)
[ACTION] ✅ CV校验通过！网格(5,4)具有高亮绿色(像素:30)，准许拖拽。
[REWARD] 动作已执行，开始 3 次心跳检测 (间隔 0.2s)...
[REWARD] ✅ 第 1 次检测命中目标干员血条！
[REWARD] 执行前血条数: 5 -> 最终确认血条数: 5
[REWARD] 🛡️ 背对敌人！(角度: 334.2°)，严厉惩罚 -3.0
[TemplateMatcher] pause_gear.png -> max conf: 0.908 (needs 0.5, optimal scale: 0.80x)

[STEP 62] 开始执行动作...
[ACTION] AI决定: 选卡 5 -> 放入网格(5,3) -> 朝向 1
         坐标映射: 拖拽从(745,650)至(700,430) -> 方向滑动至(700,580)
[ACTION] ✅ CV校验通过！网格(5,3)具有高亮绿色(像素:900)，准许拖拽。
[REWARD] 动作已执行，开始 3 次心跳检测 (间隔 0.2s)...
[REWARD] ✅ 第 1 次检测命中目标干员血条！
[REWARD] 执行前血条数: 5 -> 最终确认血条数: 6
[REWARD] 场上暂无移动目标，仅发放基础部署奖励 +1.0
[TemplateMatcher] pause_gear.png -> max conf: 0.908 (needs 0.5, optimal scale: 0.80x)

[STEP 63] 开始执行动作...
[ACTION] AI决定: 选卡 9 -> 放入网格(5,3) -> 朝向 3
         坐标映射: 拖拽从(1105,650)至(700,430) -> 方向滑动至(850,430)
[ACTION] ✅ CV校验通过！网格(5,3)具有高亮绿色(像素:26)，准许拖拽。
[REWARD] 动作已执行，开始 3 次心跳检测 (间隔 0.2s)...
[REWARD] ❌ 第 1 次未检测到目标血条...
[REWARD] ❌ 第 2 次未检测到目标血条...
[REWARD] ❌ 第 3 次未检测到目标血条...
[REWARD] 执行前血条数: 6 -> 最终确认血条数: 6
[REWARD] 部署失败，计算前后帧 MSE (均方误差) = 449.45
[REWARD] 动作无效，但游戏仍在进行(画面有变化)。奖励 -0.2 (已清空无作为计数器)
[TemplateMatcher] pause_gear.png -> max conf: 0.908 (needs 0.5, optimal scale: 0.80x)

[STEP 64] 开始执行动作...
[ACTION] AI决定: 选卡 5 -> 放入网格(7,3) -> 朝向 2
         坐标映射: 拖拽从(745,650)至(900,430) -> 方向滑动至(750,430)
[ACTION] ⛔ Fast-Fail! 目标网格(7,3)非绿色高亮(绿像素:3)。取消拖拽。
[REWARD] 执行前血条数: 6 -> 最终确认血条数: 0
[REWARD] ⛔ 非法区域/无费用，已被 CV 阻断。奖励 -0.5 (连续无作为: 1次)
[TemplateMatcher] pause_gear.png -> max conf: 0.908 (needs 0.5, optimal scale: 0.80x)

[STEP 65] 开始执行动作...
[ACTION] AI决定: 选卡 2 -> 放入网格(0,2) -> 朝向 1
         坐标映射: 拖拽从(475,650)至(200,350) -> 方向滑动至(200,500)
[ACTION] ⛔ Fast-Fail! 目标网格(0,2)非绿色高亮(绿像素:0)。取消拖拽。
[REWARD] 执行前血条数: 6 -> 最终确认血条数: 0
[REWARD] ⛔ 非法区域/无费用，已被 CV 阻断。奖励 -0.5 (连续无作为: 2次)
[TemplateMatcher] pause_gear.png -> max conf: 0.907 (needs 0.5, optimal scale: 0.80x)

[STEP 66] 开始执行动作...
[ACTION] AI决定: 选卡 2 -> 放入网格(8,1) -> 朝向 0
         坐标映射: 拖拽从(475,650)至(1000,270) -> 方向滑动至(1000,120)
[ACTION] ✅ CV校验通过！网格(8,1)具有高亮绿色(像素:584)，准许拖拽。
[REWARD] 动作已执行，开始 3 次心跳检测 (间隔 0.2s)...
[REWARD] ❌ 第 1 次未检测到目标血条...
[REWARD] ❌ 第 2 次未检测到目标血条...
[REWARD] ❌ 第 3 次未检测到目标血条...
[REWARD] 执行前血条数: 6 -> 最终确认血条数: 6
[REWARD] 部署失败，计算前后帧 MSE (均方误差) = 399.60
[REWARD] 动作无效，但游戏仍在进行(画面有变化)。奖励 -0.2 (已清空无作为计数器)
[TemplateMatcher] pause_gear.png -> max conf: 0.908 (needs 0.5, optimal scale: 0.80x)

[STEP 67] 开始执行动作...
[ACTION] AI决定: 选卡 5 -> 放入网格(7,2) -> 朝向 3
         坐标映射: 拖拽从(745,650)至(900,350) -> 方向滑动至(1050,350)
[ACTION] ⛔ Fast-Fail! 目标网格(7,2)非绿色高亮(绿像素:0)。取消拖拽。
[REWARD] 执行前血条数: 6 -> 最终确认血条数: 0
[REWARD] ⛔ 非法区域/无费用，已被 CV 阻断。奖励 -0.5 (连续无作为: 1次)
[TemplateMatcher] pause_gear.png -> max conf: 0.674 (needs 0.5, optimal scale: 0.80x)

[STEP 68] 开始执行动作...
[ACTION] AI决定: 选卡 5 -> 放入网格(3,2) -> 朝向 3
         坐标映射: 拖拽从(745,650)至(500,350) -> 方向滑动至(650,350)
[ACTION] ⛔ Fast-Fail! 目标网格(3,2)非绿色高亮(绿像素:0)。取消拖拽。
[REWARD] 执行前血条数: 0 -> 最终确认血条数: 0
[REWARD] ⛔ 非法区域/无费用，已被 CV 阻断。奖励 -0.5 (连续无作为: 2次)
[TemplateMatcher] pause_gear.png -> max conf: 0.000 (needs 0.5, optimal scale: 0.80x)
[ENV] ⚠️ 警告：未检测到右上角齿轮图标！(连续 1/3 次)

[STEP 69] 开始执行动作...
[ACTION] AI决定: 选卡 1 -> 放入网格(0,1) -> 朝向 2
         坐标映射: 拖拽从(385,650)至(200,270) -> 方向滑动至(50,270)
[ACTION] ⛔ Fast-Fail! 目标网格(0,1)非绿色高亮(绿像素:0)。取消拖拽。
[REWARD] 执行前血条数: 0 -> 最终确认血条数: 0
[REWARD] ⛔ 非法区域/无费用，已被 CV 阻断。奖励 -0.5 (连续无作为: 3次)
[TemplateMatcher] pause_gear.png -> max conf: 0.000 (needs 0.5, optimal scale: 0.80x)
[ENV] ⚠️ 警告：未检测到右上角齿轮图标！(连续 2/3 次)

[STEP 70] 开始执行动作...
[ACTION] AI决定: 选卡 5 -> 放入网格(5,2) -> 朝向 2
         坐标映射: 拖拽从(745,650)至(700,350) -> 方向滑动至(550,350)
[ACTION] ⛔ Fast-Fail! 目标网格(5,2)非绿色高亮(绿像素:0)。取消拖拽。
[REWARD] 执行前血条数: 0 -> 最终确认血条数: 0
[REWARD] ⛔ 非法区域/无费用，已被 CV 阻断。奖励 -0.5 (连续无作为: 4次)
[TemplateMatcher] pause_gear.png -> max conf: 0.000 (needs 0.5, optimal scale: 0.80x)
[ENV] ⚠️ 警告：未检测到右上角齿轮图标！(连续 3/3 次)
[ENV] 🚨 优先级 2 触发：连续 3 次未检测到战斗界面UI元素，判定游戏已结束！

================= 回合结束，开始自动重启关卡 =================
[TemplateMatcher] pause_gear.png -> max conf: 0.000 (needs 0.7, optimal scale: 0.80x)
[DEBUG] 未匹配 [pause_gear] (要求阈值 0.7)
[TemplateMatcher] start_action.png -> max conf: 0.000 (needs 0.45, optimal scale: 0.80x)
[DEBUG] 未匹配 [start_action] (要求阈值 0.45)
[TemplateMatcher] practice.png -> max conf: 0.000 (needs 0.5, optimal scale: 0.80x)
[DEBUG] 未匹配 [practice] (要求阈值 0.5)
[TemplateMatcher] stage_1_7.png -> max conf: 0.000 (needs 0.5, optimal scale: 0.80x)
[DEBUG] 未匹配 [stage_1_7] (要求阈值 0.5)
[RESET] 尝试跳过动画/寻找入口... (尝试 1/100)
[TemplateMatcher] pause_gear.png -> max conf: 0.610 (needs 0.7, optimal scale: 0.80x)
[DEBUG] 未匹配 [pause_gear] (要求阈值 0.7)
[TemplateMatcher] start_action.png -> max conf: -0.074 (needs 0.45, optimal scale: 0.80x)
[DEBUG] 未匹配 [start_action] (要求阈值 0.45)
[TemplateMatcher] practice.png -> max conf: 0.486 (needs 0.5, optimal scale: 0.80x)
[DEBUG] 未匹配 [practice] (要求阈值 0.5)
[TemplateMatcher] stage_1_7.png -> max conf: 0.368 (needs 0.5, optimal scale: 0.95x)
[DEBUG] 未匹配 [stage_1_7] (要求阈值 0.5)
[RESET] 尝试跳过动画/寻找入口... (尝试 2/100)
[TemplateMatcher] pause_gear.png -> max conf: 0.610 (needs 0.7, optimal scale: 0.80x)
[DEBUG] 未匹配 [pause_gear] (要求阈值 0.7)
[TemplateMatcher] start_action.png -> max conf: -0.074 (needs 0.45, optimal scale: 0.80x)
[DEBUG] 未匹配 [start_action] (要求阈值 0.45)
[TemplateMatcher] practice.png -> max conf: 0.486 (needs 0.5, optimal scale: 0.80x)
[DEBUG] 未匹配 [practice] (要求阈值 0.5)
[TemplateMatcher] stage_1_7.png -> max conf: 0.368 (needs 0.5, optimal scale: 0.95x)
[DEBUG] 未匹配 [stage_1_7] (要求阈值 0.5)
[RESET] 尝试跳过动画/寻找入口... (尝试 3/100)
[TemplateMatcher] pause_gear.png -> max conf: 0.490 (needs 0.7, optimal scale: 0.80x)
[DEBUG] 未匹配 [pause_gear] (要求阈值 0.7)
[TemplateMatcher] start_action.png -> max conf: -0.034 (needs 0.45, optimal scale: 0.80x)
[DEBUG] 未匹配 [start_action] (要求阈值 0.45)
[TemplateMatcher] practice.png -> max conf: 0.522 (needs 0.5, optimal scale: 0.80x)
[RESET] 找到 [practice] (置信度 0.52 >= 0.5)，点击 (533, 603)
[RESET] 点击演习按钮
[TemplateMatcher] pause_gear.png -> max conf: 0.490 (needs 0.7, optimal scale: 0.80x)
[DEBUG] 未匹配 [pause_gear] (要求阈值 0.7)
[TemplateMatcher] start_action.png -> max conf: -0.034 (needs 0.45, optimal scale: 0.80x)
[DEBUG] 未匹配 [start_action] (要求阈值 0.45)
[TemplateMatcher] practice.png -> max conf: 0.522 (needs 0.5, optimal scale: 0.80x)
[RESET] 找到 [practice] (置信度 0.52 >= 0.5)，点击 (533, 603)
[RESET] 点击演习按钮
[TemplateMatcher] pause_gear.png -> max conf: 0.490 (needs 0.7, optimal scale: 0.80x)
[DEBUG] 未匹配 [pause_gear] (要求阈值 0.7)
[TemplateMatcher] start_action.png -> max conf: -0.034 (needs 0.45, optimal scale: 0.80x)
[DEBUG] 未匹配 [start_action] (要求阈值 0.45)
[TemplateMatcher] practice.png -> max conf: 0.522 (needs 0.5, optimal scale: 0.80x)
[RESET] 找到 [practice] (置信度 0.52 >= 0.5)，点击 (533, 603)
[RESET] 点击演习按钮
[TemplateMatcher] pause_gear.png -> max conf: 0.472 (needs 0.7, optimal scale: 0.90x)
[DEBUG] 未匹配 [pause_gear] (要求阈值 0.7)
[TemplateMatcher] start_action.png -> max conf: 0.037 (needs 0.45, optimal scale: 0.80x)
[DEBUG] 未匹配 [start_action] (要求阈值 0.45)
[TemplateMatcher] practice.png -> max conf: 0.489 (needs 0.5, optimal scale: 0.85x)
[DEBUG] 未匹配 [practice] (要求阈值 0.5)
[TemplateMatcher] stage_1_7.png -> max conf: 0.712 (needs 0.5, optimal scale: 0.80x)
[RESET] 找到 [stage_1_7] (置信度 0.71 >= 0.5)，点击 (638, 224)
[RESET] 点击关卡 1-7 图标
[TemplateMatcher] pause_gear.png -> max conf: 0.612 (needs 0.7, optimal scale: 1.10x)
[DEBUG] 未匹配 [pause_gear] (要求阈值 0.7)
[TemplateMatcher] start_action.png -> max conf: 0.100 (needs 0.45, optimal scale: 0.80x)
[DEBUG] 未匹配 [start_action] (要求阈值 0.45)
[TemplateMatcher] practice.png -> max conf: 0.687 (needs 0.5, optimal scale: 0.80x)
[RESET] 找到 [practice] (置信度 0.69 >= 0.5)，点击 (935, 660)
[RESET] 点击演习按钮
[TemplateMatcher] pause_gear.png -> max conf: 0.470 (needs 0.7, optimal scale: 1.05x)
[DEBUG] 未匹配 [pause_gear] (要求阈值 0.7)
[TemplateMatcher] start_action.png -> max conf: 0.451 (needs 0.45, optimal scale: 0.80x)
[RESET] 找到 [start_action] (置信度 0.45 >= 0.45)，点击 (1101, 513)
[RESET] 点击开始行动，进入加载...
[TemplateMatcher] pause_gear.png -> max conf: 0.000 (needs 0.7, optimal scale: 0.80x)
[DEBUG] 未匹配 [pause_gear] (要求阈值 0.7)
[TemplateMatcher] start_action.png -> max conf: 0.000 (needs 0.45, optimal scale: 0.80x)
[DEBUG] 未匹配 [start_action] (要求阈值 0.45)
[TemplateMatcher] practice.png -> max conf: 0.000 (needs 0.5, optimal scale: 0.80x)
[DEBUG] 未匹配 [practice] (要求阈值 0.5)
[TemplateMatcher] stage_1_7.png -> max conf: 0.000 (needs 0.5, optimal scale: 0.80x)
[DEBUG] 未匹配 [stage_1_7] (要求阈值 0.5)
[RESET] 尝试跳过动画/寻找入口... (尝试 10/100)
[TemplateMatcher] pause_gear.png -> max conf: 0.000 (needs 0.7, optimal scale: 0.80x)
[DEBUG] 未匹配 [pause_gear] (要求阈值 0.7)
[TemplateMatcher] start_action.png -> max conf: 0.000 (needs 0.45, optimal scale: 0.80x)
[DEBUG] 未匹配 [start_action] (要求阈值 0.45)
[TemplateMatcher] practice.png -> max conf: 0.000 (needs 0.5, optimal scale: 0.80x)
[DEBUG] 未匹配 [practice] (要求阈值 0.5)
[TemplateMatcher] stage_1_7.png -> max conf: 0.000 (needs 0.5, optimal scale: 0.80x)
[DEBUG] 未匹配 [stage_1_7] (要求阈值 0.5)
[RESET] 尝试跳过动画/寻找入口... (尝试 11/100)
[TemplateMatcher] pause_gear.png -> max conf: 0.511 (needs 0.7, optimal scale: 1.20x)
[DEBUG] 未匹配 [pause_gear] (要求阈值 0.7)
[TemplateMatcher] start_action.png -> max conf: -0.063 (needs 0.45, optimal scale: 0.80x)
[DEBUG] 未匹配 [start_action] (要求阈值 0.45)
[TemplateMatcher] practice.png -> max conf: 0.379 (needs 0.5, optimal scale: 0.90x)
[DEBUG] 未匹配 [practice] (要求阈值 0.5)
[TemplateMatcher] stage_1_7.png -> max conf: 0.411 (needs 0.5, optimal scale: 0.90x)
[DEBUG] 未匹配 [stage_1_7] (要求阈值 0.5)
[RESET] 尝试跳过动画/寻找入口... (尝试 12/100)
[TemplateMatcher] pause_gear.png -> max conf: 0.511 (needs 0.7, optimal scale: 1.20x)
[DEBUG] 未匹配 [pause_gear] (要求阈值 0.7)
[TemplateMatcher] start_action.png -> max conf: -0.063 (needs 0.45, optimal scale: 0.80x)
[DEBUG] 未匹配 [start_action] (要求阈值 0.45)
[TemplateMatcher] practice.png -> max conf: 0.379 (needs 0.5, optimal scale: 0.90x)
[DEBUG] 未匹配 [practice] (要求阈值 0.5)
[TemplateMatcher] stage_1_7.png -> max conf: 0.411 (needs 0.5, optimal scale: 0.90x)
[DEBUG] 未匹配 [stage_1_7] (要求阈值 0.5)
[RESET] 尝试跳过动画/寻找入口... (尝试 13/100)
[TemplateMatcher] pause_gear.png -> max conf: 0.215 (needs 0.7, optimal scale: 1.20x)
[DEBUG] 未匹配 [pause_gear] (要求阈值 0.7)
[TemplateMatcher] start_action.png -> max conf: 0.224 (needs 0.45, optimal scale: 0.80x)
[DEBUG] 未匹配 [start_action] (要求阈值 0.45)
[TemplateMatcher] practice.png -> max conf: 0.373 (needs 0.5, optimal scale: 0.80x)
[DEBUG] 未匹配 [practice] (要求阈值 0.5)
[TemplateMatcher] stage_1_7.png -> max conf: 0.271 (needs 0.5, optimal scale: 0.80x)
[DEBUG] 未匹配 [stage_1_7] (要求阈值 0.5)
[RESET] 尝试跳过动画/寻找入口... (尝试 14/100)
[TemplateMatcher] pause_gear.png -> max conf: 0.211 (needs 0.7, optimal scale: 1.05x)
[DEBUG] 未匹配 [pause_gear] (要求阈值 0.7)
[TemplateMatcher] start_action.png -> max conf: 0.202 (needs 0.45, optimal scale: 0.80x)
[DEBUG] 未匹配 [start_action] (要求阈值 0.45)
[TemplateMatcher] practice.png -> max conf: 0.297 (needs 0.5, optimal scale: 0.80x)
[DEBUG] 未匹配 [practice] (要求阈值 0.5)
[TemplateMatcher] stage_1_7.png -> max conf: 0.277 (needs 0.5, optimal scale: 0.85x)
[DEBUG] 未匹配 [stage_1_7] (要求阈值 0.5)
[RESET] 尝试跳过动画/寻找入口... (尝试 15/100)
[TemplateMatcher] pause_gear.png -> max conf: 0.817 (needs 0.7, optimal scale: 0.80x)
[RESET] 找到 [pause_gear] (置信度 0.82 >= 0.7)，(仅检测，不点击)
[RESET] ✅ 检测到战斗画面右上角齿轮，重启成功！
================= 关卡重启流程结束 =================

--> [回合结束] 第 12 回合 | 奖励: 17.4 | 步数: 70

[STEP 1] 开始执行动作...
[ACTION] AI决定: 选卡 5 -> 放入网格(0,4) -> 朝向 2
         坐标映射: 拖拽从(745,650)至(200,510) -> 方向滑动至(50,510)
[ACTION] ⛔ Fast-Fail! 目标网格(0,4)非绿色高亮(绿像素:0)。取消拖拽。
[REWARD] 执行前血条数: 0 -> 最终确认血条数: 0
[REWARD] ⛔ 非法区域/无费用，已被 CV 阻断。奖励 -0.5 (连续无作为: 5次)
[TemplateMatcher] pause_gear.png -> max conf: 0.907 (needs 0.5, optimal scale: 0.80x)

[STEP 2] 开始执行动作...
[ACTION] AI决定: 选卡 0 -> 放入网格(7,4) -> 朝向 0
         坐标映射: 拖拽从(295,650)至(900,510) -> 方向滑动至(900,360)
[ACTION] ⛔ Fast-Fail! 目标网格(7,4)非绿色高亮(绿像素:0)。取消拖拽。
[REWARD] 执行前血条数: 0 -> 最终确认血条数: 0
[REWARD] ⛔ 非法区域/无费用，已被 CV 阻断。奖励 -0.5 (连续无作为: 6次)
[TemplateMatcher] pause_gear.png -> max conf: 0.907 (needs 0.5, optimal scale: 0.80x)

[STEP 3] 开始执行动作...
[ACTION] AI决定: 选卡 5 -> 放入网格(5,2) -> 朝向 1
         坐标映射: 拖拽从(745,650)至(700,350) -> 方向滑动至(700,500)
[ACTION] ✅ CV校验通过！网格(5,2)具有高亮绿色(像素:85)，准许拖拽。
[REWARD] 动作已执行，开始 3 次心跳检测 (间隔 0.2s)...
[REWARD] ❌ 第 1 次未检测到目标血条...
[REWARD] ❌ 第 2 次未检测到目标血条...
[REWARD] ❌ 第 3 次未检测到目标血条...
[REWARD] 执行前血条数: 0 -> 最终确认血条数: 0
[REWARD] 部署失败，计算前后帧 MSE (均方误差) = 3829.44
[REWARD] 动作无效，但游戏仍在进行(画面有变化)。奖励 -0.2 (已清空无作为计数器)
[TemplateMatcher] pause_gear.png -> max conf: 0.909 (needs 0.5, optimal scale: 0.80x)

[STEP 4] 开始执行动作...
[ACTION] AI决定: 选卡 9 -> 放入网格(7,2) -> 朝向 1
         坐标映射: 拖拽从(1105,650)至(900,350) -> 方向滑动至(900,500)
[ACTION] ✅ CV校验通过！网格(7,2)具有高亮绿色(像素:333)，准许拖拽。
[REWARD] 动作已执行，开始 3 次心跳检测 (间隔 0.2s)...
[REWARD] ❌ 第 1 次未检测到目标血条...
[REWARD] ❌ 第 2 次未检测到目标血条...
[REWARD] ❌ 第 3 次未检测到目标血条...
[REWARD] 执行前血条数: 0 -> 最终确认血条数: 0
[REWARD] 部署失败，计算前后帧 MSE (均方误差) = 111.87
[REWARD] 画面未发生明显变化(非法部署)。奖励 -0.5 (连续无作为: 1次)
[TemplateMatcher] pause_gear.png -> max conf: 0.908 (needs 0.5, optimal scale: 0.80x)

[STEP 5] 开始执行动作...
[ACTION] AI决定: 选卡 6 -> 放入网格(3,4) -> 朝向 1
         坐标映射: 拖拽从(835,650)至(500,510) -> 方向滑动至(500,660)
[ACTION] ⛔ Fast-Fail! 目标网格(3,4)非绿色高亮(绿像素:0)。取消拖拽。
[REWARD] 执行前血条数: 0 -> 最终确认血条数: 0
[REWARD] ⛔ 非法区域/无费用，已被 CV 阻断。奖励 -0.5 (连续无作为: 2次)
[TemplateMatcher] pause_gear.png -> max conf: 0.908 (needs 0.5, optimal scale: 0.80x)

[STEP 6] 开始执行动作...
[ACTION] AI决定: 💤 挂机 (Skip / Wait for Cost)
[REWARD] 执行前血条数: 0 -> 最终确认血条数: 0
[REWARD] 💤 AI 主动挂机等费用，只扣除微小时间惩罚 -0.01
[TemplateMatcher] pause_gear.png -> max conf: 0.908 (needs 0.5, optimal scale: 0.80x)

[STEP 7] 开始执行动作...
[ACTION] AI决定: 选卡 5 -> 放入网格(3,1) -> 朝向 3
         坐标映射: 拖拽从(745,650)至(500,270) -> 方向滑动至(650,270)
[ACTION] ✅ CV校验通过！网格(3,1)具有高亮绿色(像素:755)，准许拖拽。
[REWARD] 动作已执行，开始 3 次心跳检测 (间隔 0.2s)...
[REWARD] ✅ 第 1 次检测命中目标干员血条！
[REWARD] 执行前血条数: 0 -> 最终确认血条数: 1
[REWARD] 🎯 完美落子！部署点靠近敌人 (距离: 55.6)，奖励 +2.0
[REWARD] ⚔️ 完美朝向！正对敌人 (角度: 328.6°)，巨额奖励 +8.0
[TemplateMatcher] pause_gear.png -> max conf: 0.908 (needs 0.5, optimal scale: 0.80x)

[STEP 8] 开始执行动作...
[ACTION] AI决定: 选卡 8 -> 放入网格(9,4) -> 朝向 1
         坐标映射: 拖拽从(1015,650)至(1100,510) -> 方向滑动至(1100,660)
[ACTION] ⛔ Fast-Fail! 目标网格(9,4)非绿色高亮(绿像素:0)。取消拖拽。
[REWARD] 执行前血条数: 1 -> 最终确认血条数: 0
[REWARD] ⛔ 非法区域/无费用，已被 CV 阻断。奖励 -0.5 (连续无作为: 1次)
[TemplateMatcher] pause_gear.png -> max conf: 0.908 (needs 0.5, optimal scale: 0.80x)

[STEP 9] 开始执行动作...
[ACTION] AI决定: 选卡 5 -> 放入网格(7,4) -> 朝向 2
         坐标映射: 拖拽从(745,650)至(900,510) -> 方向滑动至(750,510)
[ACTION] ⛔ Fast-Fail! 目标网格(7,4)非绿色高亮(绿像素:0)。取消拖拽。
[REWARD] 执行前血条数: 1 -> 最终确认血条数: 0
[REWARD] ⛔ 非法区域/无费用，已被 CV 阻断。奖励 -0.5 (连续无作为: 2次)
[TemplateMatcher] pause_gear.png -> max conf: 0.908 (needs 0.5, optimal scale: 0.80x)

[STEP 10] 开始执行动作...
[ACTION] AI决定: 选卡 5 -> 放入网格(3,3) -> 朝向 3
         坐标映射: 拖拽从(745,650)至(500,430) -> 方向滑动至(650,430)
[ACTION] ⛔ Fast-Fail! 目标网格(3,3)非绿色高亮(绿像素:0)。取消拖拽。
[REWARD] 执行前血条数: 1 -> 最终确认血条数: 0
[REWARD] ⛔ 非法区域/无费用，已被 CV 阻断。奖励 -0.5 (连续无作为: 3次)
[TemplateMatcher] pause_gear.png -> max conf: 0.907 (needs 0.5, optimal scale: 0.80x)

[STEP 11] 开始执行动作...
[ACTION] AI决定: 选卡 2 -> 放入网格(5,0) -> 朝向 3
         坐标映射: 拖拽从(475,650)至(700,190) -> 方向滑动至(850,190)
[ACTION] ✅ CV校验通过！网格(5,0)具有高亮绿色(像素:72)，准许拖拽。
[REWARD] 动作已执行，开始 3 次心跳检测 (间隔 0.2s)...
[REWARD] ❌ 第 1 次未检测到目标血条...
[REWARD] ❌ 第 2 次未检测到目标血条...
[REWARD] ❌ 第 3 次未检测到目标血条...
[REWARD] 执行前血条数: 1 -> 最终确认血条数: 1
[REWARD] 部署失败，计算前后帧 MSE (均方误差) = 202.78
[REWARD] 画面未发生明显变化(非法部署)。奖励 -0.5 (连续无作为: 4次)
[TemplateMatcher] pause_gear.png -> max conf: 0.908 (needs 0.5, optimal scale: 0.80x)

[STEP 12] 开始执行动作...
[ACTION] AI决定: 💤 挂机 (Skip / Wait for Cost)
[REWARD] 执行前血条数: 1 -> 最终确认血条数: 0
[REWARD] 💤 AI 主动挂机等费用，只扣除微小时间惩罚 -0.01
[TemplateMatcher] pause_gear.png -> max conf: 0.908 (needs 0.5, optimal scale: 0.80x)

[STEP 13] 开始执行动作...
[ACTION] AI决定: 选卡 9 -> 放入网格(8,3) -> 朝向 2
         坐标映射: 拖拽从(1105,650)至(1000,430) -> 方向滑动至(850,430)
[ACTION] ⛔ Fast-Fail! 目标网格(8,3)非绿色高亮(绿像素:0)。取消拖拽。
[REWARD] 执行前血条数: 1 -> 最终确认血条数: 0
[REWARD] ⛔ 非法区域/无费用，已被 CV 阻断。奖励 -0.5 (连续无作为: 1次)
[TemplateMatcher] pause_gear.png -> max conf: 0.908 (needs 0.5, optimal scale: 0.80x)

[STEP 14] 开始执行动作...
[ACTION] AI决定: 选卡 2 -> 放入网格(5,4) -> 朝向 1
         坐标映射: 拖拽从(475,650)至(700,510) -> 方向滑动至(700,660)
[ACTION] ⛔ Fast-Fail! 目标网格(5,4)非绿色高亮(绿像素:0)。取消拖拽。
[REWARD] 执行前血条数: 1 -> 最终确认血条数: 0
[REWARD] ⛔ 非法区域/无费用，已被 CV 阻断。奖励 -0.5 (连续无作为: 2次)
[TemplateMatcher] pause_gear.png -> max conf: 0.908 (needs 0.5, optimal scale: 0.80x)

[STEP 15] 开始执行动作...
[ACTION] AI决定: 选卡 5 -> 放入网格(8,4) -> 朝向 2
         坐标映射: 拖拽从(745,650)至(1000,510) -> 方向滑动至(850,510)
[ACTION] ⛔ Fast-Fail! 目标网格(8,4)非绿色高亮(绿像素:0)。取消拖拽。
[REWARD] 执行前血条数: 1 -> 最终确认血条数: 0
[REWARD] ⛔ 非法区域/无费用，已被 CV 阻断。奖励 -0.5 (连续无作为: 3次)
[TemplateMatcher] pause_gear.png -> max conf: 0.908 (needs 0.5, optimal scale: 0.80x)

[STEP 16] 开始执行动作...
[ACTION] AI决定: 选卡 3 -> 放入网格(3,2) -> 朝向 0
         坐标映射: 拖拽从(565,650)至(500,350) -> 方向滑动至(500,200)
[ACTION] ✅ CV校验通过！网格(3,2)具有高亮绿色(像素:67)，准许拖拽。
[REWARD] 动作已执行，开始 3 次心跳检测 (间隔 0.2s)...
[REWARD] ❌ 第 1 次未检测到目标血条...
[REWARD] ❌ 第 2 次未检测到目标血条...
[REWARD] ❌ 第 3 次未检测到目标血条...
[REWARD] 执行前血条数: 1 -> 最终确认血条数: 1
[REWARD] 部署失败，计算前后帧 MSE (均方误差) = 248.96
[REWARD] 画面未发生明显变化(非法部署)。奖励 -0.5 (连续无作为: 4次)
[TemplateMatcher] pause_gear.png -> max conf: 0.908 (needs 0.5, optimal scale: 0.80x)

[STEP 17] 开始执行动作...
[ACTION] AI决定: 选卡 2 -> 放入网格(0,4) -> 朝向 1
         坐标映射: 拖拽从(475,650)至(200,510) -> 方向滑动至(200,660)
[ACTION] ⛔ Fast-Fail! 目标网格(0,4)非绿色高亮(绿像素:0)。取消拖拽。
[REWARD] 执行前血条数: 1 -> 最终确认血条数: 0
[REWARD] ⛔ 非法区域/无费用，已被 CV 阻断。奖励 -0.5 (连续无作为: 5次)
[TemplateMatcher] pause_gear.png -> max conf: 0.908 (needs 0.5, optimal scale: 0.80x)

[STEP 18] 开始执行动作...
[ACTION] AI决定: 选卡 5 -> 放入网格(8,2) -> 朝向 1
         坐标映射: 拖拽从(745,650)至(1000,350) -> 方向滑动至(1000,500)
[ACTION] ✅ CV校验通过！网格(8,2)具有高亮绿色(像素:771)，准许拖拽。
[REWARD] 动作已执行，开始 3 次心跳检测 (间隔 0.2s)...
[REWARD] ✅ 第 1 次检测命中目标干员血条！
[REWARD] 执行前血条数: 1 -> 最终确认血条数: 2
[REWARD] 🎯 完美落子！部署点靠近敌人 (距离: 228.4)，奖励 +2.0
[REWARD] 🛡️ 背对敌人！(角度: 184.3°)，严厉惩罚 -3.0
[TemplateMatcher] pause_gear.png -> max conf: 0.908 (needs 0.5, optimal scale: 0.80x)

[STEP 19] 开始执行动作...
[ACTION] AI决定: 选卡 5 -> 放入网格(8,4) -> 朝向 3
         坐标映射: 拖拽从(745,650)至(1000,510) -> 方向滑动至(1150,510)
[ACTION] ⛔ Fast-Fail! 目标网格(8,4)非绿色高亮(绿像素:0)。取消拖拽。
[REWARD] 执行前血条数: 2 -> 最终确认血条数: 0
[REWARD] ⛔ 非法区域/无费用，已被 CV 阻断。奖励 -0.5 (连续无作为: 1次)
[TemplateMatcher] pause_gear.png -> max conf: 0.908 (needs 0.5, optimal scale: 0.80x)

[STEP 20] 开始执行动作...
[ACTION] AI决定: 选卡 6 -> 放入网格(5,1) -> 朝向 3
         坐标映射: 拖拽从(835,650)至(700,270) -> 方向滑动至(850,270)
[ACTION] ⛔ Fast-Fail! 目标网格(5,1)非绿色高亮(绿像素:0)。取消拖拽。
[REWARD] 执行前血条数: 2 -> 最终确认血条数: 0
[REWARD] ⛔ 非法区域/无费用，已被 CV 阻断。奖励 -0.5 (连续无作为: 2次)
[TemplateMatcher] pause_gear.png -> max conf: 0.908 (needs 0.5, optimal scale: 0.80x)

[STEP 21] 开始执行动作...
[ACTION] AI决定: 选卡 5 -> 放入网格(8,2) -> 朝向 0
         坐标映射: 拖拽从(745,650)至(1000,350) -> 方向滑动至(1000,200)
[ACTION] ✅ CV校验通过！网格(8,2)具有高亮绿色(像素:403)，准许拖拽。
[REWARD] 动作已执行，开始 3 次心跳检测 (间隔 0.2s)...
[REWARD] ❌ 第 1 次未检测到目标血条...
[REWARD] ❌ 第 2 次未检测到目标血条...
[REWARD] ❌ 第 3 次未检测到目标血条...
[REWARD] 执行前血条数: 2 -> 最终确认血条数: 2
[REWARD] 部署失败，计算前后帧 MSE (均方误差) = 393.01
[REWARD] 动作无效，但游戏仍在进行(画面有变化)。奖励 -0.2 (已清空无作为计数器)
[TemplateMatcher] pause_gear.png -> max conf: 0.908 (needs 0.5, optimal scale: 0.80x)

[STEP 22] 开始执行动作...
[ACTION] AI决定: 选卡 9 -> 放入网格(6,1) -> 朝向 2
         坐标映射: 拖拽从(1105,650)至(800,270) -> 方向滑动至(650,270)
[ACTION] ⛔ Fast-Fail! 目标网格(6,1)非绿色高亮(绿像素:9)。取消拖拽。
[REWARD] 执行前血条数: 2 -> 最终确认血条数: 0
[REWARD] ⛔ 非法区域/无费用，已被 CV 阻断。奖励 -0.5 (连续无作为: 1次)
[TemplateMatcher] pause_gear.png -> max conf: 0.908 (needs 0.5, optimal scale: 0.80x)

[STEP 23] 开始执行动作...
[ACTION] AI决定: 选卡 8 -> 放入网格(3,1) -> 朝向 0
         坐标映射: 拖拽从(1015,650)至(500,270) -> 方向滑动至(500,120)
[ACTION] ⛔ Fast-Fail! 目标网格(3,1)非绿色高亮(绿像素:0)。取消拖拽。
[REWARD] 执行前血条数: 2 -> 最终确认血条数: 0
[REWARD] ⛔ 非法区域/无费用，已被 CV 阻断。奖励 -0.5 (连续无作为: 2次)
[TemplateMatcher] pause_gear.png -> max conf: 0.908 (needs 0.5, optimal scale: 0.80x)

[STEP 24] 开始执行动作...
[ACTION] AI决定: 选卡 8 -> 放入网格(7,2) -> 朝向 1
         坐标映射: 拖拽从(1015,650)至(900,350) -> 方向滑动至(900,500)
[ACTION] ✅ CV校验通过！网格(7,2)具有高亮绿色(像素:48)，准许拖拽。
[REWARD] 动作已执行，开始 3 次心跳检测 (间隔 0.2s)...
[REWARD] ❌ 第 1 次未检测到目标血条...
[REWARD] ❌ 第 2 次未检测到目标血条...
[REWARD] ❌ 第 3 次未检测到目标血条...
[REWARD] 执行前血条数: 2 -> 最终确认血条数: 2
[REWARD] 部署失败，计算前后帧 MSE (均方误差) = 189.75
[REWARD] 画面未发生明显变化(非法部署)。奖励 -0.5 (连续无作为: 3次)
[TemplateMatcher] pause_gear.png -> max conf: 0.908 (needs 0.5, optimal scale: 0.80x)

[STEP 25] 开始执行动作...
[ACTION] AI决定: 选卡 7 -> 放入网格(2,3) -> 朝向 1
         坐标映射: 拖拽从(925,650)至(400,430) -> 方向滑动至(400,580)
[ACTION] ⛔ Fast-Fail! 目标网格(2,3)非绿色高亮(绿像素:0)。取消拖拽。
[REWARD] 执行前血条数: 2 -> 最终确认血条数: 0
[REWARD] ⛔ 非法区域/无费用，已被 CV 阻断。奖励 -0.5 (连续无作为: 4次)
[TemplateMatcher] pause_gear.png -> max conf: 0.908 (needs 0.5, optimal scale: 0.80x)

[STEP 26] 开始执行动作...
[ACTION] AI决定: 💤 挂机 (Skip / Wait for Cost)
[REWARD] 执行前血条数: 2 -> 最终确认血条数: 0
[REWARD] 💤 AI 主动挂机等费用，只扣除微小时间惩罚 -0.01
[TemplateMatcher] pause_gear.png -> max conf: 0.908 (needs 0.5, optimal scale: 0.80x)

[STEP 27] 开始执行动作...
[ACTION] AI决定: 选卡 8 -> 放入网格(8,2) -> 朝向 3
         坐标映射: 拖拽从(1015,650)至(1000,350) -> 方向滑动至(1150,350)
[ACTION] ✅ CV校验通过！网格(8,2)具有高亮绿色(像素:388)，准许拖拽。
[REWARD] 动作已执行，开始 3 次心跳检测 (间隔 0.2s)...
[REWARD] ❌ 第 1 次未检测到目标血条...
[REWARD] ❌ 第 2 次未检测到目标血条...
[REWARD] ❌ 第 3 次未检测到目标血条...
[REWARD] 执行前血条数: 2 -> 最终确认血条数: 2
[REWARD] 部署失败，计算前后帧 MSE (均方误差) = 323.83
[REWARD] 动作无效，但游戏仍在进行(画面有变化)。奖励 -0.2 (已清空无作为计数器)
[TemplateMatcher] pause_gear.png -> max conf: 0.908 (needs 0.5, optimal scale: 0.80x)

[STEP 28] 开始执行动作...
[ACTION] AI决定: 选卡 2 -> 放入网格(4,3) -> 朝向 3
         坐标映射: 拖拽从(475,650)至(600,430) -> 方向滑动至(750,430)
[ACTION] ⛔ Fast-Fail! 目标网格(4,3)非绿色高亮(绿像素:0)。取消拖拽。
[REWARD] 执行前血条数: 2 -> 最终确认血条数: 0
[REWARD] ⛔ 非法区域/无费用，已被 CV 阻断。奖励 -0.5 (连续无作为: 1次)
[TemplateMatcher] pause_gear.png -> max conf: 0.908 (needs 0.5, optimal scale: 0.80x)

[STEP 29] 开始执行动作...
[ACTION] AI决定: 选卡 2 -> 放入网格(8,4) -> 朝向 1
         坐标映射: 拖拽从(475,650)至(1000,510) -> 方向滑动至(1000,660)
[ACTION] ⛔ Fast-Fail! 目标网格(8,4)非绿色高亮(绿像素:0)。取消拖拽。
[REWARD] 执行前血条数: 2 -> 最终确认血条数: 0
[REWARD] ⛔ 非法区域/无费用，已被 CV 阻断。奖励 -0.5 (连续无作为: 2次)
[TemplateMatcher] pause_gear.png -> max conf: 0.907 (needs 0.5, optimal scale: 0.80x)

[STEP 30] 开始执行动作...
[ACTION] AI决定: 选卡 5 -> 放入网格(3,2) -> 朝向 1
         坐标映射: 拖拽从(745,650)至(500,350) -> 方向滑动至(500,500)
[ACTION] ✅ CV校验通过！网格(3,2)具有高亮绿色(像素:63)，准许拖拽。
[REWARD] 动作已执行，开始 3 次心跳检测 (间隔 0.2s)...
[REWARD] ❌ 第 1 次未检测到目标血条...
[REWARD] ❌ 第 2 次未检测到目标血条...
[REWARD] ❌ 第 3 次未检测到目标血条...
[REWARD] 执行前血条数: 2 -> 最终确认血条数: 2
[REWARD] 部署失败，计算前后帧 MSE (均方误差) = 289.21
[REWARD] 画面未发生明显变化(非法部署)。奖励 -0.5 (连续无作为: 3次)
[TemplateMatcher] pause_gear.png -> max conf: 0.908 (needs 0.5, optimal scale: 0.80x)

[STEP 31] 开始执行动作...
[ACTION] AI决定: 选卡 9 -> 放入网格(5,2) -> 朝向 0
         坐标映射: 拖拽从(1105,650)至(700,350) -> 方向滑动至(700,200)
[ACTION] ✅ CV校验通过！网格(5,2)具有高亮绿色(像素:672)，准许拖拽。
[REWARD] 动作已执行，开始 3 次心跳检测 (间隔 0.2s)...
[REWARD] ✅ 第 1 次检测命中目标干员血条！
[REWARD] 执行前血条数: 2 -> 最终确认血条数: 3
[REWARD] 🎯 完美落子！部署点靠近敌人 (距离: 294.7)，奖励 +2.0
[REWARD] 🛡️ 背对敌人！(角度: 353.1°)，严厉惩罚 -3.0
[TemplateMatcher] pause_gear.png -> max conf: 0.908 (needs 0.5, optimal scale: 0.80x)

[STEP 32] 开始执行动作...
[ACTION] AI决定: 选卡 5 -> 放入网格(4,4) -> 朝向 1
         坐标映射: 拖拽从(745,650)至(600,510) -> 方向滑动至(600,660)
[ACTION] ⛔ Fast-Fail! 目标网格(4,4)非绿色高亮(绿像素:0)。取消拖拽。
[REWARD] 执行前血条数: 3 -> 最终确认血条数: 0
[REWARD] ⛔ 非法区域/无费用，已被 CV 阻断。奖励 -0.5 (连续无作为: 1次)
[TemplateMatcher] pause_gear.png -> max conf: 0.908 (needs 0.5, optimal scale: 0.80x)

[STEP 33] 开始执行动作...
[ACTION] AI决定: 选卡 8 -> 放入网格(7,1) -> 朝向 1
         坐标映射: 拖拽从(1015,650)至(900,270) -> 方向滑动至(900,420)
[ACTION] ✅ CV校验通过！网格(7,1)具有高亮绿色(像素:283)，准许拖拽。
[REWARD] 动作已执行，开始 3 次心跳检测 (间隔 0.2s)...
[REWARD] ✅ 第 1 次检测命中目标干员血条！
[REWARD] 执行前血条数: 3 -> 最终确认血条数: 2
[REWARD] 🎯 完美落子！部署点靠近敌人 (距离: 123.1)，奖励 +2.0
[REWARD] ⚔️ 完美朝向！正对敌人 (角度: 92.8°)，巨额奖励 +8.0
[TemplateMatcher] pause_gear.png -> max conf: 0.908 (needs 0.5, optimal scale: 0.80x)

[STEP 34] 开始执行动作...
[ACTION] AI决定: 选卡 9 -> 放入网格(2,2) -> 朝向 3
         坐标映射: 拖拽从(1105,650)至(400,350) -> 方向滑动至(550,350)
[ACTION] ⛔ Fast-Fail! 目标网格(2,2)非绿色高亮(绿像素:0)。取消拖拽。
[REWARD] 执行前血条数: 2 -> 最终确认血条数: 0
[REWARD] ⛔ 非法区域/无费用，已被 CV 阻断。奖励 -0.5 (连续无作为: 1次)
[TemplateMatcher] pause_gear.png -> max conf: 0.908 (needs 0.5, optimal scale: 0.80x)

[STEP 35] 开始执行动作...
[ACTION] AI决定: 选卡 8 -> 放入网格(8,4) -> 朝向 1
         坐标映射: 拖拽从(1015,650)至(1000,510) -> 方向滑动至(1000,660)
[ACTION] ✅ CV校验通过！网格(8,4)具有高亮绿色(像素:77)，准许拖拽。
[REWARD] 动作已执行，开始 3 次心跳检测 (间隔 0.2s)...
[REWARD] ❌ 第 1 次未检测到目标血条...
[REWARD] ✅ 第 2 次检测命中目标干员血条！
[REWARD] 执行前血条数: 5 -> 最终确认血条数: 4
[REWARD] 🎯 完美落子！部署点靠近敌人 (距离: 242.1)，奖励 +2.0
[REWARD] 🛡️ 背对敌人！(角度: 159.8°)，严厉惩罚 -3.0
[TemplateMatcher] pause_gear.png -> max conf: 0.908 (needs 0.5, optimal scale: 0.80x)

[STEP 36] 开始执行动作...
[ACTION] AI决定: 选卡 5 -> 放入网格(8,3) -> 朝向 3
         坐标映射: 拖拽从(745,650)至(1000,430) -> 方向滑动至(1150,430)
[ACTION] ✅ CV校验通过！网格(8,3)具有高亮绿色(像素:69)，准许拖拽。
[REWARD] 动作已执行，开始 3 次心跳检测 (间隔 0.2s)...
[REWARD] ✅ 第 1 次检测命中目标干员血条！
[REWARD] 执行前血条数: 3 -> 最终确认血条数: 3
[REWARD] 场上暂无移动目标，仅发放基础部署奖励 +1.0
[TemplateMatcher] pause_gear.png -> max conf: 0.908 (needs 0.5, optimal scale: 0.80x)

[STEP 37] 开始执行动作...
[ACTION] AI决定: 选卡 8 -> 放入网格(5,2) -> 朝向 3
         坐标映射: 拖拽从(1015,650)至(700,350) -> 方向滑动至(850,350)
[ACTION] ⛔ Fast-Fail! 目标网格(5,2)非绿色高亮(绿像素:0)。取消拖拽。
[REWARD] 执行前血条数: 3 -> 最终确认血条数: 0
[REWARD] ⛔ 非法区域/无费用，已被 CV 阻断。奖励 -0.5 (连续无作为: 1次)
[TemplateMatcher] pause_gear.png -> max conf: 0.907 (needs 0.5, optimal scale: 0.80x)

[STEP 38] 开始执行动作...
[ACTION] AI决定: 选卡 5 -> 放入网格(5,2) -> 朝向 1
         坐标映射: 拖拽从(745,650)至(700,350) -> 方向滑动至(700,500)
[ACTION] ✅ CV校验通过！网格(5,2)具有高亮绿色(像素:24)，准许拖拽。
[REWARD] 动作已执行，开始 3 次心跳检测 (间隔 0.2s)...
[REWARD] ❌ 第 1 次未检测到目标血条...
[REWARD] ❌ 第 2 次未检测到目标血条...
[REWARD] ❌ 第 3 次未检测到目标血条...
[REWARD] 执行前血条数: 3 -> 最终确认血条数: 3
[REWARD] 部署失败，计算前后帧 MSE (均方误差) = 288.01
[REWARD] 画面未发生明显变化(非法部署)。奖励 -0.5 (连续无作为: 2次)
[TemplateMatcher] pause_gear.png -> max conf: 0.909 (needs 0.5, optimal scale: 0.80x)

[STEP 39] 开始执行动作...
[ACTION] AI决定: 💤 挂机 (Skip / Wait for Cost)
[REWARD] 执行前血条数: 3 -> 最终确认血条数: 0
[REWARD] 💤 AI 主动挂机等费用，只扣除微小时间惩罚 -0.01
[TemplateMatcher] pause_gear.png -> max conf: 0.908 (needs 0.5, optimal scale: 0.80x)

[STEP 40] 开始执行动作...
[ACTION] AI决定: 选卡 5 -> 放入网格(7,2) -> 朝向 3
         坐标映射: 拖拽从(745,650)至(900,350) -> 方向滑动至(1050,350)
[ACTION] ✅ CV校验通过！网格(7,2)具有高亮绿色(像素:53)，准许拖拽。
[REWARD] 动作已执行，开始 3 次心跳检测 (间隔 0.2s)...
[REWARD] ✅ 第 1 次检测命中目标干员血条！
[REWARD] 执行前血条数: 3 -> 最终确认血条数: 4
[REWARD] ⚔️ 完美朝向！正对敌人 (角度: 320.1°)，巨额奖励 +8.0
[TemplateMatcher] pause_gear.png -> max conf: 0.908 (needs 0.5, optimal scale: 0.80x)

[STEP 41] 开始执行动作...
[ACTION] AI决定: 选卡 5 -> 放入网格(4,1) -> 朝向 2
         坐标映射: 拖拽从(745,650)至(600,270) -> 方向滑动至(450,270)
[ACTION] ⛔ Fast-Fail! 目标网格(4,1)非绿色高亮(绿像素:0)。取消拖拽。
[REWARD] 执行前血条数: 4 -> 最终确认血条数: 0
[REWARD] ⛔ 非法区域/无费用，已被 CV 阻断。奖励 -0.5 (连续无作为: 1次)
[TemplateMatcher] pause_gear.png -> max conf: 0.908 (needs 0.5, optimal scale: 0.80x)

[STEP 42] 开始执行动作...
[ACTION] AI决定: 选卡 5 -> 放入网格(7,3) -> 朝向 3
         坐标映射: 拖拽从(745,650)至(900,430) -> 方向滑动至(1050,430)
[ACTION] ⛔ Fast-Fail! 目标网格(7,3)非绿色高亮(绿像素:2)。取消拖拽。
[REWARD] 执行前血条数: 4 -> 最终确认血条数: 0
[REWARD] ⛔ 非法区域/无费用，已被 CV 阻断。奖励 -0.5 (连续无作为: 2次)
[TemplateMatcher] pause_gear.png -> max conf: 0.908 (needs 0.5, optimal scale: 0.80x)

[STEP 43] 开始执行动作...
[ACTION] AI决定: 💤 挂机 (Skip / Wait for Cost)
[REWARD] 执行前血条数: 4 -> 最终确认血条数: 0
[REWARD] 💤 AI 主动挂机等费用，只扣除微小时间惩罚 -0.01
[TemplateMatcher] pause_gear.png -> max conf: 0.908 (needs 0.5, optimal scale: 0.80x)

[STEP 44] 开始执行动作...
[ACTION] AI决定: 💤 挂机 (Skip / Wait for Cost)
[REWARD] 执行前血条数: 4 -> 最终确认血条数: 0
[REWARD] 💤 AI 主动挂机等费用，只扣除微小时间惩罚 -0.01
[TemplateMatcher] pause_gear.png -> max conf: 0.908 (needs 0.5, optimal scale: 0.80x)

[STEP 45] 开始执行动作...
[ACTION] AI决定: 选卡 2 -> 放入网格(3,2) -> 朝向 1
         坐标映射: 拖拽从(475,650)至(500,350) -> 方向滑动至(500,500)
[ACTION] ✅ CV校验通过！网格(3,2)具有高亮绿色(像素:369)，准许拖拽。
[REWARD] 动作已执行，开始 3 次心跳检测 (间隔 0.2s)...
[REWARD] ❌ 第 1 次未检测到目标血条...
[REWARD] ❌ 第 2 次未检测到目标血条...
[REWARD] ❌ 第 3 次未检测到目标血条...
[REWARD] 执行前血条数: 4 -> 最终确认血条数: 4
[REWARD] 部署失败，计算前后帧 MSE (均方误差) = 357.04
[REWARD] 动作无效，但游戏仍在进行(画面有变化)。奖励 -0.2 (已清空无作为计数器)
[TemplateMatcher] pause_gear.png -> max conf: 0.908 (needs 0.5, optimal scale: 0.80x)

[STEP 46] 开始执行动作...
[ACTION] AI决定: 选卡 5 -> 放入网格(8,4) -> 朝向 3
         坐标映射: 拖拽从(745,650)至(1000,510) -> 方向滑动至(1150,510)
[ACTION] ⛔ Fast-Fail! 目标网格(8,4)非绿色高亮(绿像素:0)。取消拖拽。
[REWARD] 执行前血条数: 4 -> 最终确认血条数: 0
[REWARD] ⛔ 非法区域/无费用，已被 CV 阻断。奖励 -0.5 (连续无作为: 1次)
[TemplateMatcher] pause_gear.png -> max conf: 0.908 (needs 0.5, optimal scale: 0.80x)

[STEP 47] 开始执行动作...
[ACTION] AI决定: 选卡 2 -> 放入网格(0,4) -> 朝向 2
         坐标映射: 拖拽从(475,650)至(200,510) -> 方向滑动至(50,510)
[ACTION] ⛔ Fast-Fail! 目标网格(0,4)非绿色高亮(绿像素:0)。取消拖拽。
[REWARD] 执行前血条数: 4 -> 最终确认血条数: 0
[REWARD] ⛔ 非法区域/无费用，已被 CV 阻断。奖励 -0.5 (连续无作为: 2次)
[TemplateMatcher] pause_gear.png -> max conf: 0.908 (needs 0.5, optimal scale: 0.80x)

[STEP 48] 开始执行动作...
[ACTION] AI决定: 💤 挂机 (Skip / Wait for Cost)
[REWARD] 执行前血条数: 4 -> 最终确认血条数: 0
[REWARD] 💤 AI 主动挂机等费用，只扣除微小时间惩罚 -0.01
[TemplateMatcher] pause_gear.png -> max conf: 0.908 (needs 0.5, optimal scale: 0.80x)

[STEP 49] 开始执行动作...
[ACTION] AI决定: 💤 挂机 (Skip / Wait for Cost)
[REWARD] 执行前血条数: 4 -> 最终确认血条数: 0
[REWARD] 💤 AI 主动挂机等费用，只扣除微小时间惩罚 -0.01
[TemplateMatcher] pause_gear.png -> max conf: 0.908 (needs 0.5, optimal scale: 0.80x)

[STEP 50] 开始执行动作...
[ACTION] AI决定: 选卡 9 -> 放入网格(2,1) -> 朝向 0
         坐标映射: 拖拽从(1105,650)至(400,270) -> 方向滑动至(400,120)
[ACTION] ⛔ Fast-Fail! 目标网格(2,1)非绿色高亮(绿像素:0)。取消拖拽。
[REWARD] 执行前血条数: 4 -> 最终确认血条数: 0
[REWARD] ⛔ 非法区域/无费用，已被 CV 阻断。奖励 -0.5 (连续无作为: 1次)
[TemplateMatcher] pause_gear.png -> max conf: 0.907 (needs 0.5, optimal scale: 0.80x)

[STEP 51] 开始执行动作...
[ACTION] AI决定: 选卡 9 -> 放入网格(0,4) -> 朝向 3
         坐标映射: 拖拽从(1105,650)至(200,510) -> 方向滑动至(350,510)
[ACTION] ⛔ Fast-Fail! 目标网格(0,4)非绿色高亮(绿像素:0)。取消拖拽。
[REWARD] 执行前血条数: 5 -> 最终确认血条数: 0
[REWARD] ⛔ 非法区域/无费用，已被 CV 阻断。奖励 -0.5 (连续无作为: 2次)
[TemplateMatcher] pause_gear.png -> max conf: 0.908 (needs 0.5, optimal scale: 0.80x)

[STEP 52] 开始执行动作...
[ACTION] AI决定: 选卡 5 -> 放入网格(9,3) -> 朝向 3
         坐标映射: 拖拽从(745,650)至(1100,430) -> 方向滑动至(1250,430)
[ACTION] ✅ CV校验通过！网格(9,3)具有高亮绿色(像素:815)，准许拖拽。
[REWARD] 动作已执行，开始 3 次心跳检测 (间隔 0.2s)...
[REWARD] ✅ 第 1 次检测命中目标干员血条！
[REWARD] 执行前血条数: 4 -> 最终确认血条数: 5
[REWARD] 🎯 完美落子！部署点靠近敌人 (距离: 43.2)，奖励 +2.0
[REWARD] 🛡️ 背对敌人！(角度: 60.9°)，严厉惩罚 -3.0
[TemplateMatcher] pause_gear.png -> max conf: 0.908 (needs 0.5, optimal scale: 0.80x)

[STEP 53] 开始执行动作...
[ACTION] AI决定: 选卡 5 -> 放入网格(8,1) -> 朝向 2
         坐标映射: 拖拽从(745,650)至(1000,270) -> 方向滑动至(850,270)
[ACTION] ✅ CV校验通过！网格(8,1)具有高亮绿色(像素:571)，准许拖拽。
[REWARD] 动作已执行，开始 3 次心跳检测 (间隔 0.2s)...
[REWARD] ❌ 第 1 次未检测到目标血条...
[REWARD] ❌ 第 2 次未检测到目标血条...
[REWARD] ❌ 第 3 次未检测到目标血条...
[REWARD] 执行前血条数: 5 -> 最终确认血条数: 5
[REWARD] 部署失败，计算前后帧 MSE (均方误差) = 360.52
[REWARD] 动作无效，但游戏仍在进行(画面有变化)。奖励 -0.2 (已清空无作为计数器)
[TemplateMatcher] pause_gear.png -> max conf: 0.908 (needs 0.5, optimal scale: 0.80x)

[STEP 54] 开始执行动作...
[ACTION] AI决定: 选卡 0 -> 放入网格(7,3) -> 朝向 2
         坐标映射: 拖拽从(295,650)至(900,430) -> 方向滑动至(750,430)
[ACTION] ⛔ Fast-Fail! 目标网格(7,3)非绿色高亮(绿像素:3)。取消拖拽。
[REWARD] 执行前血条数: 5 -> 最终确认血条数: 0
[REWARD] ⛔ 非法区域/无费用，已被 CV 阻断。奖励 -0.5 (连续无作为: 1次)
[TemplateMatcher] pause_gear.png -> max conf: 0.908 (needs 0.5, optimal scale: 0.80x)

[STEP 55] 开始执行动作...
[ACTION] AI决定: 选卡 5 -> 放入网格(7,4) -> 朝向 0
         坐标映射: 拖拽从(745,650)至(900,510) -> 方向滑动至(900,360)
[ACTION] ✅ CV校验通过！网格(7,4)具有高亮绿色(像素:900)，准许拖拽。
[REWARD] 动作已执行，开始 3 次心跳检测 (间隔 0.2s)...
[REWARD] ✅ 第 1 次检测命中目标干员血条！
[REWARD] 执行前血条数: 5 -> 最终确认血条数: 6
[REWARD] 🎯 完美落子！部署点靠近敌人 (距离: 48.4)，奖励 +2.0
[REWARD] ⚔️ 完美朝向！正对敌人 (角度: 280.6°)，巨额奖励 +8.0
[TemplateMatcher] pause_gear.png -> max conf: 0.909 (needs 0.5, optimal scale: 0.80x)

[STEP 56] 开始执行动作...
[ACTION] AI决定: 选卡 6 -> 放入网格(7,2) -> 朝向 3
         坐标映射: 拖拽从(835,650)至(900,350) -> 方向滑动至(1050,350)
[ACTION] ⛔ Fast-Fail! 目标网格(7,2)非绿色高亮(绿像素:2)。取消拖拽。
[REWARD] 执行前血条数: 6 -> 最终确认血条数: 0
[REWARD] ⛔ 非法区域/无费用，已被 CV 阻断。奖励 -0.5 (连续无作为: 1次)
[TemplateMatcher] pause_gear.png -> max conf: 0.908 (needs 0.5, optimal scale: 0.80x)

[STEP 57] 开始执行动作...
[ACTION] AI决定: 选卡 2 -> 放入网格(7,1) -> 朝向 3
         坐标映射: 拖拽从(475,650)至(900,270) -> 方向滑动至(1050,270)
[ACTION] ⛔ Fast-Fail! 目标网格(7,1)非绿色高亮(绿像素:0)。取消拖拽。
[REWARD] 执行前血条数: 6 -> 最终确认血条数: 0
[REWARD] ⛔ 非法区域/无费用，已被 CV 阻断。奖励 -0.5 (连续无作为: 2次)
[TemplateMatcher] pause_gear.png -> max conf: 0.907 (needs 0.5, optimal scale: 0.80x)

[STEP 58] 开始执行动作...
[ACTION] AI决定: 选卡 5 -> 放入网格(2,2) -> 朝向 0
         坐标映射: 拖拽从(745,650)至(400,350) -> 方向滑动至(400,200)
[ACTION] ✅ CV校验通过！网格(2,2)具有高亮绿色(像素:72)，准许拖拽。
[REWARD] 动作已执行，开始 3 次心跳检测 (间隔 0.2s)...
[REWARD] ✅ 第 1 次检测命中目标干员血条！
[REWARD] 执行前血条数: 6 -> 最终确认血条数: 7
[REWARD] 🎯 完美落子！部署点靠近敌人 (距离: 269.2)，奖励 +2.0
[REWARD] 🛡️ 背对敌人！(角度: 198.4°)，严厉惩罚 -3.0
[TemplateMatcher] pause_gear.png -> max conf: 0.908 (needs 0.5, optimal scale: 0.80x)

[STEP 59] 开始执行动作...
[ACTION] AI决定: 选卡 3 -> 放入网格(8,2) -> 朝向 3
         坐标映射: 拖拽从(565,650)至(1000,350) -> 方向滑动至(1150,350)
[ACTION] ⛔ Fast-Fail! 目标网格(8,2)非绿色高亮(绿像素:0)。取消拖拽。
[REWARD] 执行前血条数: 0 -> 最终确认血条数: 0
[REWARD] ⛔ 非法区域/无费用，已被 CV 阻断。奖励 -0.5 (连续无作为: 1次)
[TemplateMatcher] pause_gear.png -> max conf: 0.673 (needs 0.5, optimal scale: 0.80x)

[STEP 60] 开始执行动作...
[ACTION] AI决定: 💤 挂机 (Skip / Wait for Cost)
[REWARD] 执行前血条数: 0 -> 最终确认血条数: 0
[REWARD] 💤 AI 主动挂机等费用，只扣除微小时间惩罚 -0.01
[TemplateMatcher] pause_gear.png -> max conf: 0.000 (needs 0.5, optimal scale: 0.80x)
[ENV] ⚠️ 警告：未检测到右上角齿轮图标！(连续 1/3 次)

[STEP 61] 开始执行动作...
[ACTION] AI决定: 选卡 8 -> 放入网格(1,2) -> 朝向 1
         坐标映射: 拖拽从(1015,650)至(300,350) -> 方向滑动至(300,500)
[ACTION] ⛔ Fast-Fail! 目标网格(1,2)非绿色高亮(绿像素:0)。取消拖拽。
[REWARD] 执行前血条数: 0 -> 最终确认血条数: 0
[REWARD] ⛔ 非法区域/无费用，已被 CV 阻断。奖励 -0.5 (连续无作为: 1次)
[TemplateMatcher] pause_gear.png -> max conf: 0.000 (needs 0.5, optimal scale: 0.80x)
[ENV] ⚠️ 警告：未检测到右上角齿轮图标！(连续 2/3 次)

[STEP 62] 开始执行动作...
[ACTION] AI决定: 选卡 5 -> 放入网格(3,4) -> 朝向 3
         坐标映射: 拖拽从(745,650)至(500,510) -> 方向滑动至(650,510)
[ACTION] ⛔ Fast-Fail! 目标网格(3,4)非绿色高亮(绿像素:0)。取消拖拽。
[REWARD] 执行前血条数: 0 -> 最终确认血条数: 0
[REWARD] ⛔ 非法区域/无费用，已被 CV 阻断。奖励 -0.5 (连续无作为: 2次)
[TemplateMatcher] pause_gear.png -> max conf: 0.611 (needs 0.5, optimal scale: 0.80x)

[STEP 63] 开始执行动作...
[ACTION] AI决定: 选卡 5 -> 放入网格(4,4) -> 朝向 2
         坐标映射: 拖拽从(745,650)至(600,510) -> 方向滑动至(450,510)
[ACTION] ⛔ Fast-Fail! 目标网格(4,4)非绿色高亮(绿像素:0)。取消拖拽。
[REWARD] 执行前血条数: 0 -> 最终确认血条数: 0
[REWARD] ⛔ 非法区域/无费用，已被 CV 阻断。奖励 -0.5 (连续无作为: 3次)
[TemplateMatcher] pause_gear.png -> max conf: 0.619 (needs 0.5, optimal scale: 0.80x)

[STEP 64] 开始执行动作...
[ACTION] AI决定: 💤 挂机 (Skip / Wait for Cost)
[REWARD] 执行前血条数: 0 -> 最终确认血条数: 0
[REWARD] 💤 AI 主动挂机等费用，只扣除微小时间惩罚 -0.01
[TemplateMatcher] pause_gear.png -> max conf: 0.572 (needs 0.5, optimal scale: 0.80x)

[STEP 65] 开始执行动作...
[ACTION] AI决定: 选卡 5 -> 放入网格(4,4) -> 朝向 3
         坐标映射: 拖拽从(745,650)至(600,510) -> 方向滑动至(750,510)
[ACTION] ⛔ Fast-Fail! 目标网格(4,4)非绿色高亮(绿像素:0)。取消拖拽。
[REWARD] 执行前血条数: 0 -> 最终确认血条数: 0
[REWARD] ⛔ 非法区域/无费用，已被 CV 阻断。奖励 -0.5 (连续无作为: 1次)
[TemplateMatcher] pause_gear.png -> max conf: 0.572 (needs 0.5, optimal scale: 0.80x)

[STEP 66] 开始执行动作...
[ACTION] AI决定: 选卡 5 -> 放入网格(8,2) -> 朝向 1
         坐标映射: 拖拽从(745,650)至(1000,350) -> 方向滑动至(1000,500)
[ACTION] ⛔ Fast-Fail! 目标网格(8,2)非绿色高亮(绿像素:0)。取消拖拽。
[REWARD] 执行前血条数: 0 -> 最终确认血条数: 0
[REWARD] ⛔ 非法区域/无费用，已被 CV 阻断。奖励 -0.5 (连续无作为: 2次)
[TemplateMatcher] pause_gear.png -> max conf: 0.572 (needs 0.5, optimal scale: 0.80x)

[STEP 67] 开始执行动作...
[ACTION] AI决定: 选卡 9 -> 放入网格(6,3) -> 朝向 2
         坐标映射: 拖拽从(1105,650)至(800,430) -> 方向滑动至(650,430)
[ACTION] ⛔ Fast-Fail! 目标网格(6,3)非绿色高亮(绿像素:0)。取消拖拽。
[REWARD] 执行前血条数: 0 -> 最终确认血条数: 0
[REWARD] ⛔ 非法区域/无费用，已被 CV 阻断。奖励 -0.5 (连续无作为: 3次)
[TemplateMatcher] pause_gear.png -> max conf: 0.543 (needs 0.5, optimal scale: 0.80x)

[STEP 68] 开始执行动作...
[ACTION] AI决定: 选卡 0 -> 放入网格(0,0) -> 朝向 0
         坐标映射: 拖拽从(295,650)至(200,190) -> 方向滑动至(200,40)
[ACTION] ⛔ Fast-Fail! 目标网格(0,0)非绿色高亮(绿像素:0)。取消拖拽。
[REWARD] 执行前血条数: 0 -> 最终确认血条数: 0
[REWARD] ⛔ 非法区域/无费用，已被 CV 阻断。奖励 -0.5 (连续无作为: 4次)
[TemplateMatcher] pause_gear.png -> max conf: 0.543 (needs 0.5, optimal scale: 0.80x)

[STEP 69] 开始执行动作...
[ACTION] AI决定: 选卡 1 -> 放入网格(8,1) -> 朝向 1
         坐标映射: 拖拽从(385,650)至(1000,270) -> 方向滑动至(1000,420)
[ACTION] ⛔ Fast-Fail! 目标网格(8,1)非绿色高亮(绿像素:0)。取消拖拽。
[REWARD] 执行前血条数: 0 -> 最终确认血条数: 0
[REWARD] ⛔ 非法区域/无费用，已被 CV 阻断。奖励 -0.5 (连续无作为: 5次)
[TemplateMatcher] pause_gear.png -> max conf: 0.543 (needs 0.5, optimal scale: 0.80x)

[STEP 70] 开始执行动作...
[ACTION] AI决定: 选卡 5 -> 放入网格(7,3) -> 朝向 3
         坐标映射: 拖拽从(745,650)至(900,430) -> 方向滑动至(1050,430)
[ACTION] ⛔ Fast-Fail! 目标网格(7,3)非绿色高亮(绿像素:0)。取消拖拽。
[REWARD] 执行前血条数: 0 -> 最终确认血条数: 0
[REWARD] ⛔ 非法区域/无费用，已被 CV 阻断。奖励 -0.5 (连续无作为: 6次)
[TemplateMatcher] pause_gear.png -> max conf: 0.543 (needs 0.5, optimal scale: 0.80x)

[STEP 71] 开始执行动作...
[ACTION] AI决定: 💤 挂机 (Skip / Wait for Cost)
[REWARD] 执行前血条数: 0 -> 最终确认血条数: 0
[REWARD] 💤 AI 主动挂机等费用，只扣除微小时间惩罚 -0.01
[TemplateMatcher] pause_gear.png -> max conf: 0.543 (needs 0.5, optimal scale: 0.80x)

[STEP 72] 开始执行动作...
[ACTION] AI决定: 选卡 2 -> 放入网格(8,3) -> 朝向 2
         坐标映射: 拖拽从(475,650)至(1000,430) -> 方向滑动至(850,430)
[ACTION] ⛔ Fast-Fail! 目标网格(8,3)非绿色高亮(绿像素:0)。取消拖拽。
[REWARD] 执行前血条数: 0 -> 最终确认血条数: 0
[REWARD] ⛔ 非法区域/无费用，已被 CV 阻断。奖励 -0.5 (连续无作为: 1次)
[TemplateMatcher] pause_gear.png -> max conf: 0.543 (needs 0.5, optimal scale: 0.80x)
[SAVE] 自动保存进度 (Step 1000) -> policy_latest.zip

[STEP 73] 开始执行动作...
[ACTION] AI决定: 选卡 3 -> 放入网格(8,4) -> 朝向 0
         坐标映射: 拖拽从(565,650)至(1000,510) -> 方向滑动至(1000,360)
[ACTION] ⛔ Fast-Fail! 目标网格(8,4)非绿色高亮(绿像素:0)。取消拖拽。
[REWARD] 执行前血条数: 0 -> 最终确认血条数: 0
[REWARD] ⛔ 非法区域/无费用，已被 CV 阻断。奖励 -0.5 (连续无作为: 2次)
[TemplateMatcher] pause_gear.png -> max conf: 0.543 (needs 0.5, optimal scale: 0.80x)

[STEP 74] 开始执行动作...
[ACTION] AI决定: 选卡 5 -> 放入网格(3,4) -> 朝向 3
         坐标映射: 拖拽从(745,650)至(500,510) -> 方向滑动至(650,510)
[ACTION] ⛔ Fast-Fail! 目标网格(3,4)非绿色高亮(绿像素:0)。取消拖拽。
[REWARD] 执行前血条数: 0 -> 最终确认血条数: 0
[REWARD] ⛔ 非法区域/无费用，已被 CV 阻断。奖励 -0.5 (连续无作为: 3次)
[TemplateMatcher] pause_gear.png -> max conf: 0.543 (needs 0.5, optimal scale: 0.80x)

[STEP 75] 开始执行动作...
[ACTION] AI决定: 选卡 2 -> 放入网格(7,0) -> 朝向 2
         坐标映射: 拖拽从(475,650)至(900,190) -> 方向滑动至(750,190)
[ACTION] ⛔ Fast-Fail! 目标网格(7,0)非绿色高亮(绿像素:0)。取消拖拽。
[REWARD] 执行前血条数: 0 -> 最终确认血条数: 0
[REWARD] ⛔ 非法区域/无费用，已被 CV 阻断。奖励 -0.5 (连续无作为: 4次)
[TemplateMatcher] pause_gear.png -> max conf: 0.543 (needs 0.5, optimal scale: 0.80x)

[STEP 76] 开始执行动作...
[ACTION] AI决定: 选卡 5 -> 放入网格(8,4) -> 朝向 1
         坐标映射: 拖拽从(745,650)至(1000,510) -> 方向滑动至(1000,660)
[ACTION] ⛔ Fast-Fail! 目标网格(8,4)非绿色高亮(绿像素:0)。取消拖拽。
[REWARD] 执行前血条数: 0 -> 最终确认血条数: 0
[REWARD] ⛔ 非法区域/无费用，已被 CV 阻断。奖励 -0.5 (连续无作为: 5次)
[TemplateMatcher] pause_gear.png -> max conf: 0.543 (needs 0.5, optimal scale: 0.80x)

[STEP 77] 开始执行动作...
[ACTION] AI决定: 💤 挂机 (Skip / Wait for Cost)
[REWARD] 执行前血条数: 0 -> 最终确认血条数: 0
[REWARD] 💤 AI 主动挂机等费用，只扣除微小时间惩罚 -0.01
[TemplateMatcher] pause_gear.png -> max conf: 0.543 (needs 0.5, optimal scale: 0.80x)

[STEP 78] 开始执行动作...
[ACTION] AI决定: 💤 挂机 (Skip / Wait for Cost)
[REWARD] 执行前血条数: 0 -> 最终确认血条数: 0
[REWARD] 💤 AI 主动挂机等费用，只扣除微小时间惩罚 -0.01
[TemplateMatcher] pause_gear.png -> max conf: 0.543 (needs 0.5, optimal scale: 0.80x)

[STEP 79] 开始执行动作...
[ACTION] AI决定: 选卡 9 -> 放入网格(9,4) -> 朝向 0
         坐标映射: 拖拽从(1105,650)至(1100,510) -> 方向滑动至(1100,360)
[ACTION] ⛔ Fast-Fail! 目标网格(9,4)非绿色高亮(绿像素:0)。取消拖拽。
[REWARD] 执行前血条数: 0 -> 最终确认血条数: 0
[REWARD] ⛔ 非法区域/无费用，已被 CV 阻断。奖励 -0.5 (连续无作为: 1次)
[TemplateMatcher] pause_gear.png -> max conf: 0.543 (needs 0.5, optimal scale: 0.80x)

[STEP 80] 开始执行动作...
[ACTION] AI决定: 选卡 8 -> 放入网格(7,4) -> 朝向 1
         坐标映射: 拖拽从(1015,650)至(900,510) -> 方向滑动至(900,660)
[ACTION] ⛔ Fast-Fail! 目标网格(7,4)非绿色高亮(绿像素:0)。取消拖拽。
[REWARD] 执行前血条数: 0 -> 最终确认血条数: 0
[REWARD] ⛔ 非法区域/无费用，已被 CV 阻断。奖励 -0.5 (连续无作为: 2次)
[TemplateMatcher] pause_gear.png -> max conf: 0.474 (needs 0.5, optimal scale: 1.10x)
[ENV] ⚠️ 警告：未检测到右上角齿轮图标！(连续 1/3 次)

[STEP 81] 开始执行动作...
[ACTION] AI决定: 选卡 3 -> 放入网格(8,4) -> 朝向 0
         坐标映射: 拖拽从(565,650)至(1000,510) -> 方向滑动至(1000,360)
[ACTION] ⛔ Fast-Fail! 目标网格(8,4)非绿色高亮(绿像素:0)。取消拖拽。
[REWARD] 执行前血条数: 0 -> 最终确认血条数: 0
[REWARD] ⛔ 非法区域/无费用，已被 CV 阻断。奖励 -0.5 (连续无作为: 3次)
[TemplateMatcher] pause_gear.png -> max conf: 0.550 (needs 0.5, optimal scale: 0.80x)

[STEP 82] 开始执行动作...
[ACTION] AI决定: 选卡 0 -> 放入网格(2,3) -> 朝向 1
         坐标映射: 拖拽从(295,650)至(400,430) -> 方向滑动至(400,580)
[ACTION] ⛔ Fast-Fail! 目标网格(2,3)非绿色高亮(绿像素:0)。取消拖拽。
[REWARD] 执行前血条数: 0 -> 最终确认血条数: 0
[REWARD] ⛔ 非法区域/无费用，已被 CV 阻断。奖励 -0.5 (连续无作为: 4次)
[TemplateMatcher] pause_gear.png -> max conf: 0.550 (needs 0.5, optimal scale: 0.80x)

[STEP 83] 开始执行动作...
[ACTION] AI决定: 选卡 2 -> 放入网格(8,2) -> 朝向 2
         坐标映射: 拖拽从(475,650)至(1000,350) -> 方向滑动至(850,350)
[ACTION] ⛔ Fast-Fail! 目标网格(8,2)非绿色高亮(绿像素:0)。取消拖拽。
[REWARD] 执行前血条数: 0 -> 最终确认血条数: 0
[REWARD] ⛔ 非法区域/无费用，已被 CV 阻断。奖励 -0.5 (连续无作为: 5次)
[TemplateMatcher] pause_gear.png -> max conf: 0.550 (needs 0.5, optimal scale: 0.80x)

[STEP 84] 开始执行动作...
[ACTION] AI决定: 💤 挂机 (Skip / Wait for Cost)
[REWARD] 执行前血条数: 0 -> 最终确认血条数: 0
[REWARD] 💤 AI 主动挂机等费用，只扣除微小时间惩罚 -0.01
[TemplateMatcher] pause_gear.png -> max conf: 0.550 (needs 0.5, optimal scale: 0.80x)

[STEP 85] 开始执行动作...
[ACTION] AI决定: 选卡 2 -> 放入网格(0,4) -> 朝向 3
         坐标映射: 拖拽从(475,650)至(200,510) -> 方向滑动至(350,510)
[ACTION] ⛔ Fast-Fail! 目标网格(0,4)非绿色高亮(绿像素:0)。取消拖拽。
[REWARD] 执行前血条数: 0 -> 最终确认血条数: 0
[REWARD] ⛔ 非法区域/无费用，已被 CV 阻断。奖励 -0.5 (连续无作为: 1次)
[TemplateMatcher] pause_gear.png -> max conf: 0.550 (needs 0.5, optimal scale: 0.80x)

[STEP 86] 开始执行动作...
[ACTION] AI决定: 💤 挂机 (Skip / Wait for Cost)
[REWARD] 执行前血条数: 0 -> 最终确认血条数: 0
[REWARD] 💤 AI 主动挂机等费用，只扣除微小时间惩罚 -0.01
[TemplateMatcher] pause_gear.png -> max conf: 0.550 (needs 0.5, optimal scale: 0.80x)

[STEP 87] 开始执行动作...
[ACTION] AI决定: 选卡 5 -> 放入网格(4,3) -> 朝向 1
         坐标映射: 拖拽从(745,650)至(600,430) -> 方向滑动至(600,580)
[ACTION] ⛔ Fast-Fail! 目标网格(4,3)非绿色高亮(绿像素:0)。取消拖拽。
[REWARD] 执行前血条数: 0 -> 最终确认血条数: 0
[REWARD] ⛔ 非法区域/无费用，已被 CV 阻断。奖励 -0.5 (连续无作为: 1次)
[TemplateMatcher] pause_gear.png -> max conf: 0.550 (needs 0.5, optimal scale: 0.80x)

[STEP 88] 开始执行动作...
[ACTION] AI决定: 选卡 5 -> 放入网格(4,2) -> 朝向 0
         坐标映射: 拖拽从(745,650)至(600,350) -> 方向滑动至(600,200)
[ACTION] ⛔ Fast-Fail! 目标网格(4,2)非绿色高亮(绿像素:0)。取消拖拽。
[REWARD] 执行前血条数: 0 -> 最终确认血条数: 0
[REWARD] ⛔ 非法区域/无费用，已被 CV 阻断。奖励 -0.5 (连续无作为: 2次)
[TemplateMatcher] pause_gear.png -> max conf: 0.543 (needs 0.5, optimal scale: 0.80x)

[STEP 89] 开始执行动作...
[ACTION] AI决定: 选卡 0 -> 放入网格(1,1) -> 朝向 2
         坐标映射: 拖拽从(295,650)至(300,270) -> 方向滑动至(150,270)
[ACTION] ⛔ Fast-Fail! 目标网格(1,1)非绿色高亮(绿像素:0)。取消拖拽。
[REWARD] 执行前血条数: 0 -> 最终确认血条数: 0
[REWARD] ⛔ 非法区域/无费用，已被 CV 阻断。奖励 -0.5 (连续无作为: 3次)
[TemplateMatcher] pause_gear.png -> max conf: 0.550 (needs 0.5, optimal scale: 0.80x)

[STEP 90] 开始执行动作...
[ACTION] AI决定: 选卡 5 -> 放入网格(5,2) -> 朝向 0
         坐标映射: 拖拽从(745,650)至(700,350) -> 方向滑动至(700,200)
[ACTION] ⛔ Fast-Fail! 目标网格(5,2)非绿色高亮(绿像素:0)。取消拖拽。
[REWARD] 执行前血条数: 0 -> 最终确认血条数: 0
[REWARD] ⛔ 非法区域/无费用，已被 CV 阻断。奖励 -0.5 (连续无作为: 4次)
[TemplateMatcher] pause_gear.png -> max conf: 0.550 (needs 0.5, optimal scale: 0.80x)

[STEP 91] 开始执行动作...
[ACTION] AI决定: 选卡 2 -> 放入网格(0,1) -> 朝向 1
         坐标映射: 拖拽从(475,650)至(200,270) -> 方向滑动至(200,420)
[ACTION] ⛔ Fast-Fail! 目标网格(0,1)非绿色高亮(绿像素:0)。取消拖拽。
[REWARD] 执行前血条数: 0 -> 最终确认血条数: 0
[REWARD] ⛔ 非法区域/无费用，已被 CV 阻断。奖励 -0.5 (连续无作为: 5次)
[TemplateMatcher] pause_gear.png -> max conf: 0.550 (needs 0.5, optimal scale: 0.80x)

[STEP 92] 开始执行动作...
[ACTION] AI决定: 选卡 8 -> 放入网格(3,2) -> 朝向 3
         坐标映射: 拖拽从(1015,650)至(500,350) -> 方向滑动至(650,350)
[ACTION] ⛔ Fast-Fail! 目标网格(3,2)非绿色高亮(绿像素:0)。取消拖拽。
[REWARD] 执行前血条数: 0 -> 最终确认血条数: 0
[REWARD] ⛔ 非法区域/无费用，已被 CV 阻断。奖励 -0.5 (连续无作为: 6次)
[TemplateMatcher] pause_gear.png -> max conf: 0.550 (needs 0.5, optimal scale: 0.80x)

[STEP 93] 开始执行动作...
[ACTION] AI决定: 选卡 0 -> 放入网格(5,3) -> 朝向 3
         坐标映射: 拖拽从(295,650)至(700,430) -> 方向滑动至(850,430)
[ACTION] ⛔ Fast-Fail! 目标网格(5,3)非绿色高亮(绿像素:0)。取消拖拽。
[REWARD] 执行前血条数: 0 -> 最终确认血条数: 0
[REWARD] ⛔ 非法区域/无费用，已被 CV 阻断。奖励 -0.5 (连续无作为: 7次)
[TemplateMatcher] pause_gear.png -> max conf: 0.550 (needs 0.5, optimal scale: 0.80x)

[STEP 94] 开始执行动作...
[ACTION] AI决定: 选卡 8 -> 放入网格(3,4) -> 朝向 3
         坐标映射: 拖拽从(1015,650)至(500,510) -> 方向滑动至(650,510)
[ACTION] ⛔ Fast-Fail! 目标网格(3,4)非绿色高亮(绿像素:0)。取消拖拽。
[REWARD] 执行前血条数: 0 -> 最终确认血条数: 0
[REWARD] ⛔ 非法区域/无费用，已被 CV 阻断。奖励 -0.5 (连续无作为: 8次)
[TemplateMatcher] pause_gear.png -> max conf: 0.550 (needs 0.5, optimal scale: 0.80x)

[STEP 95] 开始执行动作...
[ACTION] AI决定: 选卡 0 -> 放入网格(2,4) -> 朝向 3
         坐标映射: 拖拽从(295,650)至(400,510) -> 方向滑动至(550,510)
[ACTION] ⛔ Fast-Fail! 目标网格(2,4)非绿色高亮(绿像素:0)。取消拖拽。
[REWARD] 执行前血条数: 0 -> 最终确认血条数: 0
[REWARD] ⛔ 非法区域/无费用，已被 CV 阻断。奖励 -0.5 (连续无作为: 9次)
[TemplateMatcher] pause_gear.png -> max conf: 0.550 (needs 0.5, optimal scale: 0.80x)

[STEP 96] 开始执行动作...
[ACTION] AI决定: 选卡 4 -> 放入网格(7,3) -> 朝向 1
         坐标映射: 拖拽从(655,650)至(900,430) -> 方向滑动至(900,580)
[ACTION] ⛔ Fast-Fail! 目标网格(7,3)非绿色高亮(绿像素:0)。取消拖拽。
[REWARD] 执行前血条数: 0 -> 最终确认血条数: 0
[REWARD] ⛔ 非法区域/无费用，已被 CV 阻断。奖励 -0.5 (连续无作为: 10次)
[TemplateMatcher] pause_gear.png -> max conf: 0.550 (needs 0.5, optimal scale: 0.80x)
----------------------------------------
| time/                   |            |
|    fps                  | 0          |
|    iterations           | 8          |
|    time_elapsed         | 2950       |
|    total_timesteps      | 1024       |
| train/                  |            |
|    approx_kl            | 0.08878812 |
|    clip_fraction        | 0.495      |
|    clip_range           | 0.2        |
|    entropy_loss         | -6.97      |
|    explained_variance   | -0.103     |
|    learning_rate        | 0.0003     |
|    loss                 | 5.41       |
|    n_updates            | 70         |
|    policy_gradient_loss | -0.0529    |
|    value_loss           | 17.3       |
----------------------------------------

[STEP 97] 开始执行动作...
[ACTION] AI决定: 选卡 8 -> 放入网格(5,3) -> 朝向 3
         坐标映射: 拖拽从(1015,650)至(700,430) -> 方向滑动至(850,430)
[ACTION] ⛔ Fast-Fail! 目标网格(5,3)非绿色高亮(绿像素:0)。取消拖拽。
[REWARD] 执行前血条数: 0 -> 最终确认血条数: 0
[REWARD] ⛔ 非法区域/无费用，已被 CV 阻断。奖励 -0.5 (连续无作为: 11次)
[TemplateMatcher] pause_gear.png -> max conf: 0.550 (needs 0.5, optimal scale: 0.80x)

[STEP 98] 开始执行动作...
[ACTION] AI决定: 💤 挂机 (Skip / Wait for Cost)
[REWARD] 执行前血条数: 0 -> 最终确认血条数: 0
[REWARD] 💤 AI 主动挂机等费用，只扣除微小时间惩罚 -0.01
[TemplateMatcher] pause_gear.png -> max conf: 0.550 (needs 0.5, optimal scale: 0.80x)

[STEP 99] 开始执行动作...
[ACTION] AI决定: 选卡 2 -> 放入网格(2,3) -> 朝向 0
         坐标映射: 拖拽从(475,650)至(400,430) -> 方向滑动至(400,280)
[ACTION] ⛔ Fast-Fail! 目标网格(2,3)非绿色高亮(绿像素:0)。取消拖拽。
[REWARD] 执行前血条数: 0 -> 最终确认血条数: 0
[REWARD] ⛔ 非法区域/无费用，已被 CV 阻断。奖励 -0.5 (连续无作为: 1次)
[TemplateMatcher] pause_gear.png -> max conf: 0.550 (needs 0.5, optimal scale: 0.80x)

[STEP 100] 开始执行动作...
[ACTION] AI决定: 选卡 2 -> 放入网格(7,4) -> 朝向 3
         坐标映射: 拖拽从(475,650)至(900,510) -> 方向滑动至(1050,510)
[ACTION] ⛔ Fast-Fail! 目标网格(7,4)非绿色高亮(绿像素:0)。取消拖拽。
[REWARD] 执行前血条数: 0 -> 最终确认血条数: 0
[REWARD] ⛔ 非法区域/无费用，已被 CV 阻断。奖励 -0.5 (连续无作为: 2次)
[TemplateMatcher] pause_gear.png -> max conf: 0.550 (needs 0.5, optimal scale: 0.80x)

[STEP 101] 开始执行动作...
[ACTION] AI决定: 💤 挂机 (Skip / Wait for Cost)
[REWARD] 执行前血条数: 0 -> 最终确认血条数: 0
[REWARD] 💤 AI 主动挂机等费用，只扣除微小时间惩罚 -0.01
[TemplateMatcher] pause_gear.png -> max conf: 0.550 (needs 0.5, optimal scale: 0.80x)

[STEP 102] 开始执行动作...
[ACTION] AI决定: 选卡 7 -> 放入网格(3,2) -> 朝向 3
         坐标映射: 拖拽从(925,650)至(500,350) -> 方向滑动至(650,350)
[ACTION] ⛔ Fast-Fail! 目标网格(3,2)非绿色高亮(绿像素:0)。取消拖拽。
[REWARD] 执行前血条数: 0 -> 最终确认血条数: 0
[REWARD] ⛔ 非法区域/无费用，已被 CV 阻断。奖励 -0.5 (连续无作为: 1次)
[TemplateMatcher] pause_gear.png -> max conf: 0.550 (needs 0.5, optimal scale: 0.80x)

[STEP 103] 开始执行动作...
[ACTION] AI决定: 选卡 2 -> 放入网格(8,4) -> 朝向 0
         坐标映射: 拖拽从(475,650)至(1000,510) -> 方向滑动至(1000,360)
[ACTION] ⛔ Fast-Fail! 目标网格(8,4)非绿色高亮(绿像素:0)。取消拖拽。
[REWARD] 执行前血条数: 0 -> 最终确认血条数: 0
[REWARD] ⛔ 非法区域/无费用，已被 CV 阻断。奖励 -0.5 (连续无作为: 2次)
[TemplateMatcher] pause_gear.png -> max conf: 0.550 (needs 0.5, optimal scale: 0.80x)

[STEP 104] 开始执行动作...
[ACTION] AI决定: 选卡 2 -> 放入网格(8,3) -> 朝向 0
         坐标映射: 拖拽从(475,650)至(1000,430) -> 方向滑动至(1000,280)
[ACTION] ⛔ Fast-Fail! 目标网格(8,3)非绿色高亮(绿像素:0)。取消拖拽。
[REWARD] 执行前血条数: 0 -> 最终确认血条数: 0
[REWARD] ⛔ 非法区域/无费用，已被 CV 阻断。奖励 -0.5 (连续无作为: 3次)
[TemplateMatcher] pause_gear.png -> max conf: 0.547 (needs 0.5, optimal scale: 0.80x)

[STEP 105] 开始执行动作...
[ACTION] AI决定: 选卡 9 -> 放入网格(3,3) -> 朝向 3
         坐标映射: 拖拽从(1105,650)至(500,430) -> 方向滑动至(650,430)
[ACTION] ⛔ Fast-Fail! 目标网格(3,3)非绿色高亮(绿像素:0)。取消拖拽。
[REWARD] 执行前血条数: 0 -> 最终确认血条数: 0
[REWARD] ⛔ 非法区域/无费用，已被 CV 阻断。奖励 -0.5 (连续无作为: 4次)
[TemplateMatcher] pause_gear.png -> max conf: 0.550 (needs 0.5, optimal scale: 0.80x)

[STEP 106] 开始执行动作...
[ACTION] AI决定: 选卡 1 -> 放入网格(0,2) -> 朝向 3
         坐标映射: 拖拽从(385,650)至(200,350) -> 方向滑动至(350,350)
[ACTION] ⛔ Fast-Fail! 目标网格(0,2)非绿色高亮(绿像素:0)。取消拖拽。
[REWARD] 执行前血条数: 0 -> 最终确认血条数: 0
[REWARD] ⛔ 非法区域/无费用，已被 CV 阻断。奖励 -0.5 (连续无作为: 5次)
[TemplateMatcher] pause_gear.png -> max conf: 0.550 (needs 0.5, optimal scale: 0.80x)

[STEP 107] 开始执行动作...
[ACTION] AI决定: 选卡 2 -> 放入网格(4,3) -> 朝向 2
         坐标映射: 拖拽从(475,650)至(600,430) -> 方向滑动至(450,430)
[ACTION] ⛔ Fast-Fail! 目标网格(4,3)非绿色高亮(绿像素:0)。取消拖拽。
[REWARD] 执行前血条数: 0 -> 最终确认血条数: 0
[REWARD] ⛔ 非法区域/无费用，已被 CV 阻断。奖励 -0.5 (连续无作为: 6次)
[TemplateMatcher] pause_gear.png -> max conf: 0.550 (needs 0.5, optimal scale: 0.80x)

[STEP 108] 开始执行动作...
[ACTION] AI决定: 选卡 2 -> 放入网格(0,2) -> 朝向 3
         坐标映射: 拖拽从(475,650)至(200,350) -> 方向滑动至(350,350)
[ACTION] ⛔ Fast-Fail! 目标网格(0,2)非绿色高亮(绿像素:0)。取消拖拽。
[REWARD] 执行前血条数: 0 -> 最终确认血条数: 0
[REWARD] ⛔ 非法区域/无费用，已被 CV 阻断。奖励 -0.5 (连续无作为: 7次)
[TemplateMatcher] pause_gear.png -> max conf: 0.550 (needs 0.5, optimal scale: 0.80x)

[STEP 109] 开始执行动作...
[ACTION] AI决定: 选卡 8 -> 放入网格(4,3) -> 朝向 0
         坐标映射: 拖拽从(1015,650)至(600,430) -> 方向滑动至(600,280)
[ACTION] ⛔ Fast-Fail! 目标网格(4,3)非绿色高亮(绿像素:0)。取消拖拽。
[REWARD] 执行前血条数: 0 -> 最终确认血条数: 0
[REWARD] ⛔ 非法区域/无费用，已被 CV 阻断。奖励 -0.5 (连续无作为: 8次)
[TemplateMatcher] pause_gear.png -> max conf: 0.550 (needs 0.5, optimal scale: 0.80x)

[STEP 110] 开始执行动作...
[ACTION] AI决定: 💤 挂机 (Skip / Wait for Cost)
[REWARD] 执行前血条数: 0 -> 最终确认血条数: 0
[REWARD] 💤 AI 主动挂机等费用，只扣除微小时间惩罚 -0.01
[TemplateMatcher] pause_gear.png -> max conf: 0.550 (needs 0.5, optimal scale: 0.80x)

[STEP 111] 开始执行动作...
[ACTION] AI决定: 选卡 5 -> 放入网格(6,2) -> 朝向 2
         坐标映射: 拖拽从(745,650)至(800,350) -> 方向滑动至(650,350)
[ACTION] ⛔ Fast-Fail! 目标网格(6,2)非绿色高亮(绿像素:0)。取消拖拽。
[REWARD] 执行前血条数: 0 -> 最终确认血条数: 0
[REWARD] ⛔ 非法区域/无费用，已被 CV 阻断。奖励 -0.5 (连续无作为: 1次)
[TemplateMatcher] pause_gear.png -> max conf: 0.550 (needs 0.5, optimal scale: 0.80x)

[STEP 112] 开始执行动作...
[ACTION] AI决定: 选卡 2 -> 放入网格(3,3) -> 朝向 0
         坐标映射: 拖拽从(475,650)至(500,430) -> 方向滑动至(500,280)
[ACTION] ⛔ Fast-Fail! 目标网格(3,3)非绿色高亮(绿像素:0)。取消拖拽。
[REWARD] 执行前血条数: 0 -> 最终确认血条数: 0
[REWARD] ⛔ 非法区域/无费用，已被 CV 阻断。奖励 -0.5 (连续无作为: 2次)
[TemplateMatcher] pause_gear.png -> max conf: 0.550 (needs 0.5, optimal scale: 0.80x)

[STEP 113] 开始执行动作...
[ACTION] AI决定: 选卡 5 -> 放入网格(3,2) -> 朝向 0
         坐标映射: 拖拽从(745,650)至(500,350) -> 方向滑动至(500,200)
[ACTION] ⛔ Fast-Fail! 目标网格(3,2)非绿色高亮(绿像素:0)。取消拖拽。
[REWARD] 执行前血条数: 0 -> 最终确认血条数: 0
[REWARD] ⛔ 非法区域/无费用，已被 CV 阻断。奖励 -0.5 (连续无作为: 3次)
[TemplateMatcher] pause_gear.png -> max conf: 0.550 (needs 0.5, optimal scale: 0.80x)

[STEP 114] 开始执行动作...
[ACTION] AI决定: 选卡 5 -> 放入网格(7,1) -> 朝向 3
         坐标映射: 拖拽从(745,650)至(900,270) -> 方向滑动至(1050,270)
[ACTION] ⛔ Fast-Fail! 目标网格(7,1)非绿色高亮(绿像素:0)。取消拖拽。
[REWARD] 执行前血条数: 0 -> 最终确认血条数: 0
[REWARD] ⛔ 非法区域/无费用，已被 CV 阻断。奖励 -0.5 (连续无作为: 4次)
[TemplateMatcher] pause_gear.png -> max conf: 0.551 (needs 0.5, optimal scale: 0.80x)

[STEP 115] 开始执行动作...
[ACTION] AI决定: 选卡 5 -> 放入网格(3,2) -> 朝向 1
         坐标映射: 拖拽从(745,650)至(500,350) -> 方向滑动至(500,500)
[ACTION] ⛔ Fast-Fail! 目标网格(3,2)非绿色高亮(绿像素:0)。取消拖拽。
[REWARD] 执行前血条数: 0 -> 最终确认血条数: 0
[REWARD] ⛔ 非法区域/无费用，已被 CV 阻断。奖励 -0.5 (连续无作为: 5次)
[TemplateMatcher] pause_gear.png -> max conf: 0.550 (needs 0.5, optimal scale: 0.80x)

[STEP 116] 开始执行动作...
[ACTION] AI决定: 选卡 5 -> 放入网格(3,4) -> 朝向 3
         坐标映射: 拖拽从(745,650)至(500,510) -> 方向滑动至(650,510)
[ACTION] ⛔ Fast-Fail! 目标网格(3,4)非绿色高亮(绿像素:0)。取消拖拽。
[REWARD] 执行前血条数: 0 -> 最终确认血条数: 0
[REWARD] ⛔ 非法区域/无费用，已被 CV 阻断。奖励 -0.5 (连续无作为: 6次)
[TemplateMatcher] pause_gear.png -> max conf: 0.550 (needs 0.5, optimal scale: 0.80x)

[STEP 117] 开始执行动作...
[ACTION] AI决定: 选卡 8 -> 放入网格(3,2) -> 朝向 1
         坐标映射: 拖拽从(1015,650)至(500,350) -> 方向滑动至(500,500)
[ACTION] ⛔ Fast-Fail! 目标网格(3,2)非绿色高亮(绿像素:0)。取消拖拽。
[REWARD] 执行前血条数: 0 -> 最终确认血条数: 0
[REWARD] ⛔ 非法区域/无费用，已被 CV 阻断。奖励 -0.5 (连续无作为: 7次)
[TemplateMatcher] pause_gear.png -> max conf: 0.550 (needs 0.5, optimal scale: 0.80x)

[STEP 118] 开始执行动作...
[ACTION] AI决定: 选卡 2 -> 放入网格(3,4) -> 朝向 3
         坐标映射: 拖拽从(475,650)至(500,510) -> 方向滑动至(650,510)
[ACTION] ⛔ Fast-Fail! 目标网格(3,4)非绿色高亮(绿像素:0)。取消拖拽。
[REWARD] 执行前血条数: 0 -> 最终确认血条数: 0
[REWARD] ⛔ 非法区域/无费用，已被 CV 阻断。奖励 -0.5 (连续无作为: 8次)
[TemplateMatcher] pause_gear.png -> max conf: 0.550 (needs 0.5, optimal scale: 0.80x)

[STEP 119] 开始执行动作...
[ACTION] AI决定: 选卡 5 -> 放入网格(9,1) -> 朝向 0
         坐标映射: 拖拽从(745,650)至(1100,270) -> 方向滑动至(1100,120)
[ACTION] ⛔ Fast-Fail! 目标网格(9,1)非绿色高亮(绿像素:0)。取消拖拽。
[REWARD] 执行前血条数: 0 -> 最终确认血条数: 0
[REWARD] ⛔ 非法区域/无费用，已被 CV 阻断。奖励 -0.5 (连续无作为: 9次)
[TemplateMatcher] pause_gear.png -> max conf: 0.550 (needs 0.5, optimal scale: 0.80x)

[STEP 120] 开始执行动作...
[ACTION] AI决定: 选卡 0 -> 放入网格(8,2) -> 朝向 2
         坐标映射: 拖拽从(295,650)至(1000,350) -> 方向滑动至(850,350)
[ACTION] ⛔ Fast-Fail! 目标网格(8,2)非绿色高亮(绿像素:0)。取消拖拽。
[REWARD] 执行前血条数: 0 -> 最终确认血条数: 0
[REWARD] ⛔ 非法区域/无费用，已被 CV 阻断。奖励 -0.5 (连续无作为: 10次)
[TemplateMatcher] pause_gear.png -> max conf: 0.550 (needs 0.5, optimal scale: 0.80x)

[STEP 121] 开始执行动作...
[ACTION] AI决定: 💤 挂机 (Skip / Wait for Cost)
[REWARD] 执行前血条数: 0 -> 最终确认血条数: 0
[REWARD] 💤 AI 主动挂机等费用，只扣除微小时间惩罚 -0.01
[TemplateMatcher] pause_gear.png -> max conf: 0.550 (needs 0.5, optimal scale: 0.80x)

[STEP 122] 开始执行动作...
[ACTION] AI决定: 选卡 2 -> 放入网格(7,4) -> 朝向 0
         坐标映射: 拖拽从(475,650)至(900,510) -> 方向滑动至(900,360)
[ACTION] ⛔ Fast-Fail! 目标网格(7,4)非绿色高亮(绿像素:0)。取消拖拽。
[REWARD] 执行前血条数: 0 -> 最终确认血条数: 0
[REWARD] ⛔ 非法区域/无费用，已被 CV 阻断。奖励 -0.5 (连续无作为: 1次)
[TemplateMatcher] pause_gear.png -> max conf: 0.550 (needs 0.5, optimal scale: 0.80x)

[STEP 123] 开始执行动作...
[ACTION] AI决定: 选卡 9 -> 放入网格(5,3) -> 朝向 2
         坐标映射: 拖拽从(1105,650)至(700,430) -> 方向滑动至(550,430)
[ACTION] ⛔ Fast-Fail! 目标网格(5,3)非绿色高亮(绿像素:0)。取消拖拽。
[REWARD] 执行前血条数: 0 -> 最终确认血条数: 0
[REWARD] ⛔ 非法区域/无费用，已被 CV 阻断。奖励 -0.5 (连续无作为: 2次)
[TemplateMatcher] pause_gear.png -> max conf: 0.550 (needs 0.5, optimal scale: 0.80x)

[STEP 124] 开始执行动作...
[ACTION] AI决定: 💤 挂机 (Skip / Wait for Cost)
[REWARD] 执行前血条数: 0 -> 最终确认血条数: 0
[REWARD] 💤 AI 主动挂机等费用，只扣除微小时间惩罚 -0.01
[TemplateMatcher] pause_gear.png -> max conf: 0.550 (needs 0.5, optimal scale: 0.80x)

[STEP 125] 开始执行动作...
[ACTION] AI决定: 选卡 5 -> 放入网格(0,1) -> 朝向 1
         坐标映射: 拖拽从(745,650)至(200,270) -> 方向滑动至(200,420)
[ACTION] ⛔ Fast-Fail! 目标网格(0,1)非绿色高亮(绿像素:0)。取消拖拽。
[REWARD] 执行前血条数: 0 -> 最终确认血条数: 0
[REWARD] ⛔ 非法区域/无费用，已被 CV 阻断。奖励 -0.5 (连续无作为: 1次)
[TemplateMatcher] pause_gear.png -> max conf: 0.550 (needs 0.5, optimal scale: 0.80x)

[STEP 126] 开始执行动作...
[ACTION] AI决定: 选卡 0 -> 放入网格(8,3) -> 朝向 2
         坐标映射: 拖拽从(295,650)至(1000,430) -> 方向滑动至(850,430)
[ACTION] ⛔ Fast-Fail! 目标网格(8,3)非绿色高亮(绿像素:0)。取消拖拽。
[REWARD] 执行前血条数: 0 -> 最终确认血条数: 0
[REWARD] ⛔ 非法区域/无费用，已被 CV 阻断。奖励 -0.5 (连续无作为: 2次)
[TemplateMatcher] pause_gear.png -> max conf: 0.550 (needs 0.5, optimal scale: 0.80x)

[STEP 127] 开始执行动作...
[ACTION] AI决定: 选卡 5 -> 放入网格(8,2) -> 朝向 0
         坐标映射: 拖拽从(745,650)至(1000,350) -> 方向滑动至(1000,200)
[ACTION] ⛔ Fast-Fail! 目标网格(8,2)非绿色高亮(绿像素:0)。取消拖拽。
[REWARD] 执行前血条数: 0 -> 最终确认血条数: 0
[REWARD] ⛔ 非法区域/无费用，已被 CV 阻断。奖励 -0.5 (连续无作为: 3次)
[TemplateMatcher] pause_gear.png -> max conf: 0.550 (needs 0.5, optimal scale: 0.80x)

[STEP 128] 开始执行动作...
[ACTION] AI决定: 选卡 5 -> 放入网格(8,1) -> 朝向 2
         坐标映射: 拖拽从(745,650)至(1000,270) -> 方向滑动至(850,270)
[ACTION] ⛔ Fast-Fail! 目标网格(8,1)非绿色高亮(绿像素:0)。取消拖拽。
[REWARD] 执行前血条数: 0 -> 最终确认血条数: 0
[REWARD] ⛔ 非法区域/无费用，已被 CV 阻断。奖励 -0.5 (连续无作为: 4次)
[TemplateMatcher] pause_gear.png -> max conf: 0.550 (needs 0.5, optimal scale: 0.80x)

[STEP 129] 开始执行动作...
[ACTION] AI决定: 选卡 0 -> 放入网格(5,1) -> 朝向 3
         坐标映射: 拖拽从(295,650)至(700,270) -> 方向滑动至(850,270)
[ACTION] ⛔ Fast-Fail! 目标网格(5,1)非绿色高亮(绿像素:0)。取消拖拽。
[REWARD] 执行前血条数: 0 -> 最终确认血条数: 0
[REWARD] ⛔ 非法区域/无费用，已被 CV 阻断。奖励 -0.5 (连续无作为: 5次)
[TemplateMatcher] pause_gear.png -> max conf: 0.550 (needs 0.5, optimal scale: 0.80x)

[STEP 130] 开始执行动作...
[ACTION] AI决定: 选卡 9 -> 放入网格(3,4) -> 朝向 2
         坐标映射: 拖拽从(1105,650)至(500,510) -> 方向滑动至(350,510)
[ACTION] ⛔ Fast-Fail! 目标网格(3,4)非绿色高亮(绿像素:0)。取消拖拽。
[REWARD] 执行前血条数: 0 -> 最终确认血条数: 0
[REWARD] ⛔ 非法区域/无费用，已被 CV 阻断。奖励 -0.5 (连续无作为: 6次)
[TemplateMatcher] pause_gear.png -> max conf: 0.550 (needs 0.5, optimal scale: 0.80x)

[STEP 131] 开始执行动作...
[ACTION] AI决定: 💤 挂机 (Skip / Wait for Cost)
[REWARD] 执行前血条数: 0 -> 最终确认血条数: 0
[REWARD] 💤 AI 主动挂机等费用，只扣除微小时间惩罚 -0.01
[TemplateMatcher] pause_gear.png -> max conf: 0.550 (needs 0.5, optimal scale: 0.80x)

[STEP 132] 开始执行动作...
[ACTION] AI决定: 选卡 5 -> 放入网格(8,2) -> 朝向 1
         坐标映射: 拖拽从(745,650)至(1000,350) -> 方向滑动至(1000,500)
[ACTION] ⛔ Fast-Fail! 目标网格(8,2)非绿色高亮(绿像素:0)。取消拖拽。
[REWARD] 执行前血条数: 0 -> 最终确认血条数: 0
[REWARD] ⛔ 非法区域/无费用，已被 CV 阻断。奖励 -0.5 (连续无作为: 1次)
[TemplateMatcher] pause_gear.png -> max conf: 0.550 (needs 0.5, optimal scale: 0.80x)

[STEP 133] 开始执行动作...
[ACTION] AI决定: 选卡 2 -> 放入网格(4,3) -> 朝向 3
         坐标映射: 拖拽从(475,650)至(600,430) -> 方向滑动至(750,430)
[ACTION] ⛔ Fast-Fail! 目标网格(4,3)非绿色高亮(绿像素:0)。取消拖拽。
[REWARD] 执行前血条数: 0 -> 最终确认血条数: 0
[REWARD] ⛔ 非法区域/无费用，已被 CV 阻断。奖励 -0.5 (连续无作为: 2次)
[TemplateMatcher] pause_gear.png -> max conf: 0.550 (needs 0.5, optimal scale: 0.80x)

[STEP 134] 开始执行动作...
[ACTION] AI决定: 选卡 5 -> 放入网格(7,0) -> 朝向 3
         坐标映射: 拖拽从(745,650)至(900,190) -> 方向滑动至(1050,190)
[ACTION] ⛔ Fast-Fail! 目标网格(7,0)非绿色高亮(绿像素:0)。取消拖拽。
[REWARD] 执行前血条数: 0 -> 最终确认血条数: 0
[REWARD] ⛔ 非法区域/无费用，已被 CV 阻断。奖励 -0.5 (连续无作为: 3次)
[TemplateMatcher] pause_gear.png -> max conf: 0.550 (needs 0.5, optimal scale: 0.80x)

[STEP 135] 开始执行动作...
[ACTION] AI决定: 选卡 5 -> 放入网格(4,4) -> 朝向 1
         坐标映射: 拖拽从(745,650)至(600,510) -> 方向滑动至(600,660)
[ACTION] ⛔ Fast-Fail! 目标网格(4,4)非绿色高亮(绿像素:0)。取消拖拽。
[REWARD] 执行前血条数: 0 -> 最终确认血条数: 0
[REWARD] ⛔ 非法区域/无费用，已被 CV 阻断。奖励 -0.5 (连续无作为: 4次)
[TemplateMatcher] pause_gear.png -> max conf: 0.550 (needs 0.5, optimal scale: 0.80x)

[STEP 136] 开始执行动作...
[ACTION] AI决定: 选卡 8 -> 放入网格(5,4) -> 朝向 1
         坐标映射: 拖拽从(1015,650)至(700,510) -> 方向滑动至(700,660)
[ACTION] ⛔ Fast-Fail! 目标网格(5,4)非绿色高亮(绿像素:0)。取消拖拽。
[REWARD] 执行前血条数: 0 -> 最终确认血条数: 0
[REWARD] ⛔ 非法区域/无费用，已被 CV 阻断。奖励 -0.5 (连续无作为: 5次)
[TemplateMatcher] pause_gear.png -> max conf: 0.550 (needs 0.5, optimal scale: 0.80x)

[STEP 137] 开始执行动作...
[ACTION] AI决定: 选卡 5 -> 放入网格(5,2) -> 朝向 1
         坐标映射: 拖拽从(745,650)至(700,350) -> 方向滑动至(700,500)
[ACTION] ⛔ Fast-Fail! 目标网格(5,2)非绿色高亮(绿像素:0)。取消拖拽。
[REWARD] 执行前血条数: 0 -> 最终确认血条数: 0
[REWARD] ⛔ 非法区域/无费用，已被 CV 阻断。奖励 -0.5 (连续无作为: 6次)
[TemplateMatcher] pause_gear.png -> max conf: 0.550 (needs 0.5, optimal scale: 0.80x)

[STEP 138] 开始执行动作...
[ACTION] AI决定: 选卡 8 -> 放入网格(3,2) -> 朝向 2
         坐标映射: 拖拽从(1015,650)至(500,350) -> 方向滑动至(350,350)
[ACTION] ⛔ Fast-Fail! 目标网格(3,2)非绿色高亮(绿像素:0)。取消拖拽。
[REWARD] 执行前血条数: 0 -> 最终确认血条数: 0
[REWARD] ⛔ 非法区域/无费用，已被 CV 阻断。奖励 -0.5 (连续无作为: 7次)
[TemplateMatcher] pause_gear.png -> max conf: 0.550 (needs 0.5, optimal scale: 0.80x)

[STEP 139] 开始执行动作...
[ACTION] AI决定: 选卡 5 -> 放入网格(9,1) -> 朝向 0
         坐标映射: 拖拽从(745,650)至(1100,270) -> 方向滑动至(1100,120)
[ACTION] ⛔ Fast-Fail! 目标网格(9,1)非绿色高亮(绿像素:0)。取消拖拽。
[REWARD] 执行前血条数: 0 -> 最终确认血条数: 0
[REWARD] ⛔ 非法区域/无费用，已被 CV 阻断。奖励 -0.5 (连续无作为: 8次)
[TemplateMatcher] pause_gear.png -> max conf: 0.550 (needs 0.5, optimal scale: 0.80x)

[STEP 140] 开始执行动作...
[ACTION] AI决定: 选卡 5 -> 放入网格(7,2) -> 朝向 1
         坐标映射: 拖拽从(745,650)至(900,350) -> 方向滑动至(900,500)
[ACTION] ⛔ Fast-Fail! 目标网格(7,2)非绿色高亮(绿像素:0)。取消拖拽。
[REWARD] 执行前血条数: 0 -> 最终确认血条数: 0
[REWARD] ⛔ 非法区域/无费用，已被 CV 阻断。奖励 -0.5 (连续无作为: 9次)
[TemplateMatcher] pause_gear.png -> max conf: 0.550 (needs 0.5, optimal scale: 0.80x)

[STEP 141] 开始执行动作...
[ACTION] AI决定: 选卡 8 -> 放入网格(3,3) -> 朝向 3
         坐标映射: 拖拽从(1015,650)至(500,430) -> 方向滑动至(650,430)
[ACTION] ⛔ Fast-Fail! 目标网格(3,3)非绿色高亮(绿像素:0)。取消拖拽。
[REWARD] 执行前血条数: 0 -> 最终确认血条数: 0
[REWARD] ⛔ 非法区域/无费用，已被 CV 阻断。奖励 -0.5 (连续无作为: 10次)
[TemplateMatcher] pause_gear.png -> max conf: 0.547 (needs 0.5, optimal scale: 0.80x)

[STEP 142] 开始执行动作...
[ACTION] AI决定: 选卡 5 -> 放入网格(4,2) -> 朝向 1
         坐标映射: 拖拽从(745,650)至(600,350) -> 方向滑动至(600,500)
[ACTION] ⛔ Fast-Fail! 目标网格(4,2)非绿色高亮(绿像素:0)。取消拖拽。
[REWARD] 执行前血条数: 0 -> 最终确认血条数: 0
[REWARD] ⛔ 非法区域/无费用，已被 CV 阻断。奖励 -0.5 (连续无作为: 11次)
[TemplateMatcher] pause_gear.png -> max conf: 0.550 (needs 0.5, optimal scale: 0.80x)

[STEP 143] 开始执行动作...
[ACTION] AI决定: 选卡 5 -> 放入网格(3,1) -> 朝向 1
         坐标映射: 拖拽从(745,650)至(500,270) -> 方向滑动至(500,420)
[ACTION] ⛔ Fast-Fail! 目标网格(3,1)非绿色高亮(绿像素:0)。取消拖拽。
[REWARD] 执行前血条数: 0 -> 最终确认血条数: 0
[REWARD] ⛔ 非法区域/无费用，已被 CV 阻断。奖励 -0.5 (连续无作为: 12次)
[TemplateMatcher] pause_gear.png -> max conf: 0.550 (needs 0.5, optimal scale: 0.80x)

[STEP 144] 开始执行动作...
[ACTION] AI决定: 选卡 9 -> 放入网格(7,1) -> 朝向 1
         坐标映射: 拖拽从(1105,650)至(900,270) -> 方向滑动至(900,420)
[ACTION] ⛔ Fast-Fail! 目标网格(7,1)非绿色高亮(绿像素:0)。取消拖拽。
[REWARD] 执行前血条数: 0 -> 最终确认血条数: 0
[REWARD] ⛔ 非法区域/无费用，已被 CV 阻断。奖励 -0.5 (连续无作为: 13次)
[TemplateMatcher] pause_gear.png -> max conf: 0.550 (needs 0.5, optimal scale: 0.80x)

[STEP 145] 开始执行动作...
[ACTION] AI决定: 选卡 2 -> 放入网格(3,2) -> 朝向 3
         坐标映射: 拖拽从(475,650)至(500,350) -> 方向滑动至(650,350)
[ACTION] ⛔ Fast-Fail! 目标网格(3,2)非绿色高亮(绿像素:0)。取消拖拽。
[REWARD] 执行前血条数: 0 -> 最终确认血条数: 0
[REWARD] ⛔ 非法区域/无费用，已被 CV 阻断。奖励 -0.5 (连续无作为: 14次)
[TemplateMatcher] pause_gear.png -> max conf: 0.550 (needs 0.5, optimal scale: 0.80x)

[STEP 146] 开始执行动作...
[ACTION] AI决定: 选卡 5 -> 放入网格(8,2) -> 朝向 3
         坐标映射: 拖拽从(745,650)至(1000,350) -> 方向滑动至(1150,350)
[ACTION] ⛔ Fast-Fail! 目标网格(8,2)非绿色高亮(绿像素:0)。取消拖拽。
[REWARD] 执行前血条数: 0 -> 最终确认血条数: 0
[REWARD] ⛔ 非法区域/无费用，已被 CV 阻断。奖励 -0.5 (连续无作为: 15次)
[TemplateMatcher] pause_gear.png -> max conf: 0.550 (needs 0.5, optimal scale: 0.80x)

[STEP 147] 开始执行动作...
[ACTION] AI决定: 选卡 5 -> 放入网格(7,3) -> 朝向 3
         坐标映射: 拖拽从(745,650)至(900,430) -> 方向滑动至(1050,430)
[ACTION] ⛔ Fast-Fail! 目标网格(7,3)非绿色高亮(绿像素:0)。取消拖拽。
[REWARD] 执行前血条数: 0 -> 最终确认血条数: 0
[REWARD] ⛔ 非法区域/无费用，已被 CV 阻断。奖励 -0.5 (连续无作为: 16次)
[TemplateMatcher] pause_gear.png -> max conf: 0.550 (needs 0.5, optimal scale: 0.80x)

[STEP 148] 开始执行动作...
[ACTION] AI决定: 选卡 8 -> 放入网格(8,4) -> 朝向 2
         坐标映射: 拖拽从(1015,650)至(1000,510) -> 方向滑动至(850,510)
[ACTION] ⛔ Fast-Fail! 目标网格(8,4)非绿色高亮(绿像素:0)。取消拖拽。
[REWARD] 执行前血条数: 0 -> 最终确认血条数: 0
[REWARD] ⛔ 非法区域/无费用，已被 CV 阻断。奖励 -0.5 (连续无作为: 17次)
[TemplateMatcher] pause_gear.png -> max conf: 0.550 (needs 0.5, optimal scale: 0.80x)

[STEP 149] 开始执行动作...
[ACTION] AI决定: 选卡 5 -> 放入网格(7,3) -> 朝向 2
         坐标映射: 拖拽从(745,650)至(900,430) -> 方向滑动至(750,430)
[ACTION] ⛔ Fast-Fail! 目标网格(7,3)非绿色高亮(绿像素:0)。取消拖拽。
[REWARD] 执行前血条数: 0 -> 最终确认血条数: 0
[REWARD] ⛔ 非法区域/无费用，已被 CV 阻断。奖励 -0.5 (连续无作为: 18次)
[TemplateMatcher] pause_gear.png -> max conf: 0.548 (needs 0.5, optimal scale: 0.80x)

[STEP 150] 开始执行动作...
[ACTION] AI决定: 选卡 2 -> 放入网格(6,3) -> 朝向 1
         坐标映射: 拖拽从(475,650)至(800,430) -> 方向滑动至(800,580)
[ACTION] ⛔ Fast-Fail! 目标网格(6,3)非绿色高亮(绿像素:0)。取消拖拽。
[REWARD] 执行前血条数: 0 -> 最终确认血条数: 0
[REWARD] ⛔ 非法区域/无费用，已被 CV 阻断。奖励 -0.5 (连续无作为: 19次)
[TemplateMatcher] pause_gear.png -> max conf: 0.550 (needs 0.5, optimal scale: 0.80x)

[STEP 151] 开始执行动作...
[ACTION] AI决定: 选卡 8 -> 放入网格(3,2) -> 朝向 1
         坐标映射: 拖拽从(1015,650)至(500,350) -> 方向滑动至(500,500)
[ACTION] ⛔ Fast-Fail! 目标网格(3,2)非绿色高亮(绿像素:0)。取消拖拽。
[REWARD] 执行前血条数: 0 -> 最终确认血条数: 0
[REWARD] ⛔ 非法区域/无费用，已被 CV 阻断。奖励 -0.5 (连续无作为: 20次)
[TemplateMatcher] pause_gear.png -> max conf: 0.553 (needs 0.5, optimal scale: 0.80x)

[STEP 152] 开始执行动作...
[ACTION] AI决定: 选卡 1 -> 放入网格(6,2) -> 朝向 2
         坐标映射: 拖拽从(385,650)至(800,350) -> 方向滑动至(650,350)
[ACTION] ⛔ Fast-Fail! 目标网格(6,2)非绿色高亮(绿像素:0)。取消拖拽。
[REWARD] 执行前血条数: 0 -> 最终确认血条数: 0
[REWARD] ⛔ 非法区域/无费用，已被 CV 阻断。奖励 -0.5 (连续无作为: 21次)
[TemplateMatcher] pause_gear.png -> max conf: 0.550 (needs 0.5, optimal scale: 0.80x)

[STEP 153] 开始执行动作...
[ACTION] AI决定: 选卡 9 -> 放入网格(5,2) -> 朝向 1
         坐标映射: 拖拽从(1105,650)至(700,350) -> 方向滑动至(700,500)
[ACTION] ⛔ Fast-Fail! 目标网格(5,2)非绿色高亮(绿像素:0)。取消拖拽。
[REWARD] 执行前血条数: 0 -> 最终确认血条数: 0
[REWARD] ⛔ 非法区域/无费用，已被 CV 阻断。奖励 -0.5 (连续无作为: 22次)
[TemplateMatcher] pause_gear.png -> max conf: 0.549 (needs 0.5, optimal scale: 0.80x)

[STEP 154] 开始执行动作...
[ACTION] AI决定: 选卡 2 -> 放入网格(0,1) -> 朝向 3
         坐标映射: 拖拽从(475,650)至(200,270) -> 方向滑动至(350,270)
[ACTION] ⛔ Fast-Fail! 目标网格(0,1)非绿色高亮(绿像素:0)。取消拖拽。
[REWARD] 执行前血条数: 0 -> 最终确认血条数: 0
[REWARD] ⛔ 非法区域/无费用，已被 CV 阻断。奖励 -0.5 (连续无作为: 23次)
[TemplateMatcher] pause_gear.png -> max conf: 0.550 (needs 0.5, optimal scale: 0.80x)

[STEP 155] 开始执行动作...
[ACTION] AI决定: 选卡 5 -> 放入网格(7,3) -> 朝向 1
         坐标映射: 拖拽从(745,650)至(900,430) -> 方向滑动至(900,580)
[ACTION] ⛔ Fast-Fail! 目标网格(7,3)非绿色高亮(绿像素:0)。取消拖拽。
[REWARD] 执行前血条数: 0 -> 最终确认血条数: 0
[REWARD] ⛔ 非法区域/无费用，已被 CV 阻断。奖励 -0.5 (连续无作为: 24次)
[TemplateMatcher] pause_gear.png -> max conf: 0.550 (needs 0.5, optimal scale: 0.80x)

[STEP 156] 开始执行动作...
[ACTION] AI决定: 选卡 5 -> 放入网格(4,2) -> 朝向 1
         坐标映射: 拖拽从(745,650)至(600,350) -> 方向滑动至(600,500)
[ACTION] ⛔ Fast-Fail! 目标网格(4,2)非绿色高亮(绿像素:0)。取消拖拽。
[REWARD] 执行前血条数: 0 -> 最终确认血条数: 0
[REWARD] ⛔ 非法区域/无费用，已被 CV 阻断。奖励 -0.5 (连续无作为: 25次)
[TemplateMatcher] pause_gear.png -> max conf: 0.550 (needs 0.5, optimal scale: 0.80x)

[STEP 157] 开始执行动作...
[ACTION] AI决定: 选卡 1 -> 放入网格(0,4) -> 朝向 3
         坐标映射: 拖拽从(385,650)至(200,510) -> 方向滑动至(350,510)
[ACTION] ⛔ Fast-Fail! 目标网格(0,4)非绿色高亮(绿像素:0)。取消拖拽。
[REWARD] 执行前血条数: 0 -> 最终确认血条数: 0
[REWARD] ⛔ 非法区域/无费用，已被 CV 阻断。奖励 -0.5 (连续无作为: 26次)
[TemplateMatcher] pause_gear.png -> max conf: 0.550 (needs 0.5, optimal scale: 0.80x)

[STEP 158] 开始执行动作...
[ACTION] AI决定: 💤 挂机 (Skip / Wait for Cost)
[REWARD] 执行前血条数: 0 -> 最终确认血条数: 0
[REWARD] 💤 AI 主动挂机等费用，只扣除微小时间惩罚 -0.01
[TemplateMatcher] pause_gear.png -> max conf: 0.550 (needs 0.5, optimal scale: 0.80x)

[STEP 159] 开始执行动作...
[ACTION] AI决定: 选卡 8 -> 放入网格(7,1) -> 朝向 3
         坐标映射: 拖拽从(1015,650)至(900,270) -> 方向滑动至(1050,270)
[ACTION] ⛔ Fast-Fail! 目标网格(7,1)非绿色高亮(绿像素:0)。取消拖拽。
[REWARD] 执行前血条数: 0 -> 最终确认血条数: 0
[REWARD] ⛔ 非法区域/无费用，已被 CV 阻断。奖励 -0.5 (连续无作为: 1次)
[TemplateMatcher] pause_gear.png -> max conf: 0.547 (needs 0.5, optimal scale: 0.80x)

[STEP 160] 开始执行动作...
[ACTION] AI决定: 选卡 5 -> 放入网格(8,4) -> 朝向 1
         坐标映射: 拖拽从(745,650)至(1000,510) -> 方向滑动至(1000,660)
[ACTION] ⛔ Fast-Fail! 目标网格(8,4)非绿色高亮(绿像素:0)。取消拖拽。
[REWARD] 执行前血条数: 0 -> 最终确认血条数: 0
[REWARD] ⛔ 非法区域/无费用，已被 CV 阻断。奖励 -0.5 (连续无作为: 2次)
[TemplateMatcher] pause_gear.png -> max conf: 0.550 (needs 0.5, optimal scale: 0.80x)

[STEP 161] 开始执行动作...
[ACTION] AI决定: 选卡 2 -> 放入网格(7,2) -> 朝向 2
         坐标映射: 拖拽从(475,650)至(900,350) -> 方向滑动至(750,350)
[ACTION] ⛔ Fast-Fail! 目标网格(7,2)非绿色高亮(绿像素:0)。取消拖拽。
[REWARD] 执行前血条数: 0 -> 最终确认血条数: 0
[REWARD] ⛔ 非法区域/无费用，已被 CV 阻断。奖励 -0.5 (连续无作为: 3次)
[TemplateMatcher] pause_gear.png -> max conf: 0.550 (needs 0.5, optimal scale: 0.80x)

[STEP 162] 开始执行动作...
[ACTION] AI决定: 选卡 8 -> 放入网格(3,4) -> 朝向 0
         坐标映射: 拖拽从(1015,650)至(500,510) -> 方向滑动至(500,360)
[ACTION] ⛔ Fast-Fail! 目标网格(3,4)非绿色高亮(绿像素:0)。取消拖拽。
[REWARD] 执行前血条数: 0 -> 最终确认血条数: 0
[REWARD] ⛔ 非法区域/无费用，已被 CV 阻断。奖励 -0.5 (连续无作为: 4次)
[TemplateMatcher] pause_gear.png -> max conf: 0.550 (needs 0.5, optimal scale: 0.80x)

[STEP 163] 开始执行动作...
[ACTION] AI决定: 选卡 2 -> 放入网格(3,2) -> 朝向 3
         坐标映射: 拖拽从(475,650)至(500,350) -> 方向滑动至(650,350)
[ACTION] ⛔ Fast-Fail! 目标网格(3,2)非绿色高亮(绿像素:0)。取消拖拽。
[REWARD] 执行前血条数: 0 -> 最终确认血条数: 0
[REWARD] ⛔ 非法区域/无费用，已被 CV 阻断。奖励 -0.5 (连续无作为: 5次)
[TemplateMatcher] pause_gear.png -> max conf: 0.549 (needs 0.5, optimal scale: 0.80x)

[STEP 164] 开始执行动作...
[ACTION] AI决定: 选卡 6 -> 放入网格(8,4) -> 朝向 1
         坐标映射: 拖拽从(835,650)至(1000,510) -> 方向滑动至(1000,660)
[ACTION] ⛔ Fast-Fail! 目标网格(8,4)非绿色高亮(绿像素:0)。取消拖拽。
[REWARD] 执行前血条数: 0 -> 最终确认血条数: 0
[REWARD] ⛔ 非法区域/无费用，已被 CV 阻断。奖励 -0.5 (连续无作为: 6次)
[TemplateMatcher] pause_gear.png -> max conf: 0.550 (needs 0.5, optimal scale: 0.80x)

[STEP 165] 开始执行动作...
[ACTION] AI决定: 💤 挂机 (Skip / Wait for Cost)
[REWARD] 执行前血条数: 0 -> 最终确认血条数: 0
[REWARD] 💤 AI 主动挂机等费用，只扣除微小时间惩罚 -0.01
[TemplateMatcher] pause_gear.png -> max conf: 0.550 (needs 0.5, optimal scale: 0.80x)

[STEP 166] 开始执行动作...
[ACTION] AI决定: 选卡 5 -> 放入网格(0,3) -> 朝向 0
         坐标映射: 拖拽从(745,650)至(200,430) -> 方向滑动至(200,280)
[ACTION] ⛔ Fast-Fail! 目标网格(0,3)非绿色高亮(绿像素:0)。取消拖拽。
[REWARD] 执行前血条数: 0 -> 最终确认血条数: 0
[REWARD] ⛔ 非法区域/无费用，已被 CV 阻断。奖励 -0.5 (连续无作为: 1次)
[TemplateMatcher] pause_gear.png -> max conf: 0.550 (needs 0.5, optimal scale: 0.80x)

[STEP 167] 开始执行动作...
[ACTION] AI决定: 选卡 8 -> 放入网格(3,2) -> 朝向 1
         坐标映射: 拖拽从(1015,650)至(500,350) -> 方向滑动至(500,500)
[ACTION] ⛔ Fast-Fail! 目标网格(3,2)非绿色高亮(绿像素:0)。取消拖拽。
[REWARD] 执行前血条数: 0 -> 最终确认血条数: 0
[REWARD] ⛔ 非法区域/无费用，已被 CV 阻断。奖励 -0.5 (连续无作为: 2次)
[TemplateMatcher] pause_gear.png -> max conf: 0.550 (needs 0.5, optimal scale: 0.80x)

[STEP 168] 开始执行动作...
[ACTION] AI决定: 💤 挂机 (Skip / Wait for Cost)
[REWARD] 执行前血条数: 0 -> 最终确认血条数: 0
[REWARD] 💤 AI 主动挂机等费用，只扣除微小时间惩罚 -0.01
[TemplateMatcher] pause_gear.png -> max conf: 0.550 (needs 0.5, optimal scale: 0.80x)

[STEP 169] 开始执行动作...
[ACTION] AI决定: 选卡 0 -> 放入网格(8,2) -> 朝向 1
         坐标映射: 拖拽从(295,650)至(1000,350) -> 方向滑动至(1000,500)
[ACTION] ⛔ Fast-Fail! 目标网格(8,2)非绿色高亮(绿像素:0)。取消拖拽。
[REWARD] 执行前血条数: 0 -> 最终确认血条数: 0
[REWARD] ⛔ 非法区域/无费用，已被 CV 阻断。奖励 -0.5 (连续无作为: 1次)
[TemplateMatcher] pause_gear.png -> max conf: 0.550 (needs 0.5, optimal scale: 0.80x)

[STEP 170] 开始执行动作...
[ACTION] AI决定: 选卡 5 -> 放入网格(7,3) -> 朝向 3
         坐标映射: 拖拽从(745,650)至(900,430) -> 方向滑动至(1050,430)
[ACTION] ⛔ Fast-Fail! 目标网格(7,3)非绿色高亮(绿像素:0)。取消拖拽。
[REWARD] 执行前血条数: 0 -> 最终确认血条数: 0
[REWARD] ⛔ 非法区域/无费用，已被 CV 阻断。奖励 -0.5 (连续无作为: 2次)
[TemplateMatcher] pause_gear.png -> max conf: 0.550 (needs 0.5, optimal scale: 0.80x)

[STEP 171] 开始执行动作...
[ACTION] AI决定: 💤 挂机 (Skip / Wait for Cost)
[REWARD] 执行前血条数: 0 -> 最终确认血条数: 0
[REWARD] 💤 AI 主动挂机等费用，只扣除微小时间惩罚 -0.01
[TemplateMatcher] pause_gear.png -> max conf: 0.550 (needs 0.5, optimal scale: 0.80x)

[STEP 172] 开始执行动作...
[ACTION] AI决定: 选卡 5 -> 放入网格(4,2) -> 朝向 1
         坐标映射: 拖拽从(745,650)至(600,350) -> 方向滑动至(600,500)
[ACTION] ⛔ Fast-Fail! 目标网格(4,2)非绿色高亮(绿像素:0)。取消拖拽。
[REWARD] 执行前血条数: 0 -> 最终确认血条数: 0
[REWARD] ⛔ 非法区域/无费用，已被 CV 阻断。奖励 -0.5 (连续无作为: 1次)
[TemplateMatcher] pause_gear.png -> max conf: 0.550 (needs 0.5, optimal scale: 0.80x)
[SAVE] 自动保存进度 (Step 1100) -> policy_latest.zip

[STEP 173] 开始执行动作...
[ACTION] AI决定: 💤 挂机 (Skip / Wait for Cost)
[REWARD] 执行前血条数: 0 -> 最终确认血条数: 0
[REWARD] 💤 AI 主动挂机等费用，只扣除微小时间惩罚 -0.01
[TemplateMatcher] pause_gear.png -> max conf: 0.550 (needs 0.5, optimal scale: 0.80x)

[STEP 174] 开始执行动作...
[ACTION] AI决定: 选卡 8 -> 放入网格(8,4) -> 朝向 3
         坐标映射: 拖拽从(1015,650)至(1000,510) -> 方向滑动至(1150,510)
[ACTION] ⛔ Fast-Fail! 目标网格(8,4)非绿色高亮(绿像素:0)。取消拖拽。
[REWARD] 执行前血条数: 0 -> 最终确认血条数: 0
[REWARD] ⛔ 非法区域/无费用，已被 CV 阻断。奖励 -0.5 (连续无作为: 1次)
[TemplateMatcher] pause_gear.png -> max conf: 0.550 (needs 0.5, optimal scale: 0.80x)

[STEP 175] 开始执行动作...
[ACTION] AI决定: 💤 挂机 (Skip / Wait for Cost)
[REWARD] 执行前血条数: 0 -> 最终确认血条数: 0
[REWARD] 💤 AI 主动挂机等费用，只扣除微小时间惩罚 -0.01
[TemplateMatcher] pause_gear.png -> max conf: 0.550 (needs 0.5, optimal scale: 0.80x)

[STEP 176] 开始执行动作...
[ACTION] AI决定: 选卡 2 -> 放入网格(4,3) -> 朝向 2
         坐标映射: 拖拽从(475,650)至(600,430) -> 方向滑动至(450,430)
[ACTION] ⛔ Fast-Fail! 目标网格(4,3)非绿色高亮(绿像素:0)。取消拖拽。
[REWARD] 执行前血条数: 0 -> 最终确认血条数: 0
[REWARD] ⛔ 非法区域/无费用，已被 CV 阻断。奖励 -0.5 (连续无作为: 1次)
[TemplateMatcher] pause_gear.png -> max conf: 0.550 (needs 0.5, optimal scale: 0.80x)

[STEP 177] 开始执行动作...
[ACTION] AI决定: 选卡 5 -> 放入网格(4,3) -> 朝向 3
         坐标映射: 拖拽从(745,650)至(600,430) -> 方向滑动至(750,430)
[ACTION] ⛔ Fast-Fail! 目标网格(4,3)非绿色高亮(绿像素:0)。取消拖拽。
[REWARD] 执行前血条数: 0 -> 最终确认血条数: 0
[REWARD] ⛔ 非法区域/无费用，已被 CV 阻断。奖励 -0.5 (连续无作为: 2次)
[TemplateMatcher] pause_gear.png -> max conf: 0.550 (needs 0.5, optimal scale: 0.80x)

[STEP 178] 开始执行动作...
[ACTION] AI决定: 选卡 5 -> 放入网格(8,3) -> 朝向 0
         坐标映射: 拖拽从(745,650)至(1000,430) -> 方向滑动至(1000,280)
[ACTION] ⛔ Fast-Fail! 目标网格(8,3)非绿色高亮(绿像素:0)。取消拖拽。
[REWARD] 执行前血条数: 0 -> 最终确认血条数: 0
[REWARD] ⛔ 非法区域/无费用，已被 CV 阻断。奖励 -0.5 (连续无作为: 3次)
[TemplateMatcher] pause_gear.png -> max conf: 0.550 (needs 0.5, optimal scale: 0.80x)

[STEP 179] 开始执行动作...
[ACTION] AI决定: 选卡 8 -> 放入网格(0,2) -> 朝向 0
         坐标映射: 拖拽从(1015,650)至(200,350) -> 方向滑动至(200,200)
[ACTION] ⛔ Fast-Fail! 目标网格(0,2)非绿色高亮(绿像素:0)。取消拖拽。
[REWARD] 执行前血条数: 0 -> 最终确认血条数: 0
[REWARD] ⛔ 非法区域/无费用，已被 CV 阻断。奖励 -0.5 (连续无作为: 4次)
[TemplateMatcher] pause_gear.png -> max conf: 0.550 (needs 0.5, optimal scale: 0.80x)

[STEP 180] 开始执行动作...
[ACTION] AI决定: 选卡 8 -> 放入网格(3,2) -> 朝向 1
         坐标映射: 拖拽从(1015,650)至(500,350) -> 方向滑动至(500,500)
[ACTION] ⛔ Fast-Fail! 目标网格(3,2)非绿色高亮(绿像素:0)。取消拖拽。
[REWARD] 执行前血条数: 0 -> 最终确认血条数: 0
[REWARD] ⛔ 非法区域/无费用，已被 CV 阻断。奖励 -0.5 (连续无作为: 5次)
[TemplateMatcher] pause_gear.png -> max conf: 0.550 (needs 0.5, optimal scale: 0.80x)

[STEP 181] 开始执行动作...
[ACTION] AI决定: 选卡 0 -> 放入网格(2,1) -> 朝向 2
         坐标映射: 拖拽从(295,650)至(400,270) -> 方向滑动至(250,270)
[ACTION] ⛔ Fast-Fail! 目标网格(2,1)非绿色高亮(绿像素:0)。取消拖拽。
[REWARD] 执行前血条数: 0 -> 最终确认血条数: 0
[REWARD] ⛔ 非法区域/无费用，已被 CV 阻断。奖励 -0.5 (连续无作为: 6次)
[TemplateMatcher] pause_gear.png -> max conf: 0.550 (needs 0.5, optimal scale: 0.80x)

[STEP 182] 开始执行动作...
[ACTION] AI决定: 选卡 5 -> 放入网格(8,3) -> 朝向 1
         坐标映射: 拖拽从(745,650)至(1000,430) -> 方向滑动至(1000,580)
[ACTION] ⛔ Fast-Fail! 目标网格(8,3)非绿色高亮(绿像素:0)。取消拖拽。
[REWARD] 执行前血条数: 0 -> 最终确认血条数: 0
[REWARD] ⛔ 非法区域/无费用，已被 CV 阻断。奖励 -0.5 (连续无作为: 7次)
[TemplateMatcher] pause_gear.png -> max conf: 0.550 (needs 0.5, optimal scale: 0.80x)

[STEP 183] 开始执行动作...
[ACTION] AI决定: 选卡 8 -> 放入网格(8,4) -> 朝向 1
         坐标映射: 拖拽从(1015,650)至(1000,510) -> 方向滑动至(1000,660)
[ACTION] ⛔ Fast-Fail! 目标网格(8,4)非绿色高亮(绿像素:0)。取消拖拽。
[REWARD] 执行前血条数: 0 -> 最终确认血条数: 0
[REWARD] ⛔ 非法区域/无费用，已被 CV 阻断。奖励 -0.5 (连续无作为: 8次)
[TemplateMatcher] pause_gear.png -> max conf: 0.550 (needs 0.5, optimal scale: 0.80x)

[STEP 184] 开始执行动作...
[ACTION] AI决定: 选卡 8 -> 放入网格(0,3) -> 朝向 1
         坐标映射: 拖拽从(1015,650)至(200,430) -> 方向滑动至(200,580)
[ACTION] ⛔ Fast-Fail! 目标网格(0,3)非绿色高亮(绿像素:0)。取消拖拽。
[REWARD] 执行前血条数: 0 -> 最终确认血条数: 0
[REWARD] ⛔ 非法区域/无费用，已被 CV 阻断。奖励 -0.5 (连续无作为: 9次)
[TemplateMatcher] pause_gear.png -> max conf: 0.550 (needs 0.5, optimal scale: 0.80x)

[STEP 185] 开始执行动作...
[ACTION] AI决定: 选卡 8 -> 放入网格(0,4) -> 朝向 0
         坐标映射: 拖拽从(1015,650)至(200,510) -> 方向滑动至(200,360)
[ACTION] ⛔ Fast-Fail! 目标网格(0,4)非绿色高亮(绿像素:0)。取消拖拽。
[REWARD] 执行前血条数: 0 -> 最终确认血条数: 0
[REWARD] ⛔ 非法区域/无费用，已被 CV 阻断。奖励 -0.5 (连续无作为: 10次)
[TemplateMatcher] pause_gear.png -> max conf: 0.550 (needs 0.5, optimal scale: 0.80x)

[STEP 186] 开始执行动作...
[ACTION] AI决定: 选卡 5 -> 放入网格(8,2) -> 朝向 1
         坐标映射: 拖拽从(745,650)至(1000,350) -> 方向滑动至(1000,500)
[ACTION] ⛔ Fast-Fail! 目标网格(8,2)非绿色高亮(绿像素:0)。取消拖拽。
[REWARD] 执行前血条数: 0 -> 最终确认血条数: 0
[REWARD] ⛔ 非法区域/无费用，已被 CV 阻断。奖励 -0.5 (连续无作为: 11次)
[TemplateMatcher] pause_gear.png -> max conf: 0.550 (needs 0.5, optimal scale: 0.80x)

[STEP 187] 开始执行动作...
[ACTION] AI决定: 选卡 2 -> 放入网格(4,2) -> 朝向 2
         坐标映射: 拖拽从(475,650)至(600,350) -> 方向滑动至(450,350)
[ACTION] ⛔ Fast-Fail! 目标网格(4,2)非绿色高亮(绿像素:0)。取消拖拽。
[REWARD] 执行前血条数: 0 -> 最终确认血条数: 0
[REWARD] ⛔ 非法区域/无费用，已被 CV 阻断。奖励 -0.5 (连续无作为: 12次)
[TemplateMatcher] pause_gear.png -> max conf: 0.550 (needs 0.5, optimal scale: 0.80x)

[STEP 188] 开始执行动作...
[ACTION] AI决定: 选卡 5 -> 放入网格(0,3) -> 朝向 3
         坐标映射: 拖拽从(745,650)至(200,430) -> 方向滑动至(350,430)
[ACTION] ⛔ Fast-Fail! 目标网格(0,3)非绿色高亮(绿像素:0)。取消拖拽。
[REWARD] 执行前血条数: 0 -> 最终确认血条数: 0
[REWARD] ⛔ 非法区域/无费用，已被 CV 阻断。奖励 -0.5 (连续无作为: 13次)
[TemplateMatcher] pause_gear.png -> max conf: 0.550 (needs 0.5, optimal scale: 0.80x)

[STEP 189] 开始执行动作...
[ACTION] AI决定: 💤 挂机 (Skip / Wait for Cost)
[REWARD] 执行前血条数: 0 -> 最终确认血条数: 0
[REWARD] 💤 AI 主动挂机等费用，只扣除微小时间惩罚 -0.01
[TemplateMatcher] pause_gear.png -> max conf: 0.550 (needs 0.5, optimal scale: 0.80x)

[STEP 190] 开始执行动作...
[ACTION] AI决定: 选卡 2 -> 放入网格(7,4) -> 朝向 2
         坐标映射: 拖拽从(475,650)至(900,510) -> 方向滑动至(750,510)
[ACTION] ⛔ Fast-Fail! 目标网格(7,4)非绿色高亮(绿像素:0)。取消拖拽。
[REWARD] 执行前血条数: 0 -> 最终确认血条数: 0
[REWARD] ⛔ 非法区域/无费用，已被 CV 阻断。奖励 -0.5 (连续无作为: 1次)
[TemplateMatcher] pause_gear.png -> max conf: 0.549 (needs 0.5, optimal scale: 0.80x)

[STEP 191] 开始执行动作...
[ACTION] AI决定: 选卡 5 -> 放入网格(3,2) -> 朝向 1
         坐标映射: 拖拽从(745,650)至(500,350) -> 方向滑动至(500,500)
[ACTION] ⛔ Fast-Fail! 目标网格(3,2)非绿色高亮(绿像素:0)。取消拖拽。
[REWARD] 执行前血条数: 0 -> 最终确认血条数: 0
[REWARD] ⛔ 非法区域/无费用，已被 CV 阻断。奖励 -0.5 (连续无作为: 2次)
[TemplateMatcher] pause_gear.png -> max conf: 0.550 (needs 0.5, optimal scale: 0.80x)

[STEP 192] 开始执行动作...
[ACTION] AI决定: 💤 挂机 (Skip / Wait for Cost)
[REWARD] 执行前血条数: 0 -> 最终确认血条数: 0
[REWARD] 💤 AI 主动挂机等费用，只扣除微小时间惩罚 -0.01
[TemplateMatcher] pause_gear.png -> max conf: 0.550 (needs 0.5, optimal scale: 0.80x)

[STEP 193] 开始执行动作...
[ACTION] AI决定: 💤 挂机 (Skip / Wait for Cost)
[REWARD] 执行前血条数: 0 -> 最终确认血条数: 0
[REWARD] 💤 AI 主动挂机等费用，只扣除微小时间惩罚 -0.01
[TemplateMatcher] pause_gear.png -> max conf: 0.550 (needs 0.5, optimal scale: 0.80x)

[STEP 194] 开始执行动作...
[ACTION] AI决定: 选卡 2 -> 放入网格(8,2) -> 朝向 1
         坐标映射: 拖拽从(475,650)至(1000,350) -> 方向滑动至(1000,500)
[ACTION] ⛔ Fast-Fail! 目标网格(8,2)非绿色高亮(绿像素:0)。取消拖拽。
[REWARD] 执行前血条数: 0 -> 最终确认血条数: 0
[REWARD] ⛔ 非法区域/无费用，已被 CV 阻断。奖励 -0.5 (连续无作为: 1次)
[TemplateMatcher] pause_gear.png -> max conf: 0.550 (needs 0.5, optimal scale: 0.80x)

[STEP 195] 开始执行动作...
[ACTION] AI决定: 选卡 5 -> 放入网格(5,3) -> 朝向 3
         坐标映射: 拖拽从(745,650)至(700,430) -> 方向滑动至(850,430)
[ACTION] ⛔ Fast-Fail! 目标网格(5,3)非绿色高亮(绿像素:0)。取消拖拽。
[REWARD] 执行前血条数: 0 -> 最终确认血条数: 0
[REWARD] ⛔ 非法区域/无费用，已被 CV 阻断。奖励 -0.5 (连续无作为: 2次)
[TemplateMatcher] pause_gear.png -> max conf: 0.550 (needs 0.5, optimal scale: 0.80x)

[STEP 196] 开始执行动作...
[ACTION] AI决定: 选卡 0 -> 放入网格(0,4) -> 朝向 0
         坐标映射: 拖拽从(295,650)至(200,510) -> 方向滑动至(200,360)
[ACTION] ⛔ Fast-Fail! 目标网格(0,4)非绿色高亮(绿像素:0)。取消拖拽。
[REWARD] 执行前血条数: 0 -> 最终确认血条数: 0
[REWARD] ⛔ 非法区域/无费用，已被 CV 阻断。奖励 -0.5 (连续无作为: 3次)
[TemplateMatcher] pause_gear.png -> max conf: 0.550 (needs 0.5, optimal scale: 0.80x)

[STEP 197] 开始执行动作...
[ACTION] AI决定: 选卡 0 -> 放入网格(8,2) -> 朝向 3
         坐标映射: 拖拽从(295,650)至(1000,350) -> 方向滑动至(1150,350)
[ACTION] ⛔ Fast-Fail! 目标网格(8,2)非绿色高亮(绿像素:0)。取消拖拽。
[REWARD] 执行前血条数: 0 -> 最终确认血条数: 0
[REWARD] ⛔ 非法区域/无费用，已被 CV 阻断。奖励 -0.5 (连续无作为: 4次)
[TemplateMatcher] pause_gear.png -> max conf: 0.550 (needs 0.5, optimal scale: 0.80x)

[STEP 198] 开始执行动作...
[ACTION] AI决定: 选卡 5 -> 放入网格(2,2) -> 朝向 0
         坐标映射: 拖拽从(745,650)至(400,350) -> 方向滑动至(400,200)
[ACTION] ⛔ Fast-Fail! 目标网格(2,2)非绿色高亮(绿像素:0)。取消拖拽。
[REWARD] 执行前血条数: 0 -> 最终确认血条数: 0
[REWARD] ⛔ 非法区域/无费用，已被 CV 阻断。奖励 -0.5 (连续无作为: 5次)
[TemplateMatcher] pause_gear.png -> max conf: 0.550 (needs 0.5, optimal scale: 0.80x)

[STEP 199] 开始执行动作...
[ACTION] AI决定: 选卡 5 -> 放入网格(5,4) -> 朝向 0
         坐标映射: 拖拽从(745,650)至(700,510) -> 方向滑动至(700,360)
[ACTION] ⛔ Fast-Fail! 目标网格(5,4)非绿色高亮(绿像素:0)。取消拖拽。
[REWARD] 执行前血条数: 0 -> 最终确认血条数: 0
[REWARD] ⛔ 非法区域/无费用，已被 CV 阻断。奖励 -0.5 (连续无作为: 6次)
[TemplateMatcher] pause_gear.png -> max conf: 0.550 (needs 0.5, optimal scale: 0.80x)

[STEP 200] 开始执行动作...
[ACTION] AI决定: 💤 挂机 (Skip / Wait for Cost)
[REWARD] 执行前血条数: 0 -> 最终确认血条数: 0
[REWARD] 💤 AI 主动挂机等费用，只扣除微小时间惩罚 -0.01
[TemplateMatcher] pause_gear.png -> max conf: 0.549 (needs 0.5, optimal scale: 0.80x)

[STEP 201] 开始执行动作...
[ACTION] AI决定: 选卡 5 -> 放入网格(4,4) -> 朝向 2
         坐标映射: 拖拽从(745,650)至(600,510) -> 方向滑动至(450,510)
[ACTION] ⛔ Fast-Fail! 目标网格(4,4)非绿色高亮(绿像素:0)。取消拖拽。
[REWARD] 执行前血条数: 0 -> 最终确认血条数: 0
[REWARD] ⛔ 非法区域/无费用，已被 CV 阻断。奖励 -0.5 (连续无作为: 1次)
[TemplateMatcher] pause_gear.png -> max conf: 0.550 (needs 0.5, optimal scale: 0.80x)

[STEP 202] 开始执行动作...
[ACTION] AI决定: 选卡 7 -> 放入网格(8,3) -> 朝向 3
         坐标映射: 拖拽从(925,650)至(1000,430) -> 方向滑动至(1150,430)
[ACTION] ⛔ Fast-Fail! 目标网格(8,3)非绿色高亮(绿像素:0)。取消拖拽。
[REWARD] 执行前血条数: 0 -> 最终确认血条数: 0
[REWARD] ⛔ 非法区域/无费用，已被 CV 阻断。奖励 -0.5 (连续无作为: 2次)
[TemplateMatcher] pause_gear.png -> max conf: 0.542 (needs 0.5, optimal scale: 0.85x)

[STEP 203] 开始执行动作...
[ACTION] AI决定: 选卡 5 -> 放入网格(5,1) -> 朝向 1
         坐标映射: 拖拽从(745,650)至(700,270) -> 方向滑动至(700,420)
[ACTION] ⛔ Fast-Fail! 目标网格(5,1)非绿色高亮(绿像素:0)。取消拖拽。
[REWARD] 执行前血条数: 0 -> 最终确认血条数: 0
[REWARD] ⛔ 非法区域/无费用，已被 CV 阻断。奖励 -0.5 (连续无作为: 3次)
[TemplateMatcher] pause_gear.png -> max conf: 0.550 (needs 0.5, optimal scale: 0.80x)

[STEP 204] 开始执行动作...
[ACTION] AI决定: 选卡 2 -> 放入网格(8,1) -> 朝向 3
         坐标映射: 拖拽从(475,650)至(1000,270) -> 方向滑动至(1150,270)
[ACTION] ⛔ Fast-Fail! 目标网格(8,1)非绿色高亮(绿像素:0)。取消拖拽。
[REWARD] 执行前血条数: 0 -> 最终确认血条数: 0
[REWARD] ⛔ 非法区域/无费用，已被 CV 阻断。奖励 -0.5 (连续无作为: 4次)
[TemplateMatcher] pause_gear.png -> max conf: 0.550 (needs 0.5, optimal scale: 0.80x)

[STEP 205] 开始执行动作...
[ACTION] AI决定: 💤 挂机 (Skip / Wait for Cost)
[REWARD] 执行前血条数: 0 -> 最终确认血条数: 0
[REWARD] 💤 AI 主动挂机等费用，只扣除微小时间惩罚 -0.01
[TemplateMatcher] pause_gear.png -> max conf: 0.550 (needs 0.5, optimal scale: 0.80x)

[STEP 206] 开始执行动作...
[ACTION] AI决定: 选卡 2 -> 放入网格(9,4) -> 朝向 3
         坐标映射: 拖拽从(475,650)至(1100,510) -> 方向滑动至(1250,510)
[ACTION] ⛔ Fast-Fail! 目标网格(9,4)非绿色高亮(绿像素:0)。取消拖拽。
[REWARD] 执行前血条数: 0 -> 最终确认血条数: 0
[REWARD] ⛔ 非法区域/无费用，已被 CV 阻断。奖励 -0.5 (连续无作为: 1次)
[TemplateMatcher] pause_gear.png -> max conf: 0.550 (needs 0.5, optimal scale: 0.80x)

[STEP 207] 开始执行动作...
[ACTION] AI决定: 选卡 2 -> 放入网格(8,4) -> 朝向 3
         坐标映射: 拖拽从(475,650)至(1000,510) -> 方向滑动至(1150,510)
[ACTION] ⛔ Fast-Fail! 目标网格(8,4)非绿色高亮(绿像素:0)。取消拖拽。
[REWARD] 执行前血条数: 0 -> 最终确认血条数: 0
[REWARD] ⛔ 非法区域/无费用，已被 CV 阻断。奖励 -0.5 (连续无作为: 2次)
[TemplateMatcher] pause_gear.png -> max conf: 0.550 (needs 0.5, optimal scale: 0.80x)

[STEP 208] 开始执行动作...
[ACTION] AI决定: 选卡 2 -> 放入网格(7,4) -> 朝向 2
         坐标映射: 拖拽从(475,650)至(900,510) -> 方向滑动至(750,510)
[ACTION] ⛔ Fast-Fail! 目标网格(7,4)非绿色高亮(绿像素:0)。取消拖拽。
[REWARD] 执行前血条数: 0 -> 最终确认血条数: 0
[REWARD] ⛔ 非法区域/无费用，已被 CV 阻断。奖励 -0.5 (连续无作为: 3次)
[TemplateMatcher] pause_gear.png -> max conf: 0.550 (needs 0.5, optimal scale: 0.80x)

[STEP 209] 开始执行动作...
[ACTION] AI决定: 选卡 5 -> 放入网格(3,4) -> 朝向 0
         坐标映射: 拖拽从(745,650)至(500,510) -> 方向滑动至(500,360)
[ACTION] ⛔ Fast-Fail! 目标网格(3,4)非绿色高亮(绿像素:0)。取消拖拽。
[REWARD] 执行前血条数: 0 -> 最终确认血条数: 0
[REWARD] ⛔ 非法区域/无费用，已被 CV 阻断。奖励 -0.5 (连续无作为: 4次)
[TemplateMatcher] pause_gear.png -> max conf: 0.550 (needs 0.5, optimal scale: 0.80x)

[STEP 210] 开始执行动作...
[ACTION] AI决定: 选卡 5 -> 放入网格(4,1) -> 朝向 1
         坐标映射: 拖拽从(745,650)至(600,270) -> 方向滑动至(600,420)
[ACTION] ⛔ Fast-Fail! 目标网格(4,1)非绿色高亮(绿像素:0)。取消拖拽。
[REWARD] 执行前血条数: 0 -> 最终确认血条数: 0
[REWARD] ⛔ 非法区域/无费用，已被 CV 阻断。奖励 -0.5 (连续无作为: 5次)
[TemplateMatcher] pause_gear.png -> max conf: 0.550 (needs 0.5, optimal scale: 0.80x)

[STEP 211] 开始执行动作...
[ACTION] AI决定: 选卡 8 -> 放入网格(4,4) -> 朝向 1
         坐标映射: 拖拽从(1015,650)至(600,510) -> 方向滑动至(600,660)
[ACTION] ⛔ Fast-Fail! 目标网格(4,4)非绿色高亮(绿像素:0)。取消拖拽。
[REWARD] 执行前血条数: 0 -> 最终确认血条数: 0
[REWARD] ⛔ 非法区域/无费用，已被 CV 阻断。奖励 -0.5 (连续无作为: 6次)
[TemplateMatcher] pause_gear.png -> max conf: 0.550 (needs 0.5, optimal scale: 0.80x)

[STEP 212] 开始执行动作...
[ACTION] AI决定: 选卡 2 -> 放入网格(8,3) -> 朝向 1
         坐标映射: 拖拽从(475,650)至(1000,430) -> 方向滑动至(1000,580)
[ACTION] ⛔ Fast-Fail! 目标网格(8,3)非绿色高亮(绿像素:0)。取消拖拽。
[REWARD] 执行前血条数: 0 -> 最终确认血条数: 0
[REWARD] ⛔ 非法区域/无费用，已被 CV 阻断。奖励 -0.5 (连续无作为: 7次)
[TemplateMatcher] pause_gear.png -> max conf: 0.550 (needs 0.5, optimal scale: 0.80x)

[STEP 213] 开始执行动作...
[ACTION] AI决定: 选卡 1 -> 放入网格(4,4) -> 朝向 1
         坐标映射: 拖拽从(385,650)至(600,510) -> 方向滑动至(600,660)
[ACTION] ⛔ Fast-Fail! 目标网格(4,4)非绿色高亮(绿像素:0)。取消拖拽。
[REWARD] 执行前血条数: 0 -> 最终确认血条数: 0
[REWARD] ⛔ 非法区域/无费用，已被 CV 阻断。奖励 -0.5 (连续无作为: 8次)
[TemplateMatcher] pause_gear.png -> max conf: 0.550 (needs 0.5, optimal scale: 0.80x)

[STEP 214] 开始执行动作...
[ACTION] AI决定: 选卡 2 -> 放入网格(3,2) -> 朝向 2
         坐标映射: 拖拽从(475,650)至(500,350) -> 方向滑动至(350,350)
[ACTION] ⛔ Fast-Fail! 目标网格(3,2)非绿色高亮(绿像素:0)。取消拖拽。
[REWARD] 执行前血条数: 0 -> 最终确认血条数: 0
[REWARD] ⛔ 非法区域/无费用，已被 CV 阻断。奖励 -0.5 (连续无作为: 9次)
[TemplateMatcher] pause_gear.png -> max conf: 0.550 (needs 0.5, optimal scale: 0.80x)

[STEP 215] 开始执行动作...
[ACTION] AI决定: 选卡 5 -> 放入网格(4,2) -> 朝向 2
         坐标映射: 拖拽从(745,650)至(600,350) -> 方向滑动至(450,350)
[ACTION] ⛔ Fast-Fail! 目标网格(4,2)非绿色高亮(绿像素:0)。取消拖拽。
[REWARD] 执行前血条数: 0 -> 最终确认血条数: 0
[REWARD] ⛔ 非法区域/无费用，已被 CV 阻断。奖励 -0.5 (连续无作为: 10次)
[TemplateMatcher] pause_gear.png -> max conf: 0.550 (needs 0.5, optimal scale: 0.80x)

[STEP 216] 开始执行动作...
[ACTION] AI决定: 选卡 5 -> 放入网格(5,1) -> 朝向 0
         坐标映射: 拖拽从(745,650)至(700,270) -> 方向滑动至(700,120)
[ACTION] ⛔ Fast-Fail! 目标网格(5,1)非绿色高亮(绿像素:0)。取消拖拽。
[REWARD] 执行前血条数: 0 -> 最终确认血条数: 0
[REWARD] ⛔ 非法区域/无费用，已被 CV 阻断。奖励 -0.5 (连续无作为: 11次)
[TemplateMatcher] pause_gear.png -> max conf: 0.550 (needs 0.5, optimal scale: 0.80x)

[STEP 217] 开始执行动作...
[ACTION] AI决定: 选卡 8 -> 放入网格(4,4) -> 朝向 1
         坐标映射: 拖拽从(1015,650)至(600,510) -> 方向滑动至(600,660)
[ACTION] ⛔ Fast-Fail! 目标网格(4,4)非绿色高亮(绿像素:0)。取消拖拽。
[REWARD] 执行前血条数: 0 -> 最终确认血条数: 0
[REWARD] ⛔ 非法区域/无费用，已被 CV 阻断。奖励 -0.5 (连续无作为: 12次)
[TemplateMatcher] pause_gear.png -> max conf: 0.550 (needs 0.5, optimal scale: 0.80x)

[STEP 218] 开始执行动作...
[ACTION] AI决定: 选卡 5 -> 放入网格(2,1) -> 朝向 2
         坐标映射: 拖拽从(745,650)至(400,270) -> 方向滑动至(250,270)
[ACTION] ⛔ Fast-Fail! 目标网格(2,1)非绿色高亮(绿像素:0)。取消拖拽。
[REWARD] 执行前血条数: 0 -> 最终确认血条数: 0
[REWARD] ⛔ 非法区域/无费用，已被 CV 阻断。奖励 -0.5 (连续无作为: 13次)
[TemplateMatcher] pause_gear.png -> max conf: 0.550 (needs 0.5, optimal scale: 0.80x)

[STEP 219] 开始执行动作...
[ACTION] AI决定: 选卡 8 -> 放入网格(3,3) -> 朝向 2
         坐标映射: 拖拽从(1015,650)至(500,430) -> 方向滑动至(350,430)
[ACTION] ⛔ Fast-Fail! 目标网格(3,3)非绿色高亮(绿像素:0)。取消拖拽。
[REWARD] 执行前血条数: 0 -> 最终确认血条数: 0
[REWARD] ⛔ 非法区域/无费用，已被 CV 阻断。奖励 -0.5 (连续无作为: 14次)
[TemplateMatcher] pause_gear.png -> max conf: 0.550 (needs 0.5, optimal scale: 0.80x)

[STEP 220] 开始执行动作...
[ACTION] AI决定: 选卡 1 -> 放入网格(9,3) -> 朝向 3
         坐标映射: 拖拽从(385,650)至(1100,430) -> 方向滑动至(1250,430)
[ACTION] ⛔ Fast-Fail! 目标网格(9,3)非绿色高亮(绿像素:0)。取消拖拽。
[REWARD] 执行前血条数: 0 -> 最终确认血条数: 0
[REWARD] ⛔ 非法区域/无费用，已被 CV 阻断。奖励 -0.5 (连续无作为: 15次)
[TemplateMatcher] pause_gear.png -> max conf: 0.550 (needs 0.5, optimal scale: 0.80x)

[STEP 221] 开始执行动作...
[ACTION] AI决定: 选卡 2 -> 放入网格(4,1) -> 朝向 2
         坐标映射: 拖拽从(475,650)至(600,270) -> 方向滑动至(450,270)
[ACTION] ⛔ Fast-Fail! 目标网格(4,1)非绿色高亮(绿像素:0)。取消拖拽。
[REWARD] 执行前血条数: 0 -> 最终确认血条数: 0
[REWARD] ⛔ 非法区域/无费用，已被 CV 阻断。奖励 -0.5 (连续无作为: 16次)
[TemplateMatcher] pause_gear.png -> max conf: 0.550 (needs 0.5, optimal scale: 0.80x)

[STEP 222] 开始执行动作...
[ACTION] AI决定: 选卡 2 -> 放入网格(5,2) -> 朝向 2
         坐标映射: 拖拽从(475,650)至(700,350) -> 方向滑动至(550,350)
[ACTION] ⛔ Fast-Fail! 目标网格(5,2)非绿色高亮(绿像素:0)。取消拖拽。
[REWARD] 执行前血条数: 0 -> 最终确认血条数: 0
[REWARD] ⛔ 非法区域/无费用，已被 CV 阻断。奖励 -0.5 (连续无作为: 17次)
[TemplateMatcher] pause_gear.png -> max conf: 0.550 (needs 0.5, optimal scale: 0.80x)

[STEP 223] 开始执行动作...
[ACTION] AI决定: 选卡 5 -> 放入网格(7,2) -> 朝向 1
         坐标映射: 拖拽从(745,650)至(900,350) -> 方向滑动至(900,500)
[ACTION] ⛔ Fast-Fail! 目标网格(7,2)非绿色高亮(绿像素:0)。取消拖拽。
[REWARD] 执行前血条数: 0 -> 最终确认血条数: 0
[REWARD] ⛔ 非法区域/无费用，已被 CV 阻断。奖励 -0.5 (连续无作为: 18次)
[TemplateMatcher] pause_gear.png -> max conf: 0.550 (needs 0.5, optimal scale: 0.80x)

[STEP 224] 开始执行动作...
[ACTION] AI决定: 选卡 8 -> 放入网格(4,4) -> 朝向 1
         坐标映射: 拖拽从(1015,650)至(600,510) -> 方向滑动至(600,660)
[ACTION] ⛔ Fast-Fail! 目标网格(4,4)非绿色高亮(绿像素:0)。取消拖拽。
[REWARD] 执行前血条数: 0 -> 最终确认血条数: 0
[REWARD] ⛔ 非法区域/无费用，已被 CV 阻断。奖励 -0.5 (连续无作为: 19次)
[TemplateMatcher] pause_gear.png -> max conf: 0.550 (needs 0.5, optimal scale: 0.80x)
-----------------------------------------
| time/                   |             |
|    fps                  | 0           |
|    iterations           | 9           |
|    time_elapsed         | 3184        |
|    total_timesteps      | 1152        |
| train/                  |             |
|    approx_kl            | 0.038867343 |
|    clip_fraction        | 0.391       |
|    clip_range           | 0.2         |
|    entropy_loss         | -6.75       |
|    explained_variance   | 0.13        |
|    learning_rate        | 0.0003      |
|    loss                 | 4.25        |
|    n_updates            | 80          |
|    policy_gradient_loss | -0.0176     |
|    value_loss           | 18.5        |
-----------------------------------------

[STEP 225] 开始执行动作...
[ACTION] AI决定: 选卡 1 -> 放入网格(2,3) -> 朝向 1
         坐标映射: 拖拽从(385,650)至(400,430) -> 方向滑动至(400,580)
[ACTION] ⛔ Fast-Fail! 目标网格(2,3)非绿色高亮(绿像素:0)。取消拖拽。
[REWARD] 执行前血条数: 0 -> 最终确认血条数: 0
[REWARD] ⛔ 非法区域/无费用，已被 CV 阻断。奖励 -0.5 (连续无作为: 20次)
[TemplateMatcher] pause_gear.png -> max conf: 0.550 (needs 0.5, optimal scale: 0.80x)

[STEP 226] 开始执行动作...
[ACTION] AI决定: 选卡 3 -> 放入网格(7,2) -> 朝向 1
         坐标映射: 拖拽从(565,650)至(900,350) -> 方向滑动至(900,500)
[ACTION] ⛔ Fast-Fail! 目标网格(7,2)非绿色高亮(绿像素:0)。取消拖拽。
[REWARD] 执行前血条数: 0 -> 最终确认血条数: 0
[REWARD] ⛔ 非法区域/无费用，已被 CV 阻断。奖励 -0.5 (连续无作为: 21次)
[TemplateMatcher] pause_gear.png -> max conf: 0.550 (needs 0.5, optimal scale: 0.80x)

[STEP 227] 开始执行动作...
[ACTION] AI决定: 选卡 9 -> 放入网格(3,4) -> 朝向 1
         坐标映射: 拖拽从(1105,650)至(500,510) -> 方向滑动至(500,660)
[ACTION] ⛔ Fast-Fail! 目标网格(3,4)非绿色高亮(绿像素:0)。取消拖拽。
[REWARD] 执行前血条数: 0 -> 最终确认血条数: 0
[REWARD] ⛔ 非法区域/无费用，已被 CV 阻断。奖励 -0.5 (连续无作为: 22次)
[TemplateMatcher] pause_gear.png -> max conf: 0.550 (needs 0.5, optimal scale: 0.80x)

[STEP 228] 开始执行动作...
[ACTION] AI决定: 选卡 8 -> 放入网格(5,3) -> 朝向 1
         坐标映射: 拖拽从(1015,650)至(700,430) -> 方向滑动至(700,580)
[ACTION] ⛔ Fast-Fail! 目标网格(5,3)非绿色高亮(绿像素:0)。取消拖拽。
[REWARD] 执行前血条数: 0 -> 最终确认血条数: 0
[REWARD] ⛔ 非法区域/无费用，已被 CV 阻断。奖励 -0.5 (连续无作为: 23次)
[TemplateMatcher] pause_gear.png -> max conf: 0.550 (needs 0.5, optimal scale: 0.80x)

[STEP 229] 开始执行动作...
[ACTION] AI决定: 💤 挂机 (Skip / Wait for Cost)
